Small Unit Installation Postcode,Tot_P_P,Median_age_persons,Median_tot_hhd_inc_weekly,Average_household_size,Median_mortgage_repay_monthly,Median_rent_weekly,OPDs_Separate_house_Dwellings,OPDs_SD_r_t_h_th_Tot_Dwgs,OPDs_Flt_apart_Tot_Dwgs,OPDs_Tot_OPDs_Dwellings,Total_PDs_Dwellings,O_OR_Total,O_MTG_Total,R_Tot_Total,G37_Total_dwellings,state_abs,cross_border_flag,area_sqkm,pop_density_per_sqkm,detached_share,semidetached_share,apartment_share,unoccupied_share,owner_occupied_share,rented_share,small_pop_flag
0800,7149,33.0,2151.0,2.0,1781.0,450.0,16,3,2943,2984,3653,220,439,2248,2984,NT,0,3.1731,2253.001796350572,0.005361930294906166,0.0010053619302949062,0.9862600536193029,0.1831371475499589,0.22084450402144773,0.7533512064343163,0
0810,34330,34.0,2199.0,2.7,2058.0,345.0,7414,1320,2827,11637,12613,2329,3664,5312,11637,NT,0,24.4283,1405.3372522852594,0.637105783277477,0.11343129672596029,0.24293202715476497,0.07738048045667167,0.5149952736959698,0.4564750365214402,0
0812,18634,37.0,2046.0,2.8,1998.0,360.0,4799,562,774,6211,6623,1436,2487,2102,6211,NT,0,35.8899,519.1989947032453,0.7726614071808082,0.09048462405409757,0.12461761391080341,0.062207458855503495,0.6316213170181936,0.33843181452262117,0
0820,19920,35.0,2308.0,2.4,2037.0,400.0,2466,1668,3367,7581,8510,1262,1783,4296,7581,NT,0,39.0642,509.92980785476215,0.32528690146418676,0.22002374356944995,0.4441366574330563,0.10916568742655697,0.40166204986149584,0.5666798575385833,0
0822,25304,30.0,1347.0,3.8,2000.0,80.0,4708,329,86,5402,6681,797,843,2997,5402,NT,0,150775.803,0.16782533733214472,0.8715290633098852,0.06090336912254721,0.015920029618659754,0.19143840742403828,0.3035912624953721,0.5547945205479452,0
0828,1697,33.0,2250.0,2.9,2600.0,370.0,253,124,7,421,474,71,166,146,421,NT,0,28.6532,59.22549662864881,0.6009501187648456,0.29453681710213775,0.0166270783847981,0.11181434599156115,0.5629453681710214,0.34679334916864607,0
0829,1963,31.0,1412.0,2.0,1213.0,230.0,31,0,0,108,116,43,10,41,108,NT,0,44.8402,43.777681633891014,0.28703703703703703,0.0,0.0,0.06896551724137934,0.49074074074074076,0.37962962962962965,0
0830,18501,33.0,2027.0,2.7,1950.0,370.0,4775,457,951,6194,6805,757,2505,2751,6194,NT,0,235.004,78.72631955200762,0.770907329673878,0.07378107846302874,0.1535356796900226,0.08978692138133726,0.5266386825960607,0.44413948982886664,0
0832,18727,30.0,2352.0,2.9,2167.0,420.0,4571,703,840,6116,6633,419,2766,2781,6116,NT,0,19.7272,949.2984305932926,0.7473839110529757,0.11494440810987573,0.13734466971877043,0.07794361525704807,0.5207652060170046,0.45470896010464357,0
0834,1811,43.0,2678.0,2.9,2500.0,460.0,557,0,3,590,659,179,270,107,590,NT,0,32.6302,55.50073245030677,0.9440677966101695,0.0,0.005084745762711864,0.1047040971168437,0.7610169491525424,0.18135593220338983,0
0835,3153,43.0,2560.0,2.9,2388.0,400.0,962,14,3,1016,1098,339,475,162,1016,NT,0,76.8403,41.03315577893371,0.9468503937007874,0.013779527559055118,0.002952755905511811,0.07468123861566489,0.8011811023622047,0.1594488188976378,0
0836,7597,39.0,2593.0,3.0,2300.0,400.0,2304,43,6,2369,2761,537,1406,334,2369,NT,0,130.9305,58.02314968628394,0.9725622625580413,0.018151118615449557,0.002532714225411566,0.1419775443679826,0.8201772899957788,0.1409877585479105,0
0837,489,43.0,1419.0,2.5,2229.0,275.0,130,0,0,146,151,49,59,21,146,NT,0,130.7766,3.73920104972908,0.8904109589041096,0.0,0.0,0.0331125827814569,0.7397260273972602,0.14383561643835616,0
0838,870,38.0,2183.0,2.8,2167.0,300.0,243,5,0,269,299,72,135,46,269,NT,0,86.3366,10.076838791427969,0.9033457249070632,0.01858736059479554,0.0,0.10033444816053516,0.7695167286245354,0.17100371747211895,0
0839,510,31.0,1426.0,1.9,1772.0,340.0,25,49,102,218,245,42,20,154,218,NT,0,1.1346,449.497620306716,0.11467889908256881,0.22477064220183487,0.46788990825688076,0.11020408163265305,0.28440366972477066,0.7064220183486238,0
0840,457,60.0,806.0,1.9,1300.0,200.0,178,0,0,192,459,117,45,13,192,NT,0,290.5631,1.572808109494977,0.9270833333333334,0.0,0.0,0.5816993464052287,0.84375,0.06770833333333333,0
0841,627,47.0,1550.0,2.4,1900.0,268.0,209,0,0,212,257,75,108,24,212,NT,0,142.2064,4.409084260623994,0.9858490566037735,0.0,0.0,0.17509727626459148,0.8632075471698113,0.11320754716981132,0
0845,396,45.0,900.0,2.0,1520.0,150.0,115,24,3,143,196,32,28,71,143,NT,0,115.696,3.422763103305214,0.8041958041958042,0.16783216783216784,0.02097902097902098,0.27040816326530615,0.4195804195804196,0.4965034965034965,0
0846,317,52.0,992.0,2.2,1333.0,200.0,89,0,0,109,136,49,17,28,109,NT,0,146.7377,2.1603173553899238,0.8165137614678899,0.0,0.0,0.19852941176470584,0.6055045871559633,0.25688073394495414,0
0847,318,36.0,1125.0,2.5,1083.0,120.0,70,9,3,91,131,28,13,44,91,NT,0,402.0523,0.7909418749749721,0.7692307692307693,0.0989010989010989,0.03296703296703297,0.30534351145038163,0.45054945054945056,0.4835164835164835,0
0850,7873,33.0,2027.0,2.7,1625.0,330.0,1828,428,53,2438,2876,383,631,1247,2438,NT,0,551.1508,14.284656758186689,0.7497949138638228,0.17555373256767842,0.021739130434782608,0.15229485396383868,0.4159146841673503,0.5114848236259228,0
0852,8735,28.0,1331.0,4.0,1517.0,80.0,1189,145,39,1585,2037,224,94,960,1585,NT,0,441673.3068,0.019777061157004474,0.7501577287066246,0.0914826498422713,0.024605678233438486,0.22189494354442807,0.20063091482649842,0.6056782334384858,0
0853,850,29.0,2865.0,3.1,,260.0,200,0,0,200,200,0,0,195,200,NT,0,106.2851,7.99735804924679,1.0,0.0,0.0,0.0,0.0,0.975,0
0854,755,32.0,1301.0,3.5,1117.0,33.0,138,18,3,184,266,19,5,119,184,NT,0,12.5634,60.09519716000446,0.75,0.09782608695652174,0.016304347826086956,0.30827067669172936,0.13043478260869565,0.6467391304347826,0
0860,3080,33.0,1677.0,2.7,1114.0,180.0,758,108,53,943,1133,104,116,557,943,NT,0,42.0605,73.2278503584123,0.8038176033934252,0.11452810180275716,0.05620360551431601,0.1676963812886143,0.23329798515376457,0.5906680805938495,0
0862,715,28.0,1375.0,3.1,,150.0,124,3,0,147,244,17,0,46,147,NT,0,117528.152,0.006083648792503774,0.8435374149659864,0.02040816326530612,0.0,0.39754098360655743,0.11564625850340136,0.3129251700680272,0
0870,20341,34.0,2174.0,2.6,1741.0,390.0,4511,2080,256,7028,7938,1095,2557,3052,7028,NT,0,59.6121,341.2226712362088,0.6418611269208879,0.29595902105862265,0.03642572566875356,0.11463844797178135,0.5196357427433125,0.4342629482071713,0
0872,14676,29.0,1213.0,3.6,498.0,75.0,2582,332,126,3228,4476,135,19,2349,3228,NT,1,989085.5326,0.014837948303036376,0.7998760842627014,0.10285006195786865,0.03903345724907063,0.2788203753351206,0.04770755885997522,0.7276951672862454,0
0873,2756,40.0,1783.0,2.6,2303.0,250.0,577,67,46,829,912,198,259,321,829,NT,0,172.5253,15.974468672130987,0.6960193003618818,0.08082026537997587,0.05548854041013269,0.0910087719298246,0.5512665862484921,0.38721351025331724,0
0874,554,35.0,2221.0,2.2,2167.0,340.0,54,90,80,229,322,20,37,119,229,NT,0,72.1518,7.678256121122412,0.23580786026200873,0.3930131004366812,0.34934497816593885,0.28881987577639756,0.24890829694323144,0.519650655021834,0
0875,2482,33.0,2032.0,2.7,1733.0,328.0,610,249,0,855,954,83,352,381,855,NT,0,29.0124,85.54962705601743,0.7134502923976608,0.2912280701754386,0.0,0.10377358490566035,0.5087719298245614,0.4456140350877193,0
0880,4953,32.0,2406.0,3.3,1733.0,95.0,994,96,48,1159,1423,45,20,779,1159,NT,0,88.6672,55.86056625223307,0.8576358930112166,0.08283002588438308,0.04141501294219154,0.18552354181307096,0.056082830025884385,0.6721311475409836,0
0885,751,34.0,3333.0,2.8,1083.0,80.0,184,16,8,216,278,10,0,144,216,NT,0,2.7429,273.7978052426264,0.8518518518518519,0.07407407407407407,0.037037037037037035,0.2230215827338129,0.046296296296296294,0.6666666666666666,0
0886,755,34.0,2090.0,2.3,1400.0,65.0,148,70,28,262,434,9,6,179,262,NT,0,13.5083,55.89156296499189,0.5648854961832062,0.26717557251908397,0.10687022900763359,0.3963133640552995,0.05725190839694656,0.683206106870229,0
2000,27936,32.0,2225.0,2.1,2800.0,625.0,24,233,11146,11492,15345,1598,1286,8175,11492,NSW,0,4.2871,6516.293065242239,0.002088409328228333,0.020274973894883398,0.9698920988513748,0.2510915607689801,0.25095718760877134,0.7113644274277758,0
2007,7410,30.0,1805.0,2.1,2500.0,500.0,5,341,2556,2926,3536,364,358,1994,2926,NSW,0,0.5588,13260.558339298497,0.0017088174982911825,0.11654135338345864,0.8735475051264525,0.17251131221719462,0.24675324675324675,0.6814764183185236,0
2008,10400,28.0,1746.0,1.9,2600.0,525.0,41,984,3455,4564,5516,474,644,3330,4564,NSW,0,0.845,12307.692307692309,0.008983347940403156,0.21560035056967572,0.757011393514461,0.1725888324873096,0.24496056091148116,0.7296231375985978,0
2009,12658,37.0,2422.0,2.1,2800.0,580.0,0,317,5233,5583,6510,989,1004,3443,5583,NSW,0,0.9299,13612.21636735133,0.0,0.05677950922443131,0.937309690130754,0.14239631336405534,0.3569765359125918,0.616693533942325,0
2010,26443,36.0,2297.0,1.7,2900.0,550.0,131,3315,9565,13158,15553,1978,2473,8417,13158,NSW,0,2.1733,12167.2111535453,0.009955920352637178,0.25193798449612403,0.7269341845265238,0.15398958400308627,0.3382732938136495,0.63968688250494,0
2011,18187,39.0,2041.0,1.5,2500.0,490.0,34,949,8979,10068,12652,1810,1581,6457,10068,NSW,0,1.4054,12940.799772306817,0.003377036154151768,0.094259038537942,0.8918355184743743,0.2042364843503004,0.3368096940802543,0.6413388955105284,0
2015,11422,34.0,2607.0,2.1,2770.0,558.0,293,1555,3340,5248,5861,646,1755,2775,5248,NSW,0,4.2157,2709.395829874042,0.05583079268292683,0.2963033536585366,0.6364329268292683,0.10458966046749696,0.4575076219512195,0.5287728658536586,0
2016,13072,36.0,2145.0,1.9,2811.0,500.0,82,1684,4011,5889,6776,865,1201,3645,5889,NSW,0,1.1717,11156.439361611334,0.013924265579894719,0.2859568687383257,0.6811003565970454,0.13090318772136955,0.35082356936661574,0.6189505858380031,0
2017,29003,32.0,2104.0,1.9,2600.0,575.0,61,1071,12933,14103,16547,946,2630,10116,14103,NSW,0,1.9386,14960.796451047147,0.0043253208537190665,0.07594128908742821,0.9170389278876835,0.1477004895147157,0.25356307168687514,0.7172941927249521,0
2018,19878,34.0,2017.0,2.3,2500.0,520.0,2018,319,5741,8159,9121,1752,2033,4121,8159,NSW,0,3.9305,5057.3718356443205,0.24733423213629122,0.03909792866772889,0.7036401519794092,0.10547089134963272,0.46390489030518445,0.5050864076479961,0
2019,13467,36.0,2363.0,2.6,2773.0,550.0,1324,1018,2565,4957,5423,986,1981,1893,4957,NSW,0,7.3691,1827.4958950211014,0.2670970344966714,0.2053661488803712,0.5174500706072221,0.08593029688364373,0.5985475085737341,0.38188420415573937,0
2020,21591,30.0,2254.0,2.5,2600.0,600.0,1704,320,6026,8105,9146,1310,1978,4597,8105,NSW,0,11.9607,1805.16190523966,0.21024059222702035,0.03948180135718692,0.7434916718075262,0.11382024928930679,0.40567550894509563,0.5671807526218384,0
2021,14946,37.0,2823.0,2.1,3850.0,595.0,465,3441,2621,6586,7690,1722,1635,3057,6586,NSW,0,5.7186,2613.5767495540863,0.07060431217734589,0.5224719101123596,0.3979653811114485,0.14356306892067616,0.5097175827512906,0.46416641360461586,0
2022,13509,36.0,2484.0,2.2,3467.0,660.0,647,1481,3155,5559,6332,1508,1195,2695,5559,NSW,0,1.9228,7025.691699604743,0.11638783953948552,0.2664148228098579,0.5675481201654974,0.12207833228048015,0.48623853211009177,0.4847994243568987,0
2023,10590,39.0,3315.0,2.5,3900.0,650.0,1372,169,2489,4056,4521,1436,1159,1347,4056,NSW,0,2.3731,4462.517382326914,0.33826429980276135,0.041666666666666664,0.6136587771203156,0.10285335102853355,0.639792899408284,0.33210059171597633,0
2024,11380,38.0,3197.0,2.4,3900.0,655.0,1083,908,2164,4212,4638,1206,1171,1691,4212,NSW,0,1.9321,5889.964287562756,0.2571225071225071,0.21557454890788225,0.5137701804368471,0.09184993531694696,0.5643399810066477,0.40147198480531815,0
2025,7189,42.0,3013.0,2.2,4000.0,670.0,532,928,1506,2988,3523,1064,723,1041,2988,NSW,0,1.2307,5841.391078248152,0.17804551539491298,0.31057563587684067,0.5040160642570282,0.15185921089980126,0.5980589022757697,0.34839357429718876,0
2026,32693,34.0,2896.0,2.2,3400.0,680.0,1283,2083,10129,13603,15716,2690,2876,7662,13603,NSW,0,3.6477,8962.633988540725,0.09431742997868117,0.153127986473572,0.7446151584209365,0.13444896920335958,0.409174446813203,0.563258104829817,0
2027,7810,46.0,3027.0,2.0,3500.0,750.0,326,410,2821,3578,4463,1390,646,1405,3578,NSW,0,1.3761,5675.459632294164,0.09111235326998324,0.11458915595304639,0.7884292901062045,0.19829710956755542,0.5690329793180547,0.3926774734488541,0
2028,4709,39.0,3077.0,2.1,3000.0,720.0,286,190,1632,2130,2525,721,412,914,2130,NSW,0,0.7929,5938.958254508765,0.13427230046948357,0.0892018779342723,0.7661971830985915,0.15643564356435646,0.531924882629108,0.4291079812206573,0
2029,9911,40.0,2539.0,2.3,3250.0,630.0,826,349,2758,4006,4520,1202,954,1700,4006,NSW,0,2.5286,3919.560230957842,0.20619071392910635,0.08711932101847229,0.6884672990514229,0.11371681415929202,0.5381927109335995,0.4243634548177733,0
2030,14434,42.0,3481.0,2.8,4329.0,715.0,2596,469,1705,4881,5399,1970,1586,1130,4881,NSW,0,4.6636,3095.0338794064673,0.5318582257734071,0.09608686744519565,0.3493136652325343,0.09594369327653274,0.728539233763573,0.2315099364884245,0
2031,33830,36.0,2514.0,2.3,3163.0,580.0,2081,2366,8892,13615,15296,3336,3297,6630,13615,NSW,0,6.094,5551.3619954053165,0.15284612559676827,0.1737789203084833,0.6531031950055086,0.10989801255230125,0.4871832537642306,0.4869629085567389,0
2032,14643,35.0,1746.0,2.4,3000.0,450.0,1901,1031,2621,5599,6195,1397,1045,2978,5599,NSW,0,2.475,5916.363636363636,0.33952491516342204,0.18414002500446508,0.46811930701911053,0.09620661824051657,0.4361493123772102,0.5318806929808895,0
2033,11927,32.0,2118.0,2.3,2760.0,500.0,915,304,3110,4354,5284,1060,812,2388,4354,NSW,0,2.6691,4468.547450451463,0.21015158474965548,0.06982085438677078,0.7142857142857143,0.17600302800908407,0.42994947175011483,0.5484611851171337,0
2034,20249,36.0,2796.0,2.3,3400.0,615.0,1454,928,5829,8258,9353,1936,1768,4331,8258,NSW,0,3.0497,6639.6694756861325,0.17607168806006296,0.11237587793654638,0.705860983288932,0.1170747353790228,0.448534754177767,0.5244611286025672,0
2035,34602,40.0,2151.0,2.5,3000.0,540.0,4535,2653,5978,13296,14423,4059,3334,5427,13296,NSW,0,8.1207,4260.962724888249,0.3410800240673887,0.19953369434416365,0.44960890493381467,0.07813908340844489,0.556031889290012,0.4081678700361011,0
2036,33767,39.0,2050.0,2.6,2760.0,520.0,4305,2052,5611,12002,13130,3266,3356,5034,12002,NSW,0,15.7131,2148.971240557242,0.3586902182969505,0.17097150474920847,0.4675054157640393,0.08591012947448595,0.5517413764372605,0.41943009498416933,0
2037,16641,36.0,2011.0,2.0,3000.0,495.0,337,3264,3820,7533,8720,1396,1271,4611,7533,NSW,0,2.1374,7785.627397772995,0.0447364927651666,0.4332935085623258,0.507102084163016,0.13612385321100917,0.354042214257268,0.6121067303863003,0
2038,9487,38.0,2683.0,2.3,3467.0,570.0,864,1790,1093,3794,4248,976,1164,1584,3794,NSW,0,1.4931,6353.894581742683,0.22772799156562995,0.4717975751186083,0.2880864522930944,0.10687382297551784,0.5640484976278334,0.4175013178703216,0
2039,8553,40.0,3196.0,2.3,3500.0,650.0,884,1397,1258,3603,4027,941,1170,1428,3603,NSW,0,1.8337,4664.339859300867,0.2453510963086317,0.3877324451845684,0.3491534832084374,0.1052892972436057,0.5859006383569247,0.39633638634471274,0
2040,22803,38.0,2727.0,2.4,3467.0,580.0,3626,2664,2515,8865,9785,2242,3024,3451,8865,NSW,0,4.754,4796.592343289862,0.409024252679075,0.300507614213198,0.28369994359842077,0.09402146142054169,0.5940214326001128,0.3892836999435984,0
2041,15584,43.0,3147.0,2.2,4000.0,640.0,1459,2831,2220,6544,7428,2075,1828,2529,6544,NSW,0,2.4666,6318.008594826887,0.2229523227383863,0.43261002444987773,0.33924205378973105,0.11900915455035,0.5964242053789731,0.38646088019559904,0
2042,18673,34.0,2328.0,2.1,3000.0,540.0,620,4165,3121,8179,9194,1437,2019,4568,8179,NSW,0,2.0446,9132.837718869217,0.0758038880058687,0.5092309573297469,0.3815869910747035,0.11039808570807053,0.42254554346497125,0.5585034845335616,0
2043,9657,34.0,3020.0,2.0,2800.0,620.0,146,1566,2801,4540,5031,576,1476,2421,4540,NSW,0,0.8075,11959.133126934985,0.032158590308370046,0.3449339207048458,0.6169603524229075,0.09759491154839994,0.45198237885462555,0.5332599118942731,0
2044,8278,36.0,2619.0,2.5,2900.0,630.0,1325,1124,683,3176,3484,768,1189,1153,3176,NSW,0,3.8539,2147.9540206025067,0.41719143576826195,0.353904282115869,0.21505037783375314,0.08840413318025253,0.6161838790931989,0.3630352644836272,0
2045,6480,46.0,2761.0,2.8,3674.0,530.0,1773,274,158,2224,2332,1104,692,381,2224,NSW,0,2.3828,2719.489676011415,0.7972122302158273,0.12320143884892086,0.0710431654676259,0.046312178387650116,0.8075539568345323,0.17131294964028776,0
2046,27288,42.0,2393.0,2.5,3014.0,570.0,4854,1303,4341,10643,11527,3653,3164,3576,10643,NSW,0,6.0148,4536.809203963557,0.45607441510852204,0.12242788687400169,0.4078737198158414,0.07668951158150428,0.6405148924175514,0.3359954899934229,0
2047,12011,42.0,2776.0,2.3,3200.0,600.0,1496,533,2810,4919,5527,1650,1398,1762,4919,NSW,0,2.3101,5199.342019825982,0.3041268550518398,0.1083553567798333,0.5712543199837365,0.11000542789940293,0.6196381378328929,0.35820288676560275,0
2048,7619,36.0,2395.0,2.3,3000.0,490.0,587,1258,1202,3127,3487,730,919,1411,3127,NSW,0,1.218,6255.336617405583,0.18771985929005436,0.4023025263831148,0.3843939878477774,0.10324060797246915,0.5273425007994883,0.45123121202430444,0
2049,12258,35.0,2284.0,2.2,2850.0,480.0,1252,1123,2571,5099,5733,988,1501,2521,5099,NSW,0,1.929,6354.587869362364,0.24553834085114729,0.2202392626005099,0.504216513041773,0.11058782487353913,0.48813492841733674,0.49441066875858014,0
2050,9381,33.0,2331.0,1.9,2817.0,570.0,126,919,2987,4057,4672,588,931,2477,4057,NSW,0,1.5031,6241.101723105581,0.031057431599704213,0.22652206063593788,0.7362583189548928,0.13163527397260277,0.3744145920631008,0.6105496672418043,0
2060,15135,38.0,2463.0,1.9,3000.0,580.0,686,1188,5295,7201,8545,1721,1213,4048,7201,NSW,0,2.6912,5623.885255648039,0.09526454659075129,0.1649770865157617,0.7353145396472712,0.157284961966062,0.40744341063741146,0.5621441466462991,0
2061,6158,44.0,2475.0,1.7,3000.0,600.0,105,136,2889,3147,4003,790,378,1890,3147,NSW,0,0.6316,9749.841671944268,0.03336510962821735,0.04321576104226247,0.9180171591992373,0.21383962028478642,0.371147124245313,0.6005719733079123,0
2062,7088,40.0,2870.0,2.2,3033.0,580.0,759,465,1819,3054,3429,886,860,1260,3054,NSW,0,1.5527,4564.951375024151,0.24852652259332023,0.15225933202357564,0.5956123117223314,0.10936132983377078,0.5717092337917485,0.412573673870334,0
2063,6493,44.0,3874.0,2.9,4649.0,740.0,1588,136,412,2142,2283,1032,644,421,2142,NSW,0,2.7281,2380.044719768337,0.7413632119514473,0.06349206349206349,0.19234360410831,0.06176084099868595,0.7824463118580766,0.1965452847805789,0
2064,9417,37.0,2420.0,2.5,2772.0,525.0,820,320,2483,3629,3948,897,830,1811,3629,NSW,0,2.5348,3715.0860028404604,0.22595756406723616,0.08817856158721411,0.6842105263157895,0.08080040526849042,0.47588867456599615,0.49903554698263985,0
2065,31698,37.0,2743.0,2.1,3000.0,580.0,2607,1732,9837,14244,15854,3445,3410,7089,14244,NSW,0,5.6781,5582.5011887779365,0.18302443133951138,0.12159505756809885,0.6906065711878686,0.10155165888734707,0.4812552653748947,0.4976832350463353,0
2066,33844,38.0,2754.0,2.5,3000.0,520.0,5186,781,7004,13006,14088,3646,4552,4491,13006,NSW,0,9.5786,3533.292965569081,0.39873904351837614,0.06004920805781947,0.5385206827618022,0.07680295286768879,0.6303244656312471,0.34530216823004767,0
2067,27078,38.0,2185.0,2.5,3000.0,580.0,3130,444,6440,10028,11302,2710,2092,4849,10028,NSW,0,5.8196,4652.897106330332,0.312126047068209,0.04427602712405265,0.6422018348623854,0.1127234117855247,0.478859194256083,0.4835460710011967,0
2068,17450,42.0,3232.0,2.8,3900.0,640.0,4068,574,1244,5940,6382,2318,2036,1469,5940,NSW,0,5.6655,3080.045891801253,0.6848484848484848,0.09663299663299663,0.20942760942760943,0.06925728611720461,0.732996632996633,0.2473063973063973,0
2069,14604,41.0,3310.0,2.9,3800.0,633.0,3664,166,1014,4848,5192,2005,1658,1036,4848,NSW,0,7.5302,1939.3907200339966,0.7557755775577558,0.03424092409240924,0.20915841584158415,0.0662557781201849,0.755569306930693,0.2136963696369637,0
2070,14648,41.0,2970.0,2.8,3500.0,630.0,3023,129,1840,5003,5482,1960,1631,1226,5003,NSW,0,7.4617,1963.0915206990362,0.6042374575254847,0.02578452928243054,0.36777933240055966,0.08737686975556369,0.7177693383969618,0.24505296821906855,0
2071,13510,42.0,2839.0,2.9,3467.0,650.0,2893,107,1575,4578,5023,1874,1535,1046,4578,NSW,0,7.8221,1727.1576686567546,0.6319353429445173,0.023372651813018785,0.3440366972477064,0.0885924746167629,0.7446483180428135,0.22848405417212755,0
2072,8795,39.0,2460.0,2.7,3033.0,577.0,1448,111,1546,3199,3539,1033,978,1129,3199,NSW,0,3.7885,2321.4992741190445,0.45264145045326665,0.03469834323226008,0.4832760237574242,0.09607233681831029,0.628633948108784,0.35292278837136604,0
2073,17221,41.0,3414.0,3.0,3500.0,650.0,4458,136,995,5595,5963,2172,2330,974,5595,NSW,0,10.2515,1679.851729015266,0.7967828418230563,0.024307417336907954,0.1778373547810545,0.0617139023981218,0.8046470062555854,0.1740840035746202,0
2074,23423,44.0,3004.0,2.8,3500.0,617.0,5776,358,1870,8022,8610,3409,3023,1238,8022,NSW,0,22.0151,1063.951560519825,0.7200199451508352,0.04462727499376714,0.2331089503864373,0.06829268292682922,0.8017950635751683,0.1543256045873847,0
2075,21665,43.0,2965.0,2.9,3500.0,700.0,5120,503,1664,7291,7706,3065,2993,1117,7291,NSW,0,17.7425,1221.079329294068,0.7022356329721574,0.06898916472363187,0.22822658071595117,0.05385413963145602,0.8308873954190097,0.15320257852146482,0
2076,25340,43.0,2923.0,2.9,3250.0,600.0,6329,632,1245,8218,8728,3140,3364,1406,8218,NSW,0,15.8484,1598.8995734585194,0.7701387198831833,0.07690435629106838,0.1514967145290825,0.05843263061411552,0.7914334387928936,0.17108785592601605,0
2077,42819,38.0,2108.0,2.6,2350.0,460.0,6292,756,8961,16044,17173,3855,5618,6244,16044,NSW,0,22.8664,1872.572857992513,0.39217152829718277,0.04712041884816754,0.5585265519820494,0.06574273568974554,0.5904387933183745,0.38917975567190227,0
2079,7816,40.0,2505.0,2.9,2544.0,525.0,2236,100,328,2664,2768,880,1289,473,2664,NSW,0,11.0623,706.5438471203998,0.8393393393393394,0.03753753753753754,0.12312312312312312,0.037572254335260125,0.8141891891891891,0.17755255255255256,0
2080,1766,42.0,2428.0,3.0,2648.0,568.0,555,25,3,585,613,217,281,74,585,NSW,0,10.5767,166.970794293116,0.9487179487179487,0.042735042735042736,0.005128205128205128,0.04567699836867867,0.8512820512820513,0.1264957264957265,0
2081,5394,41.0,2698.0,3.0,2600.0,575.0,1675,80,10,1769,1831,678,866,209,1769,NSW,0,40.1939,134.19946807848953,0.9468626342566422,0.04522328999434709,0.005652911249293386,0.03386127799016936,0.8728094968908988,0.11814584511023177,0
2082,5458,42.0,2449.0,2.9,2500.0,580.0,1734,79,19,1838,1954,762,870,198,1838,NSW,0,9.6876,563.400635864404,0.9434167573449401,0.04298150163220892,0.010337323177366704,0.05936540429887416,0.8879216539717084,0.10772578890097932,0
2083,1665,51.0,1950.0,2.3,2290.0,429.0,627,9,25,679,885,260,255,141,679,NSW,0,45.774,36.374360990955566,0.9234167893961709,0.013254786450662739,0.036818851251840944,0.23276836158192094,0.7584683357879234,0.20765832106038293,0
2084,3759,47.0,2882.0,3.0,3200.0,600.0,1047,39,66,1192,1258,551,444,179,1192,NSW,0,107.3731,35.00876849043196,0.8783557046979866,0.03271812080536913,0.05536912751677853,0.05246422893481717,0.834731543624161,0.15016778523489932,0
2085,11452,46.0,2770.0,2.9,3335.0,900.0,3167,289,328,3780,3977,1659,1582,393,3780,NSW,0,16.0513,713.4624609844685,0.8378306878306878,0.07645502645502646,0.08677248677248678,0.04953482524515962,0.8574074074074074,0.10396825396825397,0
2086,14214,40.0,3107.0,3.2,3467.0,800.0,4070,184,136,4401,4527,1614,2034,683,4401,NSW,0,8.0742,1760.4220851601399,0.924789820495342,0.04180867984548966,0.03090206771188366,0.027833001988071593,0.8289025221540559,0.15519200181776868,0
2087,13161,43.0,2794.0,3.0,3400.0,720.0,3673,423,208,4307,4496,1810,1616,737,4307,NSW,0,8.9311,1473.6146723247975,0.8527977710703506,0.09821221267703738,0.04829347573717205,0.04203736654804269,0.7954492686324588,0.1711167866264221,0
2088,28329,45.0,2892.0,2.3,3870.0,590.0,4028,1389,6001,11544,13019,4422,2980,3822,11544,NSW,0,8.6503,3274.915320855924,0.34892584892584894,0.12032224532224532,0.5198371448371448,0.1132959520700515,0.6411988911988912,0.3310810810810811,0
2089,11491,38.0,2469.0,2.0,2903.0,562.0,485,547,4308,5375,6257,1333,1123,2806,5375,NSW,0,1.5036,7642.325086459165,0.09023255813953489,0.10176744186046512,0.8014883720930233,0.14096212242288642,0.4569302325581395,0.5220465116279069,0
2090,13533,41.0,2537.0,2.1,3153.0,600.0,1018,641,4496,6169,6992,1890,1382,2778,6169,NSW,0,2.0654,6552.241696523676,0.16501864159507212,0.10390662992381261,0.7288053169071163,0.11770594965675052,0.5303939050089156,0.4503160966120927,0
2092,7384,42.0,4184.0,3.1,4333.0,875.0,1964,182,116,2267,2395,876,988,367,2267,NSW,0,3.1079,2375.8808198461984,0.8663431848257609,0.08028231142479048,0.05116894574327305,0.05344467640918582,0.8222320247022497,0.16188795765328629,0
2093,23555,40.0,2954.0,2.7,3467.0,600.0,4499,934,2882,8394,8899,2854,3117,2277,8394,NSW,0,7.529,3128.5695311462346,0.5359780795806528,0.11126995472956874,0.3433404812961639,0.05674794920777615,0.7113414343578747,0.271265189421015,0
2094,6141,39.0,3251.0,2.4,3467.0,720.0,635,538,1223,2407,2623,805,713,844,2407,NSW,0,1.1683,5256.355388170847,0.2638138761944329,0.2235147486497715,0.5081013710012464,0.08234845596645068,0.6306605733277939,0.3506439551308683,0
2095,16296,38.0,3164.0,2.2,3467.0,725.0,790,799,5352,6973,8337,1950,1265,3585,6973,NSW,0,5.5668,2927.3550334123734,0.11329413451885846,0.11458482719059228,0.7675319087910512,0.16360801247451118,0.46106410440269613,0.5141259142406425,0
2096,14955,37.0,2901.0,2.5,3207.0,620.0,2304,265,3215,5811,6325,1649,1883,2149,5811,NSW,0,3.4532,4330.765666628055,0.3964894166236448,0.04560316640853554,0.5532610566167613,0.08126482213438735,0.6078127688865944,0.36981586646016174,0
2097,15991,41.0,2702.0,2.8,3033.0,623.0,3510,184,1695,5413,5730,1978,2085,1216,5413,NSW,0,4.7508,3365.959417361287,0.648438943284685,0.03399224090153335,0.31313504526140773,0.055322862129144834,0.7506004064289673,0.22464437465361167,0
2099,42917,38.0,2187.0,2.5,2700.0,550.0,6505,1063,8681,16318,17471,4282,5259,6070,16318,NSW,0,18.7149,2293.19953619843,0.3986395391592107,0.06514278710626302,0.5319892143645054,0.06599507755709466,0.5846917514401274,0.3719818605221228,0
2100,21973,40.0,2719.0,2.9,3142.0,600.0,5318,511,1351,7211,7546,2311,3039,1680,7211,NSW,0,13.4698,1631.2788608591072,0.7374843988351131,0.07086395784218555,0.18735265566495632,0.04439438112907501,0.7419220635140757,0.23297739564554154,0
2101,19885,43.0,2231.0,2.5,3000.0,600.0,3920,755,2595,7328,7807,2496,2333,1997,7328,NSW,0,26.6694,745.6110748648264,0.5349344978165939,0.10302947598253274,0.3541211790393013,0.061355194056615825,0.6589792576419214,0.2725163755458515,0
2102,8379,41.0,2598.0,2.9,3077.0,750.0,1418,681,602,2712,2848,859,1252,486,2712,NSW,0,4.136,2025.870406189555,0.5228613569321534,0.25110619469026546,0.221976401179941,0.047752808988763995,0.7783923303834809,0.17920353982300885,0
2103,10877,46.0,2296.0,2.6,3033.0,650.0,2129,636,1158,3974,4243,1792,1192,872,3974,NSW,0,4.6646,2331.8183767096857,0.5357322596879718,0.16004026170105687,0.29139406139909413,0.06339853876973844,0.7508807247106191,0.21942627075993962,0
2104,3807,58.0,1885.0,2.3,3691.0,850.0,878,359,301,1544,1707,736,378,107,1544,NSW,0,3.7163,1024.4059952102898,0.5686528497409327,0.23251295336787564,0.1949481865284974,0.09548916227299353,0.7215025906735751,0.06930051813471502,0
2105,2008,52.0,2601.0,2.5,3000.0,595.0,705,11,18,739,890,371,293,68,739,NSW,0,2.1888,917.3976608187135,0.9539918809201624,0.014884979702300407,0.02435723951285521,0.16966292134831462,0.8985115020297699,0.09201623815967523,0
2106,9659,46.0,2479.0,2.6,3000.0,600.0,2271,274,974,3584,3870,1425,1288,816,3584,NSW,0,3.8119,2533.906975524017,0.6336495535714286,0.07645089285714286,0.27176339285714285,0.07390180878552977,0.7569754464285714,0.22767857142857142,0
2107,15422,47.0,2627.0,2.8,3297.0,750.0,4616,168,515,5316,5833,2434,2062,734,5316,NSW,0,7.8756,1958.200010157956,0.8683220466516177,0.03160270880361174,0.09687735139202408,0.0886336362077833,0.8457486832204665,0.1380737396538751,0
2108,1740,58.0,2702.0,2.3,3742.0,850.0,628,8,63,704,1233,394,170,113,704,NSW,0,2.9542,588.9919436734141,0.8920454545454546,0.011363636363636364,0.08948863636363637,0.4290348742903487,0.8011363636363636,0.16051136363636365,0
2110,9846,46.0,3368.0,2.7,4333.0,540.0,2251,361,581,3206,3529,1380,1040,663,3206,NSW,0,4.3304,2273.692961389248,0.7021210230817218,0.11260137242669994,0.1812227074235808,0.09152734485689995,0.7548346849656893,0.20679975046787274,0
2111,15456,40.0,2315.0,2.4,3000.0,460.0,2799,799,2558,6165,6721,1824,1992,2228,6165,NSW,0,4.7162,3277.214706755439,0.454014598540146,0.12960259529602594,0.41492295214922953,0.0827257848534444,0.618978102189781,0.36139497161394973,0
2112,38026,37.0,2094.0,2.5,2600.0,472.0,6065,1461,6822,14376,15735,3677,4424,5883,14376,NSW,0,9.3018,4088.025973467501,0.42188369504730105,0.10162771285475793,0.47454090150250416,0.08636796949475689,0.5635086254869226,0.4092237061769616,0
2113,27637,34.0,2156.0,2.4,2600.0,480.0,3671,1094,5797,10611,12035,2293,2958,5080,10611,NSW,0,13.2159,2091.1931839677964,0.34596173781924416,0.10310055602676468,0.5463198567524268,0.11832156211051104,0.4948638205635661,0.4787484685703515,0
2114,25267,37.0,2089.0,2.5,2480.0,430.0,3877,840,5041,9823,10745,2524,2939,4128,9823,NSW,0,7.3639,3431.198142288733,0.3946859411585055,0.08551359055278428,0.5131833452102209,0.08580735225686364,0.5561437442736434,0.4202382164308256,0
2115,12686,37.0,1993.0,2.8,2600.0,420.0,2579,904,767,4274,4590,937,1414,1828,4274,NSW,0,3.9347,3224.133987343381,0.6034160037435657,0.21151146467009826,0.17945718296677585,0.06884531590413945,0.5500701918577445,0.42770238652316334,0
2116,7274,37.0,1871.0,2.8,2500.0,430.0,1339,822,348,2524,2703,554,862,1057,2524,NSW,0,3.7975,1915.4707044107965,0.5305071315372425,0.3256735340729002,0.13787638668779714,0.06622271550129488,0.561014263074485,0.4187797147385103,0
2117,22185,39.0,1861.0,2.8,2600.0,417.0,4018,2529,999,7568,8264,2000,2613,2736,7568,NSW,0,7.1268,3112.897794241455,0.5309196617336153,0.33417019027484146,0.1320031712473573,0.08422071636011619,0.6095401691331924,0.36152219873150104,0
2118,27888,38.0,2084.0,3.0,2500.0,500.0,5243,1120,2676,9049,9866,2746,3053,2974,9049,NSW,0,8.5068,3278.3185216532656,0.5794010387888164,0.1237705823847939,0.29572328434081113,0.0828096493006284,0.640844292186982,0.32865510001105097,0
2119,12458,44.0,3070.0,3.0,3467.0,600.0,3402,201,440,4058,4254,1814,1529,637,4058,NSW,0,6.7407,1848.1760054593735,0.838344011828487,0.04953178905864958,0.10842779694430754,0.04607428302773864,0.8238048299655002,0.15697387875800886,0
2120,20988,42.0,2643.0,2.9,2817.0,520.0,5648,805,625,7092,7435,2602,2920,1413,7092,NSW,0,13.8137,1519.3612138673925,0.79639029892837,0.11350817822899041,0.08812746756909194,0.04613315400134499,0.7786238014664411,0.19923857868020303,0
2121,34209,37.0,2304.0,2.8,2612.0,500.0,5783,1092,4943,11837,12802,3489,3561,4495,11837,NSW,0,9.2015,3717.7634081399774,0.48855284278111005,0.09225310467179183,0.417588916110501,0.07537884705514764,0.5955900988426122,0.3797414885528428,0
2122,31187,39.0,1944.0,2.6,2500.0,460.0,4946,3376,2868,11255,12165,3368,3142,4290,11255,NSW,0,9.0576,3443.185832891715,0.43944913371834743,0.2999555752998667,0.25482007996446027,0.07480476777640777,0.5784095957352288,0.3811639271434918,0
2125,16620,43.0,3078.0,3.1,3033.0,641.0,4772,343,147,5258,5443,2319,2187,643,5258,NSW,0,9.2916,1788.7123853803434,0.9075694180296691,0.06523392925066565,0.02795739825028528,0.03398860922285507,0.8569798402434385,0.12228984404716622,0
2126,19082,43.0,2924.0,3.1,3000.0,695.0,4841,1023,74,5942,6139,2347,2549,881,5942,NSW,0,8.2603,2310.085590111739,0.8147088522383036,0.17216425445977784,0.012453719286435544,0.03208991692458052,0.8239649949511949,0.14826657691013126,0
2127,23198,33.0,2084.0,2.2,2300.0,510.0,751,337,8887,10041,11656,1098,3171,5609,10041,NSW,0,8.1408,2849.5970911949685,0.07479334727616771,0.03356239418384623,0.8850712080470072,0.13855525051475637,0.42515685688676425,0.5586097002290609,0
2128,3600,35.0,1875.0,2.7,2167.0,450.0,241,167,379,789,886,101,279,384,789,NSW,0,2.7,1333.3333333333333,0.30544993662864384,0.21166032953105196,0.4803548795944233,0.10948081264108356,0.4816223067173637,0.4866920152091255,0
2130,7288,36.0,2260.0,2.1,2708.0,460.0,609,528,1961,3109,3491,654,861,1534,3109,NSW,0,1.2031,6057.684315518244,0.19588292055323256,0.16982952717915728,0.6307494371180444,0.10942423374391297,0.48729495014474106,0.4934062399485365,0
2131,23012,36.0,1888.0,2.3,2210.0,440.0,2047,682,6474,9266,10368,2069,2114,4683,9266,NSW,0,3.4144,6739.690721649485,0.22091517375350744,0.07360241744010361,0.6986833585150011,0.10628858024691357,0.4514353550615152,0.5053960716598317,0
2132,10755,42.0,2157.0,2.7,2700.0,480.0,2032,636,997,3691,3921,1279,1160,1087,3691,NSW,0,2.4354,4416.112342941611,0.5505283121105391,0.17231102682199945,0.27011649959360606,0.0586585054832951,0.6607965321051206,0.2945001354646437,0
2133,10929,41.0,1843.0,2.7,2522.0,410.0,1885,1110,952,3966,4260,1358,1253,1263,3966,NSW,0,2.5503,4285.378190801082,0.47528996469994955,0.27987897125567324,0.2400403429147756,0.06901408450704227,0.6583459404942007,0.3184568835098336,0
2134,18224,32.0,1671.0,2.5,2449.0,500.0,1427,629,4536,6721,7487,1338,1139,3967,6721,NSW,0,2.4456,7451.750081779522,0.2123195952983187,0.09358726380002975,0.6748995685165898,0.10231067183117404,0.36854634726975155,0.5902395476863562,0
2135,25915,32.0,2262.0,2.8,2765.0,480.0,3893,394,4227,8581,9522,2463,2030,3768,8581,NSW,0,6.5375,3964.053537284895,0.4536767276541196,0.04591539447616828,0.49259993007807945,0.09882377651753838,0.5235986481762033,0.43910966087868547,0
2136,7763,39.0,1943.0,2.7,2375.0,460.0,1327,563,826,2732,2908,850,901,901,2732,NSW,0,3.4638,2241.1802067093945,0.4857247437774524,0.20607613469985359,0.30234260614934116,0.06052269601100413,0.6409224011713031,0.32979502196193267,0
2137,27726,41.0,2377.0,2.6,3000.0,560.0,4484,977,4659,10281,11190,3799,2911,3349,10281,NSW,0,7.3557,3769.3217504792206,0.43614434393541485,0.09502966637486626,0.4531660344324482,0.08123324396782838,0.6526602470576792,0.32574652271179844,0
2138,19686,34.0,2248.0,2.4,2573.0,550.0,1848,451,5456,7793,8618,1565,2291,3743,7793,NSW,0,3.7811,5206.421411758483,0.23713589118439626,0.05787244963428718,0.7001154882586937,0.09572986771872827,0.49480302835878354,0.4803028358783524,0
2140,20766,31.0,2042.0,2.6,2119.0,450.0,697,272,6593,7641,8701,754,2201,4463,7641,NSW,0,3.7487,5539.5203670605815,0.09121842690747284,0.03559743489072111,0.8628451773328099,0.12182507757729,0.386729485669415,0.5840858526370893,0
2141,32425,34.0,1801.0,2.9,2253.0,468.0,4690,1591,4186,10538,11627,2503,3185,4507,10538,NSW,0,11.9359,2716.5944754899087,0.44505598785348266,0.15097741506927312,0.3972290757259442,0.09366130558183539,0.5397608654393623,0.427690263807174,0
2142,27993,31.0,1547.0,2.8,2000.0,400.0,3348,984,4591,8990,10327,1511,2149,4970,8990,NSW,0,10.9833,2548.6875529212534,0.3724137931034483,0.10945494994438265,0.510678531701891,0.12946644717730227,0.407119021134594,0.5528364849833148,0
2143,9774,35.0,1561.0,3.1,2167.0,400.0,2012,206,728,2969,3188,825,855,1183,2969,NSW,0,4.3104,2267.538975501114,0.6776692489053553,0.06938363085213876,0.2452004041764904,0.06869510664993728,0.5658470865611317,0.3984506567867969,0
2144,39333,31.0,1533.0,3.3,2000.0,410.0,4615,1102,5189,10982,12132,2382,2563,5477,10982,NSW,0,8.5637,4592.991347198056,0.4202331087233655,0.10034602076124567,0.4725004552904753,0.09479063633366303,0.4502822800947004,0.4987251866690949,0
2145,87531,35.0,2090.0,2.9,2239.0,425.0,14510,5401,8536,28521,31174,6517,9222,11930,28521,NSW,0,27.5671,3175.1979714950066,0.5087479401143017,0.1893692367027804,0.2992882437502191,0.08510297042407133,0.5518389958276357,0.41828827881210334,0
2146,19456,36.0,2116.0,2.9,2167.0,425.0,4016,1277,1046,6354,6748,1637,2472,2090,6354,NSW,0,6.0077,3238.5105780914496,0.6320428076802015,0.20097576329870948,0.164620711362921,0.058387670420865456,0.6466792571608435,0.3289266603714196,0
2147,37285,38.0,1925.0,2.8,2209.0,390.0,11196,847,623,12716,13433,3688,4708,3990,12716,NSW,0,15.9973,2330.705806604865,0.8804655552060396,0.06660899653979238,0.04899339414910349,0.053376014293158636,0.6602705253224285,0.31377791758414597,0
2148,67483,35.0,1800.0,2.9,2142.0,400.0,15644,3457,2895,22040,23572,5125,7422,8856,22040,NSW,0,37.6817,1790.8693079133905,0.7098003629764066,0.15685117967332124,0.13135208711433757,0.0649923638214831,0.5692831215970962,0.40181488203266785,0
2150,35254,32.0,2055.0,2.4,2002.0,425.0,1063,726,11650,13624,15639,1301,2400,9591,13624,NSW,0,5.8687,6007.122531395369,0.07802407516147974,0.05328831473869642,0.8551086318261891,0.1288445552784705,0.2716529653552554,0.7039782736347622,0
2151,21204,38.0,1957.0,2.6,2376.0,420.0,3489,1039,3142,7680,8339,1864,2358,3223,7680,NSW,0,10.7334,1975.5156800268321,0.454296875,0.13528645833333333,0.40911458333333334,0.07902626214174358,0.5497395833333333,0.41966145833333335,0
2152,11261,39.0,1924.0,2.5,2300.0,420.0,2131,844,1369,4351,4775,1125,1531,1400,4351,NSW,0,4.2857,2627.5754252514175,0.4897724660997472,0.1939783957710871,0.31464031257182257,0.08879581151832461,0.6104343829004827,0.3217651114686279,0
2153,62610,39.0,2496.0,3.0,2759.0,540.0,15540,2354,2667,20591,21802,6988,8739,4280,20591,NSW,0,25.5852,2447.117865015712,0.7546986547520762,0.1143217910737701,0.12952260696420767,0.055545362810751286,0.7637802923607401,0.20785780195230927,0
2154,40874,42.0,2551.0,3.0,3000.0,560.0,9748,1436,2026,13224,14059,4632,4940,3032,13224,NSW,0,18.8102,2172.9699843701824,0.7371445856019359,0.10859044162129462,0.1532062915910466,0.05939255992602599,0.7238354506957048,0.22928009679370842,0
2155,75699,35.0,3042.0,3.3,3000.0,600.0,18502,1532,2455,22542,23583,4428,12090,5590,22542,NSW,0,36.388,2080.3286797845444,0.8207789903291633,0.06796202643953508,0.10890781652027327,0.044141966670906974,0.732765504391802,0.24798154555940022,0
2156,13403,46.0,2756.0,3.1,3200.0,600.0,3567,567,68,4208,4393,1885,1605,341,4208,NSW,0,62.9548,212.89877817100523,0.847671102661597,0.13474334600760457,0.016159695817490494,0.042112451627589365,0.8293726235741445,0.08103612167300381,0
2157,4042,42.0,2493.0,3.2,3000.0,525.0,1192,9,7,1209,1302,470,516,182,1209,NSW,0,148.4858,27.22145821351267,0.9859387923904053,0.007444168734491315,0.005789909015715467,0.0714285714285714,0.815550041356493,0.15053763440860216,0
2158,8937,45.0,2548.0,3.0,3074.0,600.0,2301,230,196,2794,2968,1265,1013,394,2794,NSW,0,41.7948,213.83042866576702,0.8235504652827488,0.082319255547602,0.07015032211882606,0.058625336927223715,0.8153185397279885,0.14101646385110952,0
2159,5148,46.0,2400.0,2.9,2817.0,480.0,1473,71,100,1658,1740,737,599,211,1658,NSW,0,127.4464,40.39345167850956,0.8884197828709288,0.0428226779252111,0.06031363088057901,0.047126436781609216,0.8057901085645356,0.1272617611580217,0
2160,39388,33.0,1455.0,3.0,2051.0,400.0,5937,1740,4355,12139,13326,2787,3234,5578,12139,NSW,0,8.4346,4669.812439238375,0.48908476810280915,0.1433396490649971,0.358761018205783,0.0890739906948822,0.4960046132300848,0.4595106680945712,0
2161,34379,32.0,1347.0,3.2,2152.0,380.0,5925,1593,2194,9770,10674,2178,2872,4334,9770,NSW,0,11.2122,3066.213588769376,0.6064483111566018,0.16305015353121802,0.22456499488229273,0.08469177440509645,0.5168884339815762,0.4436028659160696,0
2162,20306,34.0,1404.0,3.2,2167.0,400.0,4194,802,760,5787,6184,1609,1714,2207,5787,NSW,0,5.7908,3506.5966705809215,0.7247278382581649,0.1385864869535165,0.13132884050457924,0.06419793014230268,0.57421807499568,0.381372040781061,0
2163,10544,36.0,993.0,2.8,1920.0,250.0,1925,177,996,3160,3480,583,727,1704,3160,NSW,0,6.3533,1659.609966474116,0.6091772151898734,0.0560126582278481,0.31518987341772153,0.09195402298850575,0.41455696202531644,0.5392405063291139,0
2164,21273,38.0,1401.0,3.1,2167.0,420.0,5274,662,456,6473,6823,2066,1856,2346,6473,NSW,0,20.5159,1036.903084924376,0.8147690406303105,0.1022709717287193,0.07044646995210876,0.05129708339440131,0.6059014367372161,0.3624285493588753,0
2165,45046,38.0,1225.0,3.2,1950.0,400.0,7859,2064,3299,13296,14207,3394,2989,6457,13296,NSW,0,11.12,4050.8992805755397,0.5910800240673887,0.1552346570397112,0.24811973525872444,0.06412331949039207,0.4800691937424789,0.4856347773766546,0
2166,54184,39.0,1325.0,3.2,1733.0,350.0,9230,2836,3609,15757,16836,4618,3877,6608,15757,NSW,0,15.2543,3552.047619359787,0.5857714031858856,0.17998349939709335,0.2290410611156946,0.06408885721073887,0.5391254680459479,0.4193691692581075,0
2167,10536,36.0,2070.0,3.0,2167.0,420.0,2233,907,75,3228,3378,715,1336,1093,3228,NSW,0,6.9946,1506.3048637520374,0.6917596034696406,0.28097893432465926,0.023234200743494422,0.04440497335701599,0.6353779429987608,0.3385997521685254,0
2168,45023,35.0,1387.0,3.3,2000.0,350.0,10504,1243,1143,12916,13703,3196,4164,5111,12916,NSW,0,12.8684,3498.7255602872156,0.8132548776711056,0.09623722514710437,0.08849489005884174,0.057432678975406826,0.5698358624961288,0.3957107463611025,0
2170,114479,35.0,1566.0,2.9,2165.0,395.0,21382,4796,9791,36089,39025,8238,11968,14622,36089,NSW,0,54.319,2107.5314346729506,0.5924797029565796,0.1328936795145335,0.27130150461359415,0.07523382447149263,0.5598935963867107,0.4051650087284214,0
2171,38882,33.0,2379.0,3.6,2383.0,530.0,9630,613,55,10309,10560,2336,5744,2004,10309,NSW,0,21.5331,1805.6852009232298,0.9341352216509846,0.059462605490348236,0.00533514404888932,0.023768939393939426,0.7837811620913765,0.19439324861771268,0
2172,2892,38.0,3185.0,3.2,2708.0,369.0,829,36,10,879,897,288,426,143,879,NSW,0,3.6787,786.1472802892326,0.9431171786120591,0.040955631399317405,0.011376564277588168,0.02006688963210701,0.8122866894197952,0.1626848691695108,0
2173,14544,33.0,2495.0,3.2,2200.0,500.0,3949,363,14,4329,4469,1012,1934,1325,4329,NSW,0,192.8683,75.40897078472719,0.9122199122199122,0.08385308385308385,0.003234003234003234,0.031326918773774914,0.6805266805266805,0.3060753060753061,0
2174,12080,31.0,2562.0,3.4,2800.0,550.0,2792,205,332,3349,3616,274,1936,1066,3349,NSW,0,6.0563,1994.6171755031949,0.8336816960286653,0.06121230217975515,0.09913406987160346,0.07383849557522126,0.6598984771573604,0.31830397133472677,0
2175,1790,45.0,2135.0,3.2,3250.0,428.0,502,5,7,519,572,269,133,88,519,NSW,0,21.9683,81.48104313943273,0.9672447013487476,0.009633911368015413,0.01348747591522158,0.09265734265734271,0.7745664739884393,0.16955684007707128,0
2176,50022,41.0,1664.0,3.3,2167.0,460.0,12986,968,379,14360,14822,5795,4400,3763,14360,NSW,0,19.8468,2520.4063123526207,0.9043175487465182,0.06740947075208914,0.026392757660167132,0.03116988260693565,0.709958217270195,0.2620473537604457,0
2177,17154,38.0,1571.0,3.3,2000.0,400.0,4018,624,205,4862,5073,1508,1561,1644,4862,NSW,0,5.1959,3301.449219576974,0.8264088852324146,0.12834224598930483,0.04216371863430687,0.041592745909718065,0.6312217194570136,0.3381324557795146,0
2178,4170,43.0,2214.0,3.4,2200.0,470.0,1071,21,27,1126,1182,536,301,220,1126,NSW,0,54.3241,76.76151100524444,0.9511545293072824,0.018650088809946713,0.023978685612788632,0.04737732656514382,0.7433392539964476,0.19538188277087035,0
2179,16262,32.0,2224.0,3.2,2600.0,540.0,4492,140,56,4861,5176,977,2439,1253,4861,NSW,0,36.53,445.1683547768957,0.9240896934787081,0.02880065830076116,0.011520263320304465,0.060857805255023156,0.7027360625385723,0.25776589179181236,0
2190,27559,34.0,1453.0,3.4,2300.0,420.0,4804,2139,500,7478,8022,2261,2476,2413,7478,NSW,0,9.7772,2818.7006504929836,0.6424177587590265,0.28603904787376305,0.06686279753944906,0.06781351283969084,0.6334581438887403,0.32267986092538115,0
2191,6555,40.0,1727.0,2.9,2500.0,460.0,1460,517,195,2184,2325,697,748,662,2184,NSW,0,1.7826,3677.2130595759004,0.6684981684981685,0.2367216117216117,0.08928571428571429,0.0606451612903226,0.6616300366300366,0.3031135531135531,0
2192,13781,38.0,1456.0,2.6,2156.0,380.0,2085,453,2195,4760,5217,1262,1259,2049,4760,NSW,0,2.731,5046.136946173563,0.4380252100840336,0.09516806722689075,0.46113445378151263,0.08759823653440679,0.5296218487394958,0.4304621848739496,0
2193,17778,37.0,2022.0,2.5,2403.0,470.0,3097,563,2894,6667,7293,2003,2042,2501,6667,NSW,0,4.1963,4236.58937635536,0.46452677366131695,0.08444577771111444,0.4340782960851957,0.08583573289455637,0.6067196640167991,0.3751312434378281,0
2194,26132,36.0,1497.0,2.6,2000.0,400.0,1970,962,6074,9058,9974,1843,2099,4783,9058,NSW,0,3.3734,7746.487223572656,0.21748730404062708,0.10620446014572753,0.6705674541841466,0.0918387808301584,0.4351954073746964,0.5280415102671672,0
2195,27103,32.0,1234.0,3.1,1700.0,350.0,2146,362,5460,8013,8849,1603,1592,4553,8013,NSW,0,3.5488,7637.229486023444,0.2678148009484588,0.045176588044427805,0.6813927368026956,0.09447395185896712,0.3987270685136653,0.5682016722825409,0
2196,33743,35.0,1479.0,3.1,2167.0,400.0,5848,1762,2288,10006,10858,2889,3224,3534,10006,NSW,0,7.0679,4774.1196111999325,0.584449330401759,0.17609434339396363,0.22866280231860883,0.07846748940873094,0.6109334399360383,0.3531880871477114,0
2197,10121,34.0,1409.0,3.3,2383.0,450.0,1975,558,202,2754,2948,825,900,911,2754,NSW,0,2.9286,3455.917503243871,0.7171387073347858,0.20261437908496732,0.07334785766158315,0.06580732700135683,0.6263616557734205,0.3307915758896151,0
2198,9843,36.0,1779.0,3.2,2500.0,520.0,2343,297,81,2739,2844,1077,1040,520,2739,NSW,0,3.3233,2961.8150633406553,0.8554216867469879,0.10843373493975904,0.029572836801752465,0.03691983122362874,0.7729098211025922,0.18985031033223804,0
2199,19651,34.0,1438.0,3.2,2167.0,400.0,3682,860,1131,5700,6079,1561,1751,2137,5700,NSW,0,4.6181,4255.213182910721,0.6459649122807017,0.15087719298245614,0.19842105263157894,0.062345780556012476,0.5810526315789474,0.37491228070175436,0
2200,48003,34.0,1392.0,3.0,1973.0,410.0,5618,2202,6485,14480,15873,3535,3895,6511,14480,NSW,0,13.9792,3433.8874899851207,0.38798342541436465,0.1520718232044199,0.44785911602209943,0.0877590877590878,0.513121546961326,0.4496546961325967,0
2203,13946,38.0,2096.0,2.2,2500.0,470.0,1722,650,3420,5990,6616,1496,1633,2759,5990,NSW,0,2.0929,6663.481293898418,0.28747913188647745,0.10851419031719532,0.5709515859766278,0.09461910519951633,0.5223706176961602,0.46060100166944906,0
2204,26567,37.0,2166.0,2.3,2600.0,480.0,3400,1941,5014,10610,11658,2517,2910,4950,10610,NSW,0,5.7904,4588.111356728378,0.32045240339302544,0.1829406220546654,0.47257304429783226,0.0898953508320467,0.5114985862393968,0.4665409990574929,0
2205,25338,32.0,2117.0,2.5,2383.0,520.0,2063,513,6874,9524,10637,1488,2823,4902,9524,NSW,0,4.244,5970.311027332706,0.21661066778664426,0.05386392272154557,0.7217555648887022,0.10463476544138384,0.4526459470810584,0.5146997060058799,0
2206,19730,44.0,2139.0,2.8,2800.0,550.0,5328,606,726,6666,7104,2919,2177,1397,6666,NSW,0,5.9786,3300.103703208109,0.7992799279927992,0.09090909090909091,0.10891089108910891,0.06165540540540537,0.7644764476447645,0.20957095709570958,0
2207,28382,40.0,1938.0,2.8,2421.0,480.0,5640,2058,1564,9367,10025,3496,3246,2364,9367,NSW,0,7.1852,3950.064020486556,0.602113803779225,0.2197074837194406,0.16696914700544466,0.06563591022443893,0.7197608626027544,0.2523753603074624,0
2208,12881,42.0,1898.0,2.9,2600.0,500.0,3520,343,380,4292,4559,1755,1307,1108,4292,NSW,0,4.459,2888.7642969275626,0.8201304753028891,0.0799161230195713,0.08853681267474371,0.058565474884843205,0.7134203168685928,0.2581547064305685,0
2209,15825,40.0,1697.0,2.8,2300.0,420.0,3333,945,1148,5474,5842,1810,1594,1906,5474,NSW,0,4.2502,3723.354195096701,0.6088783339422725,0.17263427109974425,0.20971867007672634,0.06299212598425197,0.6218487394957983,0.3481914504932408,0
2210,33262,41.0,1691.0,2.7,2500.0,370.0,6688,1795,3097,11674,12433,3569,3752,3997,11674,NSW,0,11.0963,2997.57576849941,0.5728970361487066,0.15376049340414596,0.2652903888984067,0.06104721306201244,0.6271200959396951,0.3423847867054994,0
2211,17610,40.0,1898.0,2.8,2443.0,470.0,4143,1422,455,6037,6372,2019,2054,1729,6037,NSW,0,7.3323,2401.702058017266,0.6862680139141958,0.2355474573463641,0.07536856054331621,0.052573760200878894,0.6746728507536857,0.28640053006460164,0
2212,17184,38.0,1941.0,2.9,2500.0,460.0,3577,1614,357,5588,5920,1661,1871,1906,5588,NSW,0,6.4088,2681.3131943577578,0.6401216893342878,0.2888332140300644,0.06388690050107373,0.05608108108108112,0.6320687186828919,0.3410880458124553,0
2213,23290,39.0,2116.0,2.9,2600.0,470.0,5553,1874,356,7844,8256,2616,3006,2049,7844,NSW,0,10.0369,2320.4375853102056,0.7079296277409485,0.23890872004079552,0.04538500764915859,0.049903100775193776,0.7167261601223865,0.26121876593574705,0
2214,4074,39.0,2117.0,3.0,2600.0,538.0,1254,70,3,1330,1371,556,606,146,1330,NSW,0,5.3711,758.5038446500716,0.9428571428571428,0.05263157894736842,0.002255639097744361,0.029905178701677637,0.8736842105263158,0.10977443609022557,0
2216,28027,37.0,1792.0,2.5,2218.0,460.0,3528,706,6126,10516,11640,2907,2842,4439,10516,NSW,0,5.5962,5008.219863478789,0.33548877900342333,0.06713579307721568,0.5825408900722708,0.0965635738831615,0.5466907569418029,0.4221186763027767,0
2217,28673,38.0,1900.0,2.5,2333.0,460.0,3690,1180,5701,10663,11792,3082,3043,4237,10663,NSW,0,6.2487,4588.63443596268,0.3460564569070618,0.11066304042014442,0.5346525368095283,0.09574287652645863,0.5744162055706649,0.39735534089843383,0
2218,16182,37.0,1833.0,2.6,2167.0,440.0,2159,321,3289,5853,6344,1701,1618,2358,5853,NSW,0,2.6615,6080.030058237835,0.36887066461643603,0.0548436699128652,0.5619340509140611,0.0773959646910467,0.5670596275414318,0.4028703229113275,0
2219,13771,45.0,1856.0,2.4,2600.0,500.0,2433,1393,1488,5351,5754,2097,1581,1509,5351,NSW,0,3.7807,3642.4471658687544,0.454681367968604,0.26032517286488505,0.2780788637637825,0.07003823427181088,0.6873481592225752,0.28200336385722297,0
2220,33761,34.0,1841.0,2.9,2200.0,470.0,3874,932,6491,11338,12436,2881,2967,5114,11338,NSW,0,5.144,6563.180404354588,0.34168283647909686,0.08220144646322103,0.5724995590051155,0.08829205532325501,0.5157876168636444,0.4510495678250132,0
2221,17065,42.0,2261.0,3.0,3000.0,520.0,4124,712,620,5472,5837,2304,2019,1000,5472,NSW,0,5.3796,3172.168934493271,0.7536549707602339,0.1301169590643275,0.11330409356725146,0.06253212266575292,0.7900219298245614,0.1827485380116959,0
2222,12660,38.0,1840.0,2.6,2168.0,400.0,1880,609,2090,4599,4903,1390,1401,1691,4599,NSW,0,2.5457,4973.091880425816,0.40878451837355945,0.1324200913242009,0.45444661883018045,0.06200285539465633,0.6068710589258535,0.36768862796260054,0
2223,21403,40.0,2229.0,2.7,2600.0,440.0,4331,1061,2229,7679,8188,2868,2442,2207,7679,NSW,0,7.253,2950.916861988143,0.5640057299127491,0.13816903242609715,0.29027217085558016,0.062164142647777254,0.6914962885792421,0.2874072144810522,0
2224,14559,45.0,2085.0,2.7,2817.0,550.0,3360,1164,589,5136,5542,2146,1814,978,5136,NSW,0,4.6882,3105.456251866388,0.6542056074766355,0.2266355140186916,0.11468068535825546,0.07325875135330207,0.7710280373831776,0.19042056074766356,0
2225,5560,40.0,3204.0,3.1,3165.0,655.0,1436,268,37,1750,1811,690,889,143,1750,NSW,0,2.1022,2644.8482542098754,0.8205714285714286,0.15314285714285714,0.021142857142857144,0.03368304803975708,0.9022857142857142,0.08171428571428571,0
2226,13054,40.0,2569.0,2.8,2800.0,460.0,3164,762,575,4515,4743,1575,1977,895,4515,NSW,0,5.2222,2499.712764735169,0.7007751937984497,0.16877076411960132,0.1273532668881506,0.04807084123972172,0.7867109634551495,0.1982281284606866,0
2227,15364,40.0,2338.0,2.7,2817.0,525.0,3469,940,1047,5477,5746,2046,2146,1201,5477,NSW,0,4.5976,3341.743518357404,0.6333759357312397,0.17162680299433997,0.19116304546284463,0.04681517577445182,0.765382508672631,0.21928062808106627,0
2228,21001,40.0,2009.0,2.5,2600.0,490.0,3686,1274,2945,7990,8564,2454,2696,2486,7990,NSW,0,5.9464,3531.71666890892,0.46132665832290365,0.15944931163954942,0.3685857321652065,0.06702475478748249,0.6445556946182729,0.3111389236545682,0
2229,30943,41.0,2235.0,2.6,3000.0,500.0,6126,2622,2622,11383,12138,4211,4151,2654,11383,NSW,0,10.7805,2870.2750336255276,0.5381709566898005,0.23034349468505666,0.23034349468505666,0.062201351128686744,0.7346042343846086,0.23315470438373012,0
2230,30690,42.0,2199.0,2.3,2600.0,500.0,4895,953,6662,12608,14055,4442,3777,4151,12608,NSW,0,9.0449,3393.0723391082265,0.3882455583756345,0.07558692893401016,0.5283946700507615,0.10295268587691209,0.6518876903553299,0.3292354060913706,0
2231,2528,38.0,2161.0,3.1,2600.0,550.0,756,22,3,794,831,267,375,131,794,NSW,0,19.3454,130.67706017968095,0.9521410579345088,0.027707808564231738,0.003778337531486146,0.044524669073405576,0.8085642317380353,0.16498740554156172,0
2232,35304,39.0,2157.0,2.5,2500.0,460.0,6914,1673,4905,13544,14498,4240,5176,3762,13544,NSW,0,153.5693,229.88969800604679,0.5104843473124631,0.12352333136444182,0.36215298287064385,0.06580217961098078,0.6952155936207915,0.2777613703484938,0
2233,29960,40.0,2385.0,2.9,2600.0,500.0,8251,759,1046,10120,10481,3961,4750,1168,10120,NSW,0,40.831,733.7562146408366,0.8153162055335968,0.075,0.1033596837944664,0.03444327831313809,0.8607707509881423,0.11541501976284585,0
2234,30648,41.0,2743.0,3.1,2700.0,600.0,8425,1123,222,9779,10054,4238,4466,946,9779,NSW,0,39.7248,771.5079748670855,0.8615400347683813,0.11483791798752428,0.02270170774107782,0.027352297592997843,0.8900705593618979,0.09673790776152981,0
2250,71168,41.0,1630.0,2.5,2000.0,400.0,18857,3763,4350,27093,29012,8066,9573,8113,27093,NSW,0,691.6342,102.89832399843733,0.6960100394935961,0.13889196471413282,0.16055807773225556,0.0661450434303047,0.6510537777285645,0.29945004244638834,0
2251,33721,46.0,1717.0,2.6,2167.0,450.0,10443,1310,691,12605,14431,4964,4722,2090,12605,NSW,0,43.5444,774.404975151799,0.8284807616025387,0.10392701309004364,0.05481951606505355,0.12653315778532326,0.7684252280840936,0.16580721935739787,0
2256,16039,48.0,1293.0,2.2,2000.0,380.0,4689,1589,394,6802,7821,2464,1802,2278,6802,NSW,0,72.7648,220.42251198381638,0.6893560717436048,0.2336077624228168,0.057924139958835635,0.1302902442142948,0.627168479858865,0.33490149955895326,0
2257,30403,47.0,1390.0,2.3,2140.0,400.0,9116,2157,819,12410,14316,4828,3422,3716,12410,NSW,0,29.3795,1034.8372164264197,0.7345688960515713,0.17381144238517324,0.06599516518936342,0.13313774797429445,0.6647864625302176,0.29943593875906527,0
2258,5253,41.0,1960.0,2.8,2000.0,400.0,1479,323,9,1836,1930,656,761,367,1836,NSW,0,121.2568,43.321281775537535,0.8055555555555556,0.17592592592592593,0.004901960784313725,0.04870466321243527,0.7717864923747276,0.19989106753812635,0
2259,66236,41.0,1532.0,2.7,1950.0,410.0,21224,1518,553,23528,25188,8091,8582,6103,23528,NSW,0,524.7348,126.22757248042251,0.9020741244474668,0.06451887113226794,0.023503910234614078,0.06590439892012068,0.7086450187011221,0.25939306358381503,0
2260,25845,42.0,2161.0,2.7,2492.0,510.0,7206,719,1246,9197,10507,3480,3514,1839,9197,NSW,0,23.6207,1094.1674040142757,0.7835163640317495,0.07817766663042297,0.13547896053060782,0.12467878557152379,0.7604653691421116,0.199956507556812,0
2261,55129,42.0,1455.0,2.4,2000.0,385.0,15515,3270,2189,21164,24350,7077,7172,6084,21164,NSW,0,51.4591,1071.316832202662,0.733084483084483,0.1545076545076545,0.10343035343035344,0.1308418891170431,0.6732659232659233,0.28746928746928746,0
2262,21411,39.0,1350.0,2.5,1733.0,385.0,7586,174,186,8068,8714,2802,2860,2189,8068,NSW,0,33.7717,633.9923663896102,0.9402578086266733,0.021566683192860685,0.023054040654437283,0.07413357815010324,0.7017848289538919,0.2713187902825979,0
2263,24554,44.0,1157.0,2.3,1733.0,350.0,7900,1017,1044,10010,10939,3427,2747,3504,10010,NSW,0,22.3942,1096.4446151235586,0.7892107892107892,0.1015984015984016,0.1042957042957043,0.0849254959319865,0.6167832167832168,0.35004995004995004,0
2264,16162,47.0,1344.0,2.4,1759.0,395.0,5672,472,108,6276,7004,2577,1763,1613,6276,NSW,0,115.1942,140.30220271506727,0.9037603569152326,0.07520713830465264,0.017208413001912046,0.10394060536836092,0.691523263224984,0.2570108349267049,0
2265,7464,40.0,1648.0,2.7,2072.0,380.0,2275,256,93,2640,2825,795,1069,551,2640,NSW,0,136.0018,54.881626566707205,0.8617424242424242,0.09696969696969697,0.035227272727272725,0.06548672566371683,0.706060606060606,0.2087121212121212,0
2267,2920,54.0,1339.0,2.3,1830.0,340.0,1049,74,55,1199,1359,542,360,252,1199,NSW,0,3.6556,798.7744829850093,0.8748957464553795,0.061718098415346125,0.045871559633027525,0.11773362766740247,0.7522935779816514,0.21017514595496248,0
2278,2565,39.0,1892.0,2.8,1750.0,360.0,878,4,4,881,911,311,457,99,881,NSW,0,45.0568,56.92814403153353,0.996594778660613,0.004540295119182747,0.004540295119182747,0.03293084522502743,0.8717366628830874,0.11237230419977298,0
2280,27183,45.0,1598.0,2.5,2000.0,360.0,8442,1166,780,10509,11094,4229,3689,2296,10509,NSW,0,27.927,973.3591148351059,0.8033114473308592,0.11095251689028451,0.07422209534684555,0.052731206057328284,0.7534494243029785,0.21847939861071464,0
2281,15323,49.0,1400.0,2.4,2000.0,370.0,4966,497,573,6081,6964,2714,1859,1287,6081,NSW,0,30.9078,495.7648231190832,0.8166419996711067,0.08172997862193718,0.09422792303897386,0.12679494543365877,0.7520144713040618,0.21164282190429207,0
2282,16146,45.0,1825.0,2.5,2167.0,430.0,4823,1018,339,6190,6481,2825,2108,1071,6190,NSW,0,11.2261,1438.2554938936942,0.7791599353796446,0.16445880452342487,0.054765751211631665,0.04490047832124677,0.7969305331179322,0.17302100161550887,0
2283,24419,47.0,1441.0,2.4,1748.0,345.0,8256,824,299,9425,10097,3803,3153,2186,9425,NSW,0,59.2496,412.13780346196427,0.8759681697612732,0.08742705570291777,0.031724137931034485,0.06655442210557594,0.7380371352785146,0.23193633952254641,0
2284,12612,42.0,1611.0,2.5,1907.0,365.0,4082,490,113,4758,5041,1546,1786,1239,4758,NSW,0,24.2726,519.5982301030792,0.8579234972677595,0.10298444724674233,0.0237494745691467,0.05613965483039085,0.7002942412778478,0.2604035308953342,0
2285,33869,36.0,1859.0,2.7,1928.0,400.0,11028,810,433,12288,12775,3503,5432,3035,12288,NSW,0,32.3918,1045.6041343796885,0.8974609375,0.06591796875,0.035237630208333336,0.038121330724070424,0.7271321614583334,0.24698893229166666,0
2286,4690,37.0,1695.0,2.7,1800.0,400.0,1646,36,8,1699,1760,515,798,289,1699,NSW,0,25.2353,185.85077252895746,0.9688051795173631,0.02118893466745144,0.004708652148322542,0.03465909090909092,0.7728075338434374,0.17010005885815185,0
2287,40845,36.0,1746.0,2.6,1928.0,400.0,12487,1885,405,14815,15530,4255,5637,4465,14815,NSW,0,38.0741,1072.7765068642464,0.8428619642254472,0.12723590955113062,0.02733715828552143,0.046039922730199634,0.6677016537293284,0.30138373270334123,0
2289,20257,38.0,2115.0,2.6,2167.0,420.0,6331,687,430,7457,7853,2631,2852,1843,7457,NSW,0,11.413,1774.9058091649872,0.849000938715301,0.09212820168968754,0.057663939922220735,0.05042658856487969,0.7352822851012472,0.24715032855035537,0
2290,34912,40.0,1771.0,2.5,1993.0,390.0,10833,1780,648,13282,13963,4847,4930,3206,13282,NSW,0,35.6998,977.93264948263,0.8156151182050896,0.13401596145158862,0.04878783315765698,0.04877175392107713,0.7361090197259449,0.2413793103448276,0
2291,14279,40.0,2302.0,2.5,2500.0,430.0,3480,1027,966,5475,5942,2001,1671,1701,5475,NSW,0,7.1942,1984.7933057184953,0.6356164383561644,0.18757990867579907,0.17643835616438355,0.07859306630764051,0.6706849315068493,0.31068493150684934,0
2292,2622,35.0,1761.0,2.3,1961.0,400.0,811,159,97,1078,1184,278,345,434,1078,NSW,0,2.873,912.6348764357814,0.7523191094619666,0.14749536178107606,0.08998144712430427,0.08952702702702697,0.577922077922078,0.4025974025974026,0
2293,3302,35.0,1970.0,2.1,2000.0,480.0,603,455,420,1504,1692,376,434,653,1504,NSW,0,1.326,2490.1960784313724,0.4009308510638298,0.3025265957446808,0.27925531914893614,0.11111111111111116,0.538563829787234,0.4341755319148936,0
2294,2061,36.0,1766.0,2.2,1950.0,430.0,527,258,68,856,942,203,255,381,856,NSW,0,2.0392,1010.6904668497449,0.6156542056074766,0.3014018691588785,0.0794392523364486,0.09129511677282376,0.5350467289719626,0.44509345794392524,0
2295,8091,45.0,1481.0,2.3,2167.0,430.0,2918,135,169,3243,3473,1353,921,874,3243,NSW,0,11.9768,675.556075078485,0.8997841504779525,0.041628122109158186,0.05211224175146469,0.06622516556291391,0.7012025901942646,0.2695035460992908,0
2296,2026,35.0,1828.0,2.1,2000.0,430.0,508,276,107,909,1008,187,282,430,909,NSW,0,0.7062,2868.87567261399,0.5588558855885588,0.30363036303630364,0.11771177117711772,0.0982142857142857,0.5159515951595159,0.4730473047304731,0
2297,1801,36.0,2084.0,2.4,1810.0,400.0,591,52,41,683,730,172,259,230,683,NSW,0,0.801,2248.4394506866415,0.8653001464128843,0.07613469985358712,0.060029282576866766,0.06438356164383563,0.6310395314787701,0.3367496339677892,0
2298,10141,36.0,1617.0,2.3,1896.0,380.0,2936,520,471,3953,4242,933,1231,1661,3953,NSW,0,4.0311,2515.690506313413,0.74272704275234,0.13154566152289401,0.1191500126486213,0.06812824139556817,0.5474323298760435,0.42018719959524414,0
2299,11905,34.0,1486.0,2.4,1950.0,370.0,3214,744,548,4520,4814,1203,1197,2019,4520,NSW,0,5.2319,2275.4639805806682,0.7110619469026549,0.16460176991150444,0.12123893805309735,0.061071873701703416,0.5309734513274337,0.4466814159292035,0
2300,12058,38.0,1933.0,1.9,2225.0,435.0,723,1469,3460,5703,6941,1453,1112,3045,5703,NSW,0,3.4557,3489.307520907486,0.126775381378222,0.2575837278625285,0.6066982290022795,0.17836046679152862,0.44976328248290376,0.533929510783798,0
2302,1411,42.0,1684.0,1.7,1929.0,465.0,8,7,716,749,940,187,133,389,749,NSW,0,0.8095,1743.051266213712,0.010680907877169559,0.009345794392523364,0.9559412550066756,0.20319148936170217,0.4272363150867824,0.5193591455273698,0
2303,9710,42.0,1654.0,2.2,2167.0,360.0,2448,711,771,3970,4390,1247,949,1657,3970,NSW,0,3.0401,3193.973882438078,0.6166246851385391,0.17909319899244333,0.19420654911838792,0.09567198177676539,0.5531486146095718,0.41738035264483625,0
2304,15807,37.0,1591.0,2.2,1875.0,380.0,4842,1135,372,6431,6889,1584,2132,2538,6431,NSW,0,39.3891,401.303914026977,0.7529155652309127,0.17648888197791945,0.05784481418130928,0.06648279866453766,0.5778261545638315,0.394650909656352,0
2305,13108,41.0,1992.0,2.5,2167.0,400.0,4074,585,346,5017,5304,1804,1747,1370,5017,NSW,0,8.894,1473.8025635259726,0.8120390671716166,0.11660354793701415,0.06896551724137931,0.054110105580693846,0.7077935020928842,0.2730715567071955,0
2306,3421,37.0,775.0,2.3,1478.0,186.0,987,224,108,1321,1404,99,146,1033,1321,NSW,0,1.777,1925.1547552054024,0.7471612414837244,0.16956850870552612,0.0817562452687358,0.059116809116809166,0.1854655563966692,0.7819833459500378,0
2307,4537,33.0,1344.0,2.3,1679.0,377.0,1301,527,33,1866,1978,461,577,671,1866,NSW,0,6.5582,691.8056783873624,0.6972132904608789,0.282422293676313,0.017684887459807074,0.056622851365015214,0.5562700964630225,0.3595927116827438,0
2308,1358,20.0,,,,,0,0,0,0,0,0,0,0,0,NSW,0,1.7907,758.362651477076,,,,,,,0
2311,913,46.0,1346.0,2.4,1733.0,270.0,334,0,3,357,417,176,100,50,357,NSW,0,783.5898,1.1651504396815784,0.9355742296918768,0.0,0.008403361344537815,0.14388489208633093,0.773109243697479,0.1400560224089636,0
2312,1500,49.0,1266.0,2.6,1517.0,330.0,537,0,0,541,602,254,199,71,541,NSW,0,181.2071,8.277821343644924,0.9926062846580407,0.0,0.0,0.1013289036544851,0.8373382624768947,0.13123844731977818,0
2315,15287,54.0,1310.0,2.2,1887.0,390.0,3940,1641,674,6297,9283,2871,1463,1681,6297,NSW,0,32.3446,472.62912510898263,0.6256947752898205,0.26060028585040496,0.10703509607749723,0.3216632554131208,0.6882642528188027,0.26695251707162143,0
2316,6577,52.0,1287.0,2.4,1842.0,395.0,2224,279,14,2570,2982,1342,724,418,2570,NSW,0,73.9271,88.9660219324172,0.8653696498054475,0.1085603112840467,0.005447470817120622,0.13816230717639166,0.8038910505836576,0.16264591439688716,0
2317,6553,57.0,1169.0,2.2,1840.0,380.0,1695,774,252,2828,3496,1381,647,633,2828,NSW,0,9.734,673.2073145674954,0.5993635077793493,0.2736916548797737,0.0891089108910891,0.19107551487414187,0.7171145685997171,0.22383309759547385,0
2318,13667,40.0,1844.0,2.8,1950.0,420.0,4458,156,20,4650,4946,1700,1969,892,4650,NSW,0,259.5244,52.661715044905215,0.9587096774193549,0.03354838709677419,0.004301075268817204,0.059846340477153204,0.7890322580645162,0.19182795698924732,0
2319,6887,50.0,1111.0,2.3,1517.0,365.0,2523,212,15,2766,3072,1192,790,715,2766,NSW,0,29.6406,232.35022233018225,0.9121475054229935,0.07664497469269703,0.005422993492407809,0.099609375,0.7165582067968185,0.25849602313810555,0
2320,39163,37.0,1807.0,2.7,1850.0,373.0,12412,1121,218,13871,14843,4042,5680,3680,13871,NSW,0,403.8742,96.9683134005589,0.8948165236825031,0.08081609112536947,0.01571624252036623,0.0654854139998653,0.7008867421238555,0.2653017086006777,0
2321,19857,34.0,1963.0,2.8,1950.0,427.0,6253,537,42,6972,7387,1960,2942,1767,6972,NSW,0,361.6288,54.90989655691139,0.896873207114171,0.0770223752151463,0.006024096385542169,0.0561797752808989,0.7030981067125646,0.2534423407917384,0
2322,24373,34.0,1811.0,2.7,1800.0,370.0,8083,428,69,8656,9074,2419,3515,2548,8656,NSW,0,168.2091,144.89703589163724,0.9338031423290203,0.04944547134935305,0.007971349353049908,0.046065682168834,0.6855360443622921,0.294362292051756,0
2323,26051,39.0,1541.0,2.5,1733.0,350.0,8237,1306,464,10034,10589,3107,3420,3233,10034,NSW,0,207.9467,125.27729461443727,0.8209089097069963,0.130157464620291,0.046242774566473986,0.05241288129190669,0.6504883396452062,0.32220450468407413,0
2324,25443,47.0,1254.0,2.4,1560.0,330.0,8427,1033,128,9852,11534,3695,2831,2769,9852,NSW,0,627.1611,40.56852378121028,0.8553593179049939,0.10485180673974827,0.012992285830288266,0.1458297208253858,0.6624035728786033,0.2810596833130329,0
2325,31073,39.0,1360.0,2.5,1530.0,320.0,9646,999,142,10862,12075,3664,3769,3077,10862,NSW,0,1605.0648,19.35934299973434,0.888050082857669,0.09197201252071442,0.013073098876818266,0.10045548654244307,0.6843122813478181,0.2832811636899282,0
2326,7871,38.0,1373.0,2.7,1517.0,315.0,2685,84,21,2804,2935,994,1149,587,2804,NSW,0,80.9068,97.28477705211428,0.9575606276747504,0.029957203994293864,0.007489300998573466,0.04463373083475297,0.764265335235378,0.2093437945791726,0
2327,7830,39.0,1248.0,2.4,1430.0,320.0,2610,347,113,3073,3255,967,1055,979,3073,NSW,0,15.0694,519.5960024951225,0.8493328994467947,0.11291897168890336,0.036771884152294175,0.05591397849462365,0.6579889358932639,0.31858119101854865,0
2328,2506,42.0,1473.0,2.4,1733.0,280.0,843,76,25,967,1078,347,322,216,967,NSW,0,1634.8508,1.5328615920180606,0.8717683557394003,0.07859358841778696,0.025853154084798345,0.10296846011131722,0.6918304033092038,0.2233712512926577,0
2329,2138,45.0,1224.0,2.4,1224.0,240.0,739,24,4,775,965,342,191,173,775,NSW,0,3056.2045,0.6995605169745677,0.9535483870967741,0.03096774193548387,0.005161290322580645,0.1968911917098446,0.687741935483871,0.2232258064516129,0
2330,21445,37.0,1952.0,2.6,1820.0,335.0,6647,609,231,7601,8315,2355,3001,2026,7601,NSW,0,4730.8949,4.53296901607347,0.8744901986580713,0.08012103670569662,0.030390738060781478,0.08586891160553212,0.7046441257729246,0.266543875805815,0
2331,581,21.0,1625.0,3.3,,,0,0,0,7,7,0,0,0,7,NSW,0,137.2978,4.231677419448819,0.0,0.0,0.0,0.0,0.0,0.0,0
2333,13795,36.0,1640.0,2.5,1517.0,300.0,4474,522,36,5072,5758,1382,1687,1834,5072,NSW,0,1691.3907,8.156010317426956,0.8820977917981072,0.1029179810725552,0.007097791798107256,0.11913858978812086,0.6050867507886435,0.3615930599369085,0
2334,3349,33.0,1929.0,2.8,1755.0,360.0,1110,42,3,1157,1243,287,620,229,1157,NSW,0,20.7073,161.7304042535724,0.9593777009507347,0.036300777873811585,0.0025929127052722557,0.06918744971842317,0.783923941227312,0.1979256698357822,0
2335,8124,34.0,2207.0,2.9,1963.0,415.0,2564,167,15,2749,2969,710,1335,646,2749,NSW,0,268.4372,30.264061761931654,0.9327028010185522,0.0607493634048745,0.005456529647144416,0.07409902324014817,0.7439068752273554,0.23499454347035287,0
2336,2589,42.0,1505.0,2.4,1602.0,270.0,943,42,0,1027,1136,386,342,236,1027,NSW,0,888.9717,2.9123536778504873,0.9182083739045764,0.04089581304771178,0.0,0.09595070422535212,0.7088607594936709,0.22979552093476144,0
2337,8060,40.0,1561.0,2.4,1668.0,290.0,2721,313,32,3093,3510,1031,1026,805,3093,NSW,0,3331.7268,2.419165941217029,0.8797284190106692,0.10119624959586163,0.010345942450695119,0.11880341880341883,0.6650501131587455,0.26026511477529907,0
2338,1403,52.0,1006.0,2.1,1100.0,250.0,570,4,0,591,741,269,174,116,591,NSW,0,989.4776,1.417919920572229,0.9644670050761421,0.00676818950930626,0.0,0.20242914979757087,0.7495769881556683,0.19627749576988154,0
2339,718,45.0,1312.0,2.4,1500.0,190.0,255,0,0,254,316,125,66,45,254,NSW,0,1120.8458,0.6405876704895535,1.0039370078740157,0.0,0.0,0.19620253164556967,0.7519685039370079,0.17716535433070865,0
2340,52436,38.0,1468.0,2.5,1517.0,300.0,16828,2077,380,19464,21166,6129,6069,6526,19464,NSW,0,3352.9983,15.638540586197134,0.864570489108097,0.10670982326346075,0.01952322235922729,0.08041198147973161,0.6266954377311961,0.33528565556925605,0
2341,1478,50.0,941.0,2.2,906.0,220.0,592,3,12,619,681,297,145,144,619,NSW,0,227.9108,6.484993251745859,0.9563812600969306,0.004846526655896607,0.01938610662358643,0.09104258443465496,0.7140549273021002,0.23263327948303716,0
2342,465,43.0,1487.0,2.6,1543.0,255.0,159,6,0,162,208,64,59,30,162,NSW,0,561.0816,0.828756458953564,0.9814814814814815,0.037037037037037035,0.0,0.22115384615384615,0.7592592592592593,0.18518518518518517,0
2343,4858,46.0,1229.0,2.3,1138.0,240.0,1708,58,25,1796,2094,762,439,469,1796,NSW,0,3352.8926,1.4488981842126407,0.9510022271714922,0.03229398663697105,0.013919821826280624,0.14231136580706782,0.6687082405345212,0.2611358574610245,0
2344,674,47.0,1712.0,2.5,1562.0,320.0,251,0,0,251,280,101,103,36,251,NSW,0,339.1674,1.9872192905332293,1.0,0.0,0.0,0.10357142857142854,0.8127490039840638,0.14342629482071714,0
2345,707,43.0,1493.0,2.5,1300.0,290.0,265,0,0,275,302,111,120,28,275,NSW,0,291.7831,2.423032725336046,0.9636363636363636,0.0,0.0,0.08940397350993379,0.84,0.10181818181818182,0
2346,3033,48.0,1083.0,2.3,1170.0,260.0,1135,40,0,1196,1379,522,319,275,1196,NSW,0,1967.8028,1.5413129811584778,0.9489966555183946,0.033444816053511704,0.0,0.13270485859318348,0.7031772575250836,0.229933110367893,0
2347,1865,55.0,852.0,2.0,758.0,187.0,780,9,10,807,1008,426,160,156,807,NSW,0,3035.4851,0.6143993261571272,0.966542750929368,0.011152416356877323,0.012391573729863693,0.19940476190476186,0.7261462205700124,0.19330855018587362,0
2350,26911,36.0,1459.0,2.3,1500.0,290.0,8238,1081,455,9848,11039,3299,2756,3445,9848,NSW,0,4543.2274,5.923322262055384,0.836515028432169,0.10976848090982941,0.046202274573517464,0.10789020744632671,0.6148456539398862,0.34981722177091795,0
2352,2950,40.0,1396.0,2.5,1400.0,320.0,1062,28,9,1094,1181,422,401,243,1094,NSW,0,434.2708,6.792996443693658,0.9707495429616088,0.025594149908592323,0.008226691042047532,0.07366638441998308,0.7522851919561243,0.22212065813528337,0
2353,1201,50.0,1354.0,2.4,1484.0,220.0,382,0,28,428,454,163,172,71,428,NSW,0,198.8995,6.0382253349053165,0.8925233644859814,0.0,0.06542056074766354,0.05726872246696035,0.7827102803738317,0.1658878504672897,0
2354,3484,50.0,1242.0,2.2,1083.0,200.0,1293,3,39,1363,1713,639,321,255,1363,NSW,0,7142.1491,0.4878083544909473,0.9486426999266324,0.0022010271460014674,0.028613352898019074,0.20431990659661414,0.7043286867204696,0.18708730741012472,0
2355,627,53.0,949.0,2.2,1067.0,300.0,255,0,0,258,340,144,66,28,258,NSW,0,918.5516,0.6825963832625189,0.9883720930232558,0.0,0.0,0.24117647058823533,0.813953488372093,0.10852713178294573,0
2356,124,54.0,860.0,2.2,698.0,23.0,48,0,0,48,61,28,8,6,48,NSW,0,542.7306,0.22847431119601513,1.0,0.0,0.0,0.21311475409836067,0.75,0.125,0
2357,4069,50.0,1145.0,2.3,1000.0,206.0,1368,6,64,1454,1704,699,356,327,1454,NSW,0,3305.5418,1.2309631056548733,0.9408528198074277,0.0041265474552957355,0.04401650618982118,0.14671361502347413,0.7255845942228336,0.2248968363136176,0
2358,3727,47.0,1213.0,2.3,1300.0,250.0,1365,52,19,1473,1672,616,460,323,1473,NSW,0,1905.5433,1.9558726374782456,0.9266802443991853,0.035302104548540394,0.012898845892735914,0.11901913875598091,0.7304820095044128,0.21928038017651053,0
2359,710,48.0,987.0,2.5,910.0,190.0,229,0,0,233,279,116,63,34,233,NSW,0,1294.1139,0.5486379521926161,0.9828326180257511,0.0,0.0,0.16487455197132617,0.7682403433476395,0.1459227467811159,0
2360,14995,42.0,1212.0,2.4,1261.0,270.0,4969,468,61,5562,6133,2044,1608,1629,5562,NSW,0,3385.2978,4.429447831738762,0.893383674937073,0.08414239482200647,0.01096727795756922,0.09310288602641448,0.6565983459187342,0.2928802588996764,0
2361,927,52.0,917.0,2.2,658.0,185.0,355,9,5,370,449,193,81,63,370,NSW,0,1963.1502,0.47220024224330875,0.9594594594594594,0.024324324324324326,0.013513513513513514,0.17594654788418707,0.7405405405405405,0.17027027027027028,0
2365,3762,45.0,1146.0,2.4,1192.0,250.0,1304,24,16,1372,1643,622,331,292,1372,NSW,0,3804.6687,0.9887851733319118,0.9504373177842566,0.01749271137026239,0.011661807580174927,0.16494217894096164,0.6946064139941691,0.21282798833819241,0
2369,871,47.0,890.0,2.4,867.0,180.0,321,0,0,327,356,166,85,61,327,NSW,0,347.5058,2.5064329861544756,0.981651376146789,0.0,0.0,0.0814606741573034,0.7675840978593272,0.18654434250764526,0
2370,7785,48.0,955.0,2.2,1083.0,225.0,2858,158,70,3120,3562,1369,764,827,3120,NSW,0,4769.4223,1.6322731581139291,0.916025641025641,0.05064102564102564,0.022435897435897436,0.12408759124087587,0.6836538461538462,0.26506410256410257,0
2371,1158,57.0,765.0,2.0,867.0,163.0,485,0,4,498,671,301,107,56,498,NSW,0,1900.6028,0.6092803819924921,0.9738955823293173,0.0,0.008032128514056224,0.25782414307004475,0.8192771084337349,0.11244979919678715,0
2372,4789,56.0,933.0,2.1,1159.0,250.0,1935,24,62,2054,2489,1084,437,401,2054,NSW,0,4894.7861,0.9783880035125538,0.942064264849075,0.011684518013631937,0.03018500486854917,0.17476898352752113,0.740506329113924,0.1952288218111003,0
2379,291,43.0,1474.0,2.7,575.0,200.0,92,0,3,95,139,44,24,14,95,NSW,0,1114.41,0.26112472070422915,0.968421052631579,0.0,0.031578947368421054,0.3165467625899281,0.7157894736842105,0.14736842105263157,0
2380,11118,37.0,1590.0,2.5,1517.0,300.0,3591,354,82,4050,4533,1313,1354,1205,4050,NSW,0,2089.1897,5.321680458217844,0.8866666666666667,0.0874074074074074,0.020246913580246915,0.10655195234943748,0.6585185185185185,0.2975308641975309,0
2381,1302,42.0,1284.0,2.5,968.0,250.0,458,0,0,460,571,206,116,97,460,NSW,0,2052.3174,0.6344047952816655,0.9956521739130435,0.0,0.0,0.19439579684763575,0.7,0.2108695652173913,0
2382,1381,43.0,1477.0,2.3,1200.0,290.0,481,16,0,507,615,183,122,143,507,NSW,0,1826.3389,0.7561575784209601,0.9487179487179487,0.03155818540433925,0.0,0.17560975609756102,0.6015779092702169,0.28205128205128205,0
2386,293,48.0,1328.0,2.5,,110.0,97,0,0,101,136,37,20,13,101,NSW,0,1979.4029,0.14802443706634966,0.9603960396039604,0.0,0.0,0.25735294117647056,0.5643564356435643,0.12871287128712872,0
2387,201,33.0,1781.0,2.6,,50.0,62,0,0,62,86,20,8,22,62,NSW,0,1388.5196,0.1447584895452682,1.0,0.0,0.0,0.2790697674418605,0.45161290322580644,0.3548387096774194,0
2388,2554,40.0,1292.0,2.4,1040.0,200.0,796,57,3,875,1042,317,218,260,875,NSW,0,6699.0871,0.381245976037541,0.9097142857142857,0.06514285714285714,0.0034285714285714284,0.16026871401151632,0.6114285714285714,0.29714285714285715,0
2390,8540,40.0,1604.0,2.5,1454.0,260.0,2756,314,22,3111,3532,1055,984,911,3111,NSW,0,4217.1072,2.0250848733463545,0.8858887817422051,0.10093217614914818,0.007071681131468981,0.11919592298980752,0.6554162648666024,0.2928318868531019,0
2395,725,54.0,777.0,2.1,613.0,150.0,295,4,0,303,397,157,74,48,303,NSW,0,1113.5695,0.6510594983070208,0.9735973597359736,0.013201320132013201,0.0,0.23677581863979846,0.7623762376237624,0.15841584158415842,0
2396,834,50.0,1033.0,2.2,672.0,157.0,289,0,4,312,338,157,70,65,312,NSW,0,1826.7503,0.4565484401453226,0.9262820512820513,0.0,0.01282051282051282,0.07692307692307687,0.7275641025641025,0.20833333333333334,0
2397,286,45.0,1292.0,2.4,680.0,165.0,102,0,0,103,145,44,21,22,103,NSW,0,1694.9079,0.16874073216603688,0.9902912621359223,0.0,0.0,0.2896551724137931,0.6310679611650486,0.21359223300970873,0
2398,248,42.0,1562.0,2.9,618.0,200.0,53,0,0,58,63,24,16,9,58,NSW,0,953.5519,0.26008023265435265,0.9137931034482759,0.0,0.0,0.07936507936507942,0.6896551724137931,0.15517241379310345,0
2399,623,42.0,1615.0,2.5,867.0,190.0,154,22,0,186,210,83,54,36,186,NSW,0,806.3754,0.7725930131301129,0.8279569892473119,0.11827956989247312,0.0,0.11428571428571432,0.7365591397849462,0.1935483870967742,0
2400,9708,38.0,1592.0,2.4,1300.0,230.0,2660,409,67,3184,3820,985,820,1137,3184,NSW,0,7569.0088,1.2825985880740423,0.835427135678392,0.12845477386934673,0.021042713567839197,0.16649214659685863,0.5668969849246231,0.35709798994974873,0
2401,299,42.0,1406.0,2.8,815.0,160.0,112,0,0,109,113,46,31,19,109,NSW,0,652.7933,0.4580316617832934,1.0275229357798166,0.0,0.0,0.03539823008849563,0.7064220183486238,0.1743119266055046,0
2402,1745,49.0,972.0,2.2,1000.0,228.0,663,11,10,688,782,344,158,134,688,NSW,0,1631.0064,1.0698915712409223,0.9636627906976745,0.015988372093023256,0.014534883720930232,0.12020460358056262,0.7296511627906976,0.19476744186046513,0
2403,719,44.0,1062.0,2.5,1008.0,200.0,234,0,0,236,278,114,60,33,236,NSW,0,1006.9407,0.7140440345692651,0.9915254237288136,0.0,0.0,0.15107913669064743,0.7372881355932204,0.13983050847457626,0
2404,1676,57.0,889.0,2.1,1083.0,200.0,679,14,0,720,872,407,134,129,720,NSW,0,1992.4546,0.8411734952455128,0.9430555555555555,0.019444444444444445,0.0,0.17431192660550454,0.7513888888888889,0.17916666666666667,0
2405,500,43.0,1343.0,2.4,600.0,173.0,129,0,0,136,202,63,26,17,136,NSW,0,3418.239,0.14627414876490497,0.9485294117647058,0.0,0.0,0.3267326732673267,0.6544117647058824,0.125,0
2406,705,41.0,1204.0,2.2,884.0,170.0,242,19,0,266,386,99,36,84,266,NSW,1,3283.9561,0.2146800927089129,0.9097744360902256,0.07142857142857142,0.0,0.31088082901554404,0.5075187969924813,0.3157894736842105,0
2408,310,40.0,1839.0,2.4,,140.0,94,0,0,100,138,39,10,22,100,NSW,0,1561.154,0.19857105705138633,0.94,0.0,0.0,0.2753623188405797,0.49,0.22,0
2409,1072,36.0,1150.0,2.9,867.0,160.0,235,0,10,256,316,76,33,116,256,NSW,0,1607.1651,0.6670129907624301,0.91796875,0.0,0.0390625,0.189873417721519,0.42578125,0.453125,0
2410,240,49.0,1055.0,2.3,600.0,150.0,81,0,0,84,120,38,20,10,84,NSW,0,1530.5927,0.15680200225703417,0.9642857142857143,0.0,0.0,0.30000000000000004,0.6904761904761905,0.11904761904761904,0
2411,104,38.0,2416.0,3.0,269.0,200.0,23,0,0,29,37,8,9,7,29,NSW,0,396.9284,0.26201199007176107,0.7931034482758621,0.0,0.0,0.21621621621621623,0.5862068965517241,0.2413793103448276,0
2415,429,50.0,1366.0,2.6,1625.0,220.0,146,0,0,146,171,65,46,28,146,NSW,0,451.8325,0.9494668931517765,1.0,0.0,0.0,0.14619883040935677,0.7602739726027398,0.1917808219178082,0
2420,4016,50.0,1235.0,2.3,1600.0,300.0,1542,46,4,1616,1831,717,495,327,1616,NSW,0,1023.5128,3.9237418427986444,0.9542079207920792,0.028465346534653466,0.0024752475247524753,0.11742217367558716,0.75,0.20235148514851486,0
2421,2069,42.0,1867.0,2.7,2167.0,300.0,708,0,0,713,774,275,328,75,713,NSW,0,244.7457,8.45367252621803,0.9929873772791024,0.0,0.0,0.07881136950904388,0.8457223001402524,0.10518934081346423,0
2422,5608,55.0,1053.0,2.2,1300.0,275.0,2196,82,36,2342,2762,1251,492,487,2342,NSW,0,3212.5916,1.7456311595909046,0.9376601195559351,0.035012809564474806,0.015371477369769428,0.1520637219406228,0.7442356959863364,0.20794192997438088,0
2423,3297,55.0,1040.0,2.3,1300.0,300.0,1257,8,3,1288,1612,660,362,201,1288,NSW,0,1346.2284,2.4490643638182052,0.9759316770186336,0.006211180124223602,0.002329192546583851,0.20099255583126552,0.7934782608695652,0.15605590062111802,0
2424,480,48.0,1105.0,2.5,1133.0,235.0,170,0,0,171,211,90,47,17,171,NSW,0,881.6889,0.5444097118609523,0.9941520467836257,0.0,0.0,0.18957345971563977,0.8011695906432749,0.09941520467836257,0
2425,2018,47.0,1366.0,2.5,1733.0,310.0,700,3,0,717,846,298,287,92,717,NSW,0,518.0099,3.895678441666848,0.9762900976290098,0.0041841004184100415,0.0,0.15248226950354615,0.8158995815899581,0.12831241283124128,0
2426,850,46.0,1125.0,2.5,1387.0,300.0,300,0,6,306,342,139,103,47,306,NSW,0,71.3349,11.91562615213591,0.9803921568627451,0.0,0.0196078431372549,0.10526315789473684,0.7908496732026143,0.15359477124183007,0
2427,3463,64.0,889.0,2.0,1517.0,340.0,1327,120,74,1629,1961,1057,235,296,1629,NSW,0,39.8682,86.8612076793033,0.8146101903007981,0.07366482504604052,0.04542664211172499,0.16930137684854663,0.7931246163290362,0.18170656844689995,0
2428,25187,58.0,980.0,2.1,1517.0,330.0,7378,1702,1742,11086,14388,5524,2245,2733,11086,NSW,0,320.9401,78.47881894471898,0.6655240844308137,0.15352697095435686,0.1571351253833664,0.22949680289129826,0.7007937939743821,0.24652715136207828,0
2429,9650,51.0,1126.0,2.4,1387.0,300.0,3600,94,61,3789,4148,1852,1126,635,3789,NSW,0,1799.9008,5.361406584185084,0.9501187648456056,0.02480865663763526,0.01609923462655054,0.08654773384763736,0.785959356030615,0.1675903932435999,0
2430,36841,49.0,1107.0,2.3,1500.0,305.0,12220,1250,777,14527,15936,6277,3687,3829,14527,NSW,0,843.4816,43.67730131872468,0.8411922626832794,0.08604667171473808,0.05348661113788119,0.08841616465863456,0.6858952295725201,0.2635781647965857,0
2431,5628,58.0,997.0,2.1,1517.0,330.0,2006,116,272,2421,3066,1307,496,555,2421,NSW,0,45.9673,122.43486130357884,0.828583230070219,0.04791408508880628,0.11235026848409747,0.21037181996086107,0.7447335811648079,0.22924411400247832,0
2439,4031,54.0,1242.0,2.4,1600.0,350.0,1534,22,3,1566,1694,826,432,188,1566,NSW,0,362.4229,11.122365612106739,0.979565772669221,0.0140485312899106,0.0019157088122605363,0.07556080283353006,0.8033205619412516,0.12005108556832694,0
2440,23166,45.0,1126.0,2.4,1300.0,295.0,7479,175,368,8170,9100,3466,2347,2010,8170,NSW,0,3604.2396,6.427430629195684,0.915422276621787,0.021419828641370868,0.04504283965728274,0.10219780219780217,0.7115055079559364,0.2460220318237454,0
2441,4288,50.0,1123.0,2.5,1500.0,290.0,1554,0,21,1595,1862,741,517,262,1595,NSW,0,992.7849,4.319163194363653,0.974294670846395,0.0,0.013166144200626959,0.1433941997851772,0.7887147335423198,0.16426332288401255,0
2443,8739,61.0,913.0,2.0,1517.0,330.0,2923,566,224,3949,4475,2081,728,765,3949,NSW,0,312.5374,27.961453573236355,0.7401873892124589,0.14332742466447201,0.05672322106862497,0.11754189944134075,0.7113193213471765,0.19371992909597366,0
2444,51117,47.0,1306.0,2.3,1800.0,385.0,14082,3618,3012,20893,22966,8085,5331,6433,20893,NSW,0,222.4491,229.79189396585556,0.6740056478246302,0.1731680467142105,0.14416311683338917,0.09026386832709221,0.6421289427080841,0.30790216819030297,0
2445,7350,52.0,1330.0,2.4,1842.0,410.0,2705,109,60,2883,3152,1485,824,489,2883,NSW,0,76.8106,95.68991779780396,0.9382587582379466,0.037807839056538325,0.02081165452653486,0.08534263959390864,0.8009018383628165,0.1696149843912591,0
2446,15054,44.0,1347.0,2.6,1733.0,350.0,5009,335,47,5426,5732,2282,1806,1157,5426,NSW,0,2233.1607,6.741118093292615,0.923147806855879,0.06173977147069665,0.008661997788426096,0.05338450802512207,0.7534095097677848,0.2132325838555105,0
2447,7809,50.0,1048.0,2.4,1400.0,320.0,2774,90,48,2998,3338,1507,838,531,2998,NSW,0,566.6442,13.781134616748924,0.9252835223482322,0.030020013342228154,0.016010673782521682,0.10185739964050333,0.7821881254169446,0.1771180787191461,0
2448,9618,55.0,931.0,2.1,1495.0,297.0,3266,421,334,4144,4580,1959,845,1177,4144,NSW,0,115.0676,83.58564878384533,0.7881274131274131,0.1015926640926641,0.0805984555984556,0.09519650655021838,0.6766409266409267,0.2840250965250965,0
2449,2165,48.0,965.0,2.4,1083.0,250.0,776,13,11,815,903,382,230,160,815,NSW,0,570.7344,3.793358171506746,0.9521472392638037,0.015950920245398775,0.013496932515337423,0.09745293466223703,0.750920245398773,0.19631901840490798,0
2450,47335,44.0,1386.0,2.4,1733.0,370.0,12706,2164,2372,17675,19276,6497,5199,5402,17675,NSW,0,1019.718,46.419696425874605,0.7188684582743988,0.12243281471004243,0.1342008486562942,0.08305665075741853,0.6617256011315418,0.30562942008486566,0
2452,15260,45.0,1260.0,2.3,1603.0,370.0,4452,967,591,6085,6558,2113,1801,1856,6085,NSW,0,12.7764,1194.3896559281175,0.7316351684470008,0.15891536565324568,0.0971240755957272,0.07212564806343402,0.6432210353327855,0.30501232539030404,0
2453,2787,55.0,965.0,2.1,1220.0,280.0,1132,22,10,1187,1446,655,244,219,1187,NSW,0,2157.9951,1.2914765191079443,0.953664700926706,0.018534119629317607,0.008424599831508003,0.17911479944674968,0.7573715248525695,0.18449873631002528,0
2454,7953,47.0,1327.0,2.5,1517.0,370.0,2740,97,17,2914,3263,1330,893,600,2914,NSW,0,975.6046,8.151868082622817,0.9402882635552505,0.033287577213452296,0.005833905284831846,0.10695678823168864,0.7628689087165408,0.2059025394646534,0
2455,3185,55.0,1071.0,2.2,1647.0,340.0,1085,77,135,1341,1475,648,289,363,1341,NSW,0,48.0551,66.27808494831973,0.8090976882923192,0.05741983594332588,0.10067114093959731,0.09084745762711866,0.6987322893363161,0.27069351230425054,0
2456,17141,43.0,1404.0,2.6,1798.0,395.0,5672,378,112,6304,6970,2600,1946,1531,6304,NSW,0,205.4443,83.43380663274668,0.899746192893401,0.05996192893401015,0.017766497461928935,0.09555236728837879,0.7211294416243654,0.24286167512690354,0
2460,31079,45.0,1165.0,2.4,1300.0,300.0,10088,595,631,11563,12595,4734,3520,2906,11563,NSW,0,6630.3495,4.687384880691432,0.8724379486292485,0.051457234281760786,0.054570613162674045,0.08193727669710205,0.7138285911960564,0.25131886188705355,0
2462,2529,53.0,944.0,2.3,1200.0,280.0,916,19,20,1030,1400,544,238,206,1030,NSW,0,470.532,5.37476728469052,0.8893203883495145,0.018446601941747572,0.019417475728155338,0.26428571428571423,0.7592233009708738,0.2,0
2463,8304,52.0,1129.0,2.4,1517.0,340.0,2958,112,57,3215,3583,1581,909,601,3215,NSW,0,549.2925,15.117628585862724,0.9200622083981338,0.034836702954898914,0.017729393468118197,0.10270722857940273,0.7744945567651633,0.1869362363919129,0
2464,7058,56.0,1141.0,2.1,1608.0,400.0,2327,487,166,3042,3993,1542,599,798,3042,NSW,0,102.8533,68.62200823891892,0.7649572649572649,0.16009204470742933,0.05456936226166995,0.23816679188580014,0.7038132807363576,0.26232741617357,0
2465,346,45.0,1101.0,2.4,1300.0,330.0,134,0,0,135,148,56,36,37,135,NSW,0,23.5903,14.667045353386774,0.9925925925925926,0.0,0.0,0.08783783783783783,0.6814814814814815,0.2740740740740741,0
2466,1765,62.0,834.0,1.9,1300.0,300.0,613,126,37,854,1157,455,108,256,854,NSW,0,14.3561,122.94425366220631,0.7177985948477752,0.14754098360655737,0.04332552693208431,0.26188418323249785,0.6592505854800936,0.2997658079625293,0
2469,4359,54.0,847.0,2.2,1065.0,240.0,1571,5,9,1696,1991,918,387,261,1696,NSW,0,3813.3747,1.1430820055527195,0.9262971698113207,0.00294811320754717,0.005306603773584905,0.14816675037669513,0.7694575471698113,0.15389150943396226,0
2470,15477,44.0,1145.0,2.4,1300.0,280.0,5110,348,229,5773,6180,2247,1794,1491,5773,NSW,0,1256.5159,12.317392879787672,0.8851550320457301,0.060280616663779665,0.03966741728737225,0.06585760517799355,0.6999826779837173,0.258271262774987,0
2471,2821,44.0,1258.0,2.6,1517.0,300.0,871,18,4,907,984,383,338,141,907,NSW,0,442.1506,6.380179061161514,0.960308710033076,0.019845644983461964,0.004410143329658214,0.0782520325203252,0.794928335170893,0.15545755237045203,0
2472,1987,45.0,1218.0,2.4,1517.0,300.0,637,22,0,740,807,284,268,154,740,NSW,0,466.4076,4.260222174767306,0.8608108108108108,0.02972972972972973,0.0,0.08302354399008671,0.745945945945946,0.20810810810810812,0
2473,3203,54.0,1058.0,2.1,1601.0,320.0,828,428,90,1390,1687,619,244,474,1390,NSW,0,31.366,102.11694191162405,0.5956834532374101,0.3079136690647482,0.06474820143884892,0.17605216360403086,0.620863309352518,0.3410071942446043,0
2474,6492,51.0,1003.0,2.2,1300.0,280.0,2467,10,87,2611,2972,1278,664,521,2611,NSW,0,1537.5939,4.222181162399252,0.9448487169666794,0.0038299502106472617,0.033320566832631175,0.1214670255720054,0.7437763309076982,0.19954040597472233,0
2475,399,53.0,845.0,2.1,867.0,210.0,161,0,0,166,195,87,34,40,166,NSW,0,494.7232,0.806511600830525,0.9698795180722891,0.0,0.0,0.14871794871794874,0.7289156626506024,0.24096385542168675,0
2476,847,53.0,918.0,2.1,1083.0,200.0,327,4,3,345,451,168,79,67,345,NSW,0,805.3354,1.0517357116053758,0.9478260869565217,0.011594202898550725,0.008695652173913044,0.23503325942350328,0.7159420289855073,0.19420289855072465,0
2477,12899,47.0,1451.0,2.4,1733.0,390.0,4123,665,143,4988,5295,2150,1466,1132,4988,NSW,0,227.642,56.66353309143304,0.8265838011226945,0.13331996792301523,0.028668805132317562,0.057979225684608116,0.7249398556535686,0.2269446672012831,0
2478,32053,48.0,1403.0,2.3,2000.0,430.0,8537,3108,774,12824,13875,5191,3347,3635,12824,NSW,0,185.6804,172.62457426847422,0.6657049282595134,0.2423580786026201,0.06035558328134747,0.07574774774774773,0.6657829070492826,0.2834529008109794,0
2479,5780,43.0,2048.0,2.7,2315.0,550.0,1847,28,23,1923,2148,760,626,462,1923,NSW,0,164.5709,35.12164058165812,0.9604784191367655,0.014560582423296931,0.011960478419136765,0.10474860335195535,0.7207488299531981,0.24024960998439937,0
2480,45938,44.0,1326.0,2.4,1517.0,310.0,14877,1706,816,17725,19091,6701,5629,4752,17725,NSW,0,1369.4565,33.54469455583292,0.8393229901269393,0.09624823695345557,0.046036671368124116,0.07155204022837991,0.6956276445698166,0.2680959097320169,0
2481,13659,40.0,1792.0,2.4,2383.0,600.0,3282,1003,320,4831,6161,1730,1197,1703,4831,NSW,0,131.029,104.2440986346534,0.6793624508383358,0.20761747050300144,0.06623887393914303,0.21587404642103558,0.605878700062099,0.35251500724487683,0
2482,6967,46.0,1333.0,2.5,1950.0,460.0,2229,66,96,2439,2709,1002,679,661,2439,NSW,0,180.2681,38.6479915192982,0.9138991389913899,0.02706027060270603,0.03936039360393604,0.09966777408637872,0.6892168921689217,0.27101271012710126,0
2483,11616,44.0,1442.0,2.4,1898.0,480.0,3603,273,343,4356,4967,1623,1344,1221,4356,NSW,0,182.7314,63.56871342308985,0.8271349862258953,0.06267217630853994,0.07874196510560147,0.123011878397423,0.681129476584022,0.2803030303030303,0
2484,20083,47.0,1263.0,2.5,1733.0,350.0,6393,237,515,7250,7905,2962,2312,1622,7250,NSW,0,972.2983,20.655183702367882,0.8817931034482759,0.0326896551724138,0.07103448275862069,0.08285895003162558,0.727448275862069,0.2237241379310345,0
2485,15349,52.0,1096.0,2.0,1700.0,380.0,2531,1835,2389,6799,7694,2752,1570,2200,6799,NSW,0,13.73,1117.916970138383,0.3722606265627298,0.2698926312693043,0.3513752022356229,0.1163244086301014,0.6356817178996911,0.32357699661714956,0
2486,32838,48.0,1278.0,2.4,1891.0,420.0,8474,3440,784,12816,13602,5545,4074,2638,12816,NSW,0,100.3781,327.14307204459936,0.6612047440699126,0.26841448189762795,0.06117353308364544,0.057785619761799745,0.7505461922596754,0.20583645443196005,0
2487,15090,46.0,1542.0,2.4,2230.0,480.0,3623,812,819,5711,6669,2500,1609,1445,5711,NSW,0,66.6066,226.55412526686544,0.6343897741201191,0.14218175450884257,0.14340745928909124,0.14364972259709097,0.7194887060059534,0.25302048677989847,0
2488,3523,41.0,1610.0,2.5,1860.0,450.0,817,321,122,1261,1457,384,445,405,1261,NSW,0,13.626,258.5498312050492,0.647898493259318,0.25455987311657413,0.09674861221252974,0.13452299245024024,0.6574147501982553,0.32117367168913563,0
2489,7894,43.0,1430.0,2.6,2036.0,500.0,2098,469,207,2850,3158,1131,990,633,2850,NSW,0,14.5419,542.8451577854338,0.736140350877193,0.16456140350877194,0.07263157894736842,0.09753008233058902,0.7442105263157894,0.22210526315789475,0
2490,690,40.0,1989.0,2.7,2167.0,350.0,234,0,0,236,250,81,109,34,236,NSW,0,22.4375,30.75208913649025,0.9915254237288136,0.0,0.0,0.05600000000000005,0.8050847457627118,0.1440677966101695,0
2500,43472,34.0,1621.0,2.2,2056.0,400.0,6346,1891,9398,17838,19777,4846,3955,8470,17838,NSW,0,27.1582,1600.6951859843437,0.3557573719026797,0.10600964233658482,0.5268527861867922,0.09804318147342872,0.4933849086220428,0.4748290167059087,0
2502,12551,39.0,1138.0,2.5,1755.0,330.0,3595,409,618,4637,5091,1716,1080,1666,4637,NSW,0,9.1601,1370.181548236373,0.7752857450938107,0.08820357990079793,0.13327582488678025,0.0891769789825182,0.6029760621091222,0.3592840198404141,0
2505,5088,42.0,1308.0,2.4,1950.0,340.0,1540,133,316,2008,2176,757,519,675,2008,NSW,0,13.8266,367.9863451607771,0.7669322709163346,0.06623505976095617,0.15737051792828685,0.07720588235294112,0.6354581673306773,0.33615537848605576,0
2506,7798,40.0,1217.0,2.5,1733.0,290.0,2553,79,243,2875,2993,904,782,1085,2875,NSW,0,7.3207,1065.198683186034,0.888,0.027478260869565216,0.08452173913043479,0.03942532576010693,0.5864347826086956,0.3773913043478261,0
2508,9346,39.0,2548.0,2.9,2540.0,530.0,2610,96,327,3066,3240,1016,1511,464,3066,NSW,0,162.241,57.60566071461591,0.8512720156555773,0.03131115459882583,0.10665362035225048,0.0537037037037037,0.8242009132420092,0.15133724722765818,0
2515,11745,42.0,2418.0,2.7,2600.0,550.0,3367,417,337,4146,4570,1736,1540,777,4146,NSW,0,14.2268,825.5545871172716,0.8121080559575494,0.10057887120115774,0.08128316449589966,0.0927789934354486,0.7901591895803184,0.1874095513748191,0
2516,6798,40.0,2331.0,2.8,2525.0,370.0,1892,216,231,2354,2458,823,1001,498,2354,NSW,0,8.6615,784.8525082260578,0.8037383177570093,0.09175870858113849,0.09813084112149532,0.0423108218063466,0.7748513169073916,0.21155480033984708,0
2517,13959,42.0,1806.0,2.5,2167.0,400.0,3388,879,916,5213,5494,1923,1897,1272,5213,NSW,0,9.0099,1549.2957746478874,0.6499136773450988,0.16861691924036062,0.17571455975446001,0.0511467054969057,0.7327834260502589,0.24400537118741608,0
2518,19864,41.0,1434.0,2.3,2167.0,340.0,4653,2255,1059,8036,8486,2507,2245,2971,8036,NSW,0,12.7193,1561.721163900529,0.579019412643106,0.28061224489795916,0.13178198108511696,0.05302851755833138,0.5913389746142359,0.36971129915380785,0
2519,17227,41.0,1685.0,2.5,2240.0,400.0,4518,1261,763,6592,6942,2591,1825,2031,6592,NSW,0,9.2816,1856.037752111705,0.685376213592233,0.19129247572815533,0.11574635922330097,0.05041774704696056,0.6699029126213593,0.3081007281553398,0
2525,12335,40.0,2042.0,2.8,2229.0,430.0,3535,417,181,4290,4436,1747,1695,748,4290,NSW,0,8.5595,1441.0888486477013,0.824009324009324,0.0972027972027972,0.04219114219114219,0.03291253381424708,0.8023310023310023,0.17435897435897435,0
2526,16736,39.0,2000.0,2.7,2167.0,370.0,5169,372,271,5834,6053,2026,2267,1358,5834,NSW,0,132.2947,126.50544579639244,0.8860130270826191,0.06376414124100103,0.046451834076105585,0.03618040641004461,0.7358587589989716,0.23277339732601987,0
2527,26072,35.0,1884.0,2.8,2167.0,450.0,7636,1305,60,9018,9366,2693,4295,1847,9018,NSW,0,96.0646,271.40070327675335,0.8467509425593258,0.14471057884231536,0.00665335994677312,0.03715566944266491,0.7748946551341761,0.2048125970281659,0
2528,23735,45.0,1166.0,2.4,1842.0,350.0,7372,914,783,9443,10106,3577,2351,3214,9443,NSW,0,11.2805,2104.0734010017286,0.7806841046277666,0.09679127395954676,0.08291856401567299,0.06560459133188201,0.6277665995975855,0.3403579370962618,0
2529,29134,40.0,1878.0,2.7,2167.0,470.0,7930,1826,501,10287,10793,3711,3728,2558,10287,NSW,0,40.4513,720.2240719086901,0.7708758627393798,0.1775055895790804,0.04870224555263925,0.046882238487908845,0.723145717896374,0.24866336152425392,0
2530,35038,39.0,1653.0,2.7,2000.0,410.0,11085,1279,223,12603,13050,4375,5206,2726,12603,NSW,0,88.3672,396.50458541178176,0.8795524875029754,0.10148377370467349,0.017694199793699912,0.03425287356321838,0.7602158216297706,0.21629770689518368,0
2533,17177,48.0,1805.0,2.5,2240.0,480.0,4786,964,670,6464,7434,3070,1984,1126,6464,NSW,0,106.4039,161.43205277250178,0.7404084158415841,0.14913366336633663,0.1036509900990099,0.1304815711595373,0.7818688118811881,0.17419554455445543,0
2534,5767,47.0,1925.0,2.5,2167.0,500.0,1720,270,87,2099,2813,985,616,398,2099,NSW,0,76.2287,75.65392037382246,0.8194378275369223,0.12863268222963317,0.041448308718437354,0.253821542836829,0.7627441638875655,0.1896141019533111,0
2535,7993,57.0,1384.0,2.2,2167.0,400.0,2636,375,27,3305,3872,1817,801,464,3305,NSW,0,247.9753,32.23304901738197,0.7975794251134645,0.11346444780635401,0.008169440242057489,0.1464359504132231,0.7921331316187594,0.14039334341906204,0
2536,19333,53.0,1184.0,2.2,1550.0,350.0,6216,747,726,7833,11105,3600,1855,2067,7833,NSW,0,974.8377,19.832019217147632,0.7935656836461126,0.09536576024511681,0.09268479509766372,0.2946420531292211,0.6964126133026938,0.2638835695135963,0
2537,12981,55.0,1222.0,2.2,1517.0,320.0,4716,406,60,5322,7282,2694,1359,993,5322,NSW,0,1167.0234,11.123170280904393,0.8861330326944757,0.07628711010898158,0.011273957158962795,0.2691568250480637,0.7615558060879368,0.18658399098083428,0
2538,2580,54.0,1353.0,2.4,1733.0,380.0,856,30,20,925,1060,495,266,116,925,NSW,0,390.494,6.607015728794808,0.9254054054054054,0.032432432432432434,0.021621621621621623,0.12735849056603776,0.8227027027027027,0.1254054054054054,0
2539,20305,53.0,1141.0,2.2,1625.0,350.0,7398,527,143,8411,12022,4427,2034,1701,8411,NSW,0,686.0289,29.597878456723908,0.8795624777077636,0.06265604565450006,0.017001545595054096,0.30036599567459654,0.768160741885626,0.20223516823207704,0
2540,48267,49.0,1275.0,2.3,1733.0,360.0,16797,1170,315,18694,26054,8495,5226,4074,18694,NSW,1,1900.6655,25.394789351414015,0.8985235904568311,0.06258692628650904,0.01685032630790628,0.28249021263529595,0.7339788167326415,0.2179308869155879,0
2541,28038,40.0,1235.0,2.4,1692.0,320.0,9038,1348,364,10785,11559,3471,3042,3962,10785,NSW,0,45.432,617.1421024828314,0.8380157626332869,0.12498840982846546,0.033750579508576725,0.06696080975862961,0.603894297635605,0.367362076958739,0
2545,1117,55.0,1187.0,2.2,1300.0,300.0,425,0,0,433,581,235,115,61,433,NSW,0,876.5468,1.2743187243396474,0.9815242494226328,0.0,0.0,0.2547332185886403,0.8083140877598153,0.14087759815242495,0
2546,10066,59.0,1019.0,2.1,1473.0,290.0,3558,303,240,4270,5639,2409,854,850,4270,NSW,0,911.2673,11.04615517313087,0.833255269320843,0.07096018735362998,0.05620608899297424,0.24277354140805107,0.7641686182669789,0.1990632318501171,0
2548,8419,55.0,1228.0,2.1,1625.0,343.0,2542,568,487,3642,4577,1762,874,857,3642,NSW,0,120.1179,70.0894704286372,0.6979681493684788,0.15595826468973092,0.13371773750686436,0.20428228097006773,0.7237781438769907,0.23531026908292146,0
2549,4101,51.0,1307.0,2.4,1517.0,330.0,1404,127,27,1574,1874,818,490,218,1574,NSW,0,222.9511,18.394168048509293,0.8919949174078781,0.0806861499364676,0.017153748411689963,0.16008537886872998,0.8310038119440915,0.13850063532401524,0
2550,16936,49.0,1245.0,2.3,1421.0,300.0,6171,334,85,6700,7615,3165,1944,1295,6700,NSW,0,3966.6591,4.26958797644093,0.9210447761194029,0.049850746268656716,0.012686567164179104,0.12015758371634933,0.7625373134328358,0.19328358208955224,0
2551,3718,53.0,1015.0,2.2,1517.0,270.0,1208,169,49,1501,1819,688,309,423,1501,NSW,0,1397.7681,2.659954823693573,0.8047968021319121,0.11259160559626916,0.03264490339773484,0.17482133040131942,0.6642238507661559,0.28181212524983346,0
2555,168,40.0,1271.0,3.0,1300.0,505.0,51,0,0,51,59,23,8,19,51,NSW,0,26.981,6.226603906452689,1.0,0.0,0.0,0.13559322033898302,0.6078431372549019,0.37254901960784315,0
2556,2433,42.0,1833.0,3.2,2167.0,500.0,675,0,5,689,740,337,172,146,689,NSW,0,40.2134,60.50222065281722,0.9796806966618288,0.0,0.00725689404934688,0.06891891891891888,0.7387518142235123,0.21190130624092887,0
2557,20103,31.0,2453.0,3.2,2600.0,530.0,5807,132,33,5991,6236,930,3289,1643,5991,NSW,0,37.1205,541.5605932032165,0.9692872642296778,0.022033049574361543,0.005508262393590386,0.03928800513149455,0.7042230011684193,0.2742447003839092,0
2558,11099,36.0,1878.0,3.0,1950.0,400.0,3268,249,19,3535,3650,937,1780,769,3535,NSW,0,7.6039,1459.645708123463,0.9244695898161245,0.07043847241867043,0.005374823196605375,0.03150684931506853,0.7685997171145686,0.21753889674681753,0
2559,2991,28.0,1141.0,3.1,2500.0,222.0,424,372,32,826,936,35,219,551,826,NSW,0,4.3495,687.6652488791815,0.513317191283293,0.45036319612590797,0.0387409200968523,0.11752136752136755,0.3075060532687651,0.6670702179176755,0
2560,82543,35.0,1609.0,2.8,2000.0,380.0,21834,3175,2802,27861,29399,6668,10170,9903,27861,NSW,0,411.3136,200.68142653196978,0.7836761063852697,0.11395858009403827,0.10057069021212448,0.05231470458178855,0.604357345393202,0.3554430924948853,0
2563,276,37.0,1924.0,3.0,2167.0,500.0,85,0,0,82,89,24,16,44,82,NSW,0,11.5603,23.87481293738052,1.0365853658536586,0.0,0.0,0.0786516853932584,0.4878048780487805,0.5365853658536586,0
2564,14198,36.0,1378.0,2.9,1800.0,340.0,3262,1300,57,4623,4845,993,1542,1960,4623,NSW,0,9.0236,1573.4296733011215,0.7056024226692624,0.28120268224096906,0.012329656067488644,0.045820433436532526,0.5483452303698897,0.4239671209171534,0
2565,31588,34.0,2025.0,3.0,2470.0,420.0,7477,1832,482,9825,10294,2012,4657,2819,9825,NSW,0,29.7009,1063.5367951812907,0.7610178117048346,0.18646310432569974,0.04905852417302799,0.04556052069166505,0.6787786259541985,0.2869211195928753,0
2566,27796,35.0,1772.0,3.1,2000.0,380.0,7508,882,219,8615,8933,2107,3816,2505,8615,NSW,0,28.3019,982.1248750083917,0.8715031921067905,0.10237957051654091,0.025420777713290772,0.03559834322176203,0.6875217643644805,0.2907719094602438,0
2567,40951,34.0,2423.0,3.2,2379.0,470.0,12088,437,46,12584,12892,2978,6824,2603,12584,NSW,0,31.1557,1314.398328395767,0.9605848696757787,0.03472663699936427,0.003655435473617292,0.023890784982935176,0.7789256198347108,0.20684996821360457,0
2568,1252,54.0,1476.0,2.6,2500.0,450.0,356,37,0,401,418,135,131,32,401,NSW,0,34.0936,36.722434709153625,0.8877805486284289,0.09226932668329177,0.0,0.04066985645933019,0.6633416458852868,0.0798004987531172,0
2569,1386,42.0,2250.0,3.1,2368.0,446.0,411,15,3,427,443,173,202,38,427,NSW,0,26.7707,51.7730205037597,0.9625292740046838,0.0351288056206089,0.00702576112412178,0.036117381489842004,0.8782201405152225,0.08899297423887588,0
2570,63663,33.0,2281.0,3.0,2513.0,500.0,18188,1628,297,20245,21121,4515,10184,4836,20245,NSW,0,469.0775,135.7195772553576,0.898394665349469,0.08041491726352186,0.014670288960237095,0.04147530893423612,0.7260558162509262,0.2388737959990121,0
2571,13174,36.0,2326.0,3.0,2400.0,415.0,4004,94,71,4205,4453,1200,2282,625,4205,NSW,0,250.2842,52.63616320966325,0.9521997621878716,0.02235434007134364,0.016884661117717005,0.05569279137659999,0.8280618311533888,0.14863258026159334,0
2572,5484,39.0,1756.0,2.7,2318.0,420.0,1725,164,7,1902,2021,579,758,409,1902,NSW,0,106.1734,51.65135523586887,0.9069400630914827,0.08622502628811778,0.003680336487907466,0.05888174171202376,0.7029442691903259,0.21503680336487907,0
2573,5777,34.0,1739.0,2.7,2167.0,410.0,1836,156,17,2023,2146,518,820,638,2023,NSW,0,16.9784,340.25585449747916,0.907563025210084,0.07711319822046465,0.008403361344537815,0.05731593662628143,0.6613939693524469,0.3153732081067721,0
2574,5934,40.0,1841.0,2.9,2167.0,415.0,1805,98,27,1983,2081,660,904,313,1983,NSW,0,350.23,16.94315164320589,0.9102370146243066,0.049420070600100854,0.01361573373676248,0.04709274387313789,0.7887039838628341,0.1578416540595058,0
2575,17846,42.0,1772.0,2.6,2167.0,430.0,6057,192,196,6505,6996,2369,2551,1376,6505,NSW,0,981.4743,18.182850024702635,0.9311299000768639,0.02951575710991545,0.03013066871637202,0.07018296169239568,0.7563412759415834,0.21152959262106072,0
2576,14189,56.0,1677.0,2.3,2370.0,495.0,4822,771,133,5749,6417,3057,1440,970,5749,NSW,0,174.2442,81.43169184397529,0.8387545660114802,0.13411028004870412,0.023134458166637676,0.10409848839021352,0.782222995303531,0.16872499565141763,0
2577,16724,47.0,1667.0,2.4,2004.0,400.0,5811,310,116,6344,7344,2720,2085,1348,6344,NSW,0,1312.519,12.741910783767702,0.9159836065573771,0.04886506935687263,0.01828499369482976,0.13616557734204793,0.7574085750315258,0.212484237074401,0
2578,2846,59.0,1289.0,2.2,1820.0,400.0,1167,17,21,1209,1394,712,303,157,1209,NSW,0,47.9223,59.38780066899961,0.9652605459057072,0.014061207609594707,0.017369727047146403,0.13271162123385938,0.8395368072787428,0.12985938792390406,0
2579,4646,46.0,1589.0,2.5,2000.0,380.0,1670,5,0,1687,2070,743,634,224,1687,NSW,0,860.117,5.401590713821492,0.989922940130409,0.002963841138114997,0.0,0.18502415458937194,0.8162418494368702,0.13278008298755187,0
2580,31629,42.0,1470.0,2.4,1700.0,320.0,10469,1031,360,11981,14018,4315,3819,3420,11981,NSW,0,5512.6655,5.737514819282977,0.8738001836240714,0.08605291711877139,0.030047575327602036,0.14531316878299327,0.6789082714297638,0.28545196561221936,0
2581,2507,42.0,2118.0,2.7,1885.0,300.0,835,10,3,862,978,308,408,112,862,NSW,0,2106.6075,1.190065069074329,0.968677494199536,0.01160092807424594,0.0034802784222737818,0.11860940695296529,0.8306264501160093,0.12993039443155452,0
2582,13693,42.0,2175.0,2.7,2100.0,350.0,4463,194,86,4774,5213,1605,2220,770,4774,NSW,0,3130.1184,4.374594903502692,0.9348554671135316,0.040636782572266446,0.018014243820695434,0.08421254555917901,0.8012149141181399,0.16129032258064516,0
2583,4604,52.0,1267.0,2.3,1300.0,270.0,1774,53,7,1855,2332,1024,457,249,1855,NSW,0,3382.6891,1.361047339526414,0.9563342318059299,0.02857142857142857,0.0037735849056603774,0.20454545454545459,0.7983827493261455,0.13423180592991915,0
2584,550,45.0,1433.0,2.3,1300.0,280.0,211,3,0,218,266,93,82,23,218,NSW,0,281.3129,1.9551183042085876,0.9678899082568807,0.013761467889908258,0.0,0.18045112781954886,0.8027522935779816,0.10550458715596331,0
2585,235,44.0,1111.0,2.3,1047.0,200.0,77,3,0,81,107,40,14,13,81,NSW,0,260.132,0.9033875109559761,0.9506172839506173,0.037037037037037035,0.0,0.2429906542056075,0.6666666666666666,0.16049382716049382,0
2586,2871,50.0,1232.0,2.3,1300.0,240.0,1014,28,7,1069,1286,527,278,176,1069,NSW,0,2323.2503,1.2357686987062908,0.9485500467726847,0.026192703461178673,0.006548175865294668,0.16874027993779162,0.7530402245088869,0.1646398503274088,0
2587,2932,49.0,1126.0,2.2,1027.0,220.0,1134,25,19,1198,1427,552,328,231,1198,NSW,0,921.8587,3.1805308123685334,0.9465776293823038,0.020868113522537562,0.015859766277128547,0.1604765241765943,0.7345575959933222,0.19282136894824708,0
2588,299,54.0,1416.0,2.3,1042.0,200.0,115,0,0,115,140,68,28,17,115,NSW,0,218.0548,1.3712149422989084,1.0,0.0,0.0,0.1785714285714286,0.8347826086956521,0.14782608695652175,0
2590,7153,51.0,1035.0,2.2,1128.0,220.0,2717,204,22,2964,3320,1395,723,679,2964,NSW,0,1320.4637,5.417036454693908,0.9166666666666666,0.06882591093117409,0.007422402159244264,0.10722891566265058,0.7145748987854251,0.22908232118758434,0
2594,12150,42.0,1186.0,2.4,1300.0,250.0,4090,372,115,4608,5183,1781,1312,1270,4608,NSW,0,2418.7155,5.0233274645157735,0.8875868055555556,0.08072916666666667,0.024956597222222224,0.11093961026432564,0.6712239583333334,0.2756076388888889,0
2600,8255,45.0,3016.0,2.2,2819.0,540.0,1693,579,1117,3392,3746,1344,946,986,3392,ACT,0,23.345,353.6089098307989,0.4991155660377358,0.17069575471698112,0.3293042452830189,0.0945008008542445,0.6751179245283019,0.29068396226415094,0
2601,7680,22.0,2232.0,1.7,1950.0,550.0,0,0,1788,1799,2271,277,375,1110,1799,ACT,0,15.233,504.1685813693954,0.0,0.0,0.9938854919399667,0.20783795684720385,0.3624235686492496,0.6170094496942746,0
2602,34540,36.0,2337.0,2.4,2167.0,436.0,7590,3122,2953,13683,14780,3660,4522,5133,13683,ACT,0,21.9723,1571.979264801591,0.554702916027187,0.22816633779142,0.21581524519476722,0.07422192151556162,0.5979682818095446,0.37513703135277354,0
2603,10306,41.0,2991.0,2.3,2500.0,481.0,1917,452,1740,4119,4678,1268,1336,1399,4119,ACT,0,9.2066,1119.414333195751,0.4654042243262928,0.10973537266326779,0.4224326292789512,0.11949551090209487,0.6321922796795338,0.3396455450352027,0
2604,13034,37.0,2434.0,2.0,2150.0,500.0,1771,524,3451,5745,6400,1222,1810,2555,5745,ACT,0,5.4946,2372.147199068176,0.3082680591818973,0.09120974760661445,0.6006962576153176,0.10234374999999996,0.527763272410792,0.44473455178416016,0
2605,12488,41.0,2894.0,2.6,2650.0,490.0,3289,529,585,4411,4709,1682,1475,1134,4411,ACT,0,9.2938,1343.691493253567,0.7456359102244389,0.11992745409204263,0.132622987984584,0.06328307496283714,0.71571072319202,0.25708456132396285,0
2606,12071,34.0,2156.0,2.2,1800.0,430.0,1733,1416,2194,5347,5887,1236,1708,2242,5347,ACT,0,9.0325,1336.3963465264321,0.324106975874322,0.2648213951748644,0.41032354591359643,0.09172753524715471,0.5505891153918084,0.419300542360202,0
2607,14717,42.0,2418.0,2.5,2383.0,440.0,3907,1173,485,5570,5958,2117,1892,1345,5570,ACT,0,10.2741,1432.4369044490513,0.7014362657091562,0.21059245960502693,0.08707360861759425,0.06512252433702581,0.7197486535008977,0.2414721723518851,0
2609,1136,47.0,1116.0,1.9,2800.0,322.0,177,34,0,371,385,190,20,145,371,ACT,0,127.7951,8.889229712250312,0.477088948787062,0.09164420485175202,0.0,0.036363636363636376,0.5660377358490566,0.3908355795148248,0
2611,36535,36.0,2482.0,2.6,2167.0,450.0,9309,2275,1864,13463,14246,3806,6367,3005,13463,ACT,1,1558.6312,23.440439277745753,0.6914506425016712,0.16898165342048577,0.13845353933001558,0.054962796574477,0.7556265319765283,0.22320433781475155,0
2612,18965,30.0,2371.0,2.0,1987.0,490.0,1697,1138,5332,8191,9622,1554,2206,4281,8191,ACT,0,9.4532,2006.1989590826386,0.20717861067024784,0.13893297521670125,0.6509583689415211,0.14872167948451465,0.459040410206324,0.5226468074716152,0
2614,20595,39.0,2250.0,2.5,2102.0,418.0,5689,1394,738,7830,8342,2960,2608,2060,7830,ACT,0,11.1345,1849.656473124074,0.7265644955300128,0.17803320561941252,0.09425287356321839,0.06137616878446417,0.7111111111111111,0.26309067688378035,0
2615,47356,36.0,2262.0,2.7,2000.0,420.0,14580,2289,279,17164,18026,4756,8253,3849,17164,ACT,0,36.9984,1279.9472409617715,0.849452342111396,0.1333605220228385,0.01625495222558844,0.047819815821591005,0.7579235609415055,0.2242484269401072,0
2617,38073,32.0,2177.0,2.4,1950.0,440.0,7134,3166,4196,14514,15570,3614,4644,5860,14514,ACT,0,37.0115,1028.6802750496468,0.4915254237288136,0.21813421524045748,0.2891001791373846,0.06782273603082856,0.5689678930687612,0.40374810527766297,0
2618,1397,44.0,2878.0,3.0,2899.0,449.0,409,19,0,434,496,201,137,73,434,ACT,1,216.6295,6.448798524670001,0.9423963133640553,0.04377880184331797,0.0,0.125,0.7788018433179723,0.16820276497695852,0
2619,9601,38.0,3403.0,3.0,2405.0,490.0,2695,427,0,3121,3233,942,1551,591,3121,NSW,0,11.3316,847.2766423100004,0.8635052867670618,0.1368151233578981,0.0,0.03464274667491496,0.7987824415251522,0.1893623838513297,0
2620,45604,37.0,2181.0,2.5,2167.0,340.0,11288,2735,2694,16796,18057,4249,7035,5114,16796,NSW,1,2869.8201,15.890891557976056,0.6720647773279352,0.16283638961657537,0.16039533222195762,0.06983441324694029,0.6718266253869969,0.3044772564896404,0
2621,6688,40.0,2939.0,2.9,2383.0,500.0,2137,61,23,2230,2396,650,1250,284,2230,NSW,0,853.2512,7.838254431989078,0.9582959641255605,0.027354260089686097,0.01031390134529148,0.06928213689482465,0.852017937219731,0.1273542600896861,0
2622,4141,50.0,1428.0,2.2,1733.0,350.0,1547,63,3,1642,2265,808,511,245,1642,NSW,0,4256.1145,0.9729531477595352,0.9421437271619976,0.03836784409257003,0.0018270401948842874,0.2750551876379691,0.8032886723507917,0.1492082825822168,0
2623,611,40.0,1644.0,2.4,1309.0,300.0,239,3,0,242,281,79,113,40,242,NSW,0,166.9084,3.660690534448835,0.987603305785124,0.012396694214876033,0.0,0.1387900355871886,0.7933884297520661,0.1652892561983471,0
2624,162,31.0,1437.0,2.3,,252.0,0,0,0,8,12,4,0,9,8,NSW,0,348.5647,0.46476306981171644,0.0,0.0,0.0,0.33333333333333337,0.5,1.125,0
2625,400,37.0,1666.0,2.0,2659.0,400.0,33,5,49,91,380,27,14,30,91,NSW,0,1.0856,368.45983787767136,0.3626373626373626,0.054945054945054944,0.5384615384615384,0.7605263157894737,0.45054945054945056,0.32967032967032966,0
2626,515,45.0,2202.0,2.5,1902.0,350.0,186,0,0,186,205,77,87,11,186,NSW,0,383.5704,1.3426479206946105,1.0,0.0,0.0,0.09268292682926826,0.8817204301075269,0.05913978494623656,0
2627,5263,35.0,2124.0,2.6,1800.0,410.0,1246,152,357,1784,2617,542,573,600,1784,NSW,0,1994.6112,2.638609469354228,0.6984304932735426,0.08520179372197309,0.20011210762331838,0.3183034008406572,0.625,0.336322869955157,0
2628,2176,45.0,1531.0,2.4,1336.0,280.0,769,38,13,838,1095,369,262,163,838,NSW,0,2337.0094,0.9311045133151796,0.9176610978520287,0.045346062052505964,0.015513126491646777,0.23470319634703196,0.752983293556086,0.19451073985680192,0
2629,534,58.0,1008.0,1.9,1083.0,285.0,206,0,0,219,430,127,34,36,219,NSW,0,2054.5144,0.2599154330580501,0.9406392694063926,0.0,0.0,0.4906976744186047,0.7351598173515982,0.1643835616438356,0
2630,8876,46.0,1446.0,2.3,1300.0,290.0,3163,171,121,3496,4086,1429,1064,855,3496,NSW,0,4206.3548,2.11014059013757,0.9047482837528604,0.04891304347826087,0.03461098398169336,0.14439549681840436,0.7131006864988558,0.24456521739130435,0
2631,629,50.0,1222.0,2.2,934.0,260.0,228,0,0,237,319,137,59,24,237,NSW,0,1199.4934,0.5243880458200103,0.9620253164556962,0.0,0.0,0.25705329153605017,0.8270042194092827,0.10126582278481013,0
2632,1892,47.0,1307.0,2.2,1083.0,200.0,724,15,10,763,930,353,204,158,763,NSW,0,1824.9879,1.0367192023574512,0.9488859764089121,0.019659239842726082,0.01310615989515072,0.17956989247311828,0.7300131061598951,0.20707732634338138,0
2633,321,55.0,817.0,2.0,806.0,150.0,140,0,0,140,221,84,27,21,140,NSW,0,766.4927,0.418790681241974,1.0,0.0,0.0,0.36651583710407243,0.7928571428571428,0.15,0
2640,39879,39.0,1570.0,2.4,1517.0,280.0,12683,2553,239,15527,16945,4840,5155,4949,15527,NSW,0,1029.4042,38.73988468280973,0.8168351903136472,0.16442326270367746,0.015392542023571843,0.08368250221304219,0.6437173955046048,0.3187351065885232,0
2641,16550,39.0,1172.0,2.3,1300.0,250.0,5310,1322,89,6766,7314,2006,1948,2548,6766,NSW,0,33.5384,493.46420819120766,0.784806384865504,0.19538870824711793,0.013154005320721253,0.07492480175006833,0.5843925509902453,0.376588826485368,0
2642,5476,41.0,1786.0,2.8,1473.0,256.0,1711,21,0,1744,1935,724,713,229,1744,NSW,0,4076.8,1.343210361067504,0.9810779816513762,0.012041284403669725,0.0,0.09870801033591736,0.8239678899082569,0.1313073394495413,0
2643,2997,49.0,1293.0,2.3,1300.0,290.0,1114,60,3,1198,1285,519,427,219,1198,NSW,0,156.4024,19.162110044347145,0.9298831385642737,0.05008347245409015,0.0025041736227045075,0.067704280155642,0.7896494156928213,0.18280467445742904,0
2644,2442,49.0,1301.0,2.3,1250.0,200.0,916,34,0,953,1118,421,284,178,953,NSW,0,2157.7365,1.1317415263633905,0.9611752360965372,0.035676810073452254,0.0,0.14758497316636854,0.7397691500524659,0.18677859391395593,0
2645,339,58.0,933.0,2.2,490.0,110.0,135,0,0,142,153,86,23,21,142,NSW,0,1181.6879,0.28687777881113957,0.9507042253521126,0.0,0.0,0.07189542483660127,0.7676056338028169,0.14788732394366197,0
2646,6841,51.0,1165.0,2.2,1192.0,220.0,2433,358,3,2836,3269,1323,743,625,2836,NSW,0,2895.4549,2.3626684705052736,0.857898448519041,0.12623413258110014,0.0010578279266572638,0.13245640868767206,0.728490832157969,0.2203808180535966,0
2647,2557,53.0,1185.0,2.3,1509.0,270.0,859,113,13,988,1338,441,300,180,988,NSW,0,357.3501,7.155447836729302,0.8694331983805668,0.11437246963562753,0.013157894736842105,0.26158445440956657,0.75,0.18218623481781376,0
2648,2671,51.0,1066.0,2.2,910.0,200.0,854,35,20,944,1132,433,232,175,944,NSW,0,23909.7281,0.11171185171277627,0.9046610169491526,0.037076271186440676,0.0211864406779661,0.16607773851590102,0.7044491525423728,0.1853813559322034,0
2649,30,38.0,1375.0,2.8,1000.0,,10,0,0,12,12,4,4,0,12,NSW,0,247.113,0.12140194971531243,0.8333333333333334,0.0,0.0,0.0,0.6666666666666666,0.0,1
2650,61511,36.0,1629.0,2.5,1517.0,300.0,19632,1169,2209,23133,25017,6858,7758,7674,23133,NSW,0,4061.238,15.145874238348012,0.8486577616392167,0.050533869364111875,0.0954912894998487,0.07530879002278446,0.6318246660614706,0.3317338866554273,0
2651,3081,25.0,1788.0,2.8,1300.0,310.0,747,8,66,831,890,148,374,295,831,NSW,0,34.62,88.9948006932409,0.8989169675090253,0.009626955475330927,0.07942238267148015,0.06629213483146068,0.628158844765343,0.35499398315282793,0
2652,4757,42.0,1504.0,2.6,1257.0,225.0,1654,4,0,1676,1892,714,588,229,1676,NSW,0,6116.1137,0.777781485651583,0.986873508353222,0.002386634844868735,0.0,0.11416490486257924,0.7768496420047732,0.1366348448687351,0
2653,2636,46.0,1304.0,2.3,1146.0,220.0,936,22,0,965,1134,452,254,211,965,NSW,0,1228.8205,2.1451465043104343,0.9699481865284975,0.022797927461139896,0.0,0.14902998236331566,0.7316062176165803,0.21865284974093263,0
2655,1416,42.0,1382.0,2.6,1300.0,245.0,482,0,5,491,525,207,196,69,491,NSW,0,427.2763,3.3140148423865305,0.9816700610997964,0.0,0.010183299389002037,0.0647619047619048,0.8207739307535642,0.14052953156822812,0
2656,1327,49.0,1184.0,2.3,867.0,194.0,496,8,7,524,582,286,110,92,524,NSW,0,1497.1368,0.8863585478628272,0.9465648854961832,0.015267175572519083,0.013358778625954198,0.09965635738831613,0.7557251908396947,0.17557251908396945,0
2658,1488,49.0,1069.0,2.3,997.0,200.0,548,16,0,572,659,292,136,95,572,NSW,0,748.0545,1.9891598807306152,0.958041958041958,0.027972027972027972,0.0,0.1320182094081942,0.7482517482517482,0.1660839160839161,0
2659,871,45.0,1209.0,2.3,953.0,230.0,311,0,0,317,377,146,107,45,317,NSW,0,367.5445,2.3697810741284386,0.9810725552050473,0.0,0.0,0.15915119363395225,0.7981072555205048,0.14195583596214512,0
2660,1607,44.0,1190.0,2.5,1021.0,203.0,586,16,0,606,677,260,198,106,606,NSW,0,451.2793,3.5609876189756546,0.966996699669967,0.026402640264026403,0.0,0.10487444608567209,0.7557755775577558,0.17491749174917492,0
2661,395,23.0,2386.0,3.4,,254.0,51,0,0,51,51,0,0,51,51,NSW,0,14.7623,26.757348109711902,1.0,0.0,0.0,0.0,0.0,1.0,0
2663,5281,39.0,1375.0,2.4,1250.0,260.0,1561,35,63,1681,1869,626,520,475,1681,NSW,0,492.6429,10.719732284784781,0.9286139202855443,0.02082093991671624,0.037477691850089236,0.10058855002675227,0.6817370612730518,0.2825698988697204,0
2665,2017,48.0,1087.0,2.3,700.0,150.0,779,16,0,804,985,457,151,112,804,NSW,0,4109.6274,0.4907987522177801,0.9689054726368159,0.01990049751243781,0.0,0.18375634517766493,0.7562189054726368,0.13930348258706468,0
2666,5636,47.0,1231.0,2.3,1183.0,230.0,2039,135,13,2223,2585,1046,565,509,2223,NSW,0,2462.5855,2.2886515006281,0.9172289698605488,0.06072874493927125,0.005847953216374269,0.14003868471953573,0.7246963562753036,0.2289698605488079,0
2668,404,48.0,864.0,2.4,650.0,190.0,150,0,0,153,209,93,33,15,153,NSW,0,708.1132,0.5705302485534799,0.9803921568627451,0.0,0.0,0.26794258373205737,0.8235294117647058,0.09803921568627451,0
2669,1539,43.0,1167.0,2.4,520.0,100.0,558,3,0,571,850,323,102,86,571,NSW,0,6295.346,0.24446630892090762,0.9772329246935202,0.005253940455341506,0.0,0.32823529411764707,0.7443082311733801,0.15061295971978983,0
2671,3969,42.0,1432.0,2.3,1200.0,225.0,1380,80,41,1544,1875,674,453,324,1544,NSW,0,3297.7351,1.2035533114833876,0.8937823834196891,0.05181347150259067,0.02655440414507772,0.17653333333333332,0.7299222797927462,0.20984455958549222,0
2672,1511,40.0,1116.0,2.4,867.0,160.0,495,3,44,545,645,229,112,179,545,NSW,0,1794.2389,0.8421398064661288,0.908256880733945,0.005504587155963303,0.08073394495412844,0.15503875968992253,0.6256880733944954,0.3284403669724771,0
2675,1659,36.0,1506.0,2.4,884.0,220.0,513,0,23,562,639,198,113,186,562,NSW,0,8518.5583,0.1947512644246386,0.9128113879003559,0.0,0.04092526690391459,0.12050078247261342,0.5533807829181495,0.3309608540925267,0
2678,433,20.0,2750.0,2.0,,315.0,0,0,0,0,0,0,0,0,0,NSW,0,3.5099,123.36533804381891,,,,,,,0
2680,25339,37.0,1743.0,2.7,1500.0,300.0,7198,420,901,8641,9350,2873,2464,2871,8641,NSW,0,1894.4513,13.375376817551341,0.8330054391852795,0.04860548547621803,0.10427033908112487,0.07582887700534757,0.6176368475870848,0.33225321143386183,0
2681,1793,40.0,1685.0,2.7,1300.0,250.0,597,10,29,634,686,234,239,137,634,NSW,0,471.7587,3.8006718265079162,0.9416403785488959,0.015772870662460567,0.04574132492113565,0.07580174927113703,0.7460567823343849,0.21608832807570977,0
2700,4873,44.0,1164.0,2.3,1083.0,209.0,1694,38,51,1813,2070,706,547,476,1813,NSW,0,3016.2983,1.6155563924164928,0.9343629343629344,0.020959735245449532,0.028130170987313845,0.12415458937198065,0.6911196911196911,0.2625482625482625,0
2701,2492,42.0,1444.0,2.6,1498.0,265.0,873,18,9,911,1007,370,339,159,911,NSW,0,852.1158,2.9244851462676786,0.9582875960482986,0.019758507135016465,0.009879253567508232,0.09533267130089373,0.7782656421514819,0.17453347969264543,0
2702,793,48.0,1175.0,2.4,867.0,200.0,307,0,0,316,366,147,109,38,316,NSW,0,439.8686,1.802811112227606,0.9715189873417721,0.0,0.0,0.13661202185792354,0.810126582278481,0.12025316455696203,0
2703,744,25.0,1256.0,2.5,1083.0,200.0,185,0,8,198,197,87,67,29,198,NSW,0,56.8879,13.078352338546509,0.9343434343434344,0.0,0.04040404040404041,-0.0050761421319796,0.7777777777777778,0.14646464646464646,0
2705,10687,38.0,1429.0,2.5,1300.0,250.0,3257,113,319,3765,4098,1335,1217,1072,3765,NSW,0,1129.1529,9.464617236514204,0.8650730411686587,0.0300132802124834,0.08472775564409031,0.08125915080527091,0.6778220451527225,0.2847277556440903,0
2706,1030,44.0,1312.0,2.3,1083.0,200.0,384,3,11,406,456,131,110,111,406,NSW,0,725.4016,1.4199031267645397,0.9458128078817734,0.007389162561576354,0.027093596059113302,0.10964912280701755,0.5935960591133005,0.2733990147783251,0
2707,1167,43.0,1559.0,2.4,867.0,180.0,402,3,21,442,501,181,104,108,442,NSW,0,2112.3439,0.5524668592079159,0.9095022624434389,0.006787330316742082,0.04751131221719457,0.11776447105788423,0.6447963800904978,0.24434389140271492,0
2710,9743,47.0,1211.0,2.2,1083.0,220.0,3467,298,21,3842,4447,1642,1096,893,3842,NSW,0,10466.1631,0.9309046597983935,0.9023945861530452,0.07756376887038001,0.005465903175429464,0.1360467731054643,0.7126496616345653,0.23243102550754816,0
2711,3197,47.0,1269.0,2.3,884.0,175.0,1140,80,12,1241,1517,537,269,318,1241,NSW,0,24180.255,0.13221531369292838,0.9186140209508461,0.064464141821112,0.009669621273166801,0.18193803559657218,0.6494762288477035,0.25624496373892025,0
2712,1375,53.0,1020.0,2.3,943.0,178.0,485,49,0,542,668,256,135,109,542,NSW,0,966.5102,1.4226440652152454,0.8948339483394834,0.09040590405904059,0.0,0.18862275449101795,0.7214022140221402,0.2011070110701107,0
2713,2746,49.0,1085.0,2.2,953.0,168.0,966,69,8,1046,1184,463,304,227,1046,NSW,0,970.31,2.8300233945852358,0.9235181644359465,0.06596558317399617,0.0076481835564053535,0.11655405405405406,0.7332695984703633,0.2170172084130019,0
2714,2921,59.0,1069.0,2.2,1300.0,250.0,1029,64,11,1136,1322,587,283,187,1136,NSW,0,708.9706,4.120058010868152,0.9058098591549296,0.056338028169014086,0.009683098591549295,0.140695915279879,0.7658450704225352,0.16461267605633803,0
2715,1382,46.0,1253.0,2.3,936.0,200.0,448,25,3,495,668,221,104,128,495,NSW,0,13749.9032,0.10050979849807233,0.9050505050505051,0.050505050505050504,0.006060606060606061,0.25898203592814373,0.6565656565656566,0.2585858585858586,0
2716,988,50.0,1239.0,2.2,842.0,175.0,359,15,10,385,457,188,91,72,385,NSW,0,2861.8271,0.34523399404527266,0.9324675324675324,0.03896103896103896,0.025974025974025976,0.15754923413566735,0.7246753246753247,0.18701298701298702,0
2717,1205,45.0,1095.0,2.5,1083.0,180.0,375,27,0,399,490,143,94,131,399,NSW,0,120.7928,9.975760144644383,0.9398496240601504,0.06766917293233082,0.0,0.18571428571428572,0.5939849624060151,0.3283208020050125,0
2720,8501,43.0,1336.0,2.4,1387.0,250.0,2845,311,50,3231,3651,1263,965,903,3231,NSW,0,2485.6548,3.4200243734568456,0.8805323429278861,0.09625502940266172,0.01547508511296812,0.11503697617091213,0.6895697926338595,0.27948003714020425,0
2721,230,45.0,959.0,2.5,433.0,140.0,81,4,0,82,115,42,12,14,82,NSW,0,539.5029,0.42631837567508907,0.9878048780487805,0.04878048780487805,0.0,0.28695652173913044,0.6585365853658537,0.17073170731707318,0
2722,3418,44.0,1327.0,2.4,1213.0,220.0,1125,13,69,1231,1447,549,336,266,1231,NSW,0,1576.1373,2.1685927996247534,0.9138911454102355,0.010560519902518278,0.056051990251827784,0.1492743607463718,0.718927701056052,0.21608448415922016,0
2725,347,53.0,986.0,2.2,1013.0,155.0,149,0,0,146,168,83,47,17,146,NSW,0,262.3734,1.322542605309837,1.0205479452054795,0.0,0.0,0.13095238095238093,0.8904109589041096,0.11643835616438356,0
2726,255,43.0,1303.0,2.4,964.0,185.0,96,0,0,96,124,49,22,10,96,NSW,0,160.6689,1.587114867905363,1.0,0.0,0.0,0.22580645161290325,0.7395833333333334,0.10416666666666667,0
2727,348,38.0,1781.0,2.7,997.0,125.0,102,0,0,102,121,61,18,12,102,NSW,0,772.9227,0.45023907306642696,1.0,0.0,0.0,0.15702479338842978,0.7745098039215687,0.11764705882352941,0
2729,1622,47.0,1345.0,2.4,1240.0,200.0,607,11,3,638,703,299,182,91,638,NSW,0,933.1202,1.7382540855936888,0.95141065830721,0.017241379310344827,0.004702194357366771,0.09246088193456614,0.7539184952978056,0.1426332288401254,0
2730,1335,50.0,1049.0,2.2,867.0,180.0,515,16,0,532,603,270,139,102,532,NSW,0,420.4856,3.174900638690124,0.9680451127819549,0.03007518796992481,0.0,0.11774461028192373,0.768796992481203,0.19172932330827067,0
2731,7446,49.0,1347.0,2.4,1625.0,311.0,2448,304,7,2802,3235,1229,867,554,2802,NSW,0,1428.1661,5.213679277221327,0.8736616702355461,0.10849393290506781,0.0024982155603140615,0.13384853168469857,0.7480371163454675,0.19771591720199858,0
2732,1877,56.0,1058.0,2.1,1102.0,180.0,678,72,16,778,986,402,165,162,778,NSW,0,1849.8263,1.014689865745773,0.87146529562982,0.09254498714652956,0.02056555269922879,0.21095334685598377,0.7287917737789203,0.20822622107969152,0
2733,598,46.0,1187.0,2.3,800.0,150.0,203,5,4,216,278,103,47,46,216,NSW,0,2279.3516,0.26235531192291706,0.9398148148148148,0.023148148148148147,0.018518518518518517,0.2230215827338129,0.6944444444444444,0.21296296296296297,0
2734,472,45.0,2012.0,2.7,1628.0,275.0,159,0,0,164,204,90,40,15,164,NSW,0,1755.2448,0.26890835967723703,0.9695121951219512,0.0,0.0,0.196078431372549,0.7926829268292683,0.09146341463414634,0
2735,408,45.0,1218.0,2.6,867.0,220.0,142,0,0,142,181,58,59,6,142,NSW,0,271.5656,1.5023994202505766,1.0,0.0,0.0,0.2154696132596685,0.823943661971831,0.04225352112676056,0
2736,419,40.0,1431.0,2.5,1083.0,210.0,116,6,0,138,160,55,33,42,138,NSW,0,213.1077,1.9661420023772018,0.8405797101449275,0.043478260869565216,0.0,0.13749999999999996,0.6376811594202898,0.30434782608695654,0
2737,822,36.0,1612.0,2.8,1083.0,250.0,214,0,7,235,246,88,76,48,235,NSW,0,3345.8754,0.24567561601367463,0.9106382978723404,0.0,0.029787234042553193,0.04471544715447151,0.6978723404255319,0.20425531914893616,0
2738,2132,37.0,2064.0,2.8,1733.0,250.0,681,16,6,707,817,264,330,89,707,NSW,0,2066.851,1.031520898216659,0.9632248939179632,0.02263083451202263,0.008486562942008486,0.1346389228886169,0.8401697312588402,0.12588401697312587,0
2739,1414,38.0,1438.0,2.6,1300.0,203.0,432,29,9,493,572,168,190,112,493,NSW,0,50.1706,28.183836749012368,0.8762677484787018,0.058823529411764705,0.018255578093306288,0.13811188811188813,0.7261663286004056,0.22718052738336714,0
2745,31847,35.0,2498.0,3.2,2429.0,480.0,9002,585,210,9844,10160,2552,5013,2125,9844,NSW,0,168.7608,188.71088546629312,0.9144656643640796,0.05942706216984966,0.021332791548151157,0.0311023622047244,0.768488419341731,0.21586753352295815,0
2747,54397,33.0,1925.0,2.8,2200.0,400.0,13840,2854,1417,18147,19112,3596,7675,6385,18147,NSW,0,55.0667,987.8383850857234,0.7626604948476332,0.15727117429878218,0.07808453187854741,0.05049183758894937,0.6210943957678955,0.3518487904336805,0
2748,1798,47.0,2279.0,3.1,2550.0,450.0,540,12,6,558,591,318,138,78,558,NSW,0,43.0734,41.74269967079451,0.967741935483871,0.021505376344086023,0.010752688172043012,0.055837563451776595,0.8172043010752689,0.13978494623655913,0
2749,17029,34.0,2118.0,3.0,2167.0,410.0,4923,506,20,5463,5693,1334,2613,1406,5463,NSW,0,47.0936,361.59902831807295,0.9011532125205931,0.09262310086033315,0.003660992128866923,0.0404004918320745,0.7224967966318873,0.2573677466593447,0
2750,49204,37.0,1654.0,2.4,2079.0,390.0,12492,2527,4058,19199,20661,5040,5903,7742,19199,NSW,0,35.3705,1391.1027551207928,0.6506588884837752,0.13162143861659462,0.2113651752695453,0.07076133778616722,0.5699776030001562,0.40325016927964996,0
2752,5747,35.0,2335.0,3.1,2383.0,410.0,1789,13,5,1811,1887,529,1026,225,1811,NSW,0,53.5688,107.2825973327758,0.9878520154610713,0.00717835450027609,0.0027609055770292656,0.04027556968733437,0.8586416344561016,0.12424075096631695,0
2753,17587,39.0,1848.0,2.7,2167.0,400.0,4973,688,331,6037,6408,2014,2096,1731,6037,NSW,0,169.4419,103.7936897544232,0.8237535199602452,0.11396388934901441,0.05482855723041246,0.05789637952559301,0.6808017227099553,0.2867318204406162,0
2754,7065,39.0,1764.0,2.6,2372.0,410.0,2120,424,34,2596,2717,843,941,672,2596,NSW,0,34.3251,205.82605731665748,0.8166409861325116,0.1633281972265023,0.013097072419106317,0.04453441295546556,0.687211093990755,0.2588597842835131,0
2756,35328,36.0,2055.0,2.9,2200.0,400.0,10415,1082,187,11777,12384,3290,5223,2976,11777,NSW,0,1486.8709,23.759964634454814,0.8843508533582406,0.09187399167869577,0.015878407064617475,0.04901485788113691,0.7228496221448586,0.25269593275027596,0
2757,850,43.0,1941.0,2.9,2500.0,460.0,280,0,3,282,300,124,110,40,282,NSW,0,8.3269,102.07880483733442,0.9929078014184397,0.0,0.010638297872340425,0.06000000000000005,0.8297872340425532,0.14184397163120568,0
2758,8848,43.0,2386.0,3.0,2530.0,440.0,2858,15,17,2910,3111,1130,1482,229,2910,NSW,0,572.1443,15.464630164103705,0.9821305841924398,0.005154639175257732,0.00584192439862543,0.06460945033751209,0.8975945017182131,0.07869415807560137,0
2759,26434,36.0,2134.0,3.1,2167.0,440.0,8164,90,47,8302,8536,2528,3871,1726,8302,NSW,0,15.5979,1694.7153142410198,0.9833774993977354,0.010840761262346423,0.005661286437003131,0.027413308341143416,0.7707781257528307,0.20790171043122138,0
2760,37632,34.0,1575.0,2.8,2000.0,380.0,8735,2620,1087,12481,13239,2333,4390,5337,12481,NSW,0,19.9308,1888.132939972304,0.6998637929653073,0.2099190769970355,0.08709238041823572,0.05725507968879828,0.5386587613172021,0.4276099671500681,0
2761,34702,33.0,2223.0,3.4,2167.0,430.0,9030,650,84,9782,10051,1819,5103,2610,9782,NSW,0,14.7648,2350.3196792371045,0.9231241054998978,0.06644857902269474,0.008587200981394398,0.02676350611879419,0.7076262523001431,0.2668166019218974,0
2762,21780,31.0,2716.0,3.2,2757.0,550.0,5485,318,704,6533,6922,474,3758,2189,6533,NSW,0,12.5171,1740.0196531145393,0.8395836522271545,0.048675952854737484,0.1077606000306138,0.0561976307425599,0.647788152456758,0.3350681157201898,0
2763,33197,35.0,2369.0,3.1,2383.0,450.0,7442,2382,428,10301,10690,2199,4880,3051,10301,NSW,0,13.0157,2550.535122966878,0.7224541306669255,0.23123968546743034,0.04154936413940394,0.0363891487371375,0.6872148335113096,0.2961848364236482,0
2765,45613,33.0,2572.0,3.2,2817.0,540.0,12874,257,167,13386,13946,2291,7591,3207,13386,NSW,0,127.5271,357.6729965630834,0.961751083221276,0.019199163304945466,0.01247572090243538,0.04015488312060811,0.7382339757956073,0.23957866427610935,0
2766,17047,37.0,1996.0,3.2,2167.0,420.0,3745,911,157,4834,5095,1164,1949,1570,4834,NSW,0,27.2383,625.8466938098193,0.774720728175424,0.18845676458419527,0.03247827885808854,0.05122669283611381,0.6439801406702523,0.3247827885808854,0
2767,23384,36.0,2004.0,3.1,2200.0,380.0,6167,779,103,7054,7324,1572,2805,2484,7054,NSW,0,10.1088,2313.2320354542576,0.874255741423306,0.11043379642755884,0.014601644457045648,0.03686510103768437,0.620499007655231,0.3521406294301106,0
2768,28864,37.0,2981.0,3.4,2600.0,580.0,7421,661,8,8087,8299,1912,4421,1618,8087,NSW,0,9.0194,3200.212874470586,0.9176456040558921,0.08173611969828119,0.0009892419933226165,0.025545246415230705,0.7831086929640163,0.2000741931494992,0
2769,16315,35.0,3285.0,3.5,3000.0,643.0,3778,708,0,4513,4673,542,2810,990,4513,NSW,0,4.6534,3506.038595435595,0.8371371593175272,0.15688012408597385,0.0,0.03423924673657175,0.7427431863505429,0.21936627520496343,0
2770,61494,33.0,1326.0,3.0,1800.0,320.0,14384,2395,1923,18740,20074,3766,5153,9238,18740,NSW,0,24.7303,2486.585282022458,0.7675560298826041,0.12780149413020278,0.10261472785485592,0.06645411975689952,0.4759338313767343,0.4929562433297759,0
2773,5978,45.0,2472.0,2.8,2500.0,480.0,1998,84,23,2096,2205,990,822,260,2096,NSW,0,8.3936,712.2093023255815,0.9532442748091603,0.04007633587786259,0.01097328244274809,0.04943310657596367,0.8645038167938931,0.12404580152671756,0
2774,13010,40.0,2228.0,2.7,2214.0,420.0,4409,221,15,4654,4842,1831,2031,729,4654,NSW,0,21.2999,610.8009896760078,0.9473571121615815,0.04748603351955307,0.0032230339492909325,0.0388269310202396,0.8298238074774388,0.15663944993553933,0
2775,1518,53.0,1188.0,2.0,1684.0,295.0,623,3,3,652,963,279,241,97,652,NSW,0,833.1402,1.8220222718817312,0.9555214723926381,0.004601226993865031,0.004601226993865031,0.32294911734164067,0.7975460122699386,0.14877300613496933,0
2776,4156,40.0,2152.0,2.7,2077.0,420.0,1449,18,8,1483,1550,553,715,187,1483,NSW,0,14.932,278.32842218055185,0.9770734996628456,0.012137559002022926,0.005394470667565745,0.04322580645161289,0.8550236008091706,0.1260957518543493,0
2777,17816,44.0,2014.0,2.6,2167.0,425.0,5921,442,206,6578,6868,2586,2831,923,6578,NSW,0,54.7327,325.5092476709535,0.9001216175129219,0.06719367588932806,0.031316509577379144,0.042224810716365746,0.8235025843721496,0.14031620553359683,0
2778,2425,45.0,1942.0,2.5,2000.0,420.0,932,6,7,949,1005,371,464,98,949,NSW,0,20.9602,115.69546092117442,0.982086406743941,0.006322444678609062,0.007376185458377239,0.05572139303482582,0.8798735511064278,0.10326659641728135,0
2779,5077,41.0,1794.0,2.6,1950.0,400.0,1830,50,9,1896,2022,690,887,281,1896,NSW,0,12.4995,406.176247049882,0.9651898734177216,0.026371308016877638,0.004746835443037975,0.06231454005934722,0.8317510548523207,0.14820675105485231,0
2780,13348,50.0,1238.0,2.1,1733.0,380.0,5030,376,570,6040,7334,2403,1716,1720,6040,NSW,0,38.4603,347.05917530544485,0.8327814569536424,0.06225165562913907,0.09437086092715231,0.17643850559040086,0.6819536423841059,0.2847682119205298,0
2782,6428,50.0,1528.0,2.3,2080.0,430.0,2463,86,24,2576,2947,1211,871,448,2576,NSW,0,21.0358,305.5743066581732,0.9561335403726708,0.033385093167701864,0.009316770186335404,0.12589073634204273,0.8082298136645962,0.17391304347826086,0
2783,2651,45.0,1519.0,2.4,1849.0,387.0,1019,12,46,1083,1170,400,468,194,1083,NSW,0,7.2887,363.71369379999174,0.9409048938134811,0.0110803324099723,0.04247460757156048,0.07435897435897432,0.801477377654663,0.1791320406278855,0
2784,1300,45.0,1765.0,2.5,1900.0,400.0,491,3,5,499,560,191,235,75,499,NSW,0,6.1389,211.76432259851114,0.9839679358717435,0.006012024048096192,0.01002004008016032,0.10892857142857137,0.8537074148296593,0.15030060120240482,0
2785,4822,53.0,1343.0,2.1,1733.0,380.0,2081,43,30,2168,2828,1019,639,451,2168,NSW,0,128.6447,37.483083251777956,0.959870848708487,0.019833948339483393,0.013837638376383764,0.23338048090523333,0.764760147601476,0.2080258302583026,0
2786,1178,51.0,1225.0,2.0,1590.0,380.0,534,3,0,541,772,271,179,78,541,NSW,0,84.7603,13.898015934346622,0.9870609981515711,0.005545286506469501,0.0,0.2992227979274611,0.8317929759704251,0.14417744916820702,0
2787,4605,48.0,1380.0,2.3,1517.0,280.0,1613,82,26,1731,2130,740,522,392,1731,NSW,0,4632.7818,0.994003214224335,0.9318313113807047,0.04737146158290006,0.015020219526285385,0.1873239436619718,0.7290583477758521,0.22645869439630273,0
2790,15452,47.0,1184.0,2.2,1517.0,270.0,5467,606,126,6254,7115,2556,1766,1631,6254,NSW,0,2481.3231,6.2273228343378575,0.8741605372561561,0.09689798528941478,0.020147105852254557,0.12101194659170766,0.6910777102654301,0.26079309242085064,0
2791,322,53.0,1359.0,2.2,1549.0,195.0,128,4,0,131,156,69,36,17,131,NSW,0,184.9651,1.7408689531160202,0.9770992366412213,0.030534351145038167,0.0,0.16025641025641024,0.8015267175572519,0.1297709923664122,0
2792,386,49.0,1481.0,2.3,1517.0,240.0,156,0,0,156,168,81,45,18,156,NSW,0,369.6931,1.0441092895701867,1.0,0.0,0.0,0.0714285714285714,0.8076923076923077,0.11538461538461539,0
2793,1074,55.0,916.0,2.2,867.0,185.0,412,4,0,420,549,253,100,43,420,NSW,0,648.0055,1.6573933400256633,0.9809523809523809,0.009523809523809525,0.0,0.23497267759562845,0.8404761904761905,0.10238095238095238,0
2794,10504,46.0,1115.0,2.3,1231.0,230.0,3831,273,90,4226,4699,1762,1128,1160,4226,NSW,0,1408.2658,7.458819208703358,0.9065309985802177,0.06460009465215334,0.02129673450070989,0.10065971483294323,0.6838618078561287,0.27449124467581637,0
2795,45077,39.0,1593.0,2.5,1733.0,320.0,14003,1633,699,16417,18040,5631,5431,4870,16417,NSW,0,5307.5248,8.493036151239462,0.8529573003593836,0.09947006152159348,0.042577815678869466,0.08996674057649667,0.6738137296704635,0.296643722970092,0
2797,434,47.0,1488.0,2.4,1318.0,250.0,160,0,0,159,184,67,68,19,159,NSW,0,147.8245,2.935913870840084,1.0062893081761006,0.0,0.0,0.13586956521739135,0.8490566037735849,0.11949685534591195,0
2798,2193,44.0,2074.0,2.7,1993.0,320.0,708,9,9,734,797,330,295,91,734,NSW,0,268.7089,8.161248101570138,0.9645776566757494,0.01226158038147139,0.01226158038147139,0.0790464240903388,0.8514986376021798,0.12397820163487738,0
2799,4156,40.0,1426.0,2.5,1408.0,260.0,1483,72,17,1591,1732,585,529,433,1591,NSW,0,630.7998,6.5884611884785,0.9321181646763043,0.04525455688246386,0.010685103708359522,0.0814087759815243,0.700188560653677,0.2721558768070396,0
2800,48283,37.0,1713.0,2.5,1733.0,330.0,15483,1562,560,17761,19349,5656,6133,5423,17761,NSW,0,1993.9511,24.21473625907877,0.8717414559990991,0.08794549856427003,0.03152975620742075,0.08207142487983876,0.6637576713022916,0.3053319069872192,0
2803,286,54.0,1187.0,2.3,1192.0,200.0,106,10,0,118,159,68,40,6,118,NSW,0,342.0982,0.8360172605409791,0.8983050847457628,0.0847457627118644,0.0,0.25786163522012584,0.9152542372881356,0.05084745762711865,0
2804,2832,48.0,1164.0,2.3,1206.0,220.0,1024,28,12,1074,1229,494,296,214,1074,NSW,0,878.0498,3.225329588367311,0.9534450651769087,0.0260707635009311,0.0111731843575419,0.12611879576891782,0.7355679702048417,0.19925512104283055,0
2805,408,47.0,992.0,2.4,1029.0,208.0,160,0,0,164,197,81,47,33,164,NSW,0,289.854,1.4076052081392703,0.975609756097561,0.0,0.0,0.1675126903553299,0.7804878048780488,0.20121951219512196,0
2806,862,50.0,1245.0,2.3,1192.0,210.0,312,0,0,315,357,151,87,52,315,NSW,0,519.6961,1.6586616678478057,0.9904761904761905,0.0,0.0,0.11764705882352944,0.7555555555555555,0.16507936507936508,0
2807,450,52.0,806.0,2.1,940.0,220.0,176,17,0,193,246,98,54,24,193,NSW,0,299.7008,1.5014974935001841,0.9119170984455959,0.08808290155440414,0.0,0.21544715447154472,0.7875647668393783,0.12435233160621761,0
2808,216,57.0,1034.0,2.0,867.0,200.0,91,0,0,91,150,51,24,15,91,NSW,0,242.5414,0.8905696099717408,1.0,0.0,0.0,0.3933333333333333,0.8241758241758241,0.16483516483516483,0
2809,202,53.0,1037.0,2.2,582.0,200.0,83,0,0,84,90,47,24,4,84,NSW,0,163.0067,1.2392128667103868,0.9880952380952381,0.0,0.0,0.06666666666666665,0.8452380952380952,0.047619047619047616,0
2810,3132,52.0,1048.0,2.2,1033.0,200.0,1224,35,46,1320,1526,668,321,253,1320,NSW,0,2658.971,1.1778992700559727,0.9272727272727272,0.026515151515151516,0.03484848484848485,0.13499344692005244,0.7492424242424243,0.19166666666666668,0
2817,359,45.0,1166.0,2.3,1083.0,148.0,127,0,0,136,166,58,40,15,136,NSW,0,961.4848,0.3733808376377869,0.9338235294117647,0.0,0.0,0.1807228915662651,0.7205882352941176,0.11029411764705882,0
2818,849,41.0,1469.0,2.6,1387.0,300.0,299,0,0,300,322,120,122,52,300,NSW,0,471.7655,1.7996229058716673,0.9966666666666667,0.0,0.0,0.06832298136645965,0.8066666666666666,0.17333333333333334,0
2820,7378,41.0,1122.0,2.3,1083.0,230.0,2242,100,51,2441,2853,954,679,676,2441,NSW,0,2438.751,3.0253191080188175,0.9184760344121262,0.04096681687832855,0.020893076607947564,0.14440939362075011,0.6689881196231053,0.276935682097501,0
2821,4778,39.0,1318.0,2.5,1213.0,250.0,1545,85,21,1664,1881,672,515,393,1664,NSW,0,2339.8603,2.0420022511600373,0.9284855769230769,0.05108173076923077,0.012620192307692308,0.11536416799574689,0.7133413461538461,0.2361778846153846,0
2822,433,45.0,1292.0,2.5,1300.0,200.0,139,0,0,147,173,59,58,21,147,NSW,0,501.7243,0.8630237762053781,0.9455782312925171,0.0,0.0,0.1502890173410405,0.7959183673469388,0.14285714285714285,0
2823,1340,43.0,1306.0,2.3,1056.0,180.0,438,0,26,473,547,212,101,135,473,NSW,0,2782.3577,0.48160594160844233,0.9260042283298098,0.0,0.05496828752642706,0.13528336380255945,0.6617336152219874,0.2854122621564482,0
2824,2055,46.0,1276.0,2.3,1050.0,200.0,709,44,14,782,955,329,179,199,782,NSW,0,4843.6,0.42427120323726153,0.9066496163682864,0.056265984654731455,0.017902813299232736,0.18115183246073296,0.649616368286445,0.2544757033248082,0
2825,2202,41.0,1451.0,2.4,1083.0,200.0,769,47,6,849,1080,331,202,241,849,NSW,0,7188.4073,0.3063265488587437,0.9057714958775029,0.05535924617196702,0.007067137809187279,0.2138888888888889,0.6277974087161367,0.2838633686690224,0
2826,178,46.0,1375.0,2.6,1520.0,165.0,63,0,0,65,68,38,12,7,65,NSW,0,1153.7892,0.15427428164520868,0.9692307692307692,0.0,0.0,0.044117647058823484,0.7692307692307693,0.1076923076923077,0
2827,3678,46.0,1133.0,2.3,1083.0,200.0,1269,35,51,1372,1623,558,339,361,1372,NSW,0,2964.6885,1.2406025118659176,0.9249271137026239,0.025510204081632654,0.03717201166180758,0.15465187923598278,0.6537900874635568,0.2631195335276968,0
2828,798,44.0,1107.0,2.3,460.0,160.0,286,0,0,291,333,137,49,72,291,NSW,0,2375.64,0.3359094812345305,0.9828178694158075,0.0,0.0,0.12612612612612617,0.6391752577319587,0.24742268041237114,0
2829,2965,38.0,1279.0,2.4,906.0,190.0,947,22,44,1024,1243,377,247,317,1024,NSW,0,6318.8294,0.4692324815732484,0.9248046875,0.021484375,0.04296875,0.17618664521319394,0.609375,0.3095703125,0
2830,44963,36.0,1695.0,2.5,1582.0,310.0,13346,1401,1106,15961,17076,4533,5514,5268,15961,NSW,0,3017.4938,14.900776266715113,0.8361631476724516,0.087776455109329,0.06929390389073366,0.06529632232372917,0.6294718376041601,0.33005450786291585,0
2831,1845,41.0,1528.0,2.7,1300.0,250.0,575,0,3,591,705,260,203,69,591,NSW,0,22389.3649,0.0824051958704733,0.9729272419627749,0.0,0.005076142131979695,0.16170212765957448,0.7834179357021996,0.116751269035533,0
2832,2149,38.0,1359.0,2.4,867.0,175.0,454,20,14,564,688,192,92,195,564,NSW,0,9695.0643,0.22165917971271218,0.8049645390070922,0.03546099290780142,0.024822695035460994,0.18023255813953487,0.5035460992907801,0.34574468085106386,0
2833,634,39.0,1042.0,2.5,759.0,180.0,178,7,0,192,273,61,28,84,192,NSW,0,5044.6803,0.12567694329410725,0.9270833333333334,0.036458333333333336,0.0,0.29670329670329665,0.4635416666666667,0.4375,0
2834,1984,53.0,793.0,2.0,867.0,195.0,458,33,13,743,891,365,92,213,743,NSW,0,2828.007,0.7015541333525694,0.6164199192462988,0.04441453566621804,0.017496635262449527,0.1661054994388328,0.6150740242261103,0.28667563930013457,0
2835,3793,36.0,1811.0,2.3,1159.0,200.0,1179,44,67,1314,1826,451,369,429,1314,NSW,0,29975.1826,0.12653801148153807,0.8972602739726028,0.0334855403348554,0.05098934550989345,0.28039430449069,0.624048706240487,0.3264840182648402,0
2836,895,36.0,1071.0,2.5,894.0,150.0,189,13,3,271,351,86,18,114,271,NSW,0,31517.8004,0.028396651690198532,0.6974169741697417,0.04797047970479705,0.01107011070110701,0.22792022792022792,0.3837638376383764,0.42066420664206644,0
2838,223,41.0,780.0,2.4,1300.0,170.0,77,4,0,80,105,16,6,36,80,NSW,0,3487.8165,0.06393684988874845,0.9625,0.05,0.0,0.23809523809523814,0.275,0.45,0
2839,1079,35.0,1017.0,2.3,733.0,150.0,324,35,3,371,468,89,38,204,371,NSW,0,12282.839,0.08784614045661593,0.8733153638814016,0.09433962264150944,0.008086253369272238,0.2072649572649573,0.3423180592991914,0.5498652291105122,0
2840,2389,36.0,1536.0,2.5,940.0,180.0,729,10,15,787,1121,255,171,264,787,NSW,0,62474.6022,0.0382395392027002,0.9263024142312579,0.012706480304955527,0.01905972045743329,0.29794826048171275,0.5412960609911055,0.3354510800508259,0
2842,720,46.0,941.0,2.4,737.0,200.0,265,0,0,275,362,137,64,42,275,NSW,0,1317.6706,0.5464188090710986,0.9636363636363636,0.0,0.0,0.24033149171270718,0.730909090909091,0.15272727272727274,0
2843,1262,47.0,1162.0,2.4,1000.0,170.0,411,15,0,424,519,203,106,89,424,NSW,0,1590.9154,0.7932539970384346,0.9693396226415094,0.03537735849056604,0.0,0.18304431599229287,0.7287735849056604,0.2099056603773585,0
2844,1312,51.0,1020.0,2.2,1083.0,200.0,509,12,0,523,644,255,108,123,523,NSW,0,1821.5658,0.7202594602950934,0.9732313575525813,0.022944550669216062,0.0,0.18788819875776397,0.6940726577437859,0.23518164435946462,0
2845,2019,39.0,1424.0,2.6,1517.0,275.0,699,27,4,744,824,260,278,189,744,NSW,0,67.0705,30.102653178372012,0.9395161290322581,0.036290322580645164,0.005376344086021506,0.09708737864077666,0.7231182795698925,0.2540322580645161,0
2846,253,55.0,787.0,2.0,1062.0,230.0,106,0,0,108,205,68,18,10,108,NSW,0,591.8498,0.4274733217785999,0.9814814814814815,0.0,0.0,0.47317073170731705,0.7962962962962963,0.09259259259259259,0
2847,2447,46.0,1150.0,2.3,1272.0,250.0,926,6,0,949,1071,457,320,143,949,NSW,0,98.897,24.742914345227863,0.9757639620653319,0.006322444678609062,0.0,0.11391223155929042,0.8187565858798735,0.1506849315068493,0
2848,1540,54.0,703.0,1.9,871.0,220.0,683,18,11,714,844,347,122,198,714,NSW,0,166.2149,9.265114018057346,0.9565826330532213,0.025210084033613446,0.015406162464985995,0.15402843601895733,0.6568627450980392,0.2773109243697479,0
2849,1610,52.0,1172.0,2.2,1394.0,270.0,620,7,3,640,807,336,151,103,640,NSW,0,2801.0405,0.5747864052661859,0.96875,0.0109375,0.0046875,0.20693928128872363,0.7609375,0.1609375,0
2850,19146,40.0,1671.0,2.5,1733.0,360.0,6316,558,47,7033,8378,2559,2382,1801,7033,NSW,0,6005.3758,3.1881435296688676,0.8980520403810607,0.07934025309256362,0.006682781174463245,0.16053950823585583,0.702545144319636,0.2560784871320916,0
2852,3734,42.0,1365.0,2.5,1517.0,300.0,1313,23,22,1377,1560,564,485,274,1377,NSW,0,1240.991,3.008885640588852,0.953522149600581,0.01670297748729121,0.01597676107480029,0.11730769230769234,0.7618010167029775,0.19898329702251272,0
2864,824,44.0,1375.0,2.5,1517.0,265.0,301,0,3,306,348,148,105,40,306,NSW,0,438.2457,1.8802238105245528,0.9836601307189542,0.0,0.00980392156862745,0.12068965517241381,0.826797385620915,0.13071895424836602,0
2865,927,44.0,1434.0,2.5,1300.0,210.0,331,0,7,349,411,152,126,48,349,NSW,0,620.1745,1.4947405931717606,0.9484240687679083,0.0,0.02005730659025788,0.15085158150851585,0.7965616045845272,0.13753581661891118,0
2866,3112,42.0,1397.0,2.5,1621.0,270.0,951,27,26,1124,1272,466,369,231,1124,NSW,0,1198.7089,2.596126549156346,0.8460854092526691,0.02402135231316726,0.023131672597864767,0.11635220125786161,0.7428825622775801,0.20551601423487545,0
2867,636,41.0,1257.0,2.6,940.0,210.0,214,3,0,222,277,110,55,36,222,NSW,0,1042.378,0.6101433453123531,0.963963963963964,0.013513513513513514,0.0,0.1985559566787004,0.7432432432432432,0.16216216216216217,0
2868,579,45.0,1190.0,2.5,1000.0,195.0,202,0,0,209,232,100,44,47,209,NSW,0,777.9814,0.7442337310377858,0.9665071770334929,0.0,0.0,0.09913793103448276,0.6889952153110048,0.22488038277511962,0
2869,1528,49.0,1056.0,2.2,975.0,195.0,525,16,7,571,670,273,113,136,571,NSW,0,2103.7978,0.7263055413405224,0.9194395796847635,0.028021015761821366,0.012259194395796848,0.14776119402985077,0.6760070052539404,0.2381786339754816,0
2870,12036,39.0,1405.0,2.4,1300.0,260.0,4033,168,282,4533,5143,1567,1479,1280,4533,NSW,0,2453.9995,4.904646476089339,0.8896977718949923,0.037061548643282594,0.062210456651224356,0.1186078164495431,0.6719611736157071,0.2823737039488198,0
2871,8965,42.0,1249.0,2.3,1257.0,230.0,3063,156,162,3434,3860,1290,1017,932,3434,NSW,0,3837.8532,2.33594135387982,0.8919627256843331,0.045428072218986607,0.04717530576587071,0.11036269430051815,0.6718112987769366,0.27140361094933024,0
2873,560,52.0,962.0,2.2,813.0,120.0,211,0,7,223,250,119,42,39,223,NSW,0,3202.9936,0.174836440509903,0.9461883408071748,0.0,0.03139013452914798,0.10799999999999998,0.7219730941704036,0.17488789237668162,0
2874,369,50.0,931.0,2.3,345.0,100.0,125,0,0,133,135,80,28,17,133,NSW,0,1358.1326,0.2716965928069174,0.9398496240601504,0.0,0.0,0.014814814814814836,0.8120300751879699,0.12781954887218044,0
2875,802,50.0,1160.0,2.3,780.0,160.0,299,0,6,313,364,152,78,70,313,NSW,0,2311.0022,0.3470355848211655,0.9552715654952076,0.0,0.019169329073482427,0.14010989010989006,0.7348242811501597,0.22364217252396165,0
2876,494,40.0,1353.0,2.7,1100.0,200.0,156,0,0,155,210,81,45,19,155,NSW,0,935.4993,0.5280602561648096,1.0064516129032257,0.0,0.0,0.26190476190476186,0.8129032258064516,0.12258064516129032,0
2877,3575,39.0,1282.0,2.4,952.0,200.0,1214,37,11,1275,1580,491,339,354,1275,NSW,0,15332.1603,0.23317001192584713,0.952156862745098,0.029019607843137254,0.008627450980392156,0.19303797468354433,0.6509803921568628,0.2776470588235294,0
2878,286,42.0,1395.0,2.2,100.0,150.0,87,3,0,98,131,45,7,27,98,NSW,0,18261.1234,0.015661687056996724,0.8877551020408163,0.030612244897959183,0.0,0.25190839694656486,0.5306122448979592,0.2755102040816326,0
2879,577,52.0,841.0,2.0,650.0,176.0,217,8,0,234,354,109,27,75,234,NSW,0,13320.0094,0.04331828774835549,0.9273504273504274,0.03418803418803419,0.0,0.3389830508474576,0.5811965811965812,0.32051282051282054,0
2880,18097,44.0,1182.0,2.2,867.0,220.0,7050,177,186,7467,9015,3155,2224,1759,7467,NSW,0,66191.4077,0.27340406600840433,0.9441542788268381,0.023704298915227,0.02490960224989956,0.17171381031613975,0.7203696263559662,0.23556984063211464,0
2898,445,46.0,1699.0,2.2,1400.0,310.0,126,28,11,161,200,67,25,60,161,NSW,0,16.2918,27.314354460526157,0.782608695652174,0.17391304347826086,0.06832298136645963,0.19499999999999995,0.5714285714285714,0.37267080745341613,0
2899,2188,50.0,1184.0,2.1,1300.0,240.0,858,11,10,898,1081,369,213,260,898,OT,0,38.651,56.60914335980957,0.955456570155902,0.012249443207126948,0.011135857461024499,0.1692876965772433,0.6481069042316259,0.289532293986637,0
2900,4177,36.0,1860.0,1.9,1625.0,450.0,68,709,1320,2107,2349,473,730,813,2107,ACT,0,101.0226,41.34718369948903,0.0322733744660655,0.3364973896535358,0.6264831514000949,0.10302256279267774,0.570953962980541,0.3858566682486948,0
2902,15670,41.0,2207.0,2.6,2000.0,400.0,4953,777,114,5852,6138,2085,2387,1234,5852,ACT,0,11.3361,1382.3096126533817,0.8463773069036227,0.13277511961722488,0.01948051948051948,0.04659498207885304,0.7641831852358169,0.21086807928913193,0
2903,9588,39.0,2311.0,2.6,2100.0,400.0,3159,319,23,3505,3670,1239,1455,746,3505,ACT,0,6.484,1478.7168414558914,0.901283880171184,0.09101283880171183,0.006562054208273894,0.04495912806539515,0.7686162624821683,0.21283880171184022,0
2904,13196,41.0,2577.0,2.7,2167.0,462.0,4398,305,50,4757,4961,1820,2059,691,4757,ACT,0,9.7514,1353.241585823574,0.9245322682362833,0.06411603952070632,0.010510826150935463,0.04112074178593028,0.8154298927895732,0.1452596174059281,0
2905,28731,37.0,2311.0,2.7,2000.0,430.0,8800,1263,240,10307,10741,2945,5035,2122,10307,ACT,0,19.8141,1450.0280103562616,0.8537886872998933,0.1225380809158824,0.023285146017269817,0.04040592123638398,0.7742311050742214,0.20587949936936062,0
2906,18107,37.0,2410.0,2.7,2000.0,410.0,4802,1332,257,6393,6607,1612,3481,1177,6393,ACT,0,11.2186,1614.0160091276987,0.751134052870327,0.20835288596902862,0.04020021898951979,0.03238988951112454,0.796652588768966,0.1841076177068669,0
2911,4804,34.0,2807.0,2.8,2400.0,460.0,1170,261,250,1689,1757,225,806,571,1689,ACT,0,5.0536,950.6094665189172,0.6927175843694494,0.15452930728241562,0.14801657785671996,0.038702333523050636,0.6104203670811131,0.33806986382474835,0
2912,8604,31.0,2208.0,2.6,1801.0,450.0,1142,559,1498,3225,3534,428,1038,1695,3225,ACT,0,31.9188,269.55900597766833,0.3541085271317829,0.17333333333333334,0.46449612403100776,0.08743633276740237,0.4545736434108527,0.5255813953488372,0
2913,39396,34.0,2429.0,2.8,2000.0,460.0,9482,3305,1007,13809,14426,2906,6610,3977,13809,ACT,0,21.81,1806.327372764787,0.6866536316894779,0.23933666449417046,0.07292345571728583,0.0427699986136143,0.6891157940473605,0.2880005793323195,0
2914,34576,31.0,2841.0,3.1,2167.0,480.0,7765,1957,1119,10857,11233,1312,5915,3452,10857,ACT,0,16.4832,2097.6509415647447,0.7152067790365663,0.18025237174173345,0.10306714562033711,0.03347280334728031,0.6656534954407295,0.3179515519941052,0
3000,43084,28.0,1306.0,1.7,1733.0,370.0,7,48,21559,21750,32013,2244,2416,16357,21750,VIC,0,2.4814,17362.77907632788,0.0003218390804597701,0.002206896551724138,0.9912183908045977,0.3205885109174398,0.2142528735632184,0.7520459770114942,0
3002,4896,42.0,2345.0,1.8,2383.0,480.0,77,538,1762,2396,3255,645,428,1264,2396,VIC,0,1.8557,2638.3574931292774,0.03213689482470785,0.22454090150250416,0.7353923205342237,0.2639016897081413,0.4478297161936561,0.5275459098497496,0
3003,8025,31.0,1788.0,1.9,2106.0,388.0,46,718,3066,3853,4968,453,795,2511,3853,VIC,0,6.5822,1219.1972288900367,0.011938749026732417,0.1863483000259538,0.7957435764339476,0.22443639291465378,0.32390345185569686,0.6516999740461977,0
3004,11482,37.0,2090.0,1.7,2000.0,451.0,6,7,5694,5728,7641,1246,1195,3143,5728,VIC,0,4.0421,2840.60265703471,0.001047486033519553,0.0012220670391061453,0.9940642458100558,0.25035990053657897,0.4261522346368715,0.5487081005586593,0
3006,22699,31.0,1927.0,1.8,1900.0,411.0,3,158,11712,11920,16660,1500,2114,7984,11920,VIC,0,1.8542,12241.937223600475,0.0002516778523489933,0.013255033557046979,0.9825503355704698,0.28451380552220884,0.30318791946308726,0.6697986577181209,0
3008,15495,32.0,1957.0,1.8,2000.0,411.0,41,108,7376,7540,9965,930,1359,5059,7540,VIC,0,3.148,4922.172808132147,0.005437665782493369,0.014323607427055704,0.9782493368700266,0.24335173105870544,0.30358090185676395,0.6709549071618037,0
3011,22278,34.0,1896.0,2.1,2000.0,369.0,3724,1445,4200,9450,11680,1525,2739,4945,9450,VIC,0,5.9664,3733.90989541432,0.3940740740740741,0.1529100529100529,0.4444444444444444,0.1909246575342466,0.45121693121693124,0.5232804232804232,0
3012,27023,35.0,1987.0,2.4,2100.0,370.0,5798,2803,1892,10550,11768,2220,3751,4289,10550,VIC,0,15.258,1771.070913619085,0.5495734597156398,0.2656872037914692,0.17933649289099526,0.10350101971447989,0.5659715639810426,0.4065402843601896,0
3013,15636,37.0,2485.0,2.5,2500.0,462.0,4346,981,661,6060,6629,1608,2323,2011,6060,VIC,0,5.6587,2763.1788219909167,0.7171617161716172,0.1618811881188119,0.10907590759075908,0.08583496756675213,0.6486798679867987,0.33184818481848183,0
3015,18634,38.0,2556.0,2.6,2500.0,460.0,4373,2042,452,6897,7525,1887,2798,2087,6897,VIC,0,8.8059,2116.0812636982023,0.634043787153835,0.29607075540089894,0.0655357401768885,0.08345514950166111,0.6792808467449616,0.3025953313034653,0
3016,16025,45.0,2382.0,2.5,2600.0,450.0,3321,1926,839,6118,6897,2352,2052,1570,6118,VIC,0,7.3729,2173.5002509189057,0.5428244524354364,0.3148087610330173,0.13713631905851587,0.11294765840220389,0.719843085975809,0.2566198103955541,0
3018,13556,42.0,1861.0,2.3,2200.0,390.0,3573,1578,423,5591,6091,2080,1694,1662,5591,VIC,0,17.6826,766.6293418388698,0.6390627794670005,0.2822393131818995,0.07565730638526202,0.08208832703989488,0.6750134144160258,0.29726345913074587,0
3019,9682,34.0,1451.0,2.7,1859.0,312.0,1604,1654,131,3412,3722,641,1010,1620,3412,VIC,0,4.3246,2238.8197752393285,0.47010550996483,0.4847596717467761,0.03839390386869871,0.0832885545405696,0.4838804220398593,0.47479484173505276,0
3020,44372,37.0,1428.0,2.7,1733.0,340.0,11614,2459,1098,15211,16707,5224,4353,5011,15211,VIC,0,25.1062,1767.3722028821564,0.7635263953717705,0.16165932548813358,0.07218460324764973,0.08954330520141263,0.6296101505489449,0.3294326474262047,0
3021,55112,37.0,1238.0,2.8,1500.0,325.0,14505,2151,1227,17935,19243,6477,4983,5674,17935,VIC,0,19.4985,2826.473831320358,0.8087538332868692,0.11993309172010036,0.06841371619737943,0.06797276931871332,0.6389740730415389,0.316364650125453,0
3022,3170,37.0,1452.0,2.4,1700.0,340.0,876,229,7,1143,1238,342,372,393,1143,VIC,0,2.1307,1487.7739709954474,0.7664041994750657,0.20034995625546806,0.006124234470691163,0.07673667205169632,0.6246719160104987,0.3438320209973753,0
3023,67146,35.0,1905.0,3.2,1869.0,381.0,17430,1894,353,19696,20753,5300,9397,4291,19696,VIC,0,39.5156,1699.2276468027817,0.8849512591389115,0.09616165718927701,0.017922420796100732,0.05093239531633975,0.7461921202274574,0.21786149471974006,0
3024,34004,31.0,1995.0,3.1,1800.0,350.0,10022,451,10,10489,11120,1443,5717,3086,10489,VIC,0,143.8812,236.3338643269586,0.955477166555439,0.0429974258747259,0.0009533797311469158,0.05674460431654671,0.6826198875011917,0.2942129850319382,0
3025,12962,37.0,1695.0,2.6,2167.0,400.0,3233,1280,159,4697,5079,1674,1429,1443,4697,VIC,0,14.0387,923.3048644105223,0.6883116883116883,0.2725143708750266,0.03385139450713221,0.07521165583776335,0.6606344475196935,0.3072173727911433,0
3026,8770,32.0,2242.0,3.5,1976.0,397.0,2245,70,0,2368,2425,384,1384,535,2368,VIC,0,28.0154,313.0421125523819,0.9480574324324325,0.02956081081081081,0.0,0.02350515463917524,0.7466216216216216,0.22592905405405406,0
3027,9448,31.0,2582.0,3.2,2167.0,420.0,2507,156,155,2823,3054,278,1365,1108,2823,VIC,0,3.8324,2465.2958981317192,0.8880623450230252,0.05526036131774708,0.0549061282323769,0.07563850687622786,0.5820049592631952,0.3924902585901523,0
3028,28191,38.0,1634.0,2.5,1733.0,341.0,9016,1062,431,10524,11250,3639,3567,3069,10524,VIC,0,15.9215,1770.6246270765946,0.8567084758646902,0.10091220068415051,0.040954009882174076,0.06453333333333333,0.6847206385404789,0.2916191562143672,0
3029,129888,31.0,1960.0,3.2,1900.0,371.0,33516,3435,985,37971,40167,6596,19206,10926,37971,VIC,0,117.7951,1102.6604672010974,0.8826736193410761,0.09046377498617365,0.02594084959574412,0.054671745462693266,0.6795185799689236,0.2877459113534013,0
3030,119201,34.0,2057.0,2.9,2000.0,371.0,33400,4370,892,38707,41811,7835,17227,12577,38707,VIC,0,240.1449,496.37114925197244,0.862893016766993,0.11289947554705868,0.02304492727413646,0.07423883666977593,0.6474797840183946,0.3249283075412716,0
3031,17772,35.0,1947.0,2.1,2119.0,361.0,1491,3238,3075,7842,8994,1318,2138,4214,7842,VIC,0,5.0163,3542.8503079959332,0.1901300688599847,0.4129048712063249,0.39211935730680947,0.1280853902601734,0.4407039020657995,0.5373629176230553,0
3032,29874,36.0,2057.0,2.3,2167.0,381.0,4607,3050,4387,12080,13738,3085,3944,4755,12080,VIC,0,9.7503,3063.9057259776623,0.38137417218543046,0.25248344370860926,0.36316225165562915,0.12068714514485368,0.5818708609271523,0.39362582781456956,0
3033,15078,43.0,1911.0,2.6,2167.0,406.0,4390,1003,46,5447,5800,2505,1769,1022,5447,VIC,0,9.0694,1662.5135069574615,0.8059482283825959,0.18413805764641086,0.00844501560492014,0.06086206896551727,0.7846521020745364,0.1876262162658344,0
3034,12388,45.0,1587.0,2.6,2167.0,400.0,3449,996,21,4491,4765,2115,1291,887,4491,VIC,0,5.4087,2290.384010945329,0.7679804052549544,0.22177688710754842,0.004676018704074816,0.057502623294858335,0.7584057002894679,0.19750612335782677,0
3036,5974,46.0,2043.0,2.7,2167.0,400.0,1877,274,0,2156,2293,1036,778,196,2156,VIC,0,18.1531,329.0897973348905,0.8705936920222634,0.12708719851576994,0.0,0.05974705625817711,0.8413729128014842,0.09090909090909091,0
3037,51402,36.0,2047.0,3.1,1838.0,370.0,12656,2841,298,15793,16380,4749,7687,2881,15793,VIC,0,22.5466,2279.8115902175937,0.8013676945482175,0.17988982460583802,0.018869119230038624,0.03583638583638582,0.7874374722978534,0.1824225922877224,0
3038,26703,44.0,1922.0,2.9,1800.0,381.0,7902,976,48,8933,9300,4425,3035,1170,8933,VIC,0,13.3509,2000.0898815810172,0.8845852457181238,0.10925780812716893,0.005373334825926341,0.03946236559139782,0.8351057875293855,0.13097503638195454,0
3039,16224,38.0,2111.0,2.2,2167.0,400.0,3064,1076,2697,6862,7855,2058,1986,2648,6862,VIC,0,4.3551,3725.28759385548,0.4465170504226173,0.15680559603614105,0.3930341008452346,0.12641629535327814,0.5893325561060915,0.38589332556106093,0
3040,26722,39.0,2199.0,2.4,2383.0,385.0,5318,2112,3002,10466,11807,3507,3246,3473,10466,VIC,0,8.7364,3058.6969461105264,0.5081215364035926,0.20179629275750047,0.2868335562774699,0.11357669179300411,0.6452321803936556,0.3318364227020829,0
3041,13111,40.0,2191.0,2.6,2383.0,391.0,3092,891,814,4811,5258,1816,1699,1202,4811,VIC,0,8.2317,1592.7451194771431,0.6426938266472667,0.18520058199958428,0.16919559343171897,0.08501331304678583,0.730617335273332,0.2498441072542091,0
3042,16763,40.0,1853.0,2.4,2113.0,410.0,4495,2030,129,6668,7248,2630,2240,1646,6668,VIC,0,8.8886,1885.8987917107306,0.6741151769646071,0.3044391121775645,0.01934613077384523,0.08002207505518766,0.7303539292141572,0.2468506298740252,0
3043,17912,41.0,1505.0,2.5,1900.0,375.0,5270,1523,60,6857,7317,2494,2382,1694,6857,VIC,0,12.4013,1444.3647037004184,0.7685576782849642,0.22210879393320695,0.008750182295464488,0.0628672953396201,0.7110981478780808,0.24704681347528074,0
3044,28701,37.0,2095.0,2.5,2167.0,401.0,6471,3899,523,10928,11932,3418,3864,3389,10928,VIC,0,8.0231,3577.2955590731763,0.5921486090775988,0.35678989751098095,0.04785871156661786,0.0841434797184043,0.6663616398243045,0.3101207906295754,0
3045,64,37.0,,2.0,1700.0,,0,0,0,0,0,0,0,0,0,VIC,0,27.0408,2.3667938818378156,,,,,,,1
3046,36772,35.0,1727.0,2.5,2000.0,371.0,8140,4466,911,13545,14884,3983,4499,4692,13545,VIC,0,14.2984,2571.756280422984,0.6009597637504615,0.3297157622739018,0.06725729051310447,0.08996237570545551,0.6262089331856774,0.3464008859357697,0
3047,21478,32.0,1159.0,3.0,1449.0,330.0,4855,865,791,6533,7205,1631,1838,2777,6533,VIC,0,11.4857,1869.9774502207092,0.7431501607224859,0.13240471452625133,0.12107760600030613,0.09326856349757118,0.530996479412215,0.4250727077912138,0
3048,18081,34.0,1225.0,3.2,1443.0,341.0,4442,787,47,5283,5644,1498,1932,1602,5283,VIC,0,7.7607,2329.815609416676,0.8408101457505205,0.14896838917281846,0.00889646034450123,0.0639617292700213,0.6492523187582813,0.303236797274276,0
3049,9812,40.0,1741.0,2.6,1820.0,360.0,2941,569,20,3535,3704,1269,1486,703,3535,VIC,0,10.072,974.1858617950755,0.831966053748232,0.16096181046676097,0.005657708628005658,0.045626349892008644,0.7793493635077794,0.19886845827439886,0
3051,14953,31.0,1717.0,2.0,2035.0,381.0,272,1741,4430,6486,8072,858,1286,4134,6486,VIC,0,2.3457,6374.642963720851,0.04193647856922603,0.26842429848905336,0.6830095590502621,0.1964816650148662,0.33055812519272276,0.637372802960222,0
3052,7297,26.0,1885.0,2.1,2000.0,396.0,48,775,1320,2148,2715,391,308,1377,2148,VIC,0,4.0649,1795.124111294251,0.0223463687150838,0.3608007448789572,0.6145251396648045,0.20883977900552486,0.3254189944134078,0.6410614525139665,0
3053,16034,27.0,1291.0,1.8,1875.0,365.0,93,1186,5583,6915,9831,922,696,5002,6915,VIC,0,1.749,9167.52429959977,0.013449023861171366,0.1715112075198843,0.8073752711496747,0.29661275556911815,0.23398409255242228,0.723355025307303,0
3054,8186,34.0,2355.0,2.3,2600.0,541.0,279,2352,788,3461,3994,1030,647,1664,3461,VIC,0,2.3042,3552.6429997396062,0.0806125397284022,0.6795723779254551,0.2276798613117596,0.13345017526289438,0.4845420398728691,0.4807859000288934,0
3055,14746,34.0,1797.0,2.1,2000.0,366.0,2513,1334,2730,6612,7631,1552,1763,3152,6612,VIC,0,3.2333,4560.6655738718955,0.38006654567453113,0.20175438596491227,0.4128856624319419,0.13353426811689162,0.5013611615245009,0.4767090139140956,0
3056,24912,34.0,2095.0,2.1,2156.0,441.0,3892,3235,3782,11056,12656,2616,2897,5307,11056,VIC,0,4.9839,4998.495154397158,0.3520260492040521,0.2926013024602026,0.3420767004341534,0.12642225031605558,0.4986432706222865,0.48001085383502173,0
3057,13262,33.0,2088.0,2.0,2000.0,421.0,1439,1640,3216,6351,7242,1143,1687,3391,6351,VIC,0,2.2572,5875.420875420875,0.22657849157612975,0.2582270508581326,0.5063769485120454,0.12303231151615579,0.44559911824909465,0.5339316643048339,0
3058,34906,37.0,2046.0,2.5,2167.0,421.0,8984,3087,1187,13302,14502,4210,4417,4338,13302,VIC,0,11.7022,2982.8579241510147,0.6753871598255902,0.23207036535859268,0.0892347015486393,0.08274720728175422,0.6485490903623515,0.3261163734776725,0
3059,21274,35.0,2262.0,3.2,2167.0,430.0,6141,192,0,6346,6594,2015,3412,775,6346,VIC,0,30.5625,696.0817995910021,0.96769618657422,0.030255278915852505,0.0,0.03760994843797394,0.8551843681058935,0.12212417270721715,0
3060,14274,35.0,1428.0,2.8,1876.0,376.0,3934,726,24,4704,5169,1706,1392,1451,4704,VIC,0,5.2301,2729.202118506338,0.8363095238095238,0.15433673469387754,0.00510204081632653,0.08995937318630298,0.6585884353741497,0.30846088435374147,0
3061,4977,38.0,1110.0,2.9,1600.0,320.0,1357,88,44,1594,1688,630,480,419,1594,VIC,0,12.247,406.3852372009472,0.8513174404015057,0.05520702634880803,0.027603513174404015,0.055687203791469186,0.6963613550815558,0.26286072772898367,0
3062,6,52.0,1187.0,1.3,800.0,115.0,0,0,0,0,3,0,0,3,0,VIC,0,5.4102,1.1090163025396473,,,,1.0,,,1
3063,563,45.0,2410.0,3.1,2167.0,356.0,166,0,0,169,189,78,71,19,169,VIC,0,45.0391,12.500249782966357,0.9822485207100592,0.0,0.0,0.10582010582010581,0.8816568047337278,0.11242603550295859,0
3064,114413,31.0,1822.0,3.4,1900.0,381.0,29684,2517,301,32529,34370,4681,18513,8393,32529,VIC,0,132.217,865.3425807573911,0.9125395800670171,0.07737710965599927,0.009253281687109963,0.05356415478615073,0.7130253005010914,0.2580159242522057,0
3065,10431,35.0,2194.0,2.0,2500.0,451.0,145,1667,2711,4565,5620,823,919,2685,4565,VIC,0,1.4195,7348.36209933075,0.03176341730558598,0.3651697699890471,0.5938663745892662,0.18772241992882566,0.3815991237677985,0.588170865279299,0
3066,9179,33.0,2130.0,1.9,2167.0,425.0,259,1151,3062,4489,5357,484,1011,2888,4489,VIC,0,1.3265,6919.713531850735,0.057696591668523055,0.25640454444196925,0.6821118289151259,0.16203098749299982,0.33303631098240144,0.643350412118512,0
3067,9096,33.0,2196.0,1.9,2167.0,424.0,449,1050,2764,4403,5408,684,1183,2436,4403,VIC,0,1.8302,4969.948639492952,0.10197592550533727,0.2384737678855326,0.6277538042243924,0.1858357988165681,0.4240290710878946,0.5532591414944356,0
3068,19382,36.0,2406.0,2.2,2600.0,500.0,1413,4021,2660,8148,9183,2174,2020,3712,8148,VIC,0,4.0529,4782.254681832762,0.17341678939617083,0.49349533627884146,0.32646048109965636,0.11270826527278666,0.5147275405007363,0.45557191948944525,0
3070,25276,37.0,2287.0,2.3,2400.0,475.0,5023,2801,2333,10237,11280,3081,3091,3838,10237,VIC,0,6.0094,4206.077145804906,0.49067109504737716,0.27361531698739866,0.22789879847611605,0.09246453900709217,0.6029110090846928,0.37491452573996287,0
3071,19005,37.0,1971.0,2.3,2200.0,391.0,4111,1872,1957,7996,8907,2165,2306,3347,7996,VIC,0,5.1328,3702.6574189526186,0.5141320660330165,0.23411705852926462,0.24474737368684343,0.10227910632087123,0.5591545772886444,0.418584292146073,0
3072,33790,37.0,1844.0,2.4,2000.0,392.0,7600,3397,2498,13645,15106,3711,4110,5472,13645,VIC,0,11.4069,2962.2421516801232,0.5569805789666544,0.24895566141443753,0.18307072187614512,0.09671653647557266,0.5731769879076585,0.4010260168559912,0
3073,51096,38.0,1541.0,2.4,1986.0,360.0,12804,6582,786,20261,22212,6267,5885,7383,20261,VIC,0,19.0274,2685.390542060397,0.6319530131780268,0.3248605695671487,0.03879374167119096,0.08783540428597159,0.5997729628350033,0.3643946498198509,0
3074,20234,39.0,1225.0,2.6,1690.0,350.0,6192,699,445,7347,7890,3135,1842,2105,7347,VIC,0,14.7441,1372.3455483888472,0.8427929767251939,0.09514087382605145,0.06056893970328025,0.0688212927756654,0.6774193548387096,0.28651150129304476,0
3075,23219,37.0,1348.0,2.8,1775.0,351.0,7016,384,493,7905,8362,3088,2402,2167,7905,VIC,0,7.7247,3005.812523463694,0.887539531941809,0.04857685009487666,0.06236559139784946,0.05465199712987323,0.6944971537001897,0.2741302972802024,0
3076,33489,35.0,1671.0,2.9,1733.0,361.0,8687,1816,188,10704,11275,2762,4490,3146,10704,VIC,0,35.2737,949.404230347256,0.8115657698056801,0.1696562032884903,0.017563527653213753,0.050643015521064316,0.6775037369207773,0.2939088191330344,0
3078,12237,38.0,2166.0,2.3,2277.0,396.0,2364,1147,1456,4987,5505,1506,1491,1894,4987,VIC,0,6.3555,1925.418928487137,0.47403248445959495,0.22999799478644475,0.29195909364347306,0.09409627611262483,0.600962502506517,0.3797874473631442,0
3079,17055,41.0,2328.0,2.4,2500.0,431.0,3820,1208,1593,6641,7434,2447,2050,1995,6641,VIC,0,7.5901,2247.005968300813,0.5752145761180545,0.18190031621743713,0.2398735130251468,0.10667204735001345,0.6771570546604427,0.3004065652763138,0
3081,14003,35.0,1597.0,2.3,2080.0,351.0,3428,1979,161,5570,6233,1147,1659,2597,5570,VIC,0,6.231,2247.3118279569894,0.6154398563734291,0.35529622980251346,0.028904847396768404,0.1063693245628109,0.503770197486535,0.46624775583482947,0
3082,28712,40.0,1735.0,2.7,1748.0,366.0,8819,981,256,10057,10479,3899,3620,2289,10057,VIC,0,13.066,2197.459054033369,0.8769016605349508,0.09754399920453416,0.0254549070299294,0.04027101822693002,0.7476384607735905,0.2276026648105797,0
3083,31529,37.0,1632.0,2.6,1988.0,380.0,8503,1699,1139,11354,12567,4057,3536,3349,11354,VIC,0,18.5062,1703.6993007748754,0.7488990664083143,0.14963889378192707,0.1003170688744055,0.09652263865679955,0.6687511009335917,0.29496212788444603,0
3084,27045,41.0,2175.0,2.6,2383.0,411.0,7239,1339,1514,10112,11091,4001,3297,2549,10112,VIC,0,13.1099,2062.9447974431537,0.7158821202531646,0.13241693037974683,0.14972310126582278,0.08826976828058786,0.7217167721518988,0.2520767405063291,0
3085,14050,39.0,2069.0,2.6,2250.0,381.0,4122,910,122,5172,5553,1877,1895,1215,5172,VIC,0,7.5041,1872.3098039738277,0.796983758700696,0.1759474091260634,0.023588553750966745,0.06861156131820634,0.7293116782675947,0.23491879350348027,0
3087,9156,39.0,1962.0,2.6,2037.0,390.0,3159,294,22,3478,3676,1310,1303,797,3478,VIC,0,3.7508,2441.0792364295617,0.9082806210465785,0.08453133985048879,0.0063254744105807935,0.05386289445048964,0.7512938470385279,0.2291546866014951,0
3088,27181,41.0,2076.0,2.6,2167.0,401.0,8524,1290,221,10049,10588,3866,4213,1723,10049,VIC,0,13.2315,2054.2644446963686,0.848243606328988,0.12837098218728232,0.02199223803363519,0.05090668681526256,0.8039605930938402,0.1714598467509205,0
3089,12503,39.0,2508.0,2.9,2167.0,430.0,3921,227,5,4158,4288,1469,2202,414,4158,VIC,0,17.836,700.9979816102266,0.943001443001443,0.0545935545935546,0.0012025012025012026,0.03031716417910446,0.8828763828763829,0.09956709956709957,0
3090,2575,44.0,3190.0,3.2,2600.0,392.0,735,0,0,740,779,331,372,30,740,VIC,0,10.9752,234.6198702529339,0.9932432432432432,0.0,0.0,0.05006418485237485,0.95,0.04054054054054054,0
3091,1602,47.0,2600.0,3.1,2600.0,450.0,486,0,0,485,521,234,215,21,485,VIC,0,15.3453,104.39678598658872,1.002061855670103,0.0,0.0,0.06909788867562383,0.9257731958762887,0.04329896907216495,0
3093,3962,45.0,2160.0,2.5,2200.0,400.0,1107,308,57,1468,1558,648,575,217,1468,VIC,0,6.8224,580.7340525328331,0.7540871934604905,0.2098092643051771,0.0388283378746594,0.05776636713735561,0.8331062670299727,0.1478201634877384,0
3094,9250,41.0,2076.0,2.5,2167.0,420.0,3088,417,36,3543,3738,1397,1473,614,3543,VIC,0,3.8318,2414.009081893627,0.8715777589613322,0.11769686706181202,0.010160880609652836,0.0521669341894061,0.8100479819362123,0.17329946373130115,0
3095,28373,43.0,2506.0,2.8,2288.0,450.0,8643,427,551,9631,10070,4135,4354,977,9631,VIC,0,30.2143,939.0586576554809,0.8974145986917247,0.04433599833869795,0.057211089191153565,0.04359483614697124,0.8814245665039975,0.10144325615200914,0
3096,1911,42.0,2425.0,3.0,2167.0,420.0,604,0,5,609,631,248,312,30,609,VIC,0,8.9885,212.6049952717361,0.9917898193760263,0.0,0.008210180623973728,0.03486529318541998,0.9195402298850575,0.04926108374384237,0
3097,1536,44.0,2706.0,3.0,3000.0,365.0,452,0,0,456,497,202,202,30,456,VIC,0,39.7808,38.61159152153803,0.9912280701754386,0.0,0.0,0.08249496981891347,0.8859649122807017,0.06578947368421052,0
3099,4993,43.0,2162.0,2.8,2025.0,391.0,1666,30,0,1702,1822,676,826,166,1702,VIC,0,99.9978,49.931098484166654,0.9788484136310224,0.01762632197414806,0.0,0.06586169045005486,0.882491186839013,0.09753231492361927,0
3101,24499,41.0,2497.0,2.5,3000.0,476.0,4577,2137,2324,9069,10296,3583,2628,2590,9069,VIC,0,10.4848,2336.620631771708,0.504686293968464,0.23563788730841329,0.2562575807696549,0.1191724941724942,0.6848605138383504,0.2855882677252178,0
3102,6620,41.0,2490.0,2.7,3000.0,471.0,1563,516,273,2357,2578,960,779,550,2357,VIC,0,4.0647,1628.6564814131423,0.6631310988544761,0.2189223589308443,0.11582520152736529,0.08572536850271528,0.7378022910479423,0.2333474756045821,0
3103,15621,43.0,2014.0,2.6,3000.0,460.0,3507,1514,844,5877,6649,2519,1587,1520,5877,VIC,0,5.2739,2961.9446709266385,0.5967330270546197,0.25761442913050875,0.14361068572400884,0.11610768536622051,0.6986557767568488,0.25863535817594013,0
3104,21302,42.0,2346.0,2.9,3078.0,554.0,5882,957,228,7090,7784,3248,2287,1381,7090,VIC,0,9.0929,2342.706947178568,0.8296191819464034,0.13497884344146685,0.03215796897038082,0.08915724563206573,0.7806770098730607,0.19478138222849084,0
3105,11124,45.0,1813.0,2.6,2400.0,459.0,3351,510,348,4209,4553,2054,1214,847,4209,VIC,0,6.5138,1707.7589118486906,0.7961511047754811,0.12116892373485388,0.08267997148966501,0.07555457939819898,0.7764314564029461,0.20123544784984557,0
3106,16966,46.0,2163.0,2.8,2700.0,513.0,4436,1065,214,5717,6161,2685,2016,801,5717,VIC,0,16.1176,1052.6381098922916,0.7759314325695295,0.1862865139058947,0.037432219695644565,0.07206622301574417,0.8222844149029211,0.14010844848696868,0
3107,14164,45.0,1919.0,2.7,2500.0,476.0,4087,912,60,5068,5442,2397,1649,902,5068,VIC,0,5.9227,2391.47686021578,0.8064325177584846,0.17995264404104183,0.011838989739542225,0.06872473355384046,0.7983425414364641,0.17797947908445147,0
3108,25054,41.0,1593.0,2.4,2167.0,450.0,5280,1950,2701,9944,11420,3734,2682,3018,9944,VIC,0,8.8038,2845.816579204434,0.5309734513274337,0.19609814963797265,0.27162107803700725,0.12924693520140107,0.6452131938857603,0.3034995977473854,0
3109,30926,41.0,1792.0,2.7,2400.0,462.0,6904,2522,1507,10939,11976,4532,3483,2558,10939,VIC,0,11.1081,2784.0944896066835,0.6311363013072493,0.23055123868726574,0.13776396379925038,0.08658984635938549,0.7326995154950178,0.2338422159246732,0
3111,12644,45.0,2100.0,2.7,2500.0,450.0,3749,444,128,4321,4621,1881,1581,666,4321,VIC,0,11.691,1081.5156958344025,0.8676232353621847,0.10275399213145105,0.02962277250636427,0.06492101276779916,0.8012034251330711,0.15413098819717658,0
3113,8562,44.0,2751.0,3.0,2300.0,500.0,2744,17,5,2771,2883,1188,1352,192,2771,VIC,0,26.1086,327.93792083834444,0.9902562251894623,0.006134969325153374,0.001804402742692169,0.03884842178286507,0.9166365932876218,0.06928906531937928,0
3114,3835,45.0,3155.0,3.2,3000.0,601.0,1157,0,0,1164,1225,572,535,38,1164,VIC,0,9.4751,404.745068653629,0.9939862542955327,0.0,0.0,0.04979591836734698,0.9510309278350515,0.03264604810996564,0
3115,3843,45.0,2790.0,3.0,2300.0,491.0,1225,0,3,1229,1279,542,602,66,1229,VIC,0,23.2172,165.52383577692402,0.9967453213995118,0.0,0.0024410089503661514,0.03909304143862391,0.9308380797396257,0.05370219690805533,0
3116,11779,38.0,2084.0,2.8,2167.0,443.0,3987,65,17,4071,4264,1486,1911,605,4071,VIC,0,22.2024,530.5282311822145,0.9793662490788504,0.01596659297469909,0.004175878162613608,0.04526266416510316,0.8344387128469664,0.14861213461066078,0
3121,31534,34.0,2283.0,2.0,2298.0,450.0,2262,4690,7604,14639,17230,2749,3638,7946,14639,VIC,0,6.2124,5075.9770781018615,0.1545187512808252,0.3203770749368126,0.5194343875947811,0.1503772489843297,0.43630029373591095,0.5427966391146937,0
3122,22322,34.0,2145.0,2.1,2259.0,400.0,2361,1558,5741,9706,11488,2602,2422,4423,9706,VIC,0,5.8773,3798.002484133871,0.24325159695034,0.16051926643313413,0.5914898001236348,0.15511838440111425,0.5176179682670513,0.4556975066968885,0
3123,14834,36.0,2253.0,2.3,2500.0,415.0,2067,1124,3044,6251,7477,1845,1767,2493,6251,VIC,0,3.4843,4257.383118560399,0.3306670932650776,0.1798112302031675,0.4869620860662294,0.16396950648655872,0.5778275475923852,0.39881618940969443,0
3124,21965,43.0,2457.0,2.6,3000.0,486.0,4754,1713,1370,7908,8839,3358,2308,2012,7908,VIC,0,7.589,2894.32072736856,0.6011633788568538,0.21661608497723825,0.17324228629236216,0.10532865708790584,0.7164896307536671,0.25442589782498737,0
3125,15147,34.0,1684.0,2.5,2500.0,411.0,3163,1451,842,5462,6411,1650,1478,2031,5462,VIC,0,6.0826,2490.217998882057,0.5790919077261076,0.2656536067374588,0.15415598681801537,0.14802682888784902,0.572683998535335,0.37184181618454776,0
3126,7773,46.0,2875.0,2.7,3500.0,515.0,1795,651,309,2780,3090,1331,838,528,2780,VIC,0,3.1303,2483.148580008306,0.64568345323741,0.2341726618705036,0.11115107913669064,0.10032362459546929,0.7802158273381294,0.18992805755395684,0
3127,18608,42.0,2448.0,2.6,2817.0,461.0,4377,1693,820,6914,7569,2852,2305,1605,6914,VIC,0,6.1341,3033.5338517467926,0.6330633497251953,0.24486549030951693,0.11859994214636968,0.08653719117452763,0.7458779288400347,0.2321376916401504,0
3128,22841,34.0,1441.0,2.3,2088.0,391.0,3382,2184,3510,9096,10765,2193,2170,4304,9096,VIC,0,7.0123,3257.276499864524,0.3718117854001759,0.24010554089709762,0.3858839050131926,0.15503947979563404,0.47966138962181176,0.4731750219876869,0
3129,17946,39.0,1920.0,2.6,2492.0,438.0,4104,2101,382,6598,7217,2426,2086,1916,6598,VIC,0,6.1311,2927.0440867054854,0.622006668687481,0.31842982722036983,0.05789633222188542,0.08576971040598591,0.6838435889663534,0.2903910275841164,0
3130,33044,41.0,1987.0,2.6,2300.0,415.0,8968,2265,1039,12285,13316,4745,4250,2984,12285,VIC,0,12.2042,2707.5924681666966,0.72999592999593,0.18437118437118438,0.08457468457468457,0.07742565334935414,0.7321937321937322,0.24289784289784289,0
3131,23191,40.0,1806.0,2.5,2167.0,395.0,6093,2287,276,8660,9267,3012,2918,2365,8660,VIC,0,9.1487,2534.895668237017,0.7035796766743649,0.2640877598152425,0.03187066974595843,0.06550124096255527,0.684757505773672,0.273094688221709,0
3132,16795,39.0,2030.0,2.5,2167.0,406.0,4063,2090,310,6468,6890,2261,2320,1774,6468,VIC,0,6.6271,2534.291017187005,0.628169449598021,0.3231292517006803,0.0479282622139765,0.06124818577648772,0.7082560296846011,0.27427334570191714,0
3133,22951,43.0,1995.0,2.8,2383.0,460.0,6638,1135,113,7891,8385,3465,2861,1272,7891,VIC,0,10.7938,2126.31325390502,0.8412115067798758,0.14383474844759853,0.014320111519452542,0.058914728682170514,0.801672791788113,0.16119629958180207,0
3134,34607,39.0,1949.0,2.6,2100.0,386.0,10846,872,1015,12759,13770,4121,4785,3561,12759,VIC,0,22.8758,1512.8214095244755,0.8500666196410377,0.06834391409985109,0.07955168900384042,0.07342047930283224,0.698017085978525,0.2790971079238185,0
3135,20698,39.0,1964.0,2.6,2100.0,386.0,7131,471,44,7657,8108,2666,3032,1835,7657,VIC,0,9.183,2253.947511706414,0.9313046885203082,0.061512341648165075,0.005746375865221366,0.05562407498766653,0.7441556745461669,0.23964999347002744,0
3136,46296,40.0,1806.0,2.5,2000.0,391.0,15399,1565,589,17576,18591,5856,7223,3998,17576,VIC,0,23.0084,2012.134698631804,0.8761379153390988,0.08904187528447884,0.03351160673645881,0.054596310042493656,0.7441397360036414,0.22746927628584435,0
3137,14558,39.0,1758.0,2.5,1966.0,395.0,4788,672,58,5513,5788,1867,2476,959,5513,VIC,0,12.6832,1147.81758546739,0.868492653727553,0.12189370578632323,0.010520587701795755,0.04751209398756051,0.7877743515327408,0.17395247596589877,0
3138,23059,37.0,1994.0,2.8,2000.0,400.0,7673,348,16,8040,8407,2555,3718,1638,8040,VIC,0,12.5016,1844.4839060600243,0.9543532338308458,0.04328358208955224,0.001990049751243781,0.04365409777566309,0.780223880597015,0.20373134328358208,0
3139,14257,39.0,1887.0,2.8,1820.0,355.0,4900,7,8,4921,5197,1665,2675,457,4921,VIC,0,238.1913,59.855250800512025,0.9957325746799431,0.001422475106685633,0.001625685836212152,0.053107562055031754,0.8819345661450925,0.09286730339361918,0
3140,17348,40.0,1764.0,2.5,1950.0,369.0,5221,1240,9,6550,6906,2169,2916,1242,6550,VIC,0,29.1737,594.6451769916055,0.7970992366412214,0.18931297709923664,0.0013740458015267176,0.05154937735302634,0.7763358778625954,0.18961832061068704,0
3141,25028,33.0,2063.0,1.7,2100.0,415.0,964,1678,10404,13082,16627,2334,2313,8081,13082,VIC,0,3.5475,7055.109231853418,0.07368903837333741,0.12826784895275953,0.7952912398715792,0.21320743369218742,0.35522091423329766,0.6177190032105183,0
3142,12817,47.0,2533.0,2.1,3152.0,486.0,1664,1084,2731,5481,6849,2335,1239,1705,5481,VIC,0,4.2727,2999.742551548201,0.3035942346287174,0.19777412880861156,0.49826673964605,0.19973718791064388,0.6520707900018244,0.311074621419449,0
3143,9376,38.0,2196.0,2.0,2458.0,421.0,1108,732,2511,4361,5263,1287,1005,1948,4361,VIC,0,2.1647,4331.316117706842,0.2540701673927998,0.16785141022701217,0.5757853703279064,0.17138514155424667,0.5255675303829397,0.4466865397844531,0
3144,10763,44.0,2654.0,2.3,3200.0,451.0,1972,822,1359,4312,4993,1805,1224,1144,4312,VIC,0,3.4212,3145.972173506372,0.45732838589981445,0.1906307977736549,0.3151669758812616,0.13639094732625678,0.7024582560296846,0.2653061224489796,0
3145,23594,38.0,2339.0,2.5,2801.0,416.0,4644,2148,1941,8883,10444,3108,2750,2826,8883,VIC,0,8.9808,2627.16016390522,0.5227963525835866,0.24181019925700778,0.21850726106045254,0.14946380697050943,0.6594618935044467,0.3181357649442756,0
3146,26131,40.0,2491.0,2.5,2830.0,450.0,5405,1783,2694,9894,11001,3663,3262,2730,9894,VIC,0,8.2367,3172.508407493292,0.5462906812209419,0.1802102284212654,0.27228623408126135,0.10062721570766298,0.6999191429148979,0.2759248029108551,0
3147,15102,40.0,2273.0,2.6,2751.0,410.0,3629,874,849,5405,5899,1818,1782,1670,5405,VIC,0,5.4627,2764.5669723762976,0.6714153561517113,0.16170212765957448,0.15707678075855688,0.08374300728937112,0.666049953746531,0.3089731729879741,0
3148,9552,35.0,1991.0,2.5,2250.0,421.0,1995,942,679,3623,3997,895,1198,1429,3623,VIC,0,2.9967,3187.5062568825706,0.5506486337289539,0.2600055202870549,0.18741374551476678,0.09357017763322495,0.5776980402980955,0.3944245100745239,0
3149,35340,40.0,2066.0,2.7,2600.0,476.0,8561,1227,2681,12481,13526,5232,3932,3025,12481,VIC,0,15.1846,2327.3579811124428,0.6859226023555804,0.09830943033410784,0.2148065058889512,0.07725861304154957,0.734236038778944,0.2423683999679513,0
3150,63298,43.0,1882.0,2.8,2500.0,480.0,17602,1948,2157,21719,23790,9392,6288,4873,21719,VIC,0,27.2797,2320.3334347518485,0.8104424697269672,0.08969105391592615,0.09931396473134123,0.08705338377469529,0.7219485243335328,0.22436576269625674,0
3151,10675,41.0,1610.0,2.6,2147.0,439.0,2966,726,320,4021,4373,1685,1111,1017,4021,VIC,0,4.2629,2504.1638321330547,0.737627455856752,0.1805521014672967,0.0795821934842079,0.08049394008689692,0.6953494155682666,0.25292215866699824,0
3152,34940,42.0,1901.0,2.8,2167.0,431.0,10080,1737,342,12166,12889,4557,4416,2496,12166,VIC,0,22.2598,1569.6457290721391,0.8285385500575374,0.14277494657241493,0.028111129376952163,0.05609434401427571,0.7375472628637185,0.20516192668091401,0
3153,21276,38.0,1631.0,2.4,1824.0,370.0,5711,1948,582,8257,8773,2284,3288,2465,8257,VIC,0,14.4818,1469.1543868856081,0.6916555649751726,0.23592103669613662,0.07048564854063219,0.05881682434742963,0.6748213636914133,0.29853457672278066,0
3154,4500,40.0,2018.0,2.7,1950.0,365.0,1462,74,3,1545,1629,551,794,159,1545,VIC,0,6.3676,706.702682329292,0.9462783171521035,0.04789644012944984,0.001941747572815534,0.05156537753222834,0.8705501618122977,0.1029126213592233,0
3155,23660,39.0,1621.0,2.4,1870.0,376.0,6685,2333,319,9347,9898,2812,3715,2638,9347,VIC,0,11.3404,2086.3461606292544,0.7152027388466887,0.24959880175457366,0.03412859741093399,0.055667811679127044,0.6982989194393924,0.28222959238258266,0
3156,38484,40.0,1948.0,2.7,2000.0,390.0,12559,1033,226,13853,14457,4819,6209,2506,13853,VIC,0,53.5101,719.1913302348528,0.9065906301884068,0.07456868548328882,0.016314155778531726,0.04177906896313199,0.7960730527683534,0.18089944416371906,0
3158,6818,41.0,2171.0,2.7,1950.0,390.0,2374,9,24,2413,2524,847,1290,231,2413,VIC,0,6.2172,1096.6351412211284,0.9838375466224617,0.0037297969332780773,0.009946125155408206,0.04397781299524561,0.8856195607128057,0.09573145462080399,0
3159,2593,41.0,2298.0,2.9,2000.0,395.0,845,0,0,852,907,284,498,57,852,VIC,0,14.0266,184.86304592702436,0.9917840375586855,0.0,0.0,0.06063947078280041,0.9178403755868545,0.06690140845070422,0
3160,9024,40.0,2180.0,2.7,1852.0,376.0,3143,51,15,3218,3369,1091,1769,302,3218,VIC,0,20.945,430.8426832179518,0.9766935985083903,0.015848353014294592,0.0046612802983219395,0.044820421490056384,0.8887507768800498,0.09384711000621504,0
3161,16903,37.0,2205.0,2.3,2500.0,422.0,2449,1640,2669,6773,7815,2119,1752,2699,6773,VIC,0,4.2015,4023.0869927406875,0.36158275505684334,0.2421379004872287,0.39406466853683747,0.1333333333333333,0.5715340321866234,0.39849402037501847,0
3162,18075,41.0,2289.0,2.5,2798.0,483.0,3366,2258,1095,6741,7336,2492,2210,1873,6741,VIC,0,4.7426,3811.200607261839,0.4993324432576769,0.33496513870345646,0.16243880729862037,0.08110687022900764,0.6975226227562676,0.27785195074914704,0
3163,32810,36.0,1926.0,2.2,2093.0,391.0,4677,4113,5248,14112,15914,3771,4203,5793,14112,VIC,0,7.213,4548.731457091363,0.33142006802721086,0.2914540816326531,0.37188208616780044,0.11323363076536386,0.5650510204081632,0.4105017006802721,0
3165,30159,40.0,2215.0,2.7,2500.0,500.0,7471,1526,1786,10802,11558,3755,4251,2590,10802,VIC,0,9.0148,3345.4985135554866,0.6916311794112201,0.14127013516015552,0.1653397518977967,0.06540924035300222,0.7411590446213664,0.2397704128865025,0
3166,24753,37.0,1980.0,2.5,2167.0,415.0,5793,1941,1621,9378,10432,2909,2968,3236,9378,VIC,0,8.4651,2924.123755183046,0.6177223288547665,0.20697376839411388,0.172851354233312,0.10103527607361962,0.6266794625719769,0.345062913201109,0
3167,9851,40.0,1915.0,2.7,2200.0,418.0,2995,362,224,3579,3813,1367,1280,828,3579,VIC,0,6.6515,1481.0193189506126,0.8368259290304554,0.10114557138865606,0.06258731489242805,0.06136900078678209,0.7395920648225761,0.23134953897736799,0
3168,21880,28.0,1508.0,2.5,2000.0,396.0,2640,2703,1794,7150,8606,1358,1315,4230,7150,VIC,0,9.4112,2324.8894933696024,0.36923076923076925,0.37804195804195806,0.2509090909090909,0.16918429003021151,0.37384615384615383,0.5916083916083916,0
3169,20820,37.0,1616.0,2.7,2000.0,385.0,4936,1875,542,7364,8054,2602,2036,2478,7364,VIC,0,11.4472,1818.7853798308756,0.6702878870179251,0.25461705594785444,0.07360130363932646,0.08567171591755651,0.6298207495926127,0.3365019011406844,0
3170,19889,40.0,1913.0,2.8,2167.0,430.0,5693,1127,19,6856,7228,2604,2521,1530,6856,VIC,0,10.7189,1855.5075614102193,0.83036756126021,0.16438156359393233,0.0027712952158693116,0.051466519092418395,0.7475204200700116,0.22316219369894982,0
3171,22174,36.0,1402.0,2.9,1750.0,357.0,4972,1441,644,7165,7773,2271,1650,2810,7165,VIC,0,11.0861,2000.162365484706,0.6939288206559665,0.2011165387299372,0.08988136775994417,0.07821947767914572,0.5472435450104676,0.39218422889043963,0
3172,23261,41.0,1715.0,2.9,1886.0,371.0,6346,1093,125,7627,7927,3191,2783,1439,7627,VIC,0,12.7476,1824.7356365119708,0.832044054018618,0.14330667365936803,0.016389143831126263,0.03784533871578155,0.7832699619771863,0.18867182378392552,0
3173,30018,36.0,1991.0,3.2,2167.0,421.0,8144,858,97,9102,9510,2893,4252,1701,9102,VIC,0,21.7137,1382.445184376684,0.8947484069435289,0.0942649967040211,0.01065699846187651,0.04290220820189272,0.7849923093825533,0.18688200395517468,0
3174,39693,36.0,1394.0,2.7,1682.0,341.0,9537,1792,2332,13683,14778,3977,4129,5150,13683,VIC,0,12.3027,3226.364944280524,0.6969962727472045,0.130965431557407,0.1704304611561792,0.07409663012586276,0.5924139443104582,0.37637944895125336,0
3175,53545,36.0,1313.0,2.7,1675.0,321.0,10943,4675,2126,17855,19392,4894,4880,7371,17855,VIC,0,73.8315,725.2324549819521,0.6128815457854943,0.26183141977037244,0.11907028843461215,0.0792594884488449,0.5474096891626995,0.4128255390646878,0
3177,11889,34.0,1262.0,2.7,1500.0,320.0,3169,849,11,4045,4368,911,1260,1679,4045,VIC,0,5.1935,2289.2076634254354,0.7834363411619283,0.20988875154511744,0.002719406674907293,0.0739468864468864,0.5367119901112485,0.41508034610630407,0
3178,33571,41.0,2205.0,2.9,2055.0,441.0,10469,822,97,11398,11863,4110,5133,1722,11398,VIC,0,21.7653,1542.4092477475615,0.9184944727145113,0.07211791542375856,0.008510264958764696,0.03919750484700324,0.8109317424109493,0.1510791366906475,0
3179,6066,40.0,1965.0,2.8,2023.0,406.0,1998,65,9,2074,2158,713,841,465,2074,VIC,0,8.6902,698.0276633449172,0.9633558341369335,0.0313404050144648,0.004339440694310511,0.0389249304911955,0.7492767598842816,0.22420443587270975,0
3180,7645,41.0,1762.0,2.6,2000.0,421.0,2252,579,8,2838,2979,1028,1060,633,2838,VIC,0,5.6689,1348.5861454603187,0.7935165609584214,0.2040169133192389,0.0028188865398167725,0.04733131923464251,0.7357293868921776,0.22304439746300211,0
3181,19636,34.0,2085.0,1.8,2200.0,420.0,1592,2337,5856,9829,11926,1835,2302,5452,9829,VIC,0,2.914,6738.5037748798895,0.16196968155458338,0.23776579509614407,0.595787974361583,0.1758343115881268,0.4208973445925323,0.554685115474616,0
3182,22438,37.0,1803.0,1.7,2000.0,381.0,686,1417,9194,11779,14989,1797,2707,6993,11779,VIC,0,3.7075,6052.056641942009,0.05823923932422107,0.12029883691315052,0.7805416419050853,0.21415704850223494,0.38237541387214535,0.5936836743356821,0
3183,17964,34.0,2022.0,2.1,2167.0,396.0,1463,1314,5123,7932,9384,1589,2282,3845,7932,VIC,0,3.0288,5931.061806656102,0.18444276348966213,0.16565809379727686,0.6458648512355017,0.15473145780051156,0.48802319717599596,0.4847453353504791,0
3184,15153,38.0,2096.0,1.9,2300.0,415.0,1035,987,5239,7264,8628,1513,1897,3731,7264,VIC,0,2.5953,5838.631372095711,0.14248348017621146,0.13587555066079296,0.7212279735682819,0.15808993973110808,0.46943832599118945,0.5136288546255506,0
3185,13433,38.0,2153.0,2.3,2400.0,421.0,2037,1063,2512,5662,6421,1650,1589,2278,5662,VIC,0,3.1474,4267.967211031327,0.3597668668315083,0.1877428470505122,0.44365948428117274,0.11820588693349943,0.5720593429883434,0.40233133168491697,0
3186,23252,48.0,2710.0,2.4,3467.0,600.0,5133,2011,1777,8981,10217,4048,2522,2131,8981,VIC,0,8.3701,2777.98353663636,0.5715399176038303,0.2239171584456074,0.1978621534350295,0.12097484584516005,0.7315443714508406,0.237278699476673,0
3187,16757,45.0,2544.0,2.6,3300.0,600.0,4078,1432,477,6009,6564,2438,2054,1172,6009,VIC,0,5.6196,2981.8848316606163,0.6786486936262274,0.23830920286237312,0.07938092860708937,0.0845521023765996,0.7475453486437011,0.19504077217507074,0
3188,18587,43.0,2405.0,2.5,3000.0,471.0,4247,1582,1127,7016,7776,2600,2405,1831,7016,VIC,0,5.746,3234.7720153150017,0.6053306727480046,0.22548460661345496,0.16063283922462943,0.09773662551440332,0.7133694412770809,0.26097491448118587,0
3189,6287,39.0,2031.0,2.5,2300.0,431.0,1852,209,345,2415,2703,716,927,694,2415,VIC,0,4.5832,1371.748996334439,0.7668737060041407,0.0865424430641822,0.14285714285714285,0.1065482796892342,0.6803312629399586,0.2873706004140787,0
3190,12007,40.0,2119.0,2.4,2300.0,430.0,2573,1381,834,4828,5269,1459,1942,1324,4828,VIC,0,3.6581,3282.305021732593,0.5329328914664457,0.286039768019884,0.17274233637116818,0.08369709622319221,0.7044324772162386,0.2742336371168186,0
3191,10926,47.0,2313.0,2.4,2708.0,460.0,2133,956,1145,4266,4742,1690,1379,1080,4266,VIC,0,3.7129,2942.7132430175875,0.5,0.22409751523675575,0.2684013127051102,0.10037958667229019,0.7194092827004219,0.25316455696202533,0
3192,24129,40.0,1921.0,2.4,2200.0,430.0,5572,2154,1747,9517,10233,3129,3543,2564,9517,VIC,0,10.5931,2277.8034758474855,0.5854786172113061,0.2263318272564884,0.18356624986865608,0.06996970585361084,0.701061258800042,0.2694126300304718,0
3193,20207,48.0,2546.0,2.6,3000.0,577.0,5304,1617,450,7444,8011,3630,2576,1067,7444,VIC,0,8.3259,2427.004888360417,0.7125201504567437,0.21722192369693713,0.06045137023105857,0.07077768068905255,0.8336915636754433,0.14333691563675444,0
3194,13221,42.0,1889.0,2.3,2167.0,392.0,2482,2099,1028,5638,6196,1790,1913,1816,5638,VIC,0,7.5255,1756.8267889176798,0.4402270308620078,0.37229514012061016,0.18233416105001773,0.09005810200129116,0.6567931890741397,0.3221000354735722,0
3195,37364,42.0,2201.0,2.6,2200.0,421.0,8238,3675,1765,13726,14583,4820,5707,2848,13726,VIC,0,24.4768,1526.5067329062622,0.6001748506484045,0.267740055369372,0.12858808101413377,0.05876705753274358,0.7669386565641848,0.2074894361066589,0
3196,26876,41.0,1832.0,2.3,2080.0,396.0,5170,2893,2692,10917,11731,3494,4308,2852,10917,VIC,0,10.6833,2515.7020770735635,0.4735733260053128,0.2649995419987176,0.24658789044609325,0.06938879890887395,0.7146652010625629,0.2612439314830082,0
3197,12032,44.0,1853.0,2.4,2100.0,420.0,2655,1516,698,4877,5346,1745,1914,1015,4877,VIC,0,5.8242,2065.86312283232,0.5443920442895223,0.3108468320688948,0.14312077096575765,0.08772914328469883,0.7502563051055977,0.20811974574533526,0
3198,17215,40.0,1500.0,2.3,1850.0,351.0,5295,1666,182,7191,7785,1978,2544,2368,7191,VIC,0,12.3974,1388.5976091761177,0.7363370880267001,0.23167848699763594,0.025309414545960227,0.07630057803468204,0.6288416075650118,0.32930051453205395,0
3199,56127,40.0,1522.0,2.4,1845.0,350.0,17014,3892,1040,22026,23644,6382,7807,7026,22026,VIC,0,34.3393,1634.482939372672,0.7724507400345046,0.17670026332516117,0.047216925451738855,0.0684317374386737,0.6441932261872333,0.3189866521383819,0
3200,5711,37.0,1128.0,2.3,1408.0,315.0,1998,143,0,2148,2366,534,586,971,2148,VIC,0,5.1183,1115.8001680245395,0.9301675977653632,0.06657355679702048,0.0,0.09213863060016902,0.521415270018622,0.452048417132216,0
3201,21976,36.0,1658.0,2.5,1733.0,370.0,6563,1630,34,8307,8690,1845,3956,2267,8307,VIC,0,20.308,1082.1351191648612,0.7900565787889732,0.19622005537498496,0.004092933670398459,0.04407364787111623,0.6983267124112195,0.27290237149392077,0
3202,2826,41.0,2088.0,2.8,2224.0,471.0,788,102,69,965,1014,282,404,260,965,VIC,0,7.1165,397.1053186257289,0.816580310880829,0.10569948186528498,0.07150259067357513,0.0483234714003945,0.7108808290155441,0.2694300518134715,0
3204,33130,39.0,2233.0,2.6,2500.0,461.0,6923,2683,2654,12329,13438,3938,4239,3898,12329,VIC,0,8.3629,3961.5444403257243,0.5615216157028144,0.21761700056776706,0.2152648227755698,0.08252716178002684,0.6632330278205856,0.31616513910292804,0
3205,11548,39.0,2101.0,1.9,2200.0,421.0,259,1967,3250,5547,6883,1052,1297,3046,5547,VIC,0,2.1899,5273.300150691812,0.04669190553452317,0.35460609338381105,0.5859022895258699,0.19410140926921404,0.4234721471065441,0.5491256535063999,0
3206,10043,46.0,2659.0,2.3,3467.0,600.0,719,2510,902,4147,4943,1603,1006,1449,4147,VIC,0,3.6867,2724.1164184772288,0.1733783457921389,0.6052568121533639,0.21750663129973474,0.1610358082136354,0.6291294911984567,0.349409211478177,0
3207,17633,42.0,2372.0,2.1,2500.0,540.0,467,3434,3912,7830,9153,2019,2231,3392,7830,VIC,0,9.6687,1823.719838240922,0.059642401021711366,0.4385696040868455,0.49961685823754787,0.14454277286135697,0.5427841634738186,0.43320561941251595,0
3211,1353,42.0,2005.0,3.0,2167.0,427.0,400,0,0,406,435,180,164,43,406,VIC,0,181.1975,7.4669904386098045,0.9852216748768473,0.0,0.0,0.06666666666666665,0.8472906403940886,0.10591133004926108,0
3212,19272,37.0,1966.0,2.7,1733.0,370.0,5768,597,56,6427,6755,1974,2923,1380,6427,VIC,0,189.5698,101.66176258032662,0.8974638244904309,0.09288937295783414,0.008713241014470205,0.04855662472242783,0.7619418079975105,0.21471915357087287,0
3213,4753,39.0,2141.0,3.0,1897.0,350.0,1446,38,43,1537,1615,575,770,163,1537,VIC,0,250.7679,18.95378156454634,0.940793754066363,0.0247234873129473,0.02797657774886142,0.048297213622291,0.8750813272608978,0.10605074821080027,0
3214,24500,36.0,1063.0,2.4,1265.0,270.0,8255,884,101,9312,10042,2456,2253,4223,9312,VIC,0,27.2177,900.1495350452095,0.8864905498281787,0.09493127147766323,0.010846219931271477,0.0726946823341964,0.5056915807560137,0.4535008591065292,0
3215,21994,41.0,1452.0,2.3,1625.0,340.0,7452,1089,286,8867,9468,3356,2619,2647,8867,VIC,0,17.082,1287.554150567849,0.8404195331002594,0.12281493176948236,0.0322544265253186,0.06347697507393324,0.6738468478628623,0.2985226119318823,0
3216,60123,38.0,1724.0,2.5,1733.0,360.0,18984,3171,119,22490,23884,7890,7939,5855,22490,VIC,0,49.7062,1209.5674181490438,0.8441084926634059,0.14099599822143175,0.005291240551356159,0.05836543292580809,0.7038239217429969,0.26033792796798577,0
3217,20499,30.0,2204.0,2.8,1842.0,425.0,6673,233,0,6939,7363,1013,3751,2057,6939,VIC,0,134.8365,152.02856793227352,0.9616659461017437,0.033578325407119185,0.0,0.05758522341436911,0.6865542585386943,0.2964404092808762,0
3218,14942,37.0,1752.0,2.3,1950.0,330.0,4725,602,961,6345,6882,1786,2110,2311,6345,VIC,0,90.8863,164.40321588622265,0.7446808510638298,0.09487785657998424,0.15145784081954294,0.0780296425457716,0.614026792750197,0.3642237982663515,0
3219,20309,42.0,1228.0,2.2,1408.0,305.0,7243,1246,141,8645,9209,2660,2575,3122,8645,VIC,0,15.7874,1286.4056146040514,0.8378253325621746,0.14412955465587043,0.016310005783689994,0.06124443479205122,0.6055523423944477,0.3611336032388664,0
3220,17270,40.0,1891.0,2.3,2100.0,360.0,4675,1488,728,6934,7868,2460,1914,2429,6934,VIC,0,11.5417,1496.3133680480344,0.6742140178828959,0.21459475050475915,0.10498990481684453,0.11870869344178958,0.6308047303143929,0.350302855494664,0
3221,801,43.0,2481.0,3.0,2167.0,370.0,259,0,0,261,280,127,106,20,261,VIC,0,111.2254,7.201592442014145,0.9923371647509579,0.0,0.0,0.06785714285714284,0.89272030651341,0.07662835249042145,0
3222,18576,45.0,1466.0,2.5,1700.0,375.0,6880,270,37,7182,7795,2955,2626,1378,7182,VIC,0,145.1237,128.00114660803163,0.9579504316346421,0.03759398496240601,0.005151768309663046,0.07864015394483648,0.7770815928710666,0.1918685602896129,0
3223,9536,59.0,1139.0,2.1,1667.0,340.0,3809,278,15,4135,7177,2174,935,862,4135,VIC,0,71.8555,132.71078762238102,0.9211608222490931,0.06723095525997581,0.0036275695284159614,0.4238539779852306,0.7518742442563483,0.20846432889963723,0
3224,15101,43.0,1539.0,2.5,1625.0,370.0,5238,351,4,5699,5998,2162,2264,985,5699,VIC,0,62.5186,241.54411647093826,0.9191086155465871,0.06158975258817336,0.0007018775223723461,0.04984994998332781,0.7766274785050009,0.1728373398841902,0
3225,5408,61.0,1508.0,2.1,2000.0,400.0,2000,198,39,2273,3876,1329,506,308,2273,VIC,0,31.7232,170.47460533615777,0.8798944126704795,0.08710954685437748,0.01715794104707435,0.41357069143446856,0.807303123625165,0.13550373955125386,0
3226,17714,43.0,1837.0,2.5,2000.0,420.0,6136,393,20,6567,8317,2696,2454,1214,6567,VIC,0,18.5052,957.2444502085901,0.9343688137657987,0.059844677935130194,0.0030455306837216386,0.21041240832030783,0.7842241510583219,0.18486371250190345,0
3227,5459,47.0,2228.0,2.5,2251.0,440.0,1790,115,50,1959,2634,938,667,286,1959,VIC,0,74.2735,73.4986233313362,0.9137314956610516,0.058703420112302195,0.025523226135783564,0.25626423690205014,0.8192955589586524,0.14599285349668198,0
3228,24181,40.0,2282.0,2.7,2167.0,500.0,7627,588,48,8292,10503,2900,3449,1663,8292,VIC,0,102.7527,235.33201560640254,0.9198022190062711,0.07091172214182344,0.005788712011577424,0.21051128249071693,0.7656777616980222,0.20055475156777616,0
3230,3208,54.0,1701.0,2.2,2167.0,405.0,1156,81,6,1245,2804,637,323,219,1245,VIC,0,96.7604,33.15405889186072,0.9285140562248996,0.06506024096385542,0.004819277108433735,0.5559914407988588,0.7710843373493976,0.17590361445783131,0
3231,1571,56.0,1785.0,2.2,2167.0,350.0,620,8,8,637,1740,371,172,67,637,VIC,0,58.6744,26.77487967495194,0.9733124018838305,0.012558869701726845,0.012558869701726845,0.6339080459770114,0.8524332810047096,0.10518053375196232,0
3232,1327,56.0,1525.0,2.1,2167.0,363.0,429,35,27,502,1594,264,88,114,502,VIC,0,102.6521,12.927158820910629,0.8545816733067729,0.0697211155378486,0.053784860557768925,0.6850690087829361,0.701195219123506,0.22709163346613545,0
3233,2363,53.0,1172.0,2.0,1703.0,300.0,826,88,32,963,2308,469,215,235,963,VIC,0,186.9825,12.63754629443932,0.857736240913811,0.09138110072689512,0.033229491173416406,0.5827556325823224,0.7102803738317757,0.24402907580477673,0
3234,237,51.0,1325.0,2.0,1733.0,301.0,85,0,0,90,475,54,22,15,90,VIC,0,150.5727,1.5739905042547553,0.9444444444444444,0.0,0.0,0.8105263157894737,0.8444444444444444,0.16666666666666666,0
3235,515,47.0,1694.0,2.4,1690.0,200.0,172,0,0,171,234,84,69,21,171,VIC,0,190.3812,2.705099032887701,1.0058479532163742,0.0,0.0,0.2692307692307693,0.8947368421052632,0.12280701754385964,0
3236,257,52.0,1091.0,2.1,1509.0,290.0,93,0,0,96,142,47,29,13,96,VIC,0,47.6929,5.388642753952895,0.96875,0.0,0.0,0.323943661971831,0.7916666666666666,0.13541666666666666,0
3237,276,51.0,900.0,2.0,1000.0,195.0,102,0,0,102,163,51,36,10,102,VIC,0,378.1372,0.7298938057403503,1.0,0.0,0.0,0.3742331288343558,0.8529411764705882,0.09803921568627451,0
3238,251,52.0,1390.0,2.1,1257.0,160.0,103,0,0,108,180,49,39,17,108,VIC,0,234.6113,1.0698546915685647,0.9537037037037037,0.0,0.0,0.4,0.8148148148148148,0.1574074074074074,0
3239,491,49.0,1187.0,2.3,1083.0,200.0,179,0,0,184,241,96,58,19,184,VIC,0,383.6799,1.2797125937532825,0.9728260869565217,0.0,0.0,0.2365145228215768,0.8369565217391305,0.10326086956521739,0
3240,2169,40.0,2340.0,2.9,2119.0,330.0,708,0,4,711,767,306,332,53,711,VIC,0,218.0904,9.945417129777377,0.9957805907172996,0.0,0.005625879043600563,0.07301173402868322,0.8973277074542897,0.07454289732770746,0
3241,3072,43.0,1516.0,2.4,1600.0,290.0,1115,44,0,1169,1301,420,495,208,1169,VIC,0,620.1286,4.9538111933557,0.9538066723695466,0.037639007698887936,0.0,0.10146041506533432,0.7827202737382378,0.17792985457656116,0
3242,942,43.0,1521.0,2.4,1517.0,300.0,363,0,0,363,433,154,143,55,363,VIC,0,132.3472,7.117642080829818,1.0,0.0,0.0,0.1616628175519631,0.8181818181818182,0.15151515151515152,0
3243,392,48.0,1474.0,2.4,1500.0,300.0,146,0,0,146,196,69,57,16,146,VIC,0,257.6269,1.5215802387095447,1.0,0.0,0.0,0.2551020408163265,0.863013698630137,0.1095890410958904,0
3249,3368,46.0,1434.0,2.6,1476.0,250.0,1225,0,0,1231,1430,613,421,136,1231,VIC,0,1244.1821,2.706999240706003,0.9951259138911455,0.0,0.0,0.1391608391608392,0.8399675060926076,0.11047928513403736,0
3250,12756,42.0,1250.0,2.3,1300.0,260.0,4516,549,0,5127,5593,2039,1591,1323,5127,VIC,0,82.9772,153.72897615248527,0.8808269943436707,0.10708016383850205,0.0,0.08331843375648129,0.7080163838502048,0.2580456407255705,0
3251,524,50.0,1308.0,2.2,1300.0,220.0,227,4,0,228,268,108,80,24,228,VIC,0,292.1002,1.7939049682266566,0.9956140350877193,0.017543859649122806,0.0,0.14925373134328357,0.8245614035087719,0.10526315789473684,0
3254,358,33.0,1485.0,2.6,1300.0,230.0,118,0,0,121,126,35,63,14,121,VIC,0,17.6413,20.29328904332447,0.9752066115702479,0.0,0.0,0.03968253968253965,0.8099173553719008,0.11570247933884298,0
3260,4801,49.0,1256.0,2.3,1153.0,230.0,1835,94,5,1939,2230,926,553,369,1939,VIC,0,1107.7264,4.334102717060819,0.9463641052088706,0.04847859721505931,0.0025786487880350697,0.13049327354260087,0.7627643115007736,0.19030428055698814,0
3264,2254,49.0,1162.0,2.2,1066.0,225.0,842,64,3,926,1046,415,272,188,926,VIC,0,119.3816,18.88063152110543,0.9092872570194385,0.06911447084233262,0.0032397408207343412,0.11472275334608029,0.7419006479481641,0.20302375809935205,0
3265,2827,41.0,1772.0,2.7,1343.0,200.0,977,0,0,977,1094,377,344,155,977,VIC,0,895.864,3.1556129055303037,1.0,0.0,0.0,0.10694698354661791,0.7379733879222109,0.1586489252814739,0
3266,3047,47.0,1298.0,2.4,1200.0,220.0,1099,56,0,1161,1311,522,346,209,1161,VIC,0,568.1108,5.363390380890488,0.9465977605512489,0.04823428079242033,0.0,0.11441647597254001,0.7476313522825151,0.18001722652885443,0
3267,214,51.0,1600.0,2.5,800.0,260.0,75,0,0,73,80,27,26,9,73,VIC,0,93.4998,2.2887749492512284,1.0273972602739727,0.0,0.0,0.08750000000000002,0.726027397260274,0.1232876712328767,0
3268,2552,44.0,1466.0,2.5,1200.0,239.0,941,11,0,956,1118,423,275,169,956,VIC,0,585.1451,4.361311408059301,0.9843096234309623,0.011506276150627616,0.0,0.14490161001788904,0.7301255230125523,0.17677824267782427,0
3269,676,42.0,1614.0,2.5,1543.0,240.0,237,4,0,243,395,102,67,42,243,VIC,0,201.1353,3.360921727812075,0.9753086419753086,0.01646090534979424,0.0,0.38481012658227853,0.6954732510288066,0.1728395061728395,0
3270,322,54.0,1383.0,2.1,1400.0,275.0,132,0,0,137,351,78,29,24,137,VIC,0,40.1269,8.024542140060658,0.9635036496350365,0.0,0.0,0.6096866096866097,0.781021897810219,0.17518248175182483,0
3271,188,49.0,1312.0,2.2,867.0,160.0,70,0,0,72,85,40,8,20,72,VIC,0,436.6505,0.430550291365749,0.9722222222222222,0.0,0.0,0.15294117647058825,0.6666666666666666,0.2777777777777778,0
3272,1641,48.0,1017.0,2.2,945.0,215.0,647,14,0,664,766,308,199,118,664,VIC,0,673.721,2.435726361505727,0.9743975903614458,0.02108433734939759,0.0,0.13315926892950392,0.7635542168674698,0.17771084337349397,0
3273,130,53.0,1687.0,2.6,1083.0,175.0,45,0,0,45,56,20,15,6,45,VIC,0,223.5373,0.5815584244777047,1.0,0.0,0.0,0.1964285714285714,0.7777777777777778,0.13333333333333333,0
3274,256,43.0,1125.0,2.4,650.0,150.0,92,0,0,96,120,53,18,19,96,VIC,0,276.6066,0.9255021391391239,0.9583333333333334,0.0,0.0,0.19999999999999996,0.7395833333333334,0.19791666666666666,0
3275,490,35.0,2073.0,3.0,1540.0,230.0,147,0,0,147,157,53,78,14,147,VIC,0,16.1264,30.384958825280286,1.0,0.0,0.0,0.06369426751592355,0.891156462585034,0.09523809523809523,0
3276,437,43.0,1566.0,2.4,1083.0,200.0,165,0,0,166,186,66,62,25,166,VIC,0,334.9388,1.304715966021255,0.9939759036144579,0.0,0.0,0.10752688172043012,0.7710843373493976,0.15060240963855423,0
3277,1820,42.0,1709.0,2.6,1500.0,250.0,582,0,0,654,727,280,244,91,654,VIC,0,211.9207,8.588118102667648,0.8899082568807339,0.0,0.0,0.10041265474552963,0.8012232415902141,0.13914373088685014,0
3278,343,43.0,1803.0,2.7,1343.0,250.0,120,0,0,120,128,45,51,17,120,VIC,0,61.077,5.615861944758256,1.0,0.0,0.0,0.0625,0.8,0.14166666666666666,0
3279,300,34.0,2078.0,3.0,1517.0,233.0,86,0,0,86,103,44,26,13,86,VIC,0,125.9759,2.3814078724581447,1.0,0.0,0.0,0.16504854368932043,0.813953488372093,0.1511627906976744,0
3280,33298,42.0,1401.0,2.3,1408.0,295.0,11005,1587,622,13266,14446,4857,4133,3856,13266,VIC,0,77.5082,429.60615780007794,0.8295642997135535,0.11962912709181366,0.046886778230061814,0.08168351100650695,0.677672244836424,0.290667872757425,0
3281,1857,41.0,2076.0,2.9,1650.0,300.0,605,0,0,608,661,219,326,46,608,VIC,0,160.21,11.591036764246926,0.9950657894736842,0.0,0.0,0.08018154311649017,0.8963815789473685,0.0756578947368421,0
3282,2488,42.0,1507.0,2.5,1452.0,280.0,899,32,0,941,1014,386,373,147,941,VIC,0,62.7127,39.67298489779582,0.9553666312433581,0.03400637619553666,0.0,0.07199211045364895,0.8065887353878852,0.15621679064824653,0
3283,1423,45.0,1754.0,2.7,1517.0,263.0,510,0,0,508,583,228,199,49,508,VIC,0,382.9763,3.715634622821308,1.0039370078740157,0.0,0.0,0.1286449399656947,0.8405511811023622,0.09645669291338582,0
3284,3860,51.0,1465.0,2.3,1733.0,300.0,1354,125,4,1492,2228,748,395,295,1492,VIC,0,221.4754,17.42857220260128,0.9075067024128687,0.08378016085790885,0.002680965147453083,0.3303411131059246,0.7660857908847185,0.19772117962466487,0
3285,1255,47.0,1639.0,2.5,1430.0,220.0,464,0,0,468,564,223,157,40,468,VIC,0,411.2,3.0520428015564205,0.9914529914529915,0.0,0.0,0.17021276595744683,0.811965811965812,0.08547008547008547,0
3286,532,51.0,1131.0,2.2,845.0,150.0,221,0,0,227,278,118,69,24,227,VIC,0,389.2015,1.366901206701413,0.973568281938326,0.0,0.0,0.1834532374100719,0.8237885462555066,0.10572687224669604,0
3287,418,41.0,1758.0,2.6,1189.0,170.0,149,0,0,150,191,64,47,23,150,VIC,0,330.531,1.264631759199591,0.9933333333333333,0.0,0.0,0.2146596858638743,0.74,0.15333333333333332,0
3289,804,49.0,1120.0,2.3,834.0,180.0,308,0,0,313,395,162,81,50,313,VIC,0,567.1775,1.4175456536974755,0.9840255591054313,0.0,0.0,0.20759493670886076,0.7763578274760383,0.1597444089456869,0
3292,191,60.0,1104.0,1.8,1235.0,230.0,74,0,0,76,244,54,14,13,76,VIC,0,225.208,0.8481048630599268,0.9736842105263158,0.0,0.0,0.6885245901639344,0.8947368421052632,0.17105263157894737,0
3293,336,48.0,1256.0,2.2,433.0,200.0,138,0,0,139,196,70,28,20,139,VIC,0,482.5043,0.6963668510311721,0.9928057553956835,0.0,0.0,0.2908163265306123,0.7050359712230215,0.14388489208633093,0
3294,967,47.0,1349.0,2.3,1083.0,220.0,373,8,0,390,475,200,77,83,390,VIC,0,931.4482,1.0381683060850835,0.9564102564102565,0.020512820512820513,0.0,0.17894736842105263,0.7102564102564103,0.2128205128205128,0
3300,10479,45.0,1251.0,2.2,1083.0,236.0,4003,265,90,4387,4883,1829,1366,1025,4387,VIC,0,322.628,32.48013191663464,0.9124686573968543,0.06040574424435833,0.020515158422612263,0.10157689944706128,0.7282881240027353,0.2336448598130841,0
3301,1267,48.0,1697.0,2.5,1260.0,200.0,471,0,0,469,546,256,126,44,469,VIC,0,979.2958,1.2937868211014487,1.004264392324094,0.0,0.0,0.14102564102564108,0.814498933901919,0.09381663113006397,0
3302,356,48.0,1442.0,2.3,1092.0,170.0,139,0,0,139,179,72,47,10,139,VIC,0,424.7183,0.8382026392552429,1.0,0.0,0.0,0.22346368715083798,0.8561151079136691,0.07194244604316546,0
3303,282,45.0,1607.0,2.3,1042.0,185.0,113,0,0,116,139,49,36,14,116,VIC,0,483.4426,0.5833164061255669,0.9741379310344828,0.0,0.0,0.16546762589928055,0.7327586206896551,0.1206896551724138,0
3304,2786,49.0,1146.0,2.2,952.0,180.0,1078,25,3,1117,1268,539,344,176,1117,VIC,0,1981.3984,1.4060776469790224,0.9650850492390332,0.022381378692927483,0.0026857654431512983,0.11908517350157732,0.7905102954341987,0.1575649059982095,0
3305,13344,47.0,1248.0,2.3,1170.0,250.0,4853,409,55,5377,6139,2286,1708,1214,5377,VIC,0,801.8053,16.6424442442573,0.9025478891575228,0.07606472010414729,0.010228752092244746,0.12412445023619478,0.7427933792077367,0.22577645527245677,0
3309,122,49.0,1041.0,2.4,520.0,120.0,48,0,0,48,58,24,15,4,48,VIC,0,113.6684,1.0732974159924833,1.0,0.0,0.0,0.1724137931034483,0.8125,0.08333333333333333,0
3310,263,58.0,789.0,1.9,698.0,100.0,130,6,0,128,154,84,34,11,128,VIC,0,123.2041,2.1346692196120096,1.015625,0.046875,0.0,0.16883116883116878,0.921875,0.0859375,0
3311,1707,58.0,887.0,2.0,700.0,160.0,726,0,36,772,912,442,164,110,772,VIC,0,371.1008,4.599828402417888,0.9404145077720207,0.0,0.046632124352331605,0.1535087719298246,0.7849740932642487,0.14248704663212436,0
3312,1023,49.0,1408.0,2.4,800.0,120.0,392,0,0,392,502,222,104,36,392,VIC,0,2976.5808,0.34368292639662257,1.0,0.0,0.0,0.21912350597609564,0.8316326530612245,0.09183673469387756,0
3314,569,45.0,1656.0,2.4,1083.0,175.0,222,0,0,222,266,111,53,31,222,VIC,0,1399.1395,0.4066785334843309,1.0,0.0,0.0,0.16541353383458646,0.7387387387387387,0.13963963963963963,0
3315,1686,51.0,1068.0,2.1,700.0,145.0,688,23,0,714,846,401,158,96,714,VIC,0,1324.8193,1.2726263876137673,0.9635854341736695,0.03221288515406162,0.0,0.15602836879432624,0.7829131652661064,0.13445378151260504,0
3317,184,49.0,1550.0,2.3,487.0,85.0,77,0,0,77,104,36,21,7,77,VIC,0,383.5895,0.47967944899430254,1.0,0.0,0.0,0.2596153846153846,0.7402597402597403,0.09090909090909091,0
3318,1243,53.0,1011.0,2.1,867.0,162.0,498,11,20,534,668,274,117,98,534,VIC,0,1302.0623,0.9546394208633489,0.9325842696629213,0.020599250936329586,0.03745318352059925,0.20059880239520955,0.7322097378277154,0.18352059925093633,0
3319,410,54.0,1333.0,2.1,503.0,113.0,156,3,0,158,202,85,44,19,158,VIC,0,578.9439,0.7081860608601283,0.9873417721518988,0.0189873417721519,0.0,0.2178217821782178,0.8164556962025317,0.12025316455696203,0
3321,1780,38.0,2146.0,3.0,1949.0,300.0,570,0,3,573,607,199,327,33,573,VIC,0,327.7169,5.43151726383351,0.9947643979057592,0.0,0.005235602094240838,0.05601317957166396,0.9179755671902269,0.05759162303664921,0
3322,176,52.0,857.0,2.0,917.0,250.0,84,0,0,91,102,53,27,5,91,VIC,0,114.677,1.5347454153840787,0.9230769230769231,0.0,0.0,0.10784313725490191,0.8791208791208791,0.054945054945054944,0
3323,91,51.0,1354.0,2.2,1000.0,200.0,41,0,0,41,54,23,3,0,41,VIC,0,225.9969,0.40266039047438257,1.0,0.0,0.0,0.2407407407407407,0.6341463414634146,0.0,1
3324,577,49.0,977.0,2.1,650.0,150.0,246,5,0,258,312,118,70,45,258,VIC,0,390.3996,1.4779728257918296,0.9534883720930233,0.01937984496124031,0.0,0.17307692307692313,0.7286821705426356,0.1744186046511628,0
3325,456,54.0,985.0,2.1,861.0,150.0,192,0,0,200,259,108,44,27,200,VIC,0,494.5392,0.9220704850090752,0.96,0.0,0.0,0.2277992277992278,0.76,0.135,0
3328,2308,37.0,2171.0,3.1,1950.0,400.0,714,0,0,718,732,226,441,38,718,VIC,0,60.7586,37.986392049849734,0.9944289693593314,0.0,0.0,0.01912568306010931,0.9289693593314763,0.052924791086350974,0
3329,309,41.0,1702.0,2.8,1315.0,300.0,107,0,0,106,129,51,43,12,106,VIC,0,296.2173,1.0431531176605822,1.009433962264151,0.0,0.0,0.17829457364341084,0.8867924528301887,0.11320754716981132,0
3330,208,41.0,1286.0,2.4,867.0,215.0,75,3,0,79,100,40,26,7,79,VIC,0,186.7436,1.1138266585842835,0.9493670886075949,0.0379746835443038,0.0,0.20999999999999996,0.8354430379746836,0.08860759493670886,0
3331,7202,36.0,2059.0,3.0,1850.0,390.0,2207,83,3,2294,2399,705,1296,244,2294,VIC,0,264.0579,27.274321275750506,0.9620749782040104,0.036181342632955533,0.0013077593722755014,0.043768236765318935,0.8722755013077593,0.10636442894507411,0
3332,1181,38.0,1955.0,2.9,1733.0,350.0,375,0,0,377,401,130,194,34,377,VIC,0,88.3235,13.371299823942666,0.9946949602122016,0.0,0.0,0.05985037406483795,0.8594164456233422,0.09018567639257294,0
3333,864,45.0,1657.0,2.6,1517.0,300.0,311,3,0,315,352,119,140,42,315,VIC,0,241.7508,3.573928193826039,0.9873015873015873,0.009523809523809525,0.0,0.10511363636363635,0.8222222222222222,0.13333333333333333,0
3334,544,48.0,1613.0,2.3,1559.0,200.0,209,0,0,209,257,90,88,22,209,VIC,0,257.5762,2.111996372335643,1.0,0.0,0.0,0.1867704280155642,0.8516746411483254,0.10526315789473684,0
3335,6195,31.0,1876.0,2.8,1900.0,371.0,1917,33,14,2077,2225,268,1169,563,2077,VIC,0,55.0875,112.45745405037441,0.9229658160808859,0.015888300433317286,0.006740491092922484,0.06651685393258422,0.6918632643235436,0.27106403466538276,0
3336,17737,31.0,2304.0,3.4,2150.0,421.0,4940,149,0,5104,5248,422,3644,948,5104,VIC,0,38.1776,464.5918025229454,0.9678683385579937,0.029192789968652037,0.0,0.027439024390243927,0.7966300940438872,0.18573667711598746,0
3337,40724,34.0,1462.0,2.8,1538.0,321.0,12438,1051,72,13577,14377,3431,6182,3622,13577,VIC,0,154.9073,262.89271067277014,0.9161081240332916,0.07741032628710319,0.005303086101495175,0.05564443207901504,0.7080356485232379,0.26677469249466007,0
3338,37062,31.0,1642.0,3.0,1712.0,341.0,10574,905,17,11514,12178,2127,5529,3552,11514,VIC,0,113.0558,327.820421420219,0.9183602570783395,0.07859996525968387,0.0014764634358172659,0.05452455247167021,0.6649296508598228,0.3084940072954664,0
3340,25614,37.0,1806.0,2.7,1733.0,340.0,8259,760,74,9148,9742,2635,4334,1862,9148,VIC,0,600.3246,42.66691719779599,0.9028202885876694,0.08307826847398339,0.008089199825098382,0.060973106138369926,0.7618058592041976,0.2035417577612593,0
3341,1644,43.0,2115.0,2.8,1777.0,360.0,552,0,0,553,610,199,312,21,553,VIC,0,156.4306,10.509452754128668,0.9981916817359855,0.0,0.0,0.09344262295081962,0.9240506329113924,0.0379746835443038,0
3342,3946,43.0,1612.0,2.5,1647.0,330.0,1421,61,3,1507,1683,547,664,250,1507,VIC,0,446.8081,8.831531926122198,0.9429329794293297,0.0404777704047777,0.0019907100199071004,0.10457516339869277,0.8035832780358327,0.16589250165892502,0
3345,1393,43.0,2012.0,2.7,1733.0,320.0,486,0,0,486,555,169,262,40,486,VIC,0,46.1058,30.21311852304916,1.0,0.0,0.0,0.12432432432432428,0.8868312757201646,0.0823045267489712,0
3350,66022,39.0,1503.0,2.4,1517.0,300.0,22027,3143,865,26129,28425,8449,8437,8584,26129,VIC,0,86.7261,761.2702519772017,0.8430096827280034,0.12028780282444793,0.033104979141949556,0.08077396657871594,0.6462551188334801,0.32852386237513875,0
3351,9106,41.0,1684.0,2.7,1500.0,280.0,3130,7,4,3155,3541,1321,1504,204,3155,VIC,0,1517.8621,5.9992274660524165,0.9920760697305864,0.0022187004754358162,0.0012678288431061807,0.10900875458909909,0.8954041204437401,0.06465927099841522,0
3352,18922,40.0,1858.0,2.8,1600.0,322.0,6207,26,25,6351,7012,2416,3101,658,6351,VIC,0,1919.9313,9.855560977624565,0.9773264052905054,0.004093843489214297,0.003936387970398363,0.09426697090701652,0.8686820973075107,0.1036057313808849,0
3355,13059,43.0,1062.0,2.1,1254.0,260.0,4554,778,204,5546,6000,1962,1188,2206,5546,VIC,0,30.3597,430.1425903418018,0.8211323476379373,0.14028128380815003,0.03678326721961774,0.07566666666666666,0.567976920302921,0.39776415434547424,0
3356,15601,39.0,1112.0,2.2,1250.0,270.0,5063,1373,11,6450,6889,1931,1929,2323,6450,VIC,0,13.8417,1127.1014398520413,0.7849612403100775,0.21286821705426356,0.0017054263565891472,0.06372477863260273,0.5984496124031008,0.3601550387596899,0
3357,3797,45.0,1745.0,2.6,1733.0,305.0,1321,27,21,1368,1482,642,521,180,1368,VIC,0,25.4355,149.2795502349079,0.9656432748538012,0.019736842105263157,0.015350877192982455,0.07692307692307687,0.8501461988304093,0.13157894736842105,0
3358,3440,29.0,2013.0,2.9,1600.0,390.0,1168,0,0,1179,1229,198,684,288,1179,VIC,0,4.9151,699.8840308437265,0.9906700593723494,0.0,0.0,0.04068348250610254,0.7480916030534351,0.24427480916030533,0
3360,803,48.0,1187.0,2.2,1127.0,280.0,345,0,0,346,418,164,117,44,346,VIC,0,287.3113,2.7948778902883387,0.9971098265895953,0.0,0.0,0.1722488038277512,0.8121387283236994,0.12716763005780346,0
3361,695,51.0,964.0,2.1,867.0,190.0,283,0,0,290,345,144,87,36,290,VIC,0,463.5322,1.4993564632618834,0.9758620689655172,0.0,0.0,0.1594202898550725,0.7965517241379311,0.12413793103448276,0
3363,3598,49.0,1178.0,2.2,1300.0,275.0,1294,10,89,1421,1561,614,496,255,1421,VIC,0,161.8011,22.23717885725128,0.9106263194933145,0.007037297677691766,0.06263194933145672,0.08968609865470856,0.7811400422237861,0.17945109078114005,0
3364,2272,47.0,1458.0,2.4,1553.0,207.0,857,3,0,864,992,446,317,66,864,VIC,0,584.9719,3.8839472460130136,0.9918981481481481,0.003472222222222222,0.0,0.12903225806451613,0.8831018518518519,0.0763888888888889,0
3370,1900,52.0,1048.0,2.2,1127.0,220.0,783,10,3,823,1001,396,277,113,823,VIC,0,272.5268,6.971791398130386,0.951397326852977,0.012150668286755772,0.0036452004860267314,0.1778221778221778,0.8177399756986634,0.13730255164034022,0
3371,1090,56.0,900.0,2.1,964.0,190.0,433,0,0,451,586,233,161,36,451,VIC,0,311.63,3.4977377017617046,0.9600886917960089,0.0,0.0,0.2303754266211604,0.8736141906873615,0.07982261640798226,0
3373,2453,51.0,1111.0,2.2,1213.0,231.0,1000,14,3,1018,1225,498,318,152,1018,VIC,0,888.3971,2.7611526422137125,0.9823182711198428,0.0137524557956778,0.0029469548133595285,0.16897959183673472,0.8015717092337917,0.14931237721021612,0
3374,425,52.0,1474.0,2.2,1231.0,200.0,182,0,0,182,205,87,60,17,182,VIC,0,154.9187,2.743374428006432,1.0,0.0,0.0,0.1121951219512195,0.8076923076923077,0.09340659340659341,0
3375,236,47.0,1458.0,2.5,888.0,169.0,93,0,0,93,98,47,18,14,93,VIC,0,367.2823,0.6425575095777825,1.0,0.0,0.0,0.05102040816326525,0.6989247311827957,0.15053763440860216,0
3377,9602,45.0,1239.0,2.2,1083.0,250.0,3304,297,13,3650,4047,1520,1097,879,3650,VIC,0,1324.6382,7.248771777833373,0.9052054794520548,0.08136986301369863,0.003561643835616438,0.09809735606622194,0.716986301369863,0.24082191780821918,0
3378,140,38.0,1481.0,2.7,800.0,135.0,43,0,0,43,56,22,12,9,43,VIC,0,308.3383,0.45404674022007646,1.0,0.0,0.0,0.2321428571428571,0.7906976744186046,0.20930232558139536,0
3379,749,52.0,1173.0,2.2,677.0,150.0,307,4,0,313,392,178,50,32,313,VIC,0,1386.9432,0.5400365350217659,0.9808306709265175,0.012779552715654952,0.0,0.201530612244898,0.7284345047923323,0.10223642172523961,0
3380,6220,47.0,1127.0,2.2,973.0,210.0,2330,99,137,2584,2890,1150,705,645,2584,VIC,0,93.1404,66.78090280909251,0.901702786377709,0.03831269349845201,0.05301857585139319,0.10588235294117643,0.7178792569659442,0.24961300309597523,0
3381,1401,48.0,1472.0,2.3,1300.0,250.0,471,8,0,490,777,231,152,81,490,VIC,0,783.8126,1.7874170433085663,0.9612244897959183,0.0163265306122449,0.0,0.36936936936936937,0.7816326530612245,0.1653061224489796,0
3384,608,52.0,1125.0,2.4,867.0,155.0,218,0,0,222,278,130,60,19,222,VIC,0,625.3895,0.9721941286190446,0.9819819819819819,0.0,0.0,0.20143884892086328,0.8558558558558559,0.08558558558558559,0
3385,541,52.0,1259.0,2.3,867.0,196.0,217,0,0,216,251,128,64,16,216,VIC,0,836.426,0.6467995973343726,1.0046296296296295,0.0,0.0,0.1394422310756972,0.8888888888888888,0.07407407407407407,0
3387,289,48.0,1169.0,2.3,813.0,170.0,116,0,0,116,128,71,22,11,116,VIC,0,882.9256,0.3273208977064432,1.0,0.0,0.0,0.09375,0.8017241379310345,0.09482758620689655,0
3388,567,51.0,1115.0,2.3,650.0,165.0,221,0,0,223,277,139,45,22,223,VIC,0,494.6358,1.1462979428500726,0.9910313901345291,0.0,0.0,0.19494584837545126,0.8251121076233184,0.09865470852017937,0
3390,957,47.0,1026.0,2.2,701.0,180.0,391,5,4,408,480,203,111,73,408,VIC,0,440.0354,2.174825025441135,0.9583333333333334,0.012254901960784314,0.00980392156862745,0.15000000000000002,0.7696078431372549,0.17892156862745098,0
3391,181,50.0,1350.0,2.5,510.0,165.0,61,0,0,63,82,34,11,3,63,VIC,0,343.867,0.5263662985980044,0.9682539682539683,0.0,0.0,0.23170731707317072,0.7142857142857143,0.047619047619047616,0
3392,584,56.0,968.0,2.1,542.0,160.0,238,3,0,241,307,147,50,28,241,VIC,0,609.7559,0.9577603103143405,0.9875518672199171,0.012448132780082987,0.0,0.21498371335504884,0.8174273858921162,0.11618257261410789,0
3393,2614,50.0,1137.0,2.1,750.0,180.0,1045,38,8,1104,1321,563,273,214,1104,VIC,0,1395.0468,1.8737722634108045,0.9465579710144928,0.034420289855072464,0.007246376811594203,0.16426949280847847,0.7572463768115942,0.19384057971014493,0
3395,350,54.0,1080.0,2.2,570.0,80.0,140,4,0,148,185,92,24,21,148,VIC,0,833.6486,0.4198411656901961,0.9459459459459459,0.02702702702702703,0.0,0.19999999999999996,0.7837837837837838,0.14189189189189189,0
3396,694,56.0,1120.0,2.1,650.0,150.0,294,3,7,309,380,190,47,47,309,VIC,0,914.866,0.7585810380973825,0.9514563106796117,0.009708737864077669,0.022653721682847898,0.18684210526315792,0.7669902912621359,0.15210355987055016,0
3400,15134,40.0,1294.0,2.2,1187.0,245.0,5611,345,366,6331,6935,2288,1942,1887,6331,VIC,0,23.8292,635.1031507562151,0.8862738903806665,0.05449376085926394,0.05781077238982783,0.08709444844989189,0.6681408940135839,0.29805717896066974,0
3401,4596,44.0,1859.0,2.7,1387.0,200.0,1566,5,0,1581,1854,785,609,108,1581,VIC,0,4611.4465,0.9966504002594414,0.9905123339658444,0.0031625553447185324,0.0,0.1472491909385113,0.8817204301075269,0.0683111954459203,0
3407,416,50.0,1336.0,2.3,659.0,100.0,160,9,0,173,232,96,45,12,173,VIC,0,581.2878,0.7156523842406465,0.9248554913294798,0.05202312138728324,0.0,0.2543103448275862,0.815028901734104,0.06936416184971098,0
3409,987,50.0,1403.0,2.2,780.0,180.0,390,0,4,400,480,227,88,48,400,VIC,0,1588.7818,0.6212306812678745,0.975,0.0,0.01,0.16666666666666663,0.7875,0.12,0
3412,295,50.0,837.0,2.2,566.0,100.0,129,0,0,129,156,73,28,17,129,VIC,0,323.2481,0.9126117059930128,1.0,0.0,0.0,0.17307692307692313,0.7829457364341085,0.13178294573643412,0
3413,196,51.0,1562.0,2.3,900.0,126.0,76,0,0,75,103,48,9,10,75,VIC,0,977.4022,0.20053157236601268,1.0133333333333334,0.0,0.0,0.27184466019417475,0.76,0.13333333333333333,0
3414,1719,52.0,1082.0,2.1,807.0,165.0,725,0,22,758,942,390,223,116,758,VIC,0,693.9583,2.4770940847598477,0.9564643799472295,0.0,0.029023746701846966,0.19532908704883223,0.8087071240105541,0.15303430079155672,0
3415,36,52.0,3125.0,2.5,634.0,,13,0,0,13,20,13,0,0,13,VIC,0,47.4742,0.7583066170677968,1.0,0.0,0.0,0.35,1.0,0.0,1
3418,2875,46.0,1334.0,2.3,800.0,198.0,1046,59,8,1121,1326,562,280,223,1121,VIC,0,2954.2891,0.9731613605452493,0.9330954504906334,0.05263157894736842,0.007136485280999108,0.1546003016591252,0.7511150758251561,0.19892952720785012,0
3419,891,51.0,1121.0,2.1,715.0,125.0,373,9,3,395,456,238,71,57,395,VIC,0,1027.2714,0.8673462533854247,0.9443037974683545,0.02278481012658228,0.007594936708860759,0.13377192982456143,0.7822784810126582,0.14430379746835442,0
3420,283,38.0,1916.0,2.7,455.0,138.0,98,0,0,98,123,63,5,14,98,VIC,0,1674.1958,0.1690363815271786,1.0,0.0,0.0,0.2032520325203252,0.6938775510204082,0.14285714285714285,0
3423,476,56.0,785.0,2.1,433.0,120.0,204,0,0,209,316,124,47,20,209,VIC,0,716.2215,0.6645988706007848,0.9760765550239234,0.0,0.0,0.3386075949367089,0.8181818181818182,0.09569377990430622,0
3424,750,55.0,1077.0,2.1,500.0,100.0,309,9,0,320,437,192,74,30,320,VIC,0,1363.5154,0.5500487929949306,0.965625,0.028125,0.0,0.26773455377574373,0.83125,0.09375,0
3427,5669,33.0,1991.0,2.6,1800.0,397.0,1903,151,0,2056,2188,418,1174,425,2056,VIC,0,67.7506,83.67453572366887,0.9255836575875487,0.07344357976653697,0.0,0.06032906764168189,0.77431906614786,0.20671206225680933,0
3428,668,45.0,1738.0,2.8,2100.0,348.0,220,0,0,218,240,96,98,20,218,VIC,0,33.6846,19.83102070382311,1.0091743119266054,0.0,0.0,0.09166666666666667,0.8899082568807339,0.09174311926605505,0
3429,39093,38.0,1924.0,2.6,1733.0,361.0,12563,580,1033,14182,14880,4379,6626,2893,14182,VIC,0,173.6279,225.15390671660487,0.8858412071640107,0.040896911578056694,0.07283880975884925,0.046908602150537604,0.7759836412353688,0.20399097447468623,0
3430,303,44.0,1699.0,2.7,2334.0,345.0,96,0,0,96,118,37,32,14,96,VIC,0,86.8846,3.487384415650184,1.0,0.0,0.0,0.18644067796610164,0.71875,0.14583333333333334,0
3431,4390,42.0,2150.0,2.8,2000.0,400.0,1423,80,7,1507,1599,574,733,173,1507,VIC,0,72.5941,60.473234050701095,0.9442601194426012,0.05308560053085601,0.0046449900464499,0.057535959974984396,0.8672859986728599,0.11479761114797611,0
3432,185,51.0,1792.0,2.7,2000.0,550.0,68,0,0,68,79,33,31,5,68,VIC,0,27.6545,6.6896888390677836,1.0,0.0,0.0,0.1392405063291139,0.9411764705882353,0.07352941176470588,0
3433,207,41.0,2222.0,2.9,2268.0,190.0,69,0,0,69,74,24,38,4,69,VIC,0,25.7516,8.038335482067133,1.0,0.0,0.0,0.06756756756756754,0.8985507246376812,0.057971014492753624,0
3434,6143,39.0,2071.0,2.7,1950.0,371.0,2072,43,15,2127,2280,688,1149,228,2127,VIC,0,167.1149,36.75913996896746,0.9741419840150447,0.020216267042783263,0.007052186177715092,0.06710526315789478,0.8636577338975082,0.1071932299012694,0
3435,3228,42.0,1887.0,2.6,1800.0,360.0,1144,8,0,1156,1272,442,571,116,1156,VIC,0,263.3536,12.257284502661062,0.9896193771626297,0.006920415224913495,0.0,0.0911949685534591,0.8762975778546713,0.10034602076124567,0
3437,11715,40.0,2318.0,2.8,2167.0,421.0,3556,359,33,3949,4178,1405,1878,580,3949,VIC,0,184.8321,63.3818476336091,0.9004811344644214,0.09090909090909091,0.008356545961002786,0.054810914313068504,0.8313497087870347,0.14687262598126108,0
3438,2509,41.0,2279.0,2.9,1950.0,451.0,776,22,0,803,855,316,380,85,803,VIC,0,26.2249,95.67243345065185,0.9663760896637609,0.0273972602739726,0.0,0.06081871345029244,0.8667496886674969,0.10585305105853052,0
3440,2073,44.0,2353.0,2.8,2213.0,371.0,671,5,0,697,754,304,314,61,697,VIC,0,38.9733,53.190261024855474,0.9626972740315638,0.007173601147776184,0.0,0.0755968169761273,0.8866571018651362,0.08751793400286945,0
3441,1450,48.0,2647.0,2.6,2604.0,330.0,507,4,0,515,607,225,233,36,515,VIC,0,34.0169,42.62587125810994,0.9844660194174757,0.007766990291262136,0.0,0.15156507413509057,0.8893203883495145,0.06990291262135923,0
3442,8586,46.0,2124.0,2.6,2000.0,391.0,2857,219,6,3094,3434,1293,1282,430,3094,VIC,0,275.7369,31.138378650082743,0.9234001292824823,0.07078215901745313,0.0019392372333548805,0.09900990099009899,0.8322559793148029,0.1389786683904331,0
3444,10066,47.0,1663.0,2.4,1785.0,351.0,3472,257,5,3809,4387,1618,1380,675,3809,VIC,0,935.7371,10.757294970991317,0.9115253347335258,0.0674717773693883,0.0013126804935678655,0.13175290631410985,0.7870832239432922,0.17721186663166186,0
3446,1101,46.0,1614.0,2.4,1300.0,350.0,422,0,0,427,489,177,206,40,427,VIC,0,88.1952,12.483672580820725,0.9882903981264637,0.0,0.0,0.1267893660531697,0.8969555035128806,0.0936768149882904,0
3447,524,52.0,1468.0,2.3,1534.0,277.0,208,0,0,208,231,102,88,6,208,VIC,0,47.9579,10.926249898348342,1.0,0.0,0.0,0.09956709956709953,0.9134615384615384,0.028846153846153848,0
3448,981,50.0,1455.0,2.3,1584.0,263.0,392,0,0,392,464,189,178,14,392,VIC,0,220.36,4.451806135414776,1.0,0.0,0.0,0.15517241379310343,0.9362244897959183,0.03571428571428571,0
3450,7588,52.0,1110.0,2.0,1362.0,300.0,2962,213,8,3204,3541,1559,794,747,3204,VIC,0,22.8791,331.65640256828283,0.9244694132334582,0.06647940074906367,0.0024968789013732834,0.09517085569048289,0.7343945068664169,0.23314606741573032,0
3451,5819,47.0,1392.0,2.4,1517.0,305.0,2305,23,0,2338,2639,1037,962,284,2338,VIC,0,311.8368,18.660401851224744,0.985885372112917,0.009837467921300257,0.0,0.11405835543766574,0.8550042771599657,0.12147134302822926,0
3453,1852,49.0,1594.0,2.5,1586.0,300.0,685,0,0,686,773,320,279,64,686,VIC,0,171.696,10.786506383375269,0.9985422740524781,0.0,0.0,0.11254851228978002,0.8731778425655977,0.09329446064139942,0
3458,2330,53.0,1537.0,2.2,1600.0,350.0,905,21,0,935,1296,460,346,96,935,VIC,0,351.9543,6.6201776764767475,0.9679144385026738,0.022459893048128343,0.0,0.27854938271604934,0.8620320855614974,0.10267379679144385,0
3460,2799,55.0,1183.0,1.9,1530.0,331.0,1139,122,4,1273,1858,576,315,324,1273,VIC,0,45.0525,62.127517895788245,0.8947368421052632,0.09583660644147683,0.003142183817753339,0.31485468245425186,0.6999214454045561,0.2545168892380204,0
3461,4614,52.0,1369.0,2.2,1517.0,305.0,1848,12,0,1884,2663,943,681,192,1884,VIC,0,551.8473,8.361008561607532,0.9808917197452229,0.006369426751592357,0.0,0.2925272249342846,0.861995753715499,0.10191082802547771,0
3462,1230,53.0,1146.0,2.2,1347.0,300.0,523,4,5,533,636,275,206,38,533,VIC,0,139.6158,8.80989114412552,0.9812382739212008,0.0075046904315197,0.009380863039399626,0.16194968553459121,0.9024390243902439,0.07129455909943715,0
3463,2588,57.0,1127.0,2.1,1300.0,268.0,1121,17,0,1148,1395,631,365,107,1148,VIC,0,530.6538,4.877002671044662,0.9764808362369338,0.014808362369337979,0.0,0.17706093189964156,0.867595818815331,0.09320557491289198,0
3464,1192,45.0,1205.0,2.5,1092.0,223.0,424,18,0,449,487,196,176,56,449,VIC,0,116.2721,10.251814493760756,0.9443207126948775,0.0400890868596882,0.0,0.07802874743326493,0.8285077951002228,0.12472160356347439,0
3465,10111,51.0,911.0,2.1,1070.0,240.0,3893,344,61,4368,4839,1988,1116,1042,4368,VIC,0,880.5183,11.483009495657274,0.8912545787545788,0.07875457875457875,0.013965201465201466,0.09733415995040295,0.7106227106227107,0.23855311355311357,0
3467,1356,51.0,923.0,2.2,1056.0,210.0,528,19,0,559,625,287,158,89,559,VIC,0,102.8086,13.189558071990087,0.9445438282647585,0.03398926654740608,0.0,0.10560000000000003,0.7960644007155635,0.1592128801431127,0
3468,267,55.0,1051.0,2.0,943.0,233.0,125,0,0,125,160,71,35,12,125,VIC,0,222.4462,1.2002902274797231,1.0,0.0,0.0,0.21875,0.848,0.096,0
3469,269,57.0,855.0,1.9,858.0,143.0,109,0,0,108,140,70,27,5,108,VIC,0,228.7419,1.1759979260467803,1.0092592592592593,0.0,0.0,0.22857142857142854,0.8981481481481481,0.046296296296296294,0
3472,1492,56.0,777.0,2.0,808.0,192.0,613,23,0,661,825,367,177,84,661,VIC,0,461.4507,3.2332814751391643,0.9273827534039334,0.03479576399394856,0.0,0.19878787878787874,0.8229954614220878,0.12708018154311648,0
3475,373,59.0,777.0,2.1,867.0,178.0,162,0,0,162,263,114,24,12,162,VIC,0,508.9179,0.7329276490373006,1.0,0.0,0.0,0.3840304182509505,0.8518518518518519,0.07407407407407407,0
3477,817,54.0,1224.0,2.3,867.0,180.0,308,8,0,322,414,201,76,15,322,VIC,0,2037.7764,0.4009272067337712,0.9565217391304348,0.024844720496894408,0.0,0.2222222222222222,0.860248447204969,0.046583850931677016,0
3478,2584,53.0,927.0,2.0,867.0,185.0,1095,46,3,1160,1391,580,319,216,1160,VIC,0,488.8625,5.285739855276279,0.9439655172413793,0.039655172413793106,0.002586206896551724,0.16606757728253052,0.775,0.18620689655172415,0
3480,1805,51.0,1147.0,2.2,867.0,180.0,685,6,24,720,858,383,163,125,720,VIC,0,1438.5685,1.2547195354270582,0.9513888888888888,0.008333333333333333,0.03333333333333333,0.16083916083916083,0.7583333333333333,0.1736111111111111,0
3482,207,54.0,1166.0,2.3,417.0,170.0,69,0,0,68,102,40,11,5,68,VIC,0,517.7201,0.3998299467221767,1.0147058823529411,0.0,0.0,0.33333333333333337,0.75,0.07352941176470588,0
3483,882,47.0,1278.0,2.3,704.0,152.0,340,0,16,359,444,183,85,61,359,VIC,0,1177.4827,0.7490555912201512,0.947075208913649,0.0,0.04456824512534819,0.19144144144144148,0.7465181058495822,0.16991643454038996,0
3485,291,58.0,876.0,2.0,520.0,100.0,121,0,0,127,169,85,21,10,127,VIC,0,627.4353,0.46379284047295394,0.952755905511811,0.0,0.0,0.24852071005917165,0.8346456692913385,0.07874015748031496,0
3487,82,47.0,1687.0,2.6,382.0,100.0,25,0,0,25,40,18,0,3,25,VIC,0,317.5964,0.25818932456413235,1.0,0.0,0.0,0.375,0.72,0.12,1
3488,89,53.0,1771.0,2.1,867.0,53.0,37,0,0,37,48,22,3,0,37,VIC,0,307.5921,0.28934423218281613,1.0,0.0,0.0,0.22916666666666663,0.6756756756756757,0.0,1
3489,62,41.0,1125.0,2.6,403.0,,21,0,0,21,34,20,0,0,21,VIC,0,453.1693,0.13681421049484155,1.0,0.0,0.0,0.38235294117647056,0.9523809523809523,0.0,1
3490,1292,53.0,1151.0,2.1,712.0,163.0,501,16,0,528,628,277,124,107,528,VIC,0,15437.9491,0.0836898730285359,0.9488636363636364,0.030303030303030304,0.0,0.15923566878980888,0.759469696969697,0.20265151515151514,0
3491,149,47.0,1018.0,2.4,109.0,173.0,52,0,0,52,71,36,7,8,52,VIC,0,1143.6908,0.13027996727786914,1.0,0.0,0.0,0.2676056338028169,0.8269230769230769,0.15384615384615385,0
3494,641,40.0,1147.0,2.3,1114.0,150.0,199,0,0,252,312,85,49,87,252,VIC,0,930.7194,0.6887145577926065,0.7896825396825397,0.0,0.0,0.1923076923076923,0.5317460317460317,0.34523809523809523,0
3496,6464,41.0,1336.0,2.5,1083.0,235.0,2153,122,12,2329,2585,840,846,523,2329,VIC,0,3380.7812,1.9119841295851978,0.9244310863031344,0.05238299699441821,0.005152425933877201,0.09903288201160543,0.7239158437097467,0.22455989695148132,0
3498,5977,40.0,1606.0,2.6,1343.0,260.0,1921,10,115,2058,2204,762,855,351,2058,VIC,0,64.5178,92.64110059549459,0.9334305150631681,0.004859086491739553,0.05587949465500486,0.06624319419237745,0.7857142857142857,0.17055393586005832,0
3500,34565,39.0,1295.0,2.4,1300.0,280.0,10751,1447,949,13319,14584,3988,3828,4883,13319,VIC,0,78.0417,442.9042422192238,0.8071927321871011,0.10864178992416848,0.07125159546512501,0.08673889193636863,0.5868308431563931,0.3666191155492154,0
3501,2146,40.0,2055.0,2.9,1733.0,231.0,681,5,0,710,758,272,335,67,710,VIC,0,1022.8815,2.0979947335052986,0.9591549295774648,0.007042253521126761,0.0,0.0633245382585752,0.8549295774647887,0.09436619718309859,0
3505,5010,43.0,1338.0,2.5,1129.0,220.0,1657,62,26,1764,1940,630,763,288,1764,VIC,0,537.6072,9.319071619576523,0.9393424036281179,0.035147392290249435,0.01473922902494331,0.0907216494845361,0.7896825396825397,0.16326530612244897,0
3506,33,35.0,1041.0,1.9,1200.0,370.0,11,0,0,10,15,7,0,4,10,VIC,0,433.4114,0.07614012921672111,1.1,0.0,0.0,0.33333333333333337,0.7,0.4,1
3507,171,52.0,900.0,2.2,542.0,125.0,57,0,4,64,74,46,8,7,64,VIC,0,462.7314,0.3695448374586207,0.890625,0.0,0.0625,0.1351351351351351,0.84375,0.109375,0
3509,228,52.0,1260.0,2.1,403.0,150.0,96,0,0,96,112,63,13,6,96,VIC,0,619.975,0.3677567643856607,1.0,0.0,0.0,0.1428571428571429,0.7916666666666666,0.0625,0
3512,369,47.0,1278.0,2.2,693.0,110.0,146,4,0,146,171,94,25,18,146,VIC,0,1290.4311,0.2859509508101595,1.0,0.0273972602739726,0.0,0.14619883040935677,0.815068493150685,0.1232876712328767,0
3515,2516,33.0,1947.0,2.9,1539.0,343.0,809,0,0,829,880,240,490,75,829,VIC,0,226.4581,11.110223039052258,0.9758745476477684,0.0,0.0,0.05795454545454548,0.8805790108564535,0.09047044632086852,0
3516,722,47.0,1408.0,2.4,1133.0,208.0,268,0,0,270,357,133,94,27,270,VIC,0,340.6389,2.1195465344680247,0.9925925925925926,0.0,0.0,0.24369747899159666,0.8407407407407408,0.1,0
3517,1497,52.0,935.0,2.2,867.0,185.0,553,13,0,587,717,296,173,77,587,VIC,0,999.1275,1.498307273095776,0.9420783645655877,0.022146507666098807,0.0,0.18131101813110184,0.7989778534923339,0.131175468483816,0
3518,1321,56.0,932.0,2.1,758.0,170.0,486,43,0,547,747,334,115,66,547,VIC,0,1130.4477,1.1685635699908983,0.8884826325411335,0.07861060329067641,0.0,0.2677376171352075,0.8208409506398537,0.1206581352833638,0
3520,156,57.0,612.0,1.9,425.0,134.0,71,0,0,71,105,46,13,8,71,VIC,0,100.0511,1.5592032471407111,1.0,0.0,0.0,0.32380952380952377,0.8309859154929577,0.11267605633802817,0
3521,772,42.0,1661.0,2.8,1482.0,290.0,256,0,0,258,280,81,153,10,258,VIC,0,115.8073,6.666246428333965,0.9922480620155039,0.0,0.0,0.07857142857142863,0.9069767441860465,0.03875968992248062,0
3522,338,50.0,1307.0,2.3,1407.0,225.0,130,0,0,130,189,53,54,17,130,VIC,0,193.6226,1.7456639875716986,1.0,0.0,0.0,0.3121693121693122,0.823076923076923,0.13076923076923078,0
3523,3965,56.0,993.0,2.0,1300.0,255.0,1600,30,6,1676,2192,867,513,216,1676,VIC,0,680.5253,5.826381473253089,0.954653937947494,0.017899761336515514,0.003579952267303103,0.23540145985401462,0.8233890214797136,0.1288782816229117,0
3525,1369,55.0,991.0,2.1,776.0,200.0,528,31,3,572,703,332,136,78,572,VIC,0,1065.8325,1.2844419737622939,0.9230769230769231,0.05419580419580419,0.005244755244755245,0.18634423897581798,0.8181818181818182,0.13636363636363635,0
3527,741,57.0,1042.0,2.0,654.0,150.0,305,21,0,329,383,198,61,44,329,VIC,0,1187.3064,0.6241017482934481,0.9270516717325228,0.06382978723404255,0.0,0.14099216710182771,0.7872340425531915,0.1337386018237082,0
3529,117,36.0,1333.0,2.7,500.0,110.0,43,0,0,40,49,25,6,7,40,VIC,0,291.6863,0.40111585631550056,1.075,0.0,0.0,0.18367346938775508,0.775,0.175,0
3530,114,58.0,1156.0,1.8,542.0,55.0,55,0,0,55,81,41,10,0,55,VIC,0,485.3808,0.23486713936768822,1.0,0.0,0.0,0.32098765432098764,0.9272727272727272,0.0,0
3531,194,46.0,1093.0,2.5,433.0,150.0,78,0,0,82,98,46,11,15,82,VIC,0,331.7689,0.5847443808024201,0.9512195121951219,0.0,0.0,0.16326530612244894,0.6951219512195121,0.18292682926829268,0
3533,744,51.0,941.0,2.1,650.0,140.0,308,9,0,322,398,175,74,47,322,VIC,0,1361.3987,0.5464967757057503,0.9565217391304348,0.027950310559006212,0.0,0.19095477386934678,0.7732919254658385,0.14596273291925466,0
3537,1094,53.0,1134.0,2.2,921.0,180.0,376,11,0,388,485,230,82,50,388,VIC,0,781.5452,1.3997910805414708,0.9690721649484536,0.028350515463917526,0.0,0.19999999999999996,0.8041237113402062,0.12886597938144329,0
3540,263,57.0,900.0,1.9,729.0,80.0,111,3,0,119,140,77,19,9,119,VIC,0,521.4988,0.5043156379266837,0.9327731092436975,0.025210084033613446,0.0,0.15000000000000002,0.8067226890756303,0.07563025210084033,0
3542,139,52.0,916.0,2.1,433.0,168.0,58,0,0,58,63,41,13,5,58,VIC,0,394.0098,0.3527831033644341,1.0,0.0,0.0,0.07936507936507942,0.9310344827586207,0.08620689655172414,0
3544,252,45.0,1262.0,2.3,627.0,165.0,96,0,0,94,123,59,20,10,94,VIC,0,1004.3354,0.25091219526863234,1.0212765957446808,0.0,0.0,0.2357723577235772,0.8404255319148937,0.10638297872340426,0
3546,346,52.0,1312.0,2.3,477.0,130.0,133,0,0,140,172,82,33,19,140,VIC,0,1235.9728,0.2799414356044081,0.95,0.0,0.0,0.18604651162790697,0.8214285714285714,0.1357142857142857,0
3549,4017,36.0,1367.0,2.9,1050.0,214.0,1019,23,45,1154,1273,367,233,459,1154,VIC,0,980.3663,4.097448066095295,0.8830155979202773,0.01993067590987868,0.0389948006932409,0.09347996857816188,0.5199306759098787,0.39774696707105717,0
3550,41839,40.0,1367.0,2.2,1311.0,285.0,14635,2337,213,17240,18922,5729,4655,6476,17240,VIC,0,52.7325,793.4196178827099,0.8488979118329466,0.1355568445475638,0.012354988399071926,0.08889123771271534,0.6023201856148492,0.37563805104408354,0
3551,35614,37.0,2012.0,2.9,1625.0,360.0,11695,84,4,11861,12609,4135,5955,1440,11861,VIC,0,1767.4856,20.149527668004765,0.986004552735857,0.007082033555349465,0.0003372396931118793,0.059322706003648196,0.8506871258747154,0.12140628952027653,0
3555,21043,42.0,1238.0,2.2,1300.0,290.0,7761,601,191,8582,9159,3019,2692,2627,8582,VIC,0,40.9147,514.3139262905507,0.9043346539268236,0.07003029596830576,0.022255884409228616,0.06299814390217273,0.6654625961314379,0.3061058028431601,0
3556,14088,39.0,1229.0,2.4,1300.0,280.0,5267,241,15,5561,5941,1861,1973,1572,5561,VIC,0,253.373,55.601820241304324,0.9471318108253911,0.043337529221363066,0.0026973565905412697,0.06396229590977953,0.6894443445423485,0.28268297068872505,0
3557,853,41.0,1680.0,2.6,1338.0,245.0,301,0,0,306,341,111,153,27,306,VIC,0,268.6411,3.175240125207945,0.9836601307189542,0.0,0.0,0.1026392961876833,0.8627450980392157,0.08823529411764706,0
3558,971,52.0,972.0,2.1,1083.0,220.0,385,0,0,399,455,194,114,73,399,VIC,0,345.8443,2.8076218113179836,0.9649122807017544,0.0,0.0,0.12307692307692308,0.7719298245614035,0.18295739348370926,0
3559,563,51.0,1272.0,2.3,975.0,200.0,211,0,0,218,258,109,56,22,218,VIC,0,567.1549,0.9926741354081574,0.9678899082568807,0.0,0.0,0.15503875968992253,0.7568807339449541,0.10091743119266056,0
3561,4498,49.0,1207.0,2.3,1152.0,213.0,1652,74,0,1753,1973,832,521,317,1753,VIC,0,645.1897,6.971593005901985,0.9423844837421563,0.042213348545350825,0.0,0.11150532184490625,0.7718197375926983,0.18083285795778664,0
3562,257,43.0,1774.0,2.7,1767.0,200.0,82,0,0,90,122,32,38,15,90,VIC,0,141.044,1.8221264286321996,0.9111111111111111,0.0,0.0,0.2622950819672131,0.7777777777777778,0.16666666666666666,0
3563,850,47.0,1268.0,2.4,1100.0,200.0,303,7,0,311,344,141,99,52,311,VIC,0,119.7043,7.100830964301199,0.9742765273311897,0.022508038585209004,0.0,0.09593023255813948,0.7717041800643086,0.16720257234726688,0
3564,17080,45.0,1371.0,2.4,1500.0,285.0,5769,741,15,6626,7307,2532,2102,1732,6626,VIC,0,640.5675,26.663856658353726,0.8706610322970117,0.11183217627527921,0.0022638092363416844,0.09319830299712606,0.6993661334138244,0.26139450648958645,0
3565,134,42.0,1687.0,2.9,1300.0,170.0,43,0,0,43,49,20,16,9,43,VIC,0,57.3943,2.334726619193892,1.0,0.0,0.0,0.12244897959183676,0.8372093023255814,0.20930232558139536,0
3566,578,48.0,1062.0,2.3,1000.0,185.0,224,7,0,227,280,107,62,34,227,VIC,0,131.5341,4.394297752445944,0.986784140969163,0.030837004405286344,0.0,0.18928571428571428,0.7444933920704846,0.14977973568281938,0
3567,665,49.0,1044.0,2.3,867.0,160.0,260,8,0,265,319,144,51,47,265,VIC,0,159.5244,4.168641286223298,0.9811320754716981,0.03018867924528302,0.0,0.16927899686520376,0.7358490566037735,0.17735849056603772,0
3568,2947,53.0,1155.0,2.2,976.0,183.0,1163,46,4,1217,1389,642,295,217,1217,VIC,0,514.4433,5.728522463019734,0.9556285949055053,0.03779786359901397,0.003286770747740345,0.12383009359251262,0.7699260476581758,0.17830731306491374,0
3570,837,49.0,1455.0,2.6,1200.0,230.0,264,0,0,273,317,120,127,20,273,VIC,0,570.2825,1.467693643062868,0.967032967032967,0.0,0.0,0.13880126182965302,0.9047619047619048,0.07326007326007326,0
3571,305,47.0,1375.0,2.6,1198.0,100.0,100,7,0,111,131,55,25,12,111,VIC,0,348.6153,0.8748898857852768,0.9009009009009009,0.06306306306306306,0.0,0.15267175572519087,0.7207207207207207,0.10810810810810811,0
3572,137,48.0,1781.0,2.6,1509.0,250.0,50,0,0,50,56,21,14,5,50,VIC,0,274.0718,0.4998690124266707,1.0,0.0,0.0,0.1071428571428571,0.7,0.1,0
3573,340,42.0,1228.0,2.3,690.0,100.0,123,0,0,127,162,65,31,15,127,VIC,0,630.2312,0.539484557413216,0.968503937007874,0.0,0.0,0.21604938271604934,0.7559055118110236,0.11811023622047244,0
3575,842,46.0,1060.0,2.3,777.0,160.0,333,7,0,337,398,168,70,67,337,VIC,0,782.5248,1.0760042365430462,0.9881305637982196,0.020771513353115726,0.0,0.1532663316582915,0.7062314540059347,0.19881305637982197,0
3576,60,47.0,1174.0,2.3,217.0,115.0,30,0,0,30,33,17,9,0,30,VIC,0,146.0941,0.41069420325666817,1.0,0.0,0.0,0.09090909090909094,0.8666666666666667,0.0,1
3579,5450,50.0,1050.0,2.2,1000.0,200.0,2015,134,0,2206,2509,1044,584,449,2206,VIC,0,1943.5644,2.804126274385351,0.913417951042611,0.06074342701722575,0.0,0.12076524511757669,0.7379873073436083,0.20353581142339075,0
3580,1101,54.0,973.0,2.2,1105.0,200.0,436,3,5,449,511,269,116,51,449,VIC,0,59.0798,18.63581122481796,0.9710467706013363,0.0066815144766146995,0.011135857461024499,0.12133072407045009,0.8574610244988864,0.11358574610244988,0
3581,147,55.0,1321.0,2.5,879.0,188.0,51,0,0,54,60,28,7,8,54,VIC,0,144.6021,1.0165827467235953,0.9444444444444444,0.0,0.0,0.09999999999999998,0.6481481481481481,0.14814814814814814,0
3583,162,46.0,1399.0,2.7,930.0,170.0,54,0,0,59,72,23,23,3,59,VIC,0,28.7574,5.6333326378601685,0.9152542372881356,0.0,0.0,0.18055555555555558,0.7796610169491526,0.05084745762711865,0
3584,1138,42.0,1413.0,2.5,1083.0,200.0,386,0,5,397,496,159,167,62,397,VIC,0,100.7873,11.291105129316888,0.9722921914357683,0.0,0.012594458438287154,0.19959677419354838,0.8211586901763224,0.1561712846347607,0
3585,11508,38.0,1394.0,2.4,1300.0,235.0,3721,368,337,4465,4897,1576,1330,1400,4465,VIC,0,1073.5597,10.719478385785159,0.8333706606942889,0.08241881298992161,0.07547592385218366,0.08821727588319384,0.6508398656215005,0.3135498320268757,0
3586,799,43.0,1656.0,2.7,1300.0,250.0,260,0,0,270,297,118,101,39,270,VIC,0,210.9292,3.788000902672555,0.9629629629629629,0.0,0.0,0.09090909090909094,0.8111111111111111,0.14444444444444443,0
3588,404,42.0,1283.0,2.6,867.0,175.0,151,0,0,151,158,67,60,10,151,VIC,0,32.8501,12.298288285271584,1.0,0.0,0.0,0.044303797468354444,0.8410596026490066,0.06622516556291391,0
3589,359,37.0,1781.0,2.7,975.0,250.0,116,0,0,116,148,39,32,24,116,VIC,0,30.1912,11.890882111343704,1.0,0.0,0.0,0.21621621621621623,0.6120689655172413,0.20689655172413793,0
3590,337,42.0,1390.0,2.6,1000.0,150.0,113,0,0,113,114,47,40,17,113,VIC,0,32.6283,10.328457198199109,1.0,0.0,0.0,0.00877192982456143,0.7699115044247787,0.1504424778761062,0
3591,163,49.0,1708.0,2.5,1135.0,135.0,61,0,0,61,69,29,25,3,61,VIC,0,18.9119,8.61891190202994,1.0,0.0,0.0,0.1159420289855072,0.8852459016393442,0.04918032786885246,0
3594,536,46.0,1130.0,2.1,867.0,210.0,187,0,0,222,269,100,70,43,222,VIC,0,29.0315,18.462704303945713,0.8423423423423423,0.0,0.0,0.17472118959107807,0.7657657657657657,0.19369369369369369,0
3595,673,45.0,979.0,2.3,650.0,188.0,216,0,7,240,300,87,83,53,240,VIC,0,36.5777,18.399188576646427,0.9,0.0,0.029166666666666667,0.19999999999999996,0.7083333333333334,0.22083333333333333,0
3596,103,51.0,1249.0,2.4,1192.0,220.0,31,0,0,32,44,21,5,7,32,VIC,0,141.1499,0.7297206728449683,0.96875,0.0,0.0,0.2727272727272727,0.8125,0.21875,0
3597,458,40.0,1583.0,2.5,650.0,130.0,148,5,0,168,230,78,26,43,168,VIC,0,1149.0146,0.39860241984740663,0.8809523809523809,0.02976190476190476,0.0,0.26956521739130435,0.6190476190476191,0.25595238095238093,0
3599,154,53.0,1531.0,2.5,840.0,162.0,43,0,0,51,62,23,10,9,51,VIC,0,163.9824,0.9391251744089609,0.8431372549019608,0.0,0.0,0.17741935483870963,0.6470588235294118,0.17647058823529413,0
3607,160,46.0,1416.0,2.4,1300.0,207.0,55,0,0,55,68,28,16,3,55,VIC,0,80.6847,1.9830277611492635,1.0,0.0,0.0,0.19117647058823528,0.8,0.05454545454545454,0
3608,2825,52.0,1183.0,2.1,1437.0,290.0,1064,70,0,1186,1511,587,312,245,1186,VIC,0,532.8675,5.301505533739626,0.897133220910624,0.05902192242833052,0.0,0.21508934480476505,0.7580101180438449,0.20657672849915684,0
3610,1600,49.0,1122.0,2.2,1200.0,231.0,522,45,0,595,668,280,182,106,595,VIC,0,264.407,6.051277008551211,0.8773109243697479,0.07563025210084033,0.0,0.10928143712574845,0.7764705882352941,0.1781512605042017,0
3612,1801,55.0,904.0,2.1,1000.0,195.0,716,14,0,762,912,390,229,96,762,VIC,0,469.4716,3.836227793118902,0.9396325459317585,0.01837270341207349,0.0,0.16447368421052633,0.8123359580052494,0.12598425196850394,0
3614,927,40.0,1993.0,2.8,1517.0,250.0,310,0,0,313,343,97,159,38,313,VIC,0,84.8059,10.93084325500938,0.9904153354632588,0.0,0.0,0.08746355685131191,0.8178913738019169,0.12140575079872204,0
3616,5605,44.0,1381.0,2.4,1300.0,245.0,1975,117,6,2131,2377,883,735,419,2131,VIC,0,280.6496,19.971523209012233,0.9267949319568278,0.054903801032379164,0.0028155795401220087,0.10349179638199413,0.7592679493195683,0.1966213045518536,0
3617,161,46.0,1174.0,2.7,1454.0,230.0,55,0,0,58,58,21,23,3,58,VIC,0,33.3432,4.8285707430600535,0.9482758620689655,0.0,0.0,0.0,0.7586206896551724,0.05172413793103448,0
3618,679,47.0,1030.0,2.3,1083.0,180.0,251,3,0,262,295,109,95,51,262,VIC,0,55.8419,12.15932838961425,0.9580152671755725,0.011450381679389313,0.0,0.11186440677966103,0.7786259541984732,0.1946564885496183,0
3620,8340,46.0,1202.0,2.4,1268.0,220.0,2931,317,12,3288,3586,1390,1019,735,3288,VIC,0,360.1536,23.156786437786547,0.8914233576642335,0.09641119221411192,0.0036496350364963502,0.08310094813162294,0.7326642335766423,0.22354014598540145,0
3621,2437,41.0,1262.0,2.5,1172.0,200.0,814,49,3,899,970,336,334,187,899,VIC,0,186.7948,13.046401719962224,0.9054505005561735,0.054505005561735265,0.0033370411568409346,0.07319587628865976,0.7452725250278087,0.20800889877641823,0
3622,537,41.0,1490.0,2.8,1408.0,150.0,176,0,0,176,186,66,77,17,176,VIC,0,163.4506,3.285396321579731,1.0,0.0,0.0,0.053763440860215006,0.8125,0.09659090909090909,0
3623,890,50.0,1125.0,2.2,884.0,198.0,357,8,9,374,424,170,121,61,374,VIC,0,130.4296,6.8236044578837936,0.9545454545454546,0.0213903743315508,0.02406417112299465,0.11792452830188682,0.7780748663101604,0.16310160427807488,0
3624,563,42.0,1093.0,2.4,1083.0,180.0,214,0,0,217,242,97,63,41,217,VIC,0,84.0851,6.6955976742609575,0.9861751152073732,0.0,0.0,0.10330578512396693,0.7373271889400922,0.1889400921658986,0
3629,9536,43.0,1167.0,2.3,1179.0,250.0,3025,433,13,3669,3949,1298,1124,1089,3669,VIC,0,306.9258,31.069398532153375,0.824475333878441,0.11801580812210412,0.0035431997819569366,0.07090402633578119,0.6601253747615154,0.29681112019623873,0
3630,32151,38.0,1287.0,2.4,1248.0,270.0,10172,1607,49,11969,13003,3663,3305,4464,11969,VIC,0,141.9294,226.5281189098242,0.8498621438716685,0.1342635140780349,0.004093909265602807,0.07952011074367449,0.5821706074024563,0.3729634890132843,0
3631,14605,38.0,1981.0,2.9,1603.0,350.0,4561,37,0,4724,5013,1732,2178,623,4724,VIC,0,642.0731,22.74663118576374,0.9654953429297206,0.007832345469940728,0.0,0.057650109714741715,0.827688399661304,0.13187976291278578,0
3633,620,41.0,1676.0,2.7,1603.0,295.0,193,0,0,214,238,90,77,24,214,VIC,0,54.1272,11.454499770910004,0.9018691588785047,0.0,0.0,0.10084033613445376,0.780373831775701,0.11214953271028037,0
3634,1888,42.0,1652.0,2.7,1300.0,230.0,638,0,0,640,712,228,322,58,640,VIC,0,309.0822,6.108407407479305,0.996875,0.0,0.0,0.101123595505618,0.859375,0.090625,0
3635,552,48.0,1416.0,2.3,1100.0,220.0,208,0,0,215,241,88,86,23,215,VIC,0,181.4429,3.0422794168303087,0.9674418604651163,0.0,0.0,0.10788381742738584,0.8093023255813954,0.10697674418604651,0
3636,5375,48.0,1172.0,2.3,1148.0,210.0,1921,185,11,2134,2374,933,666,445,2134,VIC,0,393.6823,13.65314112420091,0.9001874414245549,0.0866916588566073,0.005154639175257732,0.10109519797809607,0.7492970946579194,0.20852858481724462,0
3637,642,38.0,1431.0,2.8,1211.0,236.0,198,4,0,200,250,99,65,26,200,VIC,0,231.2211,2.776563211575414,0.99,0.02,0.0,0.19999999999999996,0.82,0.13,0
3638,2199,46.0,1184.0,2.3,1127.0,194.0,829,37,0,891,998,399,284,152,891,VIC,0,445.6388,4.934489546242383,0.9304152637485971,0.04152637485970819,0.0,0.10721442885771548,0.7665544332210998,0.17059483726150393,0
3639,479,57.0,937.0,2.1,975.0,177.0,202,0,0,209,302,119,54,23,209,VIC,0,500.3659,0.9572994482637606,0.9665071770334929,0.0,0.0,0.3079470198675497,0.8277511961722488,0.11004784688995216,0
3640,1025,38.0,1505.0,2.8,1203.0,240.0,325,3,0,322,377,126,124,56,322,VIC,0,163.882,6.254500189160494,1.0093167701863355,0.009316770186335404,0.0,0.1458885941644562,0.7763975155279503,0.17391304347826086,0
3641,1266,42.0,1339.0,2.5,1083.0,210.0,444,11,0,455,557,178,170,72,455,VIC,0,252.735,5.009199359012404,0.9758241758241758,0.024175824175824177,0.0,0.1831238779174147,0.7648351648351648,0.15824175824175823,0
3644,9390,47.0,1178.0,2.3,1300.0,250.0,3404,236,18,3720,4222,1559,1057,914,3720,VIC,1,474.9207,19.771721889570195,0.9150537634408602,0.06344086021505377,0.004838709677419355,0.11890099478919947,0.7032258064516129,0.2456989247311828,0
3646,601,49.0,1385.0,2.4,1135.0,200.0,230,0,0,230,253,106,81,25,230,VIC,0,340.9775,1.762579642351768,1.0,0.0,0.0,0.09090909090909094,0.8130434782608695,0.10869565217391304,0
3647,51,20.0,3374.0,3.3,,185.0,5,0,0,5,5,0,0,5,5,VIC,0,16.4971,3.0914524370950045,1.0,0.0,0.0,0.0,0.0,1.0,1
3649,478,45.0,1261.0,2.5,950.0,185.0,164,0,0,171,190,69,59,24,171,VIC,0,162.0912,2.9489571303068893,0.9590643274853801,0.0,0.0,0.09999999999999998,0.7485380116959064,0.14035087719298245,0
3658,6251,41.0,1578.0,2.5,1517.0,310.0,2236,71,4,2317,2541,802,1088,351,2317,VIC,0,565.5683,11.052599659492937,0.9650410012947778,0.030643072939145446,0.0017263703064307294,0.0881542699724518,0.8157099697885196,0.1514889943892965,0
3659,748,50.0,1775.0,2.5,1733.0,263.0,281,5,0,289,358,133,110,32,289,VIC,0,177.9421,4.203614546529461,0.972318339100346,0.01730103806228374,0.0,0.1927374301675978,0.8408304498269896,0.11072664359861592,0
3660,7842,46.0,1214.0,2.3,1300.0,250.0,2872,244,3,3137,3486,1219,898,901,3137,VIC,0,629.2936,12.461591854739982,0.9155243863563914,0.07778131973222824,0.000956327701625757,0.10011474469305792,0.6748485814472426,0.28721708638826904,0
3662,1108,24.0,2510.0,3.2,1714.0,265.0,230,6,0,233,276,0,5,229,233,VIC,0,412.6574,2.6850360613913624,0.9871244635193133,0.02575107296137339,0.0,0.1557971014492754,0.02145922746781116,0.9828326180257511,0
3663,183,51.0,2042.0,2.4,1515.0,274.0,63,0,0,63,75,30,19,12,63,VIC,0,68.6945,2.663968731121123,1.0,0.0,0.0,0.16000000000000003,0.7777777777777778,0.19047619047619047,0
3664,1139,49.0,1418.0,2.3,1500.0,300.0,464,3,0,471,543,221,161,75,471,VIC,0,228.9422,4.975054839169013,0.9851380042462845,0.006369426751592357,0.0,0.13259668508287292,0.8110403397027601,0.1592356687898089,0
3665,397,51.0,1261.0,2.4,1000.0,265.0,154,0,0,154,167,94,41,7,154,VIC,0,185.2391,2.143176035728958,1.0,0.0,0.0,0.07784431137724546,0.8766233766233766,0.045454545454545456,0
3666,5142,54.0,1153.0,2.1,1200.0,250.0,2039,89,12,2140,2522,1072,561,400,2140,VIC,0,1367.6298,3.7597893816001964,0.952803738317757,0.04158878504672897,0.005607476635514018,0.15146708961141953,0.7630841121495328,0.18691588785046728,0
3669,1475,57.0,1059.0,2.1,1300.0,250.0,578,21,0,609,729,332,159,79,609,VIC,0,835.6248,1.7651462713887858,0.9490968801313628,0.034482758620689655,0.0,0.16460905349794241,0.80623973727422,0.1297208538587849,0
3670,596,52.0,1312.0,2.3,1300.0,260.0,250,0,0,248,279,113,97,27,248,VIC,0,253.1654,2.3541921605401055,1.0080645161290323,0.0,0.0,0.11111111111111116,0.8467741935483871,0.10887096774193548,0
3672,10822,51.0,1142.0,2.1,1253.0,250.0,3973,583,7,4602,5118,1953,1241,1190,4602,VIC,0,315.3043,34.32239902849406,0.8633202955236854,0.12668405041286399,0.001521077792264233,0.10082063305978894,0.6940460669274229,0.2585832246849196,0
3673,1818,52.0,1351.0,2.4,1500.0,200.0,695,0,0,709,822,347,250,58,709,VIC,0,897.1911,2.0263241576961697,0.9802538787023978,0.0,0.0,0.13746958637469586,0.842031029619182,0.08180535966149506,0
3675,1936,48.0,1505.0,2.5,1408.0,250.0,711,0,0,719,811,334,304,58,719,VIC,0,478.2077,4.048450077236314,0.9888734353268428,0.0,0.0,0.1134401972872996,0.8873435326842837,0.08066759388038942,0
3677,19214,44.0,1218.0,2.2,1300.0,260.0,6750,1127,5,7914,8517,2910,2367,2256,7914,VIC,0,48.7989,393.73838344716785,0.8529188779378317,0.14240586302754613,0.0006317917614354309,0.07079957731595632,0.6667930250189538,0.2850644427596664,0
3678,6568,48.0,1658.0,2.6,1600.0,250.0,2367,5,0,2394,2682,1242,853,197,2394,VIC,0,2455.1901,2.6751492684823064,0.9887218045112782,0.0020885547201336674,0.0,0.10738255033557043,0.8751044277360067,0.0822890559732665,0
3682,645,45.0,1509.0,2.6,1300.0,230.0,230,0,0,229,251,101,102,21,229,VIC,0,340.659,1.8933889901631837,1.0043668122270741,0.0,0.0,0.08764940239043828,0.8864628820960698,0.09170305676855896,0
3683,1748,50.0,1338.0,2.2,1300.0,260.0,682,14,11,726,789,320,301,86,726,VIC,0,267.4078,6.536832508251442,0.9393939393939394,0.01928374655647383,0.015151515151515152,0.07984790874524716,0.8553719008264463,0.1184573002754821,0
3685,2935,49.0,1351.0,2.3,1300.0,250.0,1102,63,0,1186,1343,513,399,221,1186,VIC,0,351.3304,8.353959691504066,0.9291736930860034,0.05311973018549747,0.0,0.11690245718540582,0.7689713322091062,0.18634064080944351,0
3687,1061,49.0,1280.0,2.3,1473.0,230.0,384,42,0,431,473,188,155,67,431,VIC,0,36.5587,29.021819703654668,0.8909512761020881,0.09744779582366589,0.0,0.08879492600422834,0.7958236658932715,0.1554524361948956,0
3688,1334,42.0,1765.0,2.6,1517.0,280.0,456,11,0,473,521,177,238,40,473,VIC,0,191.8088,6.954842530686809,0.9640591966173362,0.023255813953488372,0.0,0.09213051823416507,0.8773784355179705,0.08456659619450317,0
3690,35051,39.0,1400.0,2.4,1385.0,285.0,12074,1438,282,13858,14832,4097,4394,4907,13858,VIC,0,81.556,429.7783118348129,0.8712656949054698,0.10376677731274354,0.02034925674700534,0.0656688241639698,0.6127146774426324,0.3540914994948766,0
3691,12771,36.0,2076.0,2.8,1713.0,340.0,4045,22,0,4113,4416,1333,1981,607,4113,VIC,1,1836.0219,6.955799383438727,0.9834670556771213,0.005348893751519572,0.0,0.0686141304347826,0.8057379042061755,0.1475808412351082,0
3695,488,48.0,1823.0,2.8,1517.0,245.0,171,0,0,171,179,79,61,14,171,VIC,0,181.8809,2.6830744734603797,1.0,0.0,0.0,0.04469273743016755,0.8187134502923976,0.08187134502923976,0
3697,568,52.0,1375.0,2.3,1400.0,220.0,223,0,0,223,277,120,75,15,223,VIC,0,140.6154,4.03938686658787,1.0,0.0,0.0,0.19494584837545126,0.874439461883408,0.06726457399103139,0
3698,1012,50.0,1392.0,2.2,1300.0,285.0,393,4,3,409,555,209,140,57,409,VIC,0,48.8349,20.72288465830789,0.960880195599022,0.009779951100244499,0.007334963325183374,0.26306306306306304,0.8533007334963325,0.1393643031784841,0
3699,1242,41.0,1017.0,2.0,910.0,280.0,396,9,23,433,595,185,119,119,433,VIC,0,502.9748,2.469308601544252,0.9145496535796767,0.020785219399538105,0.053117782909930716,0.27226890756302524,0.7020785219399538,0.2748267898383372,0
3700,1403,49.0,1223.0,2.2,1213.0,240.0,515,21,10,546,606,251,170,99,546,VIC,0,279.7447,5.015287152893334,0.9432234432234432,0.038461538461538464,0.018315018315018316,0.09900990099009899,0.7710622710622711,0.1813186813186813,0
3701,1101,53.0,1381.0,2.3,1300.0,190.0,405,0,0,413,584,221,123,35,413,VIC,0,3023.1179,0.36419353674562277,0.9806295399515739,0.0,0.0,0.2928082191780822,0.8329297820823245,0.0847457627118644,0
3704,26,57.0,1333.0,2.0,1491.0,305.0,6,0,0,6,7,5,4,0,6,VIC,0,168.3608,0.15443024742101485,1.0,0.0,0.0,0.1428571428571429,1.5,0.0,1
3705,254,54.0,1281.0,2.1,1062.0,130.0,85,0,0,88,110,49,28,4,88,VIC,0,238.419,1.0653513352543211,0.9659090909090909,0.0,0.0,0.19999999999999996,0.875,0.045454545454545456,0
3707,1871,52.0,1111.0,2.2,897.0,200.0,721,9,8,741,851,379,178,139,741,VIC,1,2318.0758,0.8071349521874996,0.9730094466936572,0.012145748987854251,0.010796221322537112,0.12925969447708574,0.7516869095816464,0.18758434547908232,0
3708,66,58.0,974.0,2.2,535.0,250.0,26,0,0,25,31,9,12,7,25,VIC,0,75.4363,0.8749103548291737,1.04,0.0,0.0,0.19354838709677424,0.84,0.28,1
3709,307,62.0,1187.0,1.9,1049.0,170.0,123,0,0,130,169,79,22,17,130,VIC,0,542.5545,0.5658417725776858,0.9461538461538461,0.0,0.0,0.23076923076923073,0.7769230769230769,0.13076923076923078,0
3711,591,53.0,1367.0,2.2,1733.0,348.0,228,0,0,233,325,116,88,26,233,VIC,0,61.3675,9.630504745997474,0.9785407725321889,0.0,0.0,0.2830769230769231,0.8755364806866953,0.11158798283261803,0
3712,354,55.0,1067.0,2.0,975.0,248.0,143,0,0,166,224,86,41,29,166,VIC,0,328.1289,1.0788443200217963,0.8614457831325302,0.0,0.0,0.2589285714285714,0.7650602409638554,0.1746987951807229,0
3713,1023,57.0,946.0,1.9,1188.0,250.0,418,8,0,466,838,227,110,108,466,VIC,0,675.9291,1.5134723449545227,0.8969957081545065,0.017167381974248927,0.0,0.4439140811455847,0.723175965665236,0.2317596566523605,0
3714,3749,52.0,1155.0,2.2,1324.0,250.0,1453,81,0,1599,1919,821,442,290,1599,VIC,0,618.0037,6.066306722759103,0.908692933083177,0.05065666041275797,0.0,0.16675351745700884,0.7898686679174484,0.1813633520950594,0
3715,371,53.0,1187.0,2.3,1500.0,271.0,147,0,0,148,273,75,53,12,148,VIC,0,235.2731,1.5768908557756922,0.9932432432432432,0.0,0.0,0.4578754578754579,0.8648648648648649,0.08108108108108109,0
3717,3544,53.0,1216.0,2.2,1500.0,300.0,1399,7,5,1427,1749,703,466,192,1427,VIC,0,1053.3242,3.364586135968394,0.9803784162578837,0.004905395935529082,0.00350385423966363,0.1841052029731275,0.8192011212333566,0.1345480028030834,0
3718,91,61.0,1249.0,2.1,1733.0,351.0,33,0,0,37,52,21,3,3,37,VIC,0,88.3678,1.0297868680673277,0.8918918918918919,0.0,0.0,0.28846153846153844,0.6486486486486487,0.08108108108108109,1
3719,420,56.0,1268.0,2.2,1240.0,235.0,169,0,0,174,264,103,48,10,174,VIC,0,236.4606,1.7761944273168553,0.9712643678160919,0.0,0.0,0.34090909090909094,0.867816091954023,0.05747126436781609,0
3720,666,54.0,1315.0,2.2,1300.0,296.0,270,0,0,276,640,153,80,25,276,VIC,0,192.6304,3.4573982092130837,0.9782608695652174,0.0,0.0,0.56875,0.8442028985507246,0.09057971014492754,0
3722,5815,47.0,1360.0,2.3,1600.0,331.0,2106,119,8,2266,2684,988,701,466,2266,VIC,0,404.0425,14.392050341238853,0.9293909973521624,0.052515445719329215,0.00353045013239188,0.15573770491803274,0.7453662842012356,0.205648720211827,0
3723,3727,47.0,1293.0,2.2,1328.0,273.0,1172,6,28,1218,2717,619,389,125,1218,VIC,0,3119.7244,1.1946568100695047,0.9622331691297209,0.0049261083743842365,0.022988505747126436,0.5517114464482886,0.8275862068965517,0.10262725779967159,0
3725,645,49.0,1475.0,2.5,1421.0,200.0,228,0,0,229,261,120,77,23,229,VIC,0,309.469,2.0842152202643884,0.9956331877729258,0.0,0.0,0.12260536398467436,0.8602620087336245,0.10043668122270742,0
3726,411,52.0,1112.0,2.4,953.0,231.0,159,0,0,159,189,85,52,15,159,VIC,0,245.464,1.6743799498093408,1.0,0.0,0.0,0.15873015873015872,0.8616352201257862,0.09433962264150944,0
3727,303,52.0,1087.0,2.4,1224.0,210.0,112,0,0,112,122,62,35,6,112,VIC,0,246.6493,1.2284648689455027,1.0,0.0,0.0,0.08196721311475408,0.8660714285714286,0.05357142857142857,0
3728,687,47.0,1190.0,2.3,1021.0,150.0,276,3,0,278,298,134,97,29,278,VIC,0,376.2679,1.8258267580093863,0.9928057553956835,0.01079136690647482,0.0,0.06711409395973156,0.8309352517985612,0.10431654676258993,0
3730,9719,51.0,1192.0,2.3,1443.0,290.0,3283,473,13,3839,4820,1760,1102,848,3839,VIC,0,485.6681,20.011608750914462,0.8551706173482678,0.12320916905444126,0.003386298515238343,0.2035269709543569,0.7455066423547799,0.22089085699400884,0
3732,608,48.0,1381.0,2.4,1300.0,200.0,227,0,6,238,271,91,95,31,238,VIC,0,254.3079,2.3908026451400057,0.9537815126050421,0.0,0.025210084033613446,0.12177121771217714,0.7815126050420168,0.13025210084033614,0
3733,220,53.0,1137.0,2.1,1083.0,200.0,96,0,0,99,120,57,17,17,99,VIC,0,57.6719,3.8146827137652823,0.9696969696969697,0.0,0.0,0.17500000000000004,0.7474747474747475,0.1717171717171717,0
3735,638,50.0,1531.0,2.4,1300.0,265.0,254,0,0,253,293,142,59,41,253,VIC,0,208.1647,3.0648808371448184,1.0039525691699605,0.0,0.0,0.13651877133105805,0.7944664031620553,0.16205533596837945,0
3737,4426,50.0,1211.0,2.3,1400.0,250.0,1698,101,6,1818,2047,860,496,370,1818,VIC,0,1740.7366,2.5426017928272433,0.933993399339934,0.05555555555555555,0.0033003300330033004,0.11187103077674643,0.7458745874587459,0.20352035203520352,0
3738,197,49.0,1406.0,2.2,1454.0,183.0,82,0,0,82,84,33,29,11,82,VIC,0,27.746,7.100122540185973,1.0,0.0,0.0,0.023809523809523836,0.7560975609756098,0.13414634146341464,0
3739,239,50.0,1362.0,2.3,1600.0,225.0,88,0,0,86,93,45,19,9,86,VIC,0,53.4715,4.469670759189475,1.0232558139534884,0.0,0.0,0.07526881720430112,0.7441860465116279,0.10465116279069768,0
3740,1183,46.0,1567.0,2.5,1625.0,380.0,410,14,0,431,501,188,156,74,431,VIC,0,679.6769,1.740532891437093,0.951276102088167,0.03248259860788863,0.0,0.13972055888223556,0.7981438515081206,0.1716937354988399,0
3741,3426,48.0,1389.0,2.2,1573.0,300.0,1126,121,56,1321,2059,589,365,306,1321,VIC,0,752.342,4.553780062790593,0.8523845571536715,0.09159727479182438,0.04239212717638153,0.3584264205925206,0.7221801665404997,0.23164269492808479,0
3744,522,47.0,1615.0,2.5,1400.0,275.0,184,0,0,182,270,85,71,21,182,VIC,0,43.9889,11.866629990747665,1.010989010989011,0.0,0.0,0.32592592592592595,0.8571428571428571,0.11538461538461539,0
3746,382,52.0,1312.0,2.3,1300.0,225.0,149,0,0,155,173,69,69,17,155,VIC,0,56.3173,6.782995633668517,0.9612903225806452,0.0,0.0,0.10404624277456642,0.8903225806451613,0.10967741935483871,0
3747,5054,49.0,1436.0,2.3,1560.0,300.0,1884,65,15,1995,2222,925,627,365,1995,VIC,0,423.8099,11.925157954073276,0.9443609022556391,0.03258145363408521,0.007518796992481203,0.10216021602160219,0.7779448621553885,0.18295739348370926,0
3749,2123,50.0,1663.0,2.5,1614.0,300.0,739,32,7,779,872,346,265,125,779,VIC,0,186.7638,11.36729923036477,0.9486521181001284,0.0410783055198973,0.008985879332477536,0.10665137614678899,0.7843388960205392,0.16046213093709885,0
3750,24407,30.0,1979.0,3.3,2000.0,391.0,6382,718,139,7257,7756,810,4542,1706,7257,VIC,0,53.892,452.8872559934684,0.8794267603692986,0.09893895549124983,0.019153920352762848,0.06433728726147503,0.7374948325754443,0.23508336778283037,0
3751,150,53.0,1375.0,2.7,3500.0,390.0,46,0,0,46,60,26,11,10,46,VIC,0,27.2386,5.506890956216545,1.0,0.0,0.0,0.23333333333333328,0.8043478260869565,0.21739130434782608,0
3752,24989,36.0,2078.0,3.0,1900.0,390.0,6781,1217,34,8033,8307,1899,4210,1657,8033,VIC,0,21.4539,1164.7765674306304,0.8441429104942114,0.1515000622432466,0.004232540769326528,0.032984230167328765,0.7604879870534047,0.2062741192580605,0
3753,4642,32.0,2266.0,3.2,2052.0,400.0,1390,11,0,1396,1469,217,906,242,1396,VIC,0,111.7189,41.55071344239873,0.995702005730659,0.007879656160458453,0.0,0.049693669162695686,0.8044412607449857,0.17335243553008595,0
3754,50494,33.0,2086.0,3.0,1962.0,390.0,15017,1137,129,16292,16979,2732,9251,3919,16292,VIC,0,56.0586,900.7360155266097,0.9217407316474343,0.06978885342499386,0.007917996562730175,0.04046174686377291,0.7355143628774858,0.24054750797937638,0
3755,246,48.0,1520.0,2.7,2550.0,388.0,81,0,0,81,92,36,23,7,81,VIC,0,28.3934,8.663985292356674,1.0,0.0,0.0,0.11956521739130432,0.7283950617283951,0.08641975308641975,0
3756,15931,33.0,1910.0,2.9,1733.0,360.0,4803,349,7,5166,5456,1038,2937,1045,5166,VIC,0,200.8844,79.30431631326275,0.929732868757259,0.06755710414247,0.0013550135501355014,0.053152492668621654,0.7694541231126597,0.20228416569879984,0
3757,9735,41.0,1754.0,2.8,1950.0,349.0,2956,249,33,3241,3489,1209,1513,428,3241,VIC,0,285.4996,34.09812132836613,0.912064177722925,0.07682813946312866,0.010182042579450786,0.0710805388363428,0.839864239432274,0.1320580067880284,0
3758,2281,40.0,2091.0,2.9,1900.0,305.0,703,0,0,712,750,245,405,45,712,VIC,0,44.7055,51.022804800304215,0.9873595505617978,0.0,0.0,0.05066666666666664,0.9129213483146067,0.06320224719101124,0
3759,1063,48.0,2367.0,2.9,2167.0,350.0,349,0,0,351,373,157,168,18,351,VIC,0,21.0901,50.40279562448732,0.9943019943019943,0.0,0.0,0.05898123324396787,0.9259259259259259,0.05128205128205128,0
3760,356,49.0,2468.0,2.9,2167.0,278.0,116,0,0,116,124,50,52,4,116,VIC,0,14.7523,24.1318302908699,1.0,0.0,0.0,0.06451612903225812,0.8793103448275862,0.034482758620689655,0
3761,1186,46.0,2216.0,2.8,2167.0,340.0,398,0,0,398,445,184,185,20,398,VIC,0,39.79,29.806484041216386,1.0,0.0,0.0,0.10561797752808988,0.9271356783919598,0.05025125628140704,0
3762,117,48.0,2036.0,2.7,1800.0,210.0,41,0,0,41,52,19,18,7,41,VIC,0,40.5926,2.882298744106069,1.0,0.0,0.0,0.21153846153846156,0.9024390243902439,0.17073170731707318,0
3763,1662,43.0,1737.0,2.6,1733.0,300.0,601,5,0,608,679,209,350,31,608,VIC,0,115.1449,14.433987089310946,0.9884868421052632,0.008223684210526315,0.0,0.10456553755522824,0.9194078947368421,0.05098684210526316,0
3764,10578,41.0,1597.0,2.6,1690.0,338.0,3361,408,23,3812,4089,1264,1663,701,3812,VIC,0,439.0863,24.090936109826245,0.8816894018887723,0.10703043022035677,0.006033578174186778,0.06774272438248963,0.7678384050367262,0.18389296956977963,0
3765,6900,41.0,2088.0,2.8,2000.0,365.0,2138,92,92,2323,2447,843,1196,198,2323,VIC,0,11.0304,625.5439512619669,0.9203616013775291,0.039603960396039604,0.039603960396039604,0.05067429505516963,0.8777442961687473,0.0852346104175635,0
3766,1277,43.0,2087.0,2.6,1950.0,416.0,464,0,0,468,533,169,261,27,468,VIC,0,8.4659,150.84043043267698,0.9914529914529915,0.0,0.0,0.12195121951219512,0.9188034188034188,0.057692307692307696,0
3767,1271,45.0,2055.0,2.6,2167.0,415.0,451,8,0,459,522,187,229,42,459,VIC,0,7.9363,160.1501959351335,0.9825708061002179,0.017429193899782137,0.0,0.12068965517241381,0.906318082788671,0.0915032679738562,0
3770,3306,40.0,2014.0,2.8,1950.0,360.0,1092,3,4,1100,1152,395,536,128,1100,VIC,0,135.0123,24.486657882281836,0.9927272727272727,0.0027272727272727275,0.0036363636363636364,0.04513888888888884,0.8463636363636363,0.11636363636363636,0
3775,4080,44.0,1875.0,2.7,2015.0,380.0,1344,81,0,1430,1567,588,652,156,1430,VIC,0,173.7615,23.480460286081783,0.9398601398601398,0.056643356643356645,0.0,0.08742820676451823,0.8671328671328671,0.10909090909090909,0
3777,10922,46.0,1517.0,2.5,1733.0,350.0,3754,292,11,4105,4519,1649,1743,614,4105,VIC,0,373.3849,29.25131680472349,0.9144945188794154,0.07113276492082826,0.002679658952496955,0.09161318875857494,0.8263093788063337,0.14957369062119366,0
3778,201,51.0,1542.0,2.2,1472.0,191.0,78,0,0,84,107,40,31,5,84,VIC,0,220.4256,0.9118723052131875,0.9285714285714286,0.0,0.0,0.2149532710280374,0.8452380952380952,0.05952380952380952,0
3779,501,59.0,1078.0,2.0,1272.0,300.0,218,0,0,224,349,124,43,50,224,VIC,0,580.4188,0.8631698352982363,0.9732142857142857,0.0,0.0,0.3581661891117478,0.7455357142857143,0.22321428571428573,0
3781,4638,36.0,1993.0,2.9,1755.0,370.0,1500,0,0,1501,1595,378,969,115,1501,VIC,0,42.3677,109.47018601434584,0.9993337774816788,0.0,0.0,0.05893416927899686,0.8974017321785477,0.07661558960692871,0
3782,7974,43.0,2133.0,2.8,2000.0,383.0,2689,22,16,2733,2871,1057,1414,207,2733,VIC,0,88.6992,89.89934520266247,0.9839004756677644,0.00804976216611782,0.005854372484449323,0.04806687565308254,0.9041346505671424,0.07574094401756312,0
3783,2559,41.0,2002.0,2.8,1907.0,360.0,792,0,15,812,870,261,420,96,812,VIC,0,202.3353,12.647323526838866,0.9753694581280788,0.0,0.01847290640394089,0.06666666666666665,0.8386699507389163,0.11822660098522167,0
3785,69,39.0,2187.0,2.7,2167.0,401.0,24,0,0,24,25,8,11,0,24,VIC,0,5.512,12.518142235123369,1.0,0.0,0.0,0.040000000000000036,0.7916666666666666,0.0,1
3786,1524,45.0,2393.0,2.7,2167.0,400.0,530,0,0,531,578,192,294,30,531,VIC,0,4.5146,337.5714349001019,0.9981167608286252,0.0,0.0,0.08131487889273359,0.9152542372881356,0.05649717514124294,0
3787,961,47.0,2153.0,2.6,2032.0,410.0,354,0,0,354,399,150,169,34,354,VIC,0,3.4167,281.26554862879385,1.0,0.0,0.0,0.1127819548872181,0.9011299435028248,0.096045197740113,0
3788,1773,45.0,1995.0,2.5,2000.0,398.0,638,4,0,644,738,243,306,77,644,VIC,0,17.7524,99.87381987787566,0.9906832298136646,0.006211180124223602,0.0,0.12737127371273715,0.8524844720496895,0.11956521739130435,0
3789,294,47.0,2408.0,2.7,2500.0,355.0,106,0,0,106,125,48,47,9,106,VIC,0,6.6593,44.14878440676948,1.0,0.0,0.0,0.15200000000000002,0.8962264150943396,0.08490566037735849,0
3791,1418,47.0,2003.0,2.5,2028.0,347.0,544,9,0,554,587,226,270,49,554,VIC,0,12.0532,117.64510669365811,0.9819494584837545,0.016245487364620937,0.0,0.05621805792163548,0.8953068592057761,0.08844765342960288,0
3792,1046,46.0,2092.0,2.7,2085.0,415.0,373,0,0,370,392,150,193,25,370,VIC,0,3.9761,263.07185432961944,1.008108108108108,0.0,0.0,0.056122448979591844,0.927027027027027,0.06756756756756757,0
3793,3651,41.0,1722.0,2.7,1915.0,369.0,1248,39,0,1301,1378,488,582,186,1301,VIC,0,19.8847,183.6085030199098,0.9592621060722522,0.02997694081475788,0.0,0.05587808417997098,0.8224442736356649,0.14296694850115296,0
3795,1323,41.0,2158.0,3.0,2167.0,350.0,407,0,0,416,448,178,166,42,416,VIC,0,30.1745,43.844968433611164,0.9783653846153846,0.0,0.0,0.0714285714285714,0.8269230769230769,0.10096153846153846,0
3796,9799,38.0,2045.0,2.8,2000.0,365.0,3303,66,0,3378,3509,1066,1874,308,3378,VIC,0,16.9894,576.771398636797,0.977797513321492,0.019538188277087035,0.0,0.037332573382730105,0.8703374777975134,0.09117821195973949,0
3797,3764,44.0,1335.0,2.5,1797.0,300.0,1138,121,39,1349,1476,519,568,212,1349,VIC,0,142.6249,26.3909036921323,0.843587842846553,0.08969607116382505,0.028910303928836176,0.08604336043360439,0.8057820607857672,0.15715344699777614,0
3799,5951,46.0,1226.0,2.3,1412.0,300.0,2261,5,19,2315,2754,875,1041,302,2315,VIC,0,706.2156,8.426605133050021,0.9766738660907127,0.0021598272138228943,0.008207343412526998,0.15940450254175742,0.827645788336933,0.1304535637149028,0
3802,24455,39.0,1740.0,2.9,1848.0,375.0,7017,990,5,8016,8334,2964,3370,1490,8016,VIC,0,15.1323,1616.0795120371654,0.875374251497006,0.12350299401197605,0.00062375249500998,0.0381569474442045,0.7901696606786427,0.18587824351297405,0
3803,11355,36.0,1489.0,3.0,1700.0,361.0,2738,738,50,3530,3669,1028,1461,916,3530,VIC,0,8.415,1349.3761140819965,0.7756373937677054,0.20906515580736543,0.014164305949008499,0.037884982284001056,0.705099150141643,0.2594900849858357,0
3804,8466,42.0,2630.0,3.4,2250.0,450.0,2332,17,8,2358,2444,973,1216,99,2358,VIC,0,31.6453,267.52787933753194,0.9889737065309584,0.00720949957591179,0.0033927056827820186,0.03518821603927991,0.9283290924512299,0.04198473282442748,0
3805,58600,35.0,1942.0,3.1,1837.0,380.0,16552,1039,236,17929,18529,4455,9024,4057,17929,VIC,0,27.578,2124.882152440351,0.9231970550504769,0.057950805956829714,0.013163031959395393,0.03238167197366293,0.7517987617825869,0.2262814434714708,0
3806,51308,38.0,2122.0,2.9,2000.0,400.0,15124,1752,53,16948,17781,4893,7822,3681,16948,VIC,0,45.7677,1121.0526200792262,0.8923766816143498,0.10337502950200614,0.003127212650460231,0.04684775884370962,0.7502360160490913,0.21719376917630398,0
3807,7655,39.0,2303.0,2.9,2037.0,390.0,2193,245,0,2524,2616,832,1251,399,2524,VIC,0,14.697,520.8545961760904,0.8688589540412044,0.09706814580031696,0.0,0.03516819571865448,0.8252773375594294,0.1580824088748019,0
3808,3147,42.0,2731.0,3.1,2230.0,350.0,925,0,0,925,979,365,496,37,925,VIC,0,35.2809,89.19840480259856,1.0,0.0,0.0,0.05515832482124616,0.9308108108108109,0.04,0
3809,19662,31.0,2123.0,2.9,2000.0,396.0,6171,405,8,6593,6820,940,3769,1748,6593,VIC,0,48.0637,409.0821139446194,0.935992719551039,0.06142878810860003,0.0012134081601698772,0.0332844574780059,0.7142423782799939,0.26512968299711814,0
3810,55588,33.0,1677.0,2.8,1733.0,351.0,16400,2349,105,18914,19892,3642,8749,5711,18914,VIC,0,142.7164,389.499735139059,0.8670825843290684,0.12419371893835254,0.0055514433752775726,0.04916549366579526,0.6551231891720418,0.3019456487258116,0
3812,2488,42.0,2014.0,2.9,2079.0,305.0,772,3,4,783,834,283,359,109,783,VIC,0,97.376,25.550443641143605,0.9859514687100894,0.0038314176245210726,0.005108556832694764,0.0611510791366906,0.8199233716475096,0.1392081736909323,0
3813,963,43.0,2111.0,2.9,1965.0,293.0,303,0,0,311,341,107,138,44,311,VIC,0,69.6945,13.817446139939305,0.9742765273311897,0.0,0.0,0.08797653958944285,0.7877813504823151,0.1414790996784566,0
3814,2604,40.0,1681.0,2.8,1853.0,330.0,828,6,36,864,931,326,407,97,864,VIC,0,77.7275,33.50165642790518,0.9583333333333334,0.006944444444444444,0.041666666666666664,0.0719656283566058,0.8483796296296297,0.11226851851851852,0
3815,3693,39.0,1928.0,2.8,1971.0,311.0,1187,17,0,1210,1315,416,604,130,1210,VIC,0,103.9187,35.537396060574274,0.9809917355371901,0.014049586776859505,0.0,0.07984790874524716,0.8429752066115702,0.10743801652892562,0
3816,3227,37.0,1491.0,2.6,1517.0,330.0,1018,51,30,1133,1227,328,531,220,1133,VIC,0,151.417,21.312005917433314,0.8984995586937334,0.04501323918799647,0.0264783759929391,0.07660961695191526,0.7581641659311562,0.1941747572815534,0
3818,17313,40.0,1456.0,2.5,1649.0,330.0,5853,290,229,6450,6922,2378,2573,1296,6450,VIC,0,279.626,61.91484339796729,0.9074418604651163,0.04496124031007752,0.035503875968992245,0.06818838485986711,0.7675968992248062,0.20093023255813955,0
3820,20054,40.0,1566.0,2.5,1625.0,321.0,6651,389,318,7559,8057,2829,2821,1694,7559,VIC,0,74.2902,269.94139200056,0.8798782907792037,0.05146183357586982,0.04206905675353883,0.061809606553307694,0.7474533668474665,0.22410371742293955,0
3821,3142,44.0,1834.0,2.7,1733.0,280.0,1046,0,0,1047,1173,502,417,83,1047,VIC,0,298.5327,10.524810179923339,0.9990448901623686,0.0,0.0,0.10741687979539638,0.87774594078319,0.07927411652340019,0
3822,1001,41.0,1790.0,2.8,1517.0,300.0,295,32,0,330,355,143,151,27,330,VIC,0,62.764,15.948632974316487,0.8939393939393939,0.09696969696969697,0.0,0.07042253521126762,0.8909090909090909,0.08181818181818182,0
3823,2117,45.0,1375.0,2.4,1517.0,320.0,829,16,0,849,917,375,322,114,849,VIC,0,122.4606,17.287192778738632,0.9764428739693758,0.01884570082449941,0.0,0.07415485278080702,0.8209658421672555,0.13427561837455831,0
3824,5438,43.0,1482.0,2.4,1500.0,300.0,1961,100,5,2067,2256,852,758,376,2067,VIC,0,213.4934,25.471513405098236,0.9487179487179487,0.04837929366231253,0.0024189646831156266,0.08377659574468088,0.7789066279632317,0.1819061441702951,0
3825,21078,45.0,1073.0,2.2,1083.0,215.0,7530,911,250,8743,9793,3383,2685,2290,8743,VIC,0,1871.9394,11.259979890374657,0.8612604369209653,0.10419764382934919,0.028594304014640283,0.10721944245889925,0.694040947043349,0.261923824774105,0
3831,2012,48.0,1391.0,2.5,1610.0,250.0,682,10,12,713,792,331,278,78,713,VIC,0,176.2022,11.418699653012277,0.9565217391304348,0.014025245441795231,0.016830294530154277,0.0997474747474747,0.8541374474053296,0.1093969144460028,0
3832,245,53.0,1208.0,2.2,1334.0,250.0,109,0,0,112,126,60,38,9,112,VIC,0,52.414,4.674323653985576,0.9732142857142857,0.0,0.0,0.11111111111111116,0.875,0.08035714285714286,0
3833,340,56.0,954.0,2.0,1083.0,250.0,128,0,0,128,213,77,37,10,128,VIC,0,931.5574,0.364980193383682,1.0,0.0,0.0,0.39906103286384975,0.890625,0.078125,0
3835,475,46.0,1220.0,2.4,1300.0,250.0,184,0,0,185,204,88,63,18,185,VIC,0,65.7048,7.229304403940047,0.9945945945945946,0.0,0.0,0.09313725490196079,0.8162162162162162,0.0972972972972973,0
3840,17225,44.0,1038.0,2.2,1083.0,215.0,5985,371,429,6805,7526,2638,1897,1998,6805,VIC,0,341.1902,50.485037377978614,0.8795003673769287,0.05451873622336517,0.06304188096987509,0.09580122242891309,0.6664217487141807,0.2936076414401176,0
3842,4924,38.0,1109.0,2.3,997.0,230.0,1861,16,48,1925,2085,728,585,568,1925,VIC,0,21.4535,229.51965879693293,0.9667532467532467,0.008311688311688312,0.024935064935064935,0.0767386091127098,0.6820779220779221,0.2950649350649351,0
3844,31179,40.0,1551.0,2.4,1324.0,277.0,10530,505,971,12098,13143,4289,4606,2843,12098,VIC,0,577.0376,54.032874114269156,0.8703918002975698,0.04174243676640767,0.0802612001983799,0.07951000532602903,0.7352454951231608,0.2349975202512812,0
3847,2278,43.0,1302.0,2.4,1235.0,250.0,815,24,0,857,925,341,335,125,857,VIC,0,485.7597,4.689561525997319,0.9509918319719953,0.028004667444574097,0.0,0.07351351351351354,0.7887981330221704,0.14585764294049008,0
3850,15472,42.0,1339.0,2.3,1300.0,280.0,5304,452,396,6200,6869,2192,1860,1982,6200,VIC,0,48.6122,318.27401351924004,0.8554838709677419,0.07290322580645162,0.06387096774193549,0.09739408938710148,0.6535483870967742,0.31967741935483873,0
3851,6231,47.0,1120.0,2.3,1300.0,205.0,2076,49,4,2155,4347,1141,717,178,2155,VIC,0,1883.4399,3.3083083776657802,0.9633410672853828,0.022737819025522042,0.0018561484918793504,0.5042558086036346,0.8621809744779583,0.08259860788863109,0
3852,210,24.0,1625.0,2.1,737.0,75.0,8,0,0,8,9,5,3,0,8,VIC,0,8.6506,24.27577277876679,1.0,0.0,0.0,0.11111111111111116,1.0,0.0,0
3854,1478,41.0,1967.0,2.8,1517.0,260.0,498,3,5,509,544,223,219,44,509,VIC,0,172.3629,8.574931148176319,0.9783889980353635,0.005893909626719057,0.009823182711198428,0.06433823529411764,0.8683693516699411,0.08644400785854617,0
3856,1085,39.0,1732.0,2.7,1400.0,270.0,368,3,0,371,421,143,198,13,371,VIC,0,148.7576,7.293744991852518,0.9919137466307277,0.008086253369272238,0.0,0.11876484560570066,0.9191374663072777,0.03504043126684636,0
3857,389,47.0,1571.0,2.7,1262.0,215.0,129,0,0,129,144,71,43,11,129,VIC,0,67.568,5.757163154155814,1.0,0.0,0.0,0.10416666666666663,0.8837209302325582,0.08527131782945736,0
3858,3125,46.0,1193.0,2.4,1127.0,216.0,1095,3,41,1142,1361,501,386,188,1142,VIC,0,2574.771,1.213700169840347,0.9588441330998249,0.002626970227670753,0.03590192644483362,0.1609110947832476,0.776707530647986,0.1646234676007005,0
3859,945,42.0,1579.0,2.5,1394.0,250.0,319,0,0,332,387,131,111,60,332,VIC,0,193.1815,4.891772762919845,0.9608433734939759,0.0,0.0,0.1421188630490956,0.7289156626506024,0.18072289156626506,0
3860,7455,43.0,1311.0,2.3,1300.0,250.0,2757,0,134,2912,3419,1183,1059,548,2912,VIC,0,1396.8374,5.337056410431164,0.946771978021978,0.0,0.04601648351648352,0.14828897338403046,0.7699175824175825,0.18818681318681318,0
3862,3547,42.0,1388.0,2.5,1300.0,280.0,1307,0,29,1350,1494,577,566,158,1350,VIC,0,3055.3476,1.1609153734259237,0.9681481481481482,0.0,0.02148148148148148,0.09638554216867468,0.8466666666666667,0.11703703703703704,0
3864,241,48.0,1274.0,2.5,1218.0,190.0,86,0,0,92,99,47,35,4,92,VIC,0,187.1784,1.2875417248998815,0.9347826086956522,0.0,0.0,0.07070707070707072,0.8913043478260869,0.043478260869565216,0
3865,527,43.0,1292.0,2.5,1149.0,260.0,189,3,0,188,203,83,76,26,188,VIC,0,12.9135,40.81000503349208,1.0053191489361701,0.015957446808510637,0.0,0.07389162561576357,0.8457446808510638,0.13829787234042554,0
3869,1738,43.0,1676.0,2.5,1419.0,250.0,654,0,0,661,711,280,287,78,661,VIC,0,97.2314,17.8748840395181,0.989409984871407,0.0,0.0,0.07032348804500699,0.8577912254160364,0.11800302571860817,0
3870,1319,50.0,1219.0,2.3,1100.0,213.0,506,0,0,511,597,248,202,49,511,VIC,0,273.5315,4.822113723647917,0.9902152641878669,0.0,0.0,0.14405360134003353,0.8806262230919765,0.0958904109589041,0
3871,3039,48.0,1272.0,2.4,1387.0,258.0,1115,39,0,1159,1297,564,429,136,1159,VIC,0,291.253,10.434227286929234,0.9620362381363244,0.03364969801553063,0.0,0.1063993831919815,0.8567730802415876,0.11734253666954271,0
3873,324,41.0,1485.0,2.5,1300.0,113.0,122,0,0,122,130,54,45,10,122,VIC,0,92.7613,3.492835913252617,1.0,0.0,0.0,0.06153846153846154,0.8114754098360656,0.08196721311475409,0
3874,610,58.0,1062.0,2.1,1000.0,230.0,253,0,0,264,448,148,72,28,264,VIC,0,269.2634,2.265439714420898,0.9583333333333334,0.0,0.0,0.4107142857142857,0.8333333333333334,0.10606060606060606,0
3875,20015,46.0,1239.0,2.3,1300.0,280.0,7015,732,75,7867,8712,3337,2371,1795,7867,VIC,0,2405.0453,8.322088569392019,0.8916995042582941,0.09304690479216983,0.009533494343460023,0.09699265381083566,0.7255624761662641,0.22816829795347654,0
3878,1306,59.0,1209.0,2.2,1456.0,310.0,523,14,3,549,688,304,164,60,549,VIC,0,18.0798,72.23531233752587,0.9526411657559198,0.025500910746812388,0.00546448087431694,0.20203488372093026,0.8524590163934426,0.1092896174863388,0
3880,4235,63.0,973.0,2.0,1200.0,309.0,1731,187,20,1970,2698,1161,376,376,1970,VIC,0,167.6982,25.25369980119047,0.8786802030456853,0.09492385786802031,0.01015228426395939,0.26982950333580435,0.7802030456852792,0.19086294416243654,0
3882,1322,47.0,1390.0,2.5,1733.0,300.0,460,0,0,494,550,248,194,37,494,VIC,0,68.2582,19.367636415844544,0.9311740890688259,0.0,0.0,0.10181818181818181,0.8947368421052632,0.07489878542510121,0
3885,1876,47.0,1241.0,2.3,1300.0,230.0,728,10,3,740,900,349,274,86,740,VIC,0,3509.4039,0.5345637189267386,0.9837837837837838,0.013513513513513514,0.004054054054054054,0.1777777777777778,0.8418918918918918,0.11621621621621622,0
3886,415,49.0,1132.0,2.4,1200.0,150.0,152,3,0,153,173,83,43,19,153,VIC,0,55.2811,7.507086508770628,0.9934640522875817,0.0196078431372549,0.0,0.11560693641618502,0.8235294117647058,0.12418300653594772,0
3887,268,55.0,939.0,2.1,850.0,205.0,104,0,0,104,144,56,34,10,104,VIC,0,318.8285,0.8405773009627432,1.0,0.0,0.0,0.2777777777777778,0.8653846153846154,0.09615384615384616,0
3888,3502,54.0,892.0,2.1,1000.0,200.0,1411,43,22,1486,1873,813,312,279,1486,VIC,0,3372.9732,1.0382531352457827,0.949528936742934,0.028936742934051143,0.014804845222072678,0.20662039508809393,0.7570659488559892,0.18775235531628534,0
3889,171,63.0,719.0,1.9,1083.0,235.0,67,0,0,77,138,41,23,3,77,VIC,0,1714.1053,0.09976049896117818,0.8701298701298701,0.0,0.0,0.44202898550724634,0.8311688311688312,0.03896103896103896,0
3890,335,53.0,806.0,1.9,705.0,122.0,135,7,0,145,210,74,19,36,145,VIC,0,1717.2022,0.19508477219514395,0.9310344827586207,0.04827586206896552,0.0,0.30952380952380953,0.6413793103448275,0.2482758620689655,0
3891,121,60.0,756.0,2.0,1084.0,90.0,45,0,0,42,62,33,11,0,42,VIC,0,1330.8744,0.0909176703676921,1.0714285714285714,0.0,0.0,0.32258064516129037,1.0476190476190477,0.0,0
3892,1183,59.0,1031.0,2.0,1148.0,221.0,468,20,0,499,714,296,95,80,499,VIC,0,243.8424,4.851494243823059,0.9378757515030061,0.04008016032064128,0.0,0.30112044817927175,0.7835671342685371,0.16032064128256512,0
3893,25,61.0,1875.0,2.1,1084.0,,12,0,0,12,18,9,0,0,12,VIC,0,528.0895,0.04734046028182722,1.0,0.0,0.0,0.33333333333333337,0.75,0.0,1
3895,198,54.0,985.0,2.0,765.0,150.0,87,0,0,87,135,54,21,6,87,VIC,0,286.7583,0.6904769626546119,1.0,0.0,0.0,0.3555555555555555,0.8620689655172413,0.06896551724137931,0
3896,351,52.0,1353.0,2.2,1029.0,120.0,137,0,0,144,238,81,35,17,144,VIC,0,1097.7093,0.31975678806766056,0.9513888888888888,0.0,0.0,0.39495798319327735,0.8055555555555556,0.11805555555555555,0
3898,705,52.0,1202.0,2.1,1196.0,231.0,244,3,0,252,460,127,68,31,252,VIC,0,1392.3469,0.5063393325327187,0.9682539682539683,0.011904761904761904,0.0,0.4521739130434783,0.7738095238095238,0.12301587301587301,0
3900,173,59.0,1017.0,1.8,1142.0,150.0,75,0,0,78,92,46,13,8,78,VIC,0,1211.4742,0.14280122515196772,0.9615384615384616,0.0,0.0,0.15217391304347827,0.7564102564102564,0.10256410256410256,0
3902,423,56.0,1077.0,2.2,1320.0,300.0,137,0,0,172,196,111,50,8,172,VIC,0,26.4884,15.96925446610592,0.7965116279069767,0.0,0.0,0.12244897959183676,0.936046511627907,0.046511627906976744,0
3903,861,51.0,1074.0,2.4,1300.0,210.0,293,0,0,337,374,173,114,39,337,VIC,0,41.6349,20.67976625379189,0.8694362017804155,0.0,0.0,0.09893048128342241,0.8516320474777448,0.11572700296735905,0
3904,1899,60.0,1219.0,2.1,1300.0,346.0,787,13,0,810,1134,457,206,120,810,VIC,0,27.6078,68.78490861278334,0.971604938271605,0.016049382716049384,0.0,0.2857142857142857,0.8185185185185185,0.14814814814814814,0
3909,8713,54.0,964.0,2.2,1300.0,260.0,3044,318,45,3521,4623,1723,836,820,3521,VIC,0,327.2096,26.628191837892285,0.8645271229764272,0.09031525134904857,0.012780460096563476,0.23837335063811382,0.7267821641579096,0.23288838398182335,0
3910,23588,38.0,1919.0,2.7,1863.0,365.0,7046,1314,14,8520,8831,2568,4286,1512,8520,VIC,0,28.8446,817.7613834131865,0.8269953051643193,0.15422535211267605,0.0016431924882629107,0.03521684973389194,0.8044600938967136,0.17746478873239438,0
3911,3514,41.0,1834.0,2.6,1800.0,356.0,1179,115,3,1295,1351,464,628,165,1295,VIC,0,18.6901,188.01397531313367,0.9104247104247104,0.0888030888030888,0.0023166023166023165,0.041450777202072575,0.8432432432432433,0.1274131274131274,0
3912,15633,40.0,1837.0,2.7,1896.0,381.0,4791,752,40,5596,5851,1867,2701,821,5596,VIC,0,72.3275,216.14185475787218,0.8561472480343102,0.1343817012151537,0.007147962830593281,0.04358229362502142,0.8162973552537527,0.1467119370979271,0
3913,3449,42.0,1858.0,2.7,1824.0,383.0,1104,124,3,1231,1297,447,595,162,1231,VIC,0,23.6157,146.04690947124158,0.8968318440292445,0.10073111291632819,0.002437043054427295,0.05088666152659982,0.8464662875710804,0.13160032493907392,0
3915,10723,42.0,1211.0,2.3,1700.0,320.0,3165,1035,58,4305,4579,1417,1406,1304,4305,VIC,0,64.8347,165.38982982877997,0.735191637630662,0.24041811846689895,0.013472706155632985,0.059838392662153295,0.6557491289198606,0.3029036004645761,0
3916,1036,59.0,2109.0,2.2,2167.0,418.0,402,0,0,402,747,244,90,47,402,VIC,0,35.1777,29.45047572752056,1.0,0.0,0.0,0.4618473895582329,0.8308457711442786,0.11691542288557213,0
3918,4276,46.0,1615.0,2.5,1842.0,366.0,1513,100,3,1617,1708,671,676,196,1617,VIC,0,17.216,248.37360594795538,0.9356833642547928,0.06184291898577613,0.0018552875695732839,0.05327868852459017,0.8330241187384044,0.12121212121212122,0
3919,3343,39.0,1447.0,2.5,1603.0,340.0,1028,235,3,1272,1337,383,628,234,1272,VIC,0,6.5625,509.4095238095238,0.8081761006289309,0.18474842767295596,0.0023584905660377358,0.04861630516080773,0.7948113207547169,0.18396226415094338,0
3920,1124,21.0,2323.0,3.0,,260.0,97,4,0,104,103,0,0,100,104,VIC,0,15.4031,72.97232375301076,0.9326923076923077,0.038461538461538464,0.0,-0.009708737864077666,0.0,0.9615384615384616,0
3921,139,52.0,1014.0,2.3,1800.0,346.0,54,0,0,54,122,41,9,0,54,VIC,0,170.2291,0.8165466421428534,1.0,0.0,0.0,0.5573770491803278,0.9259259259259259,0.0,0
3922,10118,53.0,1104.0,2.1,1517.0,330.0,3679,339,118,4163,9338,1910,1079,971,4163,VIC,0,67.9514,148.90053773726515,0.8837376891664664,0.0814316598606774,0.028344943550324287,0.5541871921182266,0.7179918328128754,0.23324525582512612,0
3923,836,60.0,1254.0,2.1,1606.0,320.0,322,3,4,329,574,194,85,39,329,VIC,0,17.4334,47.95392751844162,0.9787234042553191,0.00911854103343465,0.0121580547112462,0.426829268292683,0.8480243161094225,0.11854103343465046,0
3925,4550,47.0,1398.0,2.3,1517.0,330.0,1474,139,94,1717,3000,738,554,361,1717,VIC,0,30.7786,147.82998576933323,0.8584740827023879,0.0809551543389633,0.054746651135701804,0.42766666666666664,0.7524752475247525,0.21025043680838673,0
3926,3421,49.0,1871.0,2.5,2167.0,456.0,1215,33,5,1259,1806,662,421,127,1259,VIC,0,54.1204,63.21091492302349,0.9650516282764099,0.026211278792692614,0.003971405877680699,0.30287929125138424,0.8602065131056394,0.10087370929308975,0
3927,1857,53.0,1906.0,2.4,2167.0,391.0,656,16,0,686,1147,394,187,80,686,VIC,0,14.9111,124.53809578099538,0.956268221574344,0.023323615160349854,0.0,0.4019180470793374,0.8469387755102041,0.11661807580174927,0
3928,453,56.0,2166.0,2.2,2550.0,354.0,177,0,0,180,273,97,51,19,180,VIC,0,28.7388,15.76266232410539,0.9833333333333333,0.0,0.0,0.34065934065934067,0.8222222222222222,0.10555555555555556,0
3929,1130,63.0,2104.0,2.1,2500.0,451.0,414,0,12,428,894,283,88,50,428,VIC,0,55.132,20.49626351302329,0.9672897196261683,0.0,0.028037383177570093,0.5212527964205816,0.866822429906542,0.11682242990654206,0
3930,18734,45.0,2547.0,2.8,2600.0,512.0,5762,240,273,6271,6700,2841,2780,526,6271,VIC,0,23.2077,807.232082455392,0.9188327220538989,0.038271408068888534,0.04353372667836071,0.06402985074626866,0.8963482698134269,0.0838781693509807,0
3931,25759,50.0,1451.0,2.3,2000.0,400.0,8064,1175,1107,10476,11566,4328,3356,2227,10476,VIC,0,21.0928,1221.222407646211,0.7697594501718213,0.11216113020236732,0.1056701030927835,0.0942417430399447,0.7334860633829706,0.2125811378388698,0
3933,1004,48.0,2256.0,2.8,3033.0,351.0,339,0,4,345,372,165,122,38,345,VIC,0,42.8797,23.41434291751108,0.9826086956521739,0.0,0.011594202898550725,0.07258064516129037,0.8318840579710145,0.11014492753623188,0
3934,19846,46.0,2097.0,2.7,2167.0,496.0,5916,1084,20,7022,8202,2968,2945,848,7022,VIC,0,30.2094,656.9478374280853,0.8424950156650527,0.15437197379663914,0.0028481913984619764,0.143867349426969,0.8420677869552834,0.12076331529478782,0
3936,13366,51.0,1398.0,2.2,1950.0,405.0,4345,794,111,5388,8497,2283,1543,1276,5388,VIC,0,45.0575,296.64317816123844,0.8064216778025242,0.1473645137342242,0.02060133630289532,0.3658938448864305,0.7100965107646622,0.236822568671121,0
3937,1717,52.0,2313.0,2.6,2167.0,473.0,578,6,0,582,828,311,183,71,582,VIC,0,38.6917,44.376442492834386,0.993127147766323,0.010309278350515464,0.0,0.2971014492753623,0.8487972508591065,0.12199312714776632,0
3938,3311,55.0,1433.0,2.3,2000.0,392.0,1241,82,8,1334,2031,693,384,202,1334,VIC,0,4.2898,771.8308545852955,0.9302848575712144,0.06146926536731634,0.005997001499250375,0.3431806991629739,0.8073463268365817,0.15142428785607195,0
3939,15900,50.0,1228.0,2.2,1800.0,350.0,5810,511,163,6505,9085,2724,1900,1596,6505,VIC,0,98.5117,161.40214817123245,0.8931591083781706,0.07855495772482705,0.025057647963105303,0.2839845899834893,0.7108378170637971,0.2453497309761722,0
3940,5246,59.0,950.0,1.9,1603.0,350.0,1656,561,80,2341,3612,844,461,636,2341,VIC,0,4.6396,1130.7009224933186,0.7073900042716788,0.23964117898334045,0.03417343015805212,0.3518826135105205,0.5574540794532251,0.27167876975651434,0
3941,13591,49.0,1351.0,2.3,1800.0,369.0,5083,177,7,5320,11403,2279,1673,1175,5320,VIC,0,24.3906,557.2228645461777,0.9554511278195489,0.033270676691729326,0.0013157894736842105,0.5334561080417435,0.7428571428571429,0.22086466165413535,0
3942,2786,58.0,1490.0,2.1,2000.0,400.0,1134,8,5,1144,3291,659,280,153,1144,VIC,0,6.2857,443.22828006427284,0.9912587412587412,0.006993006993006993,0.004370629370629371,0.652385293223944,0.8208041958041958,0.13374125874125875,0
3943,2013,64.0,1658.0,2.0,2167.0,462.0,814,9,16,839,2883,536,166,108,839,VIC,0,7.0136,287.0138017565872,0.9702026221692491,0.010727056019070322,0.01907032181168057,0.7089836975372876,0.8367103694874851,0.12872467222884387,0
3944,787,68.0,2470.0,1.8,2806.0,577.0,320,7,0,328,1315,237,61,22,328,VIC,0,11.3277,69.47570998525738,0.975609756097561,0.021341463414634148,0.0,0.7505703422053231,0.9085365853658537,0.06707317073170732,0
3945,1092,50.0,1582.0,2.5,1634.0,300.0,394,0,0,401,485,178,166,41,401,VIC,0,153.6199,7.108454047945611,0.9825436408977556,0.0,0.0,0.17319587628865984,0.85785536159601,0.10224438902743142,0
3946,303,51.0,1687.0,2.4,1733.0,285.0,117,0,0,117,139,53,46,17,117,VIC,0,46.1603,6.564082122516535,1.0,0.0,0.0,0.15827338129496404,0.8461538461538461,0.1452991452991453,0
3950,5133,47.0,1207.0,2.3,1338.0,270.0,1868,157,0,2039,2281,853,732,377,2039,VIC,0,120.9764,42.42976316041806,0.916135360470819,0.07699852869053457,0.0,0.10609381850065758,0.7773418342324669,0.18489455615497793,0
3951,1020,49.0,1565.0,2.6,1517.0,216.0,354,0,0,354,437,183,133,28,354,VIC,0,167.0977,6.104213283605938,1.0,0.0,0.0,0.18993135011441653,0.8926553672316384,0.07909604519774012,0
3953,8194,46.0,1316.0,2.4,1473.0,270.0,3090,76,32,3216,3559,1447,1011,630,3216,VIC,0,504.8299,16.23120975996073,0.960820895522388,0.0236318407960199,0.009950248756218905,0.09637538634447884,0.7643034825870647,0.1958955223880597,0
3954,366,53.0,1825.0,2.5,1517.0,252.0,141,0,0,144,160,79,48,6,144,VIC,0,36.807,9.943760697693373,0.9791666666666666,0.0,0.0,0.09999999999999998,0.8819444444444444,0.041666666666666664,0
3956,3037,51.0,1138.0,2.2,1300.0,265.0,1236,15,5,1260,2974,648,394,167,1260,VIC,0,498.4632,6.092726604491566,0.9809523809523809,0.011904761904761904,0.003968253968253968,0.5763281775386684,0.8269841269841269,0.13253968253968254,0
3957,310,41.0,1625.0,2.7,1300.0,260.0,109,0,0,109,124,46,46,13,109,VIC,0,65.313,4.746375147367293,1.0,0.0,0.0,0.12096774193548387,0.8440366972477065,0.11926605504587157,0
3958,284,47.0,1649.0,2.5,1150.0,260.0,96,0,0,96,132,41,30,13,96,VIC,0,108.9795,2.60599470542625,1.0,0.0,0.0,0.2727272727272727,0.7395833333333334,0.13541666666666666,0
3959,1223,53.0,1318.0,2.3,1408.0,250.0,479,0,0,484,1246,286,126,46,484,VIC,0,211.6176,5.779292459606384,0.9896694214876033,0.0,0.0,0.6115569823434992,0.8512396694214877,0.09504132231404959,0
3960,2715,58.0,1035.0,2.0,1348.0,236.0,1054,34,61,1164,1467,646,237,217,1164,VIC,0,831.5162,3.2651197896084283,0.9054982817869416,0.029209621993127148,0.05240549828178694,0.20654396728016355,0.7585910652920962,0.18642611683848798,0
3962,954,54.0,937.0,2.1,1000.0,240.0,373,0,9,406,531,201,120,64,406,VIC,0,150.239,6.349882520517309,0.9187192118226601,0.0,0.022167487684729065,0.2354048964218456,0.7906403940886699,0.15763546798029557,0
3964,174,52.0,1178.0,2.1,1083.0,200.0,77,0,0,77,103,38,28,10,77,VIC,0,2.8934,60.13686320591691,1.0,0.0,0.0,0.2524271844660194,0.8571428571428571,0.12987012987012986,0
3965,220,62.0,909.0,1.8,888.0,220.0,100,0,0,106,234,67,22,13,106,VIC,0,8.8662,24.81333604024272,0.9433962264150944,0.0,0.0,0.5470085470085471,0.839622641509434,0.12264150943396226,0
3966,544,49.0,987.0,2.3,1192.0,220.0,215,0,0,217,290,110,70,22,217,VIC,0,124.1262,4.3826363813602605,0.9907834101382489,0.0,0.0,0.25172413793103443,0.8294930875576036,0.10138248847926268,0
3967,108,55.0,1274.0,2.2,1200.0,190.0,48,0,0,48,65,25,8,13,48,VIC,0,87.9588,1.2278475831866738,1.0,0.0,0.0,0.2615384615384615,0.6875,0.2708333333333333,0
3971,4195,54.0,978.0,2.1,1200.0,236.0,1603,75,49,1764,2254,925,443,298,1764,VIC,0,835.935,5.018332765107335,0.9087301587301587,0.04251700680272109,0.027777777777777776,0.21739130434782605,0.7755102040816326,0.1689342403628118,0
3975,18048,33.0,2328.0,3.5,2080.0,416.0,4633,283,28,4940,5073,723,3119,997,4940,VIC,0,13.3831,1348.566475629712,0.9378542510121457,0.05728744939271255,0.005668016194331984,0.02621722846441943,0.7777327935222672,0.20182186234817814,0
3976,26082,33.0,1538.0,3.1,1583.0,351.0,7344,498,64,7918,8197,1837,3528,2270,7918,VIC,0,13.3423,1954.8353732115154,0.927506946198535,0.06289467037130589,0.008082849204344532,0.03403684274734664,0.677570093457944,0.2866885577165951,0
3977,117143,33.0,1895.0,3.1,1907.0,380.0,32025,3891,520,36470,37953,6851,19888,8563,36470,VIC,0,142.1782,823.9167467305114,0.8781190019193857,0.10669043049081436,0.014258294488620784,0.03907464495560298,0.7331779544831368,0.23479572251165343,0
3978,43202,30.0,2158.0,3.2,2167.0,406.0,12645,332,8,13009,13438,1137,8543,2969,13009,VIC,0,96.5101,447.64226749324683,0.9720193712045507,0.025520793296948268,0.0006149588746252595,0.03192439351093912,0.7441002382965639,0.2282266123452994,0
3979,365,45.0,1731.0,2.7,1897.0,200.0,118,0,0,121,146,54,46,11,121,VIC,0,69.8592,5.22479501626128,0.9752066115702479,0.0,0.0,0.17123287671232879,0.8264462809917356,0.09090909090909091,0
3980,3571,40.0,1847.0,2.7,1815.0,350.0,1202,0,3,1208,1299,382,656,149,1208,VIC,0,37.0278,96.44105239846817,0.9950331125827815,0.0,0.0024834437086092716,0.07005388760585063,0.859271523178808,0.12334437086092716,0
3981,5437,36.0,1756.0,2.7,1842.0,313.0,1709,9,124,1855,1987,549,928,312,1855,VIC,0,203.7769,26.6811400114537,0.9212938005390836,0.004851752021563342,0.06684636118598383,0.06643180674383498,0.7962264150943397,0.16819407008086254,0
3984,7374,45.0,1285.0,2.3,1555.0,300.0,2791,19,43,2914,3800,1094,1224,469,2914,VIC,0,235.0488,31.372208664753874,0.9577899794097461,0.006520247083047358,0.014756348661633494,0.23315789473684212,0.7954701441317776,0.1609471516815374,0
3987,1644,41.0,1828.0,2.9,1733.0,315.0,508,3,0,510,546,174,287,34,510,VIC,0,79.5517,20.665806010430952,0.996078431372549,0.0058823529411764705,0.0,0.06593406593406592,0.903921568627451,0.06666666666666667,0
3988,1094,42.0,1618.0,2.6,1713.0,250.0,401,0,0,403,462,190,148,35,403,VIC,0,126.6841,8.635653566627541,0.9950372208436724,0.0,0.0,0.12770562770562766,0.8387096774193549,0.08684863523573201,0
3990,118,56.0,1562.0,2.5,2134.0,308.0,45,0,0,45,56,22,16,3,45,VIC,0,25.7656,4.579749743844506,1.0,0.0,0.0,0.1964285714285714,0.8444444444444444,0.06666666666666667,0
3991,405,49.0,1262.0,2.4,1500.0,225.0,146,0,0,146,193,66,55,19,146,VIC,0,49.1914,8.233146444297173,1.0,0.0,0.0,0.24352331606217614,0.8287671232876712,0.13013698630136986,0
3992,1281,43.0,1402.0,2.4,1517.0,280.0,501,0,0,502,575,182,228,59,502,VIC,0,99.0542,12.9323138241488,0.99800796812749,0.0,0.0,0.1269565217391304,0.8167330677290837,0.11752988047808766,0
3995,11596,50.0,1034.0,2.2,1300.0,280.0,4518,233,23,4886,6209,2264,1306,1131,4886,VIC,0,198.9026,58.29989150468621,0.9246827670896439,0.047687269750307,0.004707327056897258,0.21307779030439689,0.7306590257879656,0.2314776913630782,0
3996,6649,54.0,1291.0,2.2,1700.0,345.0,2466,230,9,2709,4556,1480,672,483,2709,VIC,0,151.8139,43.797043617218186,0.9102990033222591,0.08490217792543374,0.0033222591362126247,0.40539947322212466,0.7943890734588409,0.17829457364341086,0
4000,20341,31.0,1860.0,1.9,1866.0,450.0,763,271,7652,8773,11153,1288,1447,5817,8773,QLD,0,3.6483,5575.473508209303,0.08697138949048216,0.030890231391770204,0.8722215889661461,0.21339549896888732,0.31175196626011625,0.663057107032942,0
4005,17714,38.0,2258.0,1.9,2179.0,450.0,1442,299,6653,8435,9593,1842,1924,4473,8435,QLD,0,2.7043,6550.308767518397,0.17095435684647303,0.035447540011855364,0.788737403675163,0.12071301991035133,0.4464730290456432,0.5302904564315353,0
4006,24411,31.0,1871.0,1.7,1800.0,420.0,543,302,11748,12657,14672,1022,1745,9585,12657,QLD,0,5.4174,4506.03610588105,0.04290116141265703,0.0238603144505017,0.9281820336572647,0.13733642311886585,0.21861420557794106,0.7572884569803271,0
4007,15451,39.0,2130.0,2.1,2232.0,420.0,2024,576,4191,6814,7915,1644,1678,3311,6814,QLD,0,5.3563,2884.6405167746393,0.2970355151159378,0.08453184619900206,0.6150572351041972,0.13910296904611497,0.48752568241855004,0.485911358966833,0
4008,373,40.0,1666.0,2.1,1500.0,350.0,105,0,4,110,121,38,39,32,110,QLD,0,46.0443,8.100894138905359,0.9545454545454546,0.0,0.03636363636363636,0.09090909090909094,0.7,0.2909090909090909,0
4009,11,38.0,824.0,1.8,,450.0,0,0,0,0,4,0,0,3,0,QLD,0,5.5274,1.9900857546043347,,,,1.0,,,1
4010,3446,33.0,1972.0,1.9,1950.0,410.0,372,57,1243,1677,1962,231,342,1026,1677,QLD,0,1.3148,2620.9309400669304,0.22182468694096602,0.03398926654740608,0.7412045319022064,0.14525993883792054,0.3416815742397138,0.6118067978533095,0
4011,15813,38.0,2115.0,2.3,2300.0,360.0,3197,691,2581,6492,7058,1710,2194,2451,6492,QLD,0,5.2926,2987.7564901938554,0.4924522489217498,0.10643869377695625,0.39756623536660507,0.08019268914706712,0.6013555144793592,0.3775415896487985,0
4012,23440,36.0,2016.0,2.3,2041.0,385.0,4864,1096,4021,9982,10768,1998,3347,4441,9982,QLD,0,7.8452,2987.8142048641207,0.48727709877780007,0.10979763574433982,0.4028250851532759,0.0729940564635958,0.5354638349028251,0.4449008214786616,0
4013,4876,35.0,2041.0,2.4,2100.0,360.0,1113,394,437,1950,2107,373,710,828,1950,QLD,0,3.252,1499.3849938499386,0.5707692307692308,0.20205128205128206,0.2241025641025641,0.07451352634076891,0.5553846153846154,0.4246153846153846,0
4014,13190,37.0,2354.0,2.7,2147.0,450.0,4288,292,108,4706,4923,1249,2051,1310,4706,QLD,0,16.6493,792.2254989699267,0.9111772205694858,0.06204844878878028,0.022949426264343393,0.044078813731464606,0.7012324691882703,0.27836804079898003,0
4017,37756,41.0,1934.0,2.6,1907.0,390.0,11938,827,934,13840,14583,4178,5775,3377,13840,QLD,0,21.7655,1734.6718430543751,0.8625722543352601,0.05975433526011561,0.06748554913294798,0.05094973599396557,0.7191473988439306,0.2440028901734104,0
4018,14097,37.0,1568.0,2.4,1679.0,390.0,3475,1960,128,5583,5817,1350,1933,1934,5583,QLD,0,6.2813,2244.280642542149,0.6224252194160845,0.3510657352677772,0.02292674189503851,0.040226921093347134,0.5880351065735268,0.3464087408203475,0
4019,20576,47.0,1283.0,2.2,1733.0,330.0,6165,633,1869,8787,9455,2635,2611,3338,8787,QLD,0,10.6634,1929.590937224525,0.701604643222943,0.07203823830658929,0.21270058040286788,0.07065044949762034,0.5970183225219073,0.37987936724706955,0
4020,25603,50.0,1365.0,2.2,1900.0,360.0,6906,909,3057,10974,12075,3875,2891,3711,10974,QLD,0,11.7011,2188.0848809086324,0.6293056314926189,0.08283214871514488,0.2785675232367414,0.09118012422360244,0.6165482048478221,0.3381629305631493,0
4021,9745,43.0,1297.0,2.5,1583.0,350.0,2852,748,77,3676,3865,1192,1089,1301,3676,QLD,0,5.5697,1749.6454028044598,0.7758433079434167,0.20348204570184983,0.020946681175190423,0.048900388098318204,0.6205114254624592,0.35391730141458105,0
4022,7538,43.0,1305.0,2.5,1676.0,380.0,1962,781,80,2822,2939,791,694,1043,2822,QLD,0,10.34,729.0135396518375,0.6952515946137491,0.2767540751240255,0.028348688873139617,0.03980945899965971,0.5262225372076541,0.36959603118355777,0
4025,309,45.0,1224.0,1.9,1517.0,213.0,46,0,0,62,294,23,11,20,62,QLD,0,173.5972,1.7799826264478922,0.7419354838709677,0.0,0.0,0.7891156462585034,0.5483870967741935,0.3225806451612903,0
4030,18592,33.0,2131.0,2.2,2200.0,390.0,3395,350,4021,7777,8466,1306,2123,4196,7777,QLD,0,5.838,3184.652278177458,0.4365436543654365,0.045004500450045004,0.517037418027517,0.08138436097330504,0.44091552012344093,0.5395396682525395,0
4031,14292,35.0,2146.0,2.4,2200.0,375.0,3405,610,1797,5811,6189,1143,2097,2433,5811,QLD,0,4.7721,2994.9079021814296,0.5859576664945793,0.10497332644983652,0.3092410944759938,0.0610761027629666,0.5575632421270005,0.4186886938564791,0
4032,18389,36.0,1582.0,2.2,1886.0,385.0,3365,1131,3364,7869,8405,1689,1774,3980,7869,QLD,0,7.5078,2449.319374517169,0.4276273986529419,0.14372855508959206,0.4275003177023764,0.06377156454491373,0.44008133180836195,0.5057821832507308,0
4034,46741,39.0,1808.0,2.5,1900.0,390.0,12906,3351,1369,17821,18712,5386,6002,5685,17821,QLD,0,29.5549,1581.4974843426978,0.7242017844116492,0.18803658605016554,0.07681948263284889,0.04761650277896534,0.6390213792716458,0.3190056674709612,0
4035,27323,40.0,2458.0,2.9,2167.0,470.0,8059,1192,108,9364,9747,3267,4262,1482,9364,QLD,0,19.0536,1434.0072217323761,0.8606364801366937,0.12729602733874412,0.011533532678342588,0.039294141787216574,0.8040367364374199,0.15826569841947885,0
4036,7000,36.0,1931.0,2.7,1733.0,388.0,2310,138,9,2462,2567,651,1136,629,2462,QLD,0,12.8364,545.3242342089683,0.9382615759545085,0.056051990251827784,0.0036555645816409425,0.040903778730035034,0.7258326563769293,0.25548334687246144,0
4037,7822,38.0,2771.0,3.1,2151.0,460.0,2459,16,5,2478,2525,702,1494,252,2478,QLD,0,9.1057,859.0223706030288,0.9923325262308313,0.00645682001614205,0.0020177562550443904,0.01861386138613863,0.8861985472154964,0.1016949152542373,0
4051,29574,34.0,2318.0,2.5,2229.0,380.0,6782,1486,2869,11161,12015,2614,3729,4591,11161,QLD,0,16.941,1745.705684434213,0.6076516441179106,0.13314219155989607,0.2570558193710241,0.07107781939242619,0.568318251052773,0.4113430696174178,0
4053,47604,36.0,2152.0,2.5,2063.0,410.0,13867,2174,2036,18093,19158,4774,6629,6388,18093,QLD,0,22.5306,2112.8598439455673,0.7664290056928094,0.12015696678273366,0.11252970762173216,0.055590353899154454,0.6302437406731886,0.3530647211628807,0
4054,13986,38.0,1949.0,2.6,1950.0,410.0,4533,615,150,5296,5557,1487,2122,1440,5296,QLD,0,8.7622,1596.1744767295884,0.855929003021148,0.11612537764350453,0.028323262839879154,0.04696778837502247,0.6814577039274925,0.2719033232628399,0
4055,22364,38.0,2496.0,2.9,2100.0,430.0,7069,170,233,7474,7707,2351,3629,1367,7474,QLD,0,37.908,589.954626991664,0.9458121487824458,0.022745517795022745,0.031174739095531173,0.030232256390294587,0.8001070377308,0.1829007225046829,0
4059,13740,30.0,1934.0,2.3,2383.0,400.0,2470,379,2582,5465,5986,856,1388,3091,5465,QLD,0,3.3042,4158.343925912475,0.45196706312900276,0.06935041171088746,0.4724611161939616,0.08703641830938857,0.41061299176578225,0.5655992680695334,0
4060,13450,38.0,2874.0,2.8,2600.0,440.0,3583,90,956,4637,4921,1438,1879,1249,4637,QLD,0,5.8255,2308.8146940176807,0.7726978649989217,0.019409100711667026,0.20616778089281862,0.05771184718553135,0.7153331895622169,0.2693551865430235,0
4061,17318,42.0,2573.0,2.9,2253.0,490.0,5438,406,54,5914,6149,2292,2652,900,5914,QLD,0,12.5152,1383.7573510611096,0.9195130199526547,0.06865065945214745,0.009130875887724045,0.03821759635713129,0.8359824146094014,0.15218126479540076,0
4064,12191,33.0,2434.0,2.3,2528.0,450.0,2628,416,1919,4994,5496,1052,1325,2528,4994,QLD,0,3.5905,3395.3488372093025,0.526231477773328,0.08329995995194234,0.3842611133360032,0.09133915574963614,0.47597116539847817,0.5062074489387265,0
4065,10171,38.0,3394.0,2.8,2817.0,500.0,2816,315,334,3479,3703,1165,1504,731,3479,QLD,0,5.0053,2032.0460312069206,0.8094279965507329,0.09054325955734406,0.09600459902270768,0.060491493383742934,0.7671744754239724,0.21011784995688415,0
4066,18609,31.0,2013.0,2.2,2130.0,410.0,2549,170,5094,7875,8822,1733,1900,4102,7875,QLD,0,20.0559,927.8566406892734,0.3236825396825397,0.02158730158730159,0.6468571428571429,0.10734527318068465,0.4613333333333333,0.5208888888888888,0
4067,12220,25.0,1761.0,2.4,2000.0,410.0,1297,271,2347,3936,4420,1046,699,2090,3936,QLD,0,3.9742,3074.8326707261836,0.32952235772357724,0.06885162601626016,0.5962906504065041,0.10950226244343897,0.44334349593495936,0.5309959349593496,0
4068,25676,34.0,2094.0,2.5,2100.0,410.0,4438,757,4748,9977,10807,2801,2675,4246,9977,QLD,0,10.3883,2471.626733921816,0.44482309311416257,0.07587451137616517,0.4758945574822091,0.07680207273063755,0.5488623834820087,0.4255788313120176,0
4069,35527,42.0,3019.0,3.0,2500.0,540.0,11071,427,144,11653,12176,4756,5125,1521,11653,QLD,0,103.2441,344.1068303176646,0.9500557796275637,0.03664292456878057,0.012357332875654338,0.042953350854139316,0.8479361537801424,0.13052432849909895,0
4070,12045,40.0,2435.0,3.0,2100.0,460.0,3852,144,7,4003,4138,1210,2187,540,4003,QLD,0,31.2733,385.15283004991477,0.9622782912815389,0.035973020234823884,0.0017486884836372721,0.032624456259062296,0.8486135398451161,0.13489882588058955,0
4073,9293,43.0,2543.0,2.8,2167.0,455.0,2747,268,111,3132,3309,1146,1366,514,3132,QLD,0,4.9721,1869.0291828402485,0.8770753512132823,0.08556832694763729,0.035440613026819924,0.05349048050770622,0.8020434227330779,0.1641123882503193,0
4074,24071,40.0,2271.0,2.8,2000.0,440.0,7803,568,49,8420,8763,3032,3703,1520,8420,QLD,0,13.6903,1758.2521931586598,0.9267220902612826,0.067458432304038,0.005819477434679335,0.039141846399634805,0.7998812351543944,0.18052256532066507,0
4075,25506,38.0,2239.0,2.6,2167.0,400.0,6746,1215,1398,9397,9965,2755,3574,2809,9397,QLD,0,14.182,1798.4769426033,0.7178886878791103,0.1292965840161754,0.1487708843247845,0.05699949824385353,0.67351282324146,0.2989251888900713,0
4076,8353,35.0,1523.0,2.6,1499.0,350.0,1528,189,23,1739,1869,440,499,735,1739,QLD,0,23.2969,358.54555756345263,0.8786658999424957,0.10868315123634273,0.013225991949396205,0.06955591225254143,0.5399654974123059,0.4226566992524439,0
4077,35805,32.0,1342.0,2.9,1517.0,340.0,8290,3036,216,11694,12398,2099,2994,5894,11694,QLD,0,18.9841,1886.0520119468397,0.7089105524200444,0.2596203181118522,0.018471010774756286,0.05678335215357311,0.43552249016589706,0.5040191551222849,0
4078,26263,36.0,1838.0,2.8,1664.0,370.0,8050,689,144,8886,9258,2040,3839,2787,8886,QLD,0,13.2184,1986.8516613205834,0.9059194238127392,0.07753769975241953,0.016205266711681297,0.040181464679196366,0.6616025208192663,0.3136394328156651,0
4101,35246,32.0,1973.0,2.1,2031.0,450.0,2441,466,11751,14745,17350,2512,2787,9084,14745,QLD,0,5.1012,6909.354661648239,0.16554764326890473,0.03160393353679213,0.7969481180061038,0.15014409221902014,0.35937605968124786,0.6160732451678536,0
4102,10823,29.0,1840.0,2.2,2000.0,430.0,1390,31,2879,4310,4826,481,739,2930,4310,QLD,0,3.428,3157.2345390898486,0.3225058004640371,0.0071925754060324825,0.6679814385150812,0.10692084542063818,0.28306264501160094,0.679814385150812,0
4103,14995,33.0,1909.0,2.3,2000.0,365.0,2838,1020,2415,6289,6708,1111,1802,3263,6289,QLD,0,4.0601,3693.2587867293905,0.45126411194148514,0.16218794720941326,0.38400381618699314,0.062462731067382204,0.46318969629511847,0.5188424232787406,0
4104,7062,39.0,1932.0,2.2,2167.0,380.0,1396,548,1039,2980,3225,684,861,1162,2980,QLD,0,3.0296,2331.000792183787,0.4684563758389262,0.18389261744966443,0.34865771812080537,0.07596899224806197,0.5184563758389261,0.38993288590604025,0
4105,13929,36.0,2001.0,2.4,2000.0,370.0,3329,912,1423,5674,6105,1351,1989,2234,5674,QLD,0,7.1451,1949.4478733677624,0.5867113147691223,0.1607331688403243,0.25079309129362004,0.0705978705978706,0.5886499823757491,0.39372576665491715,0
4106,1672,34.0,1493.0,2.3,1635.0,335.0,551,27,48,639,695,115,203,302,639,QLD,0,9.223,181.2859156456684,0.8622848200312989,0.04225352112676056,0.07511737089201878,0.08057553956834529,0.49765258215962443,0.4726134585289515,0
4107,6790,35.0,2133.0,2.7,2000.0,400.0,2161,200,56,2426,2557,579,1080,729,2426,QLD,0,4.5662,1487.013271429197,0.8907666941467436,0.08244023083264633,0.023083264633140973,0.051231912397340595,0.6838417147568013,0.3004946413849959,0
4108,6188,34.0,1567.0,2.6,1729.0,360.0,1748,234,277,2284,2456,534,611,1083,2284,QLD,0,8.5787,721.3214123352024,0.7653239929947461,0.10245183887915937,0.1212784588441331,0.07003257328990231,0.5013134851138353,0.47416812609457093,0
4109,37703,36.0,1689.0,3.0,1907.0,410.0,10060,1581,346,12077,13009,4394,3127,4057,12077,QLD,0,15.4409,2441.7618144020103,0.832988324915128,0.13090999420385857,0.028649499047776767,0.07164270889384272,0.6227539951974829,0.33592779663823796,0
4110,16461,32.0,1906.0,2.9,1950.0,370.0,4797,428,90,5330,5613,825,2375,1993,5330,QLD,0,34.8175,472.7794930710131,0.9,0.0803001876172608,0.016885553470919325,0.050418670942455,0.600375234521576,0.37392120075046903,0
4111,1085,28.0,1682.0,2.3,1950.0,300.0,238,0,89,324,341,101,102,105,324,QLD,0,5.266,206.0387390808963,0.7345679012345679,0.0,0.27469135802469136,0.04985337243401755,0.6265432098765432,0.32407407407407407,0
4112,8737,34.0,2136.0,3.3,2100.0,400.0,2217,350,3,2567,2654,852,1010,626,2567,QLD,0,4.6867,1864.2114920946508,0.8636540708998831,0.13634592910011686,0.001168679392286716,0.03278070836473246,0.7253603428126217,0.24386443319049475,0
4113,29524,35.0,1823.0,2.9,1730.0,410.0,6639,2803,179,9949,10479,2927,3155,3543,9949,QLD,0,14.2559,2071.0021815529008,0.667303246557443,0.28173685797567594,0.017991757965624685,0.05057734516652357,0.611317720373907,0.3561161925821691,0
4114,29702,32.0,1080.0,2.8,1300.0,290.0,6580,2299,517,9413,10234,1770,1912,5366,9413,QLD,0,14.3562,2068.9318900544713,0.69903325188569,0.24423669393392117,0.05492404121958993,0.0802227867891343,0.39116116009773716,0.5700626792733454,0
4115,20169,36.0,1967.0,3.0,1842.0,420.0,5425,970,48,6493,6818,1737,3009,1608,6493,QLD,0,11.9235,1691.5335262297144,0.8355151701832743,0.1493916525488988,0.007392576620976436,0.047667937811675,0.7309410133990452,0.2476513168027106,0
4116,27459,35.0,1970.0,3.1,1842.0,420.0,6337,2193,15,8548,8942,2289,3575,2468,8548,QLD,0,16.1303,1702.324197318091,0.7413430042115114,0.2565512400561535,0.0017547964436125409,0.04406173115634082,0.6860084230229293,0.2887225081890501,0
4117,2954,28.0,1872.0,3.5,1777.0,410.0,700,102,0,799,837,86,353,341,799,QLD,0,13.1167,225.20908460207218,0.8760951188986232,0.1276595744680851,0.0,0.04540023894862599,0.5494367959949937,0.4267834793491865,0
4118,31493,35.0,1744.0,2.9,1625.0,360.0,9252,759,149,10176,10583,2302,4577,3104,10176,QLD,0,24.1339,1304.9279229631347,0.9091981132075472,0.0745872641509434,0.014642295597484277,0.038457904185958625,0.676002358490566,0.3050314465408805,0
4119,6809,34.0,1992.0,3.1,1950.0,400.0,1808,298,30,2145,2265,499,1017,585,2145,QLD,0,4.1871,1626.1851878388384,0.8428904428904429,0.13892773892773894,0.013986013986013986,0.052980132450331174,0.7067599067599067,0.2727272727272727,0
4120,10387,33.0,1949.0,2.1,1900.0,380.0,1856,379,2328,4593,4995,718,1288,2523,4593,QLD,0,2.9846,3480.1983515378947,0.4040931852819508,0.08251687350315698,0.5068582625734814,0.08048048048048051,0.43675157848900503,0.5493141737426519,0
4121,26062,37.0,2452.0,2.7,2351.0,410.0,7853,378,1058,9292,9820,2538,3874,2670,9292,QLD,0,10.4019,2505.5038021899845,0.8451356005165734,0.04068015497201894,0.11386138613861387,0.05376782077393072,0.690055962117951,0.287343951786483,0
4122,47147,36.0,1935.0,2.7,2000.0,415.0,12100,2040,2690,16852,17816,4733,5733,5913,16852,QLD,0,21.0584,2238.869049880333,0.7180156657963447,0.12105388084500356,0.15962497032993117,0.054108666367310265,0.6210538808450036,0.35087823403750296,0
4123,22857,35.0,2089.0,2.9,2000.0,420.0,6825,678,99,7637,8137,2097,3685,1671,7637,QLD,0,21.5665,1059.838174947256,0.8936755270394133,0.08877831609270656,0.012963205447165118,0.0614477080004916,0.7571035747021082,0.21880319497184758,0
4124,23445,35.0,2040.0,3.1,1950.0,360.0,6804,366,26,7208,7561,1560,3848,1578,7208,QLD,0,194.3117,120.6566562898683,0.9439511653718091,0.05077691453940067,0.003607103218645949,0.04668694617114133,0.7502774694783574,0.21892341842397336,0
4125,12893,33.0,1598.0,2.8,1800.0,380.0,3802,494,10,4355,4614,1212,1367,1629,4355,QLD,0,38.7807,332.459187173001,0.8730195177956372,0.11343283582089553,0.002296211251435132,0.056133506718682225,0.5921928817451205,0.374052812858783,0
4127,27206,38.0,1602.0,2.7,1700.0,342.0,7427,1760,246,9518,10048,2456,3654,3100,9518,QLD,0,30.3412,896.6685562865015,0.7803109897037193,0.1849127968060517,0.0258457659172095,0.05274681528662417,0.6419415843664635,0.3256986761924774,0
4128,16936,38.0,2125.0,2.8,1950.0,400.0,5074,355,293,5768,5998,1507,2936,1201,5768,QLD,0,12.1387,1395.207065006961,0.8796809986130375,0.06154646324549237,0.05079750346740638,0.03834611537179056,0.7702843273231623,0.20821775312066573,0
4129,6764,34.0,1840.0,2.9,1668.0,395.0,2078,122,40,2242,2385,484,1067,656,2242,QLD,0,8.8171,767.145660137687,0.9268510258697591,0.054415700267618196,0.01784121320249777,0.05995807127882602,0.691793041926851,0.2925958965209634,0
4130,9140,41.0,2318.0,2.9,2102.0,425.0,2734,162,18,3004,3129,986,1553,403,3004,QLD,0,37.9606,240.7759624452722,0.9101198402130493,0.05392809587217044,0.005992010652463382,0.039948865452221205,0.8452063914780293,0.13415446071904127,0
4131,11781,32.0,1376.0,2.8,1517.0,350.0,2877,549,318,3754,3986,569,984,2081,3754,QLD,0,11.3025,1042.3357664233577,0.7663825253063399,0.1462440063931806,0.08470964304741609,0.058203712995484214,0.41369206180074586,0.5543420351624934,0
4132,27070,29.0,1437.0,3.2,1450.0,350.0,6759,969,17,7753,8217,1106,2653,3806,7753,QLD,0,12.8365,2108.8302886300785,0.8717915645556559,0.1249838772088224,0.002192699600154779,0.05646829743215287,0.48484457629304784,0.4909067457758287,0
4133,22472,32.0,1505.0,2.8,1651.0,370.0,5899,1056,229,7295,7749,1615,2463,2943,7295,QLD,0,47.886,469.2812095393225,0.808636052090473,0.14475668265935573,0.03139136394790953,0.05858820492966832,0.5590130226182317,0.40342700479780674,0
4151,18132,35.0,2105.0,2.3,2047.0,380.0,3109,714,3825,7667,8279,1650,2365,3417,7667,QLD,0,5.3272,3403.6642138459224,0.405504108517021,0.09312638580931264,0.49889135254988914,0.07392197125256672,0.5236728837876614,0.44567627494456763,0
4152,47570,38.0,2318.0,2.6,2200.0,450.0,12734,3737,1093,17596,18425,5599,6715,4795,17596,QLD,0,23.1747,2052.6695059698723,0.7236872016367356,0.21237781313934986,0.06211639008865651,0.04499321573948445,0.6998181404864742,0.2725051147988179,0
4153,4498,39.0,2431.0,2.9,2167.0,460.0,1350,146,0,1493,1549,527,700,244,1493,QLD,0,9.7744,460.1816991324276,0.9042196918955124,0.09778968519758875,0.0,0.03615235635894121,0.8218352310783658,0.16342933690555927,0
4154,11449,37.0,3044.0,3.2,2383.0,510.0,3114,433,6,3558,3667,880,1957,685,3558,QLD,0,15.0372,761.3784481153406,0.8752107925801011,0.12169758291174818,0.0016863406408094434,0.02972457049359145,0.7973580663293985,0.1925238898257448,0
4155,1475,45.0,2905.0,3.2,3467.0,368.0,444,0,3,446,471,223,168,45,446,QLD,0,13.5401,108.93567994327958,0.9955156950672646,0.0,0.006726457399103139,0.05307855626326963,0.8766816143497758,0.10089686098654709,0
4156,3388,40.0,2902.0,3.2,2300.0,490.0,948,86,0,1032,1066,379,500,135,1032,QLD,0,31.9789,105.94485739034175,0.9186046511627907,0.08333333333333333,0.0,0.031894934333958735,0.8517441860465116,0.1308139534883721,0
4157,19771,40.0,1794.0,2.6,1820.0,385.0,5754,1251,172,7257,7549,2276,3086,1770,7257,QLD,0,41.4597,476.87272218564055,0.7928896238114923,0.17238528317486565,0.02370125396169216,0.03868061994966221,0.7388728124569381,0.24390243902439024,0
4158,3877,41.0,1488.0,2.3,1787.0,370.0,1029,528,20,1620,1672,532,585,465,1620,QLD,0,2.6658,1454.347662990472,0.6351851851851852,0.32592592592592595,0.012345679012345678,0.031100478468899517,0.6895061728395062,0.28703703703703703,0
4159,14816,43.0,1903.0,2.7,2000.0,435.0,4481,601,253,5344,5560,1917,2196,1017,5344,QLD,0,11.2731,1314.2791246418467,0.8385104790419161,0.1124625748502994,0.04734281437125749,0.03884892086330938,0.7696482035928144,0.1903068862275449,0
4160,19044,44.0,2107.0,2.7,2037.0,450.0,5757,788,279,6829,7150,2529,2769,1372,6829,QLD,0,14.7691,1289.4489169956191,0.8430224044516035,0.1153902474740079,0.04085517645336067,0.04489510489510484,0.7758090496412359,0.20090789281007468,0
4161,16472,38.0,1829.0,2.7,1820.0,400.0,5466,281,112,5859,6122,1662,2778,1281,5859,QLD,0,13.6902,1203.1964470935413,0.9329237071172555,0.04796040279911248,0.019115890083632018,0.04295981705325058,0.7578084997439836,0.21863799283154123,0
4163,15850,51.0,1430.0,2.3,2000.0,400.0,3981,1313,1285,6588,7057,2565,1835,1939,6588,QLD,0,11.7743,1346.1522128704041,0.6042805100182149,0.1993017607771706,0.1950516089860352,0.06645883519909312,0.6678809957498482,0.2943230115361263,0
4164,19263,36.0,2218.0,2.9,2167.0,470.0,5593,743,63,6408,6643,1576,2982,1660,6408,QLD,0,21.6475,889.848712322439,0.8728152309612984,0.11594881398252185,0.009831460674157303,0.03537558332078883,0.7112983770287141,0.2590511860174782,0
4165,39491,42.0,1970.0,2.7,2003.0,460.0,12435,1129,309,13887,14583,4291,6085,2766,13887,QLD,0,102.7458,384.3563435196378,0.8954417800820912,0.08129905667170735,0.02225102613955498,0.04772680518411854,0.7471736156117232,0.19917908835601641,0
4169,15882,35.0,2057.0,2.0,2000.0,435.0,1590,245,5378,7277,8602,1325,1438,4365,7277,QLD,0,3.1983,4965.763061626489,0.21849663322797858,0.03366772021437406,0.7390408135220558,0.15403394559404793,0.3796894324584307,0.5998350968805827,0
4170,28030,34.0,2426.0,2.5,2383.0,440.0,6099,2137,2402,10781,11554,2145,4123,4337,10781,QLD,0,12.8212,2186.222818456931,0.565717465912253,0.19821908913829886,0.22279936926073649,0.06690323697420808,0.581393191726185,0.40228179204155456,0
4171,16886,38.0,2830.0,2.5,2800.0,470.0,3505,920,2044,6476,6994,1661,2363,2356,6476,QLD,0,4.7536,3552.2551329518683,0.5412291537986411,0.14206300185299567,0.31562693020382954,0.0740634829854161,0.6213712168004941,0.3638048177887585,0
4172,4946,35.0,2362.0,2.6,2167.0,450.0,1288,389,189,1861,1951,366,792,681,1861,QLD,0,8.4585,584.737246556718,0.692101020956475,0.20902740462117142,0.1015583019881784,0.046130189646335196,0.6222461042450296,0.3659322944653412,0
4173,8463,38.0,1940.0,2.5,1863.0,420.0,2586,569,79,3238,3387,944,1394,848,3238,QLD,0,8.8781,953.2445005124971,0.7986411365040148,0.17572575663990117,0.02439777640518839,0.04399173309713611,0.7220506485484868,0.2618900555898703,0
4174,2843,36.0,2140.0,2.7,2000.0,430.0,932,85,0,1019,1048,191,536,255,1019,QLD,0,6.6961,424.5754991711593,0.914622178606477,0.08341511285574092,0.0,0.027671755725190872,0.7134445534838076,0.25024533856722275,0
4178,26887,41.0,1840.0,2.5,2000.0,410.0,7552,1568,1140,10276,10867,2869,3683,3521,10276,QLD,0,57.322,469.05202191130803,0.73491630984819,0.15258855585831063,0.11093810821331257,0.05438483482101775,0.6376021798365122,0.34264305177111715,0
4179,20222,42.0,2085.0,2.6,2123.0,420.0,5919,1136,306,7482,7879,2411,2981,1813,7482,QLD,0,9.2731,2180.71626532659,0.7910986367281475,0.15183106121357925,0.0408981555733761,0.050387104962558715,0.7206629243517776,0.24231488906709436,0
4183,2156,52.0,1147.0,2.1,1733.0,300.0,708,48,65,842,1703,382,186,222,842,QLD,0,272.0174,7.92596355968405,0.8408551068883611,0.057007125890736345,0.07719714964370546,0.5055783910745744,0.6745843230403801,0.26365795724465557,0
4184,8481,61.0,761.0,1.9,904.0,260.0,4080,0,5,4114,5153,2083,919,944,4114,QLD,0,33.8483,250.5591122744717,0.9917355371900827,0.0,0.0012153621779290229,0.2016301183776441,0.7297034516285853,0.22946037919299953,0
4205,6333,48.0,1074.0,2.2,1500.0,340.0,1855,624,5,2489,2654,932,612,824,2489,QLD,0,5.8367,1085.0309250089947,0.7452792286058658,0.2507030936118923,0.002008838891120932,0.06217030896759612,0.6203294495781438,0.3310566492567296,0
4207,68477,34.0,1494.0,2.7,1655.0,350.0,19673,2827,1041,23644,24968,5276,8557,9149,23644,QLD,0,281.8511,242.95452456988818,0.8320504144814752,0.11956521739130435,0.04402808323464727,0.05302787568087153,0.5850532904753849,0.3869480629335138,0
4208,24342,34.0,2136.0,3.1,2000.0,445.0,7168,387,73,7655,7937,1610,3865,2012,7655,QLD,0,141.5988,171.9082365104789,0.9363814500326584,0.05055519268451992,0.00953625081645983,0.03552979715257654,0.7152188112344873,0.2628347485303723,0
4209,74284,30.0,1932.0,3.1,1950.0,445.0,18114,4547,166,22937,23951,2837,8829,10828,22937,QLD,0,131.2186,566.1087681167152,0.7897283864498409,0.19823865370362298,0.007237214980163055,0.04233643689198785,0.5086105419191699,0.47207568557352747,0
4210,22605,36.0,2133.0,3.0,2000.0,460.0,6064,1162,33,7264,7580,1524,4105,1504,7264,QLD,0,83.765,269.86211424819436,0.8348017621145375,0.15996696035242292,0.00454295154185022,0.04168865435356206,0.7749174008810573,0.20704845814977973,0
4211,62508,39.0,1727.0,2.7,1907.0,430.0,15478,4629,1595,22179,23261,5737,9766,5893,22179,QLD,0,447.4603,139.6950746244974,0.6978673519996393,0.20871094278371433,0.07191487443076784,0.04651562701517564,0.6989945443888362,0.26570178998151406,0
4212,33470,45.0,1977.0,2.6,2167.0,525.0,8503,1985,1265,11960,13024,4214,4612,2744,11960,QLD,0,34.1514,980.047670080875,0.710953177257525,0.16596989966555184,0.10576923076923077,0.08169533169533172,0.7379598662207358,0.2294314381270903,0
4213,31153,40.0,2057.0,3.0,2100.0,500.0,8620,1146,77,9900,10309,2939,5084,1670,9900,QLD,0,168.7643,184.59472767641026,0.8707070707070707,0.11575757575757575,0.0077777777777777776,0.03967407119992239,0.8104040404040403,0.1686868686868687,0
4214,38871,40.0,1740.0,2.7,1950.0,480.0,10596,2116,537,13301,13968,3939,5180,3739,13301,QLD,0,30.4289,1277.4369103056633,0.7966318321930682,0.1590857830238328,0.04037290429291031,0.04775200458190154,0.6855875498082851,0.28110668370799186,0
4215,55425,40.0,1239.0,2.1,1560.0,400.0,5232,7206,10995,23596,26045,5144,4903,12732,23596,QLD,0,19.349,2864.4891208848003,0.22173249703339548,0.3053907441939312,0.4659688082725886,0.09402956421578035,0.4257925072046109,0.5395829801661298,0
4216,39714,50.0,1336.0,2.2,1800.0,430.0,7243,4887,4508,16930,18751,6505,4603,5249,16930,QLD,0,47.5149,835.8220263538385,0.42782043709391615,0.2886591848789132,0.26627288836385116,0.09711482054290432,0.6561134081512109,0.3100413467217956,0
4217,45197,44.0,1466.0,2.1,1950.0,437.0,4605,2226,11400,18462,25468,5881,4334,7604,18462,QLD,0,19.7245,2291.4142310324723,0.24943126421839454,0.12057198570035749,0.6174845628859279,0.27509030940788437,0.5532986675333117,0.41187303650742063,0
4218,35371,41.0,1751.0,2.3,2058.0,450.0,5916,2404,5774,14249,18139,4566,4147,5115,14249,QLD,0,15.3976,2297.176183301294,0.41518703066881885,0.16871359393641658,0.40522141904695064,0.2144550416230222,0.6114815074742087,0.3589725594778581,0
4220,32574,41.0,1746.0,2.4,2028.0,480.0,6463,2967,3240,12726,14577,4293,4363,3731,12726,QLD,0,19.99,1629.5147573786894,0.5078579286500079,0.23314474304573315,0.2545968882602546,0.12698086025931266,0.6801823039446802,0.2931793179317932,0
4221,28889,40.0,1729.0,2.5,2100.0,450.0,6175,2067,2740,11030,12405,3552,4005,3192,11030,QLD,0,15.2251,1897.4588015842262,0.5598368087035358,0.18739800543970989,0.2484134179510426,0.11084240225715436,0.685131459655485,0.28939256572982774,0
4223,15156,42.0,1749.0,2.6,2167.0,475.0,3753,1155,575,5489,6017,1959,2126,1248,5489,QLD,0,46.9353,322.91260522463904,0.6837310985607579,0.21042084168336672,0.10475496447440336,0.08775137111517373,0.7442157041355438,0.2273638185461833,0
4224,7175,39.0,1737.0,2.4,1950.0,460.0,1240,810,615,2682,3077,769,1043,811,2682,QLD,0,3.1207,2299.1636491812737,0.46234153616703955,0.30201342281879195,0.22930648769574943,0.1283717907052324,0.6756152125279642,0.302386278896346,0
4225,8374,49.0,1351.0,1.9,1842.0,410.0,576,242,2860,3765,5264,1326,740,1601,3765,QLD,0,4.6201,1812.5148806302893,0.15298804780876493,0.06427622841965472,0.7596281540504648,0.2847644376899696,0.548738379814077,0.4252324037184595,0
4226,37266,40.0,1729.0,2.6,1950.0,520.0,7395,4453,1727,13599,14301,4217,4657,4313,13599,QLD,0,29.0211,1284.1001891727053,0.543789984557688,0.3274505478343996,0.1269946319582322,0.049087476400251684,0.6525479814692257,0.31715567321126553,0
4227,23904,36.0,1791.0,2.7,1950.0,485.0,4280,2745,1503,8542,8931,1856,3399,3112,8542,QLD,0,12.325,1939.47261663286,0.501053617419808,0.32135331304144227,0.17595410910793724,0.04355615272645841,0.6151955045656755,0.3643174900491688,0
4228,5585,43.0,2330.0,3.2,2500.0,500.0,1534,49,19,1611,1672,625,782,140,1611,QLD,0,79.3402,70.39306681858629,0.952203600248293,0.03041589075108628,0.011793916821849782,0.036483253588516784,0.8733705772811918,0.08690254500310367,0
4270,4388,41.0,2211.0,3.1,2167.0,450.0,1334,0,3,1346,1418,331,848,124,1346,QLD,0,71.2311,61.602305734433415,0.9910846953937593,0.0,0.002228826151560178,0.05077574047954869,0.8759286775631501,0.09212481426448738,0
4272,8105,50.0,1508.0,2.5,1800.0,420.0,2843,141,17,3035,3350,1345,1190,428,3035,QLD,0,42.4519,190.92196109008077,0.9367380560131796,0.04645799011532125,0.005601317957166392,0.09402985074626868,0.8352553542009885,0.14102141680395386,0
4275,3895,41.0,1940.0,2.8,2000.0,400.0,1188,15,14,1230,1409,385,583,206,1230,QLD,0,329.1873,11.832169710070833,0.9658536585365853,0.012195121951219513,0.011382113821138212,0.12704045422285304,0.7869918699186992,0.16747967479674797,0
4280,21258,35.0,2095.0,3.2,1950.0,400.0,6164,61,46,6286,6555,1317,3758,1051,6286,QLD,0,147.3208,144.2973429413905,0.9805917912822144,0.009704104358892778,0.007317849188673242,0.04103737604881774,0.8073496659242761,0.1671969455933821,0
4285,21763,41.0,1476.0,2.7,1742.0,315.0,6753,691,21,7544,8327,2229,3132,1960,7544,QLD,0,1411.1309,15.422382147538544,0.8951484623541888,0.09159597030752917,0.0027836691410392366,0.09403146391257355,0.7106309650053022,0.2598091198303287,0
4287,938,47.0,1111.0,2.4,1300.0,230.0,269,0,0,284,356,135,75,52,284,QLD,0,421.0655,2.227681916471428,0.9471830985915493,0.0,0.0,0.202247191011236,0.7394366197183099,0.18309859154929578,0
4300,68675,32.0,2032.0,3.0,1765.0,380.0,19982,1813,167,22060,23551,3315,9825,8480,22060,QLD,0,74.3836,923.2545883770078,0.9058023572076156,0.08218495013599275,0.00757026291931097,0.06330941361301001,0.5956482320942883,0.3844061650045331,0
4301,36527,28.0,1556.0,3.0,1517.0,350.0,9745,1490,165,11405,12136,1509,3724,5907,11405,QLD,0,35.3028,1034.6771360911882,0.8544498027181061,0.13064445418676018,0.01446733888645331,0.06023401450230714,0.45883384480491013,0.5179307321350285,0
4303,4173,37.0,1169.0,2.5,1100.0,280.0,1242,141,40,1427,1527,277,356,738,1427,QLD,0,15.0708,276.8930647344534,0.8703573931324456,0.09880868955851436,0.02803083391730904,0.06548788474132283,0.44358794674141555,0.5171688857743518,0
4304,17815,37.0,1300.0,2.4,1300.0,300.0,5800,801,318,6936,7492,1702,2187,2877,6936,QLD,0,22.6958,784.9469945981195,0.8362168396770473,0.11548442906574395,0.045847750865051905,0.0742124933262146,0.5606978085351788,0.4147923875432526,0
4305,64356,37.0,1416.0,2.5,1387.0,300.0,20705,2600,598,23982,25708,6101,7893,9404,23982,QLD,0,74.1366,868.0732593617727,0.863355850220999,0.10841464431657076,0.024935368192811277,0.06713863388828378,0.5835209740638813,0.39212742890501207,0
4306,43997,34.0,2114.0,2.9,1804.0,370.0,13778,276,76,14279,15097,3548,7145,3313,14279,QLD,0,1067.9892,41.196109473766214,0.9649135093493942,0.019329084669794803,0.005322501575740598,0.054182950255017515,0.7488619651236081,0.2320190489530079,0
4307,1575,43.0,1722.0,2.8,1517.0,290.0,534,6,0,541,573,212,218,94,541,QLD,0,205.3988,7.668009744944956,0.9870609981515711,0.011090573012939002,0.0,0.05584642233856896,0.7948243992606284,0.17375231053604437,0
4309,3366,45.0,1368.0,2.5,1517.0,300.0,1185,0,0,1213,1379,544,442,170,1213,QLD,0,542.809,6.201076253341415,0.9769167353668591,0.0,0.0,0.12037708484408993,0.8128606760098929,0.14014839241549876,0
4310,6017,50.0,1229.0,2.4,1480.0,291.0,2164,95,5,2302,2597,1100,694,390,2302,QLD,0,925.1749,6.503635150499652,0.9400521285838401,0.04126846220677671,0.002172024326672459,0.11359260685406236,0.7793223284100782,0.16941789748045177,0
4311,10412,43.0,1334.0,2.7,1387.0,300.0,3518,83,7,3648,4025,1223,1481,799,3648,QLD,0,781.3652,13.32539509054153,0.9643640350877193,0.02275219298245614,0.001918859649122807,0.09366459627329193,0.7412280701754386,0.21902412280701755,0
4312,2590,57.0,990.0,2.2,1300.0,260.0,1049,14,0,1104,1376,546,319,182,1104,QLD,0,868.739,2.9813327132775207,0.9501811594202898,0.012681159420289856,0.0,0.19767441860465118,0.7835144927536232,0.16485507246376813,0
4313,2316,52.0,1047.0,2.3,1300.0,260.0,906,25,3,938,1106,432,270,186,938,QLD,0,610.9469,3.790836814132292,0.9658848614072495,0.026652452025586353,0.0031982942430703624,0.15189873417721522,0.7484008528784648,0.19829424307036247,0
4314,3255,57.0,831.0,2.1,983.0,230.0,1341,7,0,1371,1755,755,336,204,1371,QLD,0,1788.6895,1.8197680480597667,0.9781181619256017,0.005105762217359592,0.0,0.2188034188034188,0.7957695113056164,0.1487964989059081,0
4340,6007,43.0,1414.0,2.5,1517.0,300.0,1973,91,5,2089,2297,689,703,604,2089,QLD,0,698.8554,8.595483414737869,0.9444710387745333,0.043561512685495456,0.0023934897079942556,0.09055289508053987,0.6663475347056008,0.28913355672570606,0
4341,15952,41.0,1432.0,2.7,1500.0,315.0,5425,138,3,5645,6092,1773,2460,1188,5645,QLD,0,493.1726,32.345673705311285,0.9610274579273693,0.02444641275465013,0.0005314437555358724,0.07337491792514772,0.749867139061116,0.21045172719220548,0
4342,2702,41.0,1352.0,2.6,1300.0,300.0,933,8,4,947,1027,342,357,223,947,QLD,0,103.0037,26.23206739175389,0.9852164730728616,0.008447729672650475,0.004223864836325237,0.0778967867575463,0.7381203801478353,0.235480464625132,0
4343,12173,36.0,1356.0,2.7,1428.0,295.0,3543,358,128,4095,4469,1376,1210,1353,4095,QLD,0,859.436,14.163940072326502,0.8652014652014652,0.08742368742368742,0.03125763125763126,0.08368762586708434,0.6315018315018315,0.3304029304029304,0
4344,2709,42.0,1555.0,2.7,1517.0,308.0,880,25,0,908,1000,311,380,187,908,QLD,0,318.3502,8.509496774307037,0.9691629955947136,0.02753303964757709,0.0,0.09199999999999997,0.7610132158590308,0.20594713656387664,0
4346,1013,40.0,1522.0,2.5,1573.0,300.0,371,0,0,375,409,124,170,68,375,QLD,0,25.4153,39.85788088277534,0.9893333333333333,0.0,0.0,0.08312958435207829,0.784,0.18133333333333335,0
4347,1344,40.0,1391.0,2.6,1357.0,280.0,468,3,0,473,509,191,189,79,473,QLD,0,140.5323,9.56363768329416,0.9894291754756871,0.006342494714587738,0.0,0.07072691552062871,0.8033826638477801,0.16701902748414377,0
4350,115218,38.0,1428.0,2.4,1500.0,305.0,34164,7838,2343,44520,48404,13431,13052,16614,44520,QLD,0,313.3986,367.64044255462534,0.7673854447439353,0.17605570530098832,0.052628032345013474,0.08024130237170479,0.5948562443845463,0.37318059299191375,0
4352,31026,39.0,2001.0,2.9,1733.0,360.0,10035,223,29,10320,11086,3803,4854,1421,10320,QLD,0,3879.2469,7.997944137043713,0.9723837209302325,0.021608527131782945,0.002810077519379845,0.06909615731553309,0.8388565891472868,0.1376937984496124,0
4353,348,44.0,1281.0,2.7,1565.0,260.0,116,0,0,116,136,54,43,14,116,QLD,0,99.239,3.5066858795433244,1.0,0.0,0.0,0.1470588235294118,0.8362068965517241,0.1206896551724138,0
4354,1283,45.0,1276.0,2.6,1300.0,253.0,444,3,6,457,501,177,186,75,457,QLD,0,158.3554,8.102028727785727,0.9715536105032823,0.006564551422319475,0.01312910284463895,0.08782435129740518,0.7943107221006565,0.16411378555798686,0
4355,2812,55.0,969.0,2.2,1200.0,268.0,1034,37,7,1104,1238,525,272,230,1104,QLD,0,800.0815,3.5146419458517664,0.9365942028985508,0.03351449275362319,0.006340579710144928,0.10823909531502418,0.7219202898550725,0.20833333333333334,0
4356,5218,42.0,1417.0,2.6,1425.0,270.0,1671,76,0,1777,1959,673,597,415,1777,QLD,0,1046.9675,4.983917838901399,0.9403489026449071,0.04276871131119865,0.0,0.09290454313425212,0.7146876758581879,0.23353967360720315,0
4357,2531,47.0,1139.0,2.4,1083.0,231.0,865,25,3,934,1131,425,215,226,934,QLD,0,2814.8804,0.8991501024341922,0.9261241970021413,0.02676659528907923,0.0032119914346895075,0.17418213969938112,0.6852248394004282,0.24197002141327623,0
4358,2967,33.0,1648.0,2.7,1478.0,290.0,970,58,3,1038,1149,269,427,309,1038,QLD,0,425.5437,6.972256903345062,0.9344894026974951,0.055876685934489405,0.002890173410404624,0.09660574412532641,0.6705202312138728,0.2976878612716763,0
4359,1388,41.0,1625.0,2.6,1313.0,255.0,474,7,0,482,536,188,209,53,482,QLD,0,300.6069,4.617325816539807,0.983402489626556,0.014522821576763486,0.0,0.10074626865671643,0.8236514522821576,0.10995850622406639,0
4360,609,46.0,1215.0,2.5,1300.0,265.0,209,0,0,210,225,98,75,29,210,QLD,0,88.1518,6.908537318579995,0.9952380952380953,0.0,0.0,0.06666666666666665,0.8238095238095238,0.1380952380952381,0
4361,2654,49.0,1105.0,2.4,1300.0,245.0,997,27,8,1047,1137,437,315,221,1047,QLD,0,717.4344,3.6992929249001723,0.9522445081184336,0.025787965616045846,0.007640878701050621,0.079155672823219,0.7182425978987583,0.2110792741165234,0
4362,2613,49.0,1110.0,2.4,1300.0,260.0,961,22,0,992,1140,474,324,151,992,QLD,0,513.8108,5.085529537331641,0.96875,0.02217741935483871,0.0,0.12982456140350873,0.8044354838709677,0.15221774193548387,0
4363,626,42.0,1398.0,2.7,1300.0,255.0,198,0,0,199,217,64,77,41,199,QLD,0,65.7959,9.514270646043293,0.9949748743718593,0.0,0.0,0.08294930875576034,0.7085427135678392,0.20603015075376885,0
4364,182,41.0,1357.0,2.6,858.0,235.0,59,0,0,60,66,24,8,18,60,QLD,0,150.6826,1.2078368703486666,0.9833333333333333,0.0,0.0,0.09090909090909094,0.5333333333333333,0.3,0
4365,596,53.0,964.0,2.2,1229.0,245.0,221,0,0,227,318,113,68,33,227,QLD,0,317.4793,1.8772877475791334,0.973568281938326,0.0,0.0,0.28616352201257866,0.7973568281938326,0.14537444933920704,0
4370,19195,45.0,1145.0,2.4,1300.0,260.0,6579,640,113,7414,8287,2802,2141,2152,7414,QLD,0,2237.0641,8.580442554149432,0.8873752360399245,0.08632317237658484,0.015241435122740761,0.1053457222155183,0.6667116266522795,0.2902616671162665,0
4371,695,52.0,1255.0,2.4,1367.0,235.0,267,0,0,273,308,142,93,26,273,QLD,0,330.9843,2.099797482841331,0.978021978021978,0.0,0.0,0.11363636363636365,0.8608058608058609,0.09523809523809523,0
4372,148,56.0,1271.0,2.2,1240.0,170.0,60,0,0,60,74,31,21,0,60,QLD,0,32.465,4.5587555829354685,1.0,0.0,0.0,0.18918918918918914,0.8666666666666667,0.0,0
4373,983,56.0,956.0,2.1,1083.0,240.0,379,10,0,394,473,188,93,94,394,QLD,0,163.8306,6.000100103399487,0.9619289340101523,0.025380710659898477,0.0,0.16701902748414377,0.7131979695431472,0.23857868020304568,0
4374,402,52.0,1194.0,2.3,1172.0,230.0,159,0,0,164,204,78,47,32,164,QLD,0,476.1009,0.8443588323399515,0.9695121951219512,0.0,0.0,0.196078431372549,0.7621951219512195,0.1951219512195122,0
4375,229,42.0,1078.0,2.4,1273.0,225.0,80,0,0,81,111,35,24,13,81,QLD,1,27.3385,8.376465424218592,0.9876543209876543,0.0,0.0,0.2702702702702703,0.7283950617283951,0.16049382716049382,0
4376,351,49.0,955.0,2.3,1225.0,213.0,119,0,0,128,152,54,34,33,128,QLD,0,13.4384,26.119180854863675,0.9296875,0.0,0.0,0.1578947368421053,0.6875,0.2578125,0
4377,625,52.0,1139.0,2.4,1040.0,255.0,218,4,0,227,260,102,76,36,227,QLD,1,153.6255,4.068335009487358,0.960352422907489,0.01762114537444934,0.0,0.12692307692307692,0.7841409691629956,0.15859030837004406,0
4378,571,44.0,1408.0,2.7,1300.0,265.0,194,0,0,196,223,91,59,35,196,QLD,0,46.7077,12.224965048589418,0.9897959183673469,0.0,0.0,0.12107623318385652,0.7653061224489796,0.17857142857142858,0
4380,8093,50.0,1035.0,2.3,1299.0,250.0,2906,213,42,3199,3866,1447,820,799,3199,QLD,1,2068.6995,3.912119667452909,0.9084088777743045,0.0665833072835261,0.01312910284463895,0.17252974650801867,0.7086589559237262,0.24976555173491716,0
4381,692,47.0,1036.0,2.4,1083.0,260.0,237,0,0,248,300,110,84,47,248,QLD,0,70.205,9.856847802863044,0.9556451612903226,0.0,0.0,0.17333333333333334,0.782258064516129,0.18951612903225806,0
4382,462,53.0,1278.0,2.3,1343.0,240.0,179,3,0,190,236,104,44,27,190,QLD,0,551.1208,0.8382917139037394,0.9421052631578948,0.015789473684210527,0.0,0.19491525423728817,0.7789473684210526,0.14210526315789473,0
4383,607,56.0,825.0,2.0,863.0,208.0,269,0,0,270,339,142,57,63,270,QLD,1,88.0082,6.897084589845037,0.9962962962962963,0.0,0.0,0.20353982300884954,0.737037037037037,0.23333333333333334,0
4384,49,44.0,1625.0,2.8,1169.0,300.0,16,0,0,16,18,11,0,3,16,QLD,0,203.5414,0.24073726524431882,1.0,0.0,0.0,0.11111111111111116,0.6875,0.1875,1
4385,1166,51.0,868.0,2.2,910.0,200.0,468,11,0,486,585,235,94,116,486,QLD,1,1996.8539,0.5839185330484118,0.9629629629629629,0.02263374485596708,0.0,0.16923076923076918,0.676954732510288,0.23868312757201646,0
4387,1338,50.0,1019.0,2.2,943.0,200.0,502,10,13,540,631,222,132,156,540,QLD,0,3104.9418,0.43092595165551895,0.9296296296296296,0.018518518518518517,0.024074074074074074,0.14421553090332806,0.6555555555555556,0.28888888888888886,0
4388,348,46.0,1050.0,2.3,650.0,150.0,137,0,0,138,151,60,28,38,138,QLD,0,702.1752,0.4956028068208618,0.9927536231884058,0.0,0.0,0.08609271523178808,0.6376811594202898,0.2753623188405797,0
4390,6719,37.0,1641.0,2.6,1517.0,295.0,2068,207,55,2360,2649,715,706,808,2360,QLD,0,5343.7485,1.2573570780885366,0.8762711864406779,0.08771186440677967,0.023305084745762712,0.10909777274443189,0.6021186440677966,0.3423728813559322,0
4400,2159,35.0,1652.0,2.8,1517.0,310.0,727,0,0,728,770,213,387,114,728,QLD,0,45.6179,47.32791294645304,0.9986263736263736,0.0,0.0,0.054545454545454564,0.8241758241758241,0.1565934065934066,0
4401,5823,41.0,1291.0,2.5,1300.0,265.0,1916,120,0,2058,2261,708,597,672,2058,QLD,0,657.2754,8.859300074215467,0.9310009718172984,0.05830903790087463,0.0,0.08978328173374617,0.6341107871720116,0.32653061224489793,0
4402,297,57.0,758.0,2.2,585.0,140.0,112,0,0,114,138,73,23,11,114,QLD,0,229.0592,1.2966080384459564,0.9824561403508771,0.0,0.0,0.17391304347826086,0.8421052631578947,0.09649122807017543,0
4403,850,41.0,1360.0,2.6,1083.0,225.0,277,0,0,279,333,108,68,58,279,QLD,0,591.6033,1.436773594738231,0.992831541218638,0.0,0.0,0.16216216216216217,0.6308243727598566,0.2078853046594982,0
4404,474,41.0,1699.0,2.4,1603.0,175.0,161,0,0,165,187,63,43,35,165,QLD,0,613.2059,0.7729866917457904,0.9757575757575757,0.0,0.0,0.11764705882352944,0.6424242424242425,0.21212121212121213,0
4405,14360,36.0,1447.0,2.6,1300.0,255.0,4670,364,11,5084,5767,1536,1690,1676,5084,QLD,0,2929.5915,4.901707285811008,0.9185680566483084,0.07159716758457907,0.0021636506687647524,0.11843246055141321,0.6345397324940991,0.3296616837136113,0
4406,1712,42.0,1388.0,2.6,988.0,210.0,555,17,3,586,731,241,131,109,586,QLD,0,8396.3705,0.2038976245748088,0.947098976109215,0.02901023890784983,0.005119453924914676,0.19835841313269498,0.6348122866894198,0.18600682593856654,0
4407,506,47.0,1292.0,2.3,927.0,198.0,184,3,0,187,202,78,30,48,187,QLD,0,1296.9808,0.39013684705278595,0.983957219251337,0.016042780748663103,0.0,0.07425742574257421,0.5775401069518716,0.25668449197860965,0
4408,538,48.0,1057.0,2.3,900.0,200.0,198,15,0,213,260,94,66,40,213,QLD,0,489.1868,1.0997843768474538,0.9295774647887324,0.07042253521126761,0.0,0.1807692307692308,0.7511737089201878,0.18779342723004694,0
4410,1156,51.0,1011.0,2.3,971.0,200.0,423,0,0,453,560,214,92,102,453,QLD,0,926.1488,1.2481795581876258,0.9337748344370861,0.0,0.0,0.19107142857142856,0.6754966887417219,0.2251655629139073,0
4411,291,41.0,1531.0,2.7,600.0,150.0,94,0,0,100,142,38,24,18,100,QLD,0,433.7235,0.6709343625604792,0.94,0.0,0.0,0.295774647887324,0.62,0.18,0
4412,211,40.0,1264.0,2.2,800.0,140.0,70,0,0,70,96,23,22,15,70,QLD,0,343.0478,0.615074633913991,1.0,0.0,0.0,0.27083333333333337,0.6428571428571429,0.21428571428571427,0
4413,8675,35.0,1560.0,2.6,1339.0,250.0,2484,344,46,2901,3486,855,793,1106,2901,QLD,0,8030.7476,1.0802232160801568,0.8562564632885212,0.11857980006894174,0.01585660117200965,0.16781411359724607,0.5680799724233023,0.38124784557049296,0
4415,2166,41.0,1252.0,2.3,1083.0,200.0,640,116,18,791,1045,250,156,336,791,QLD,0,2305.4641,0.9395071473895429,0.809102402022756,0.14664981036662453,0.022756005056890013,0.24306220095693776,0.5132743362831859,0.4247787610619469,0
4416,412,37.0,1466.0,2.5,1300.0,200.0,136,0,0,143,229,53,43,29,143,QLD,0,2010.6533,0.20490852401057905,0.951048951048951,0.0,0.0,0.37554585152838427,0.6713286713286714,0.20279720279720279,0
4417,699,40.0,1285.0,2.5,828.0,150.0,243,4,10,262,316,84,67,76,262,QLD,0,5069.1419,0.13789316097069607,0.9274809160305344,0.015267175572519083,0.03816793893129771,0.1708860759493671,0.5763358778625954,0.2900763358778626,0
4418,86,48.0,1125.0,2.4,548.0,50.0,33,0,0,37,47,17,7,10,37,QLD,0,387.6687,0.22183890523016173,0.8918918918918919,0.0,0.0,0.21276595744680848,0.6486486486486487,0.2702702702702703,1
4419,1082,35.0,1428.0,2.3,500.0,160.0,300,15,14,338,504,124,41,117,338,QLD,0,5587.0923,0.19366066316821004,0.8875739644970414,0.04437869822485207,0.04142011834319527,0.3293650793650794,0.4881656804733728,0.34615384615384615,0
4420,1219,40.0,1529.0,2.5,867.0,173.0,408,4,8,416,584,186,79,93,416,QLD,0,9854.6453,0.12369800869443774,0.9807692307692307,0.009615384615384616,0.019230769230769232,0.28767123287671237,0.6370192307692307,0.22355769230769232,0
4421,2178,48.0,854.0,2.2,780.0,180.0,787,13,11,839,1177,448,137,190,839,QLD,0,1638.6392,1.329151652175781,0.9380214541120382,0.015494636471990465,0.013110846245530394,0.2871707731520816,0.6972586412395709,0.22646007151370678,0
4422,447,47.0,1239.0,2.5,1300.0,125.0,151,0,0,156,202,81,26,29,156,QLD,0,3182.5182,0.14045481342416205,0.967948717948718,0.0,0.0,0.2277227722772277,0.6858974358974359,0.1858974358974359,0
4423,197,38.0,1031.0,2.6,1860.0,100.0,65,0,0,73,89,25,16,12,73,QLD,0,2413.3616,0.08162887815899614,0.8904109589041096,0.0,0.0,0.1797752808988764,0.5616438356164384,0.1643835616438356,0
4424,235,37.0,1437.0,2.7,1100.0,180.0,76,3,0,79,116,34,14,10,79,QLD,0,942.3824,0.2493679848010744,0.9620253164556962,0.0379746835443038,0.0,0.31896551724137934,0.6075949367088608,0.12658227848101267,0
4425,170,41.0,1343.0,2.3,702.0,120.0,69,0,0,69,86,30,18,9,69,QLD,0,676.9575,0.25112359343090224,1.0,0.0,0.0,0.19767441860465118,0.6956521739130435,0.13043478260869565,0
4426,146,50.0,1281.0,2.3,1000.0,110.0,48,0,0,48,68,31,10,0,48,QLD,0,1675.1872,0.0871544386203524,1.0,0.0,0.0,0.2941176470588235,0.8541666666666666,0.0,0
4427,315,50.0,1021.0,2.4,650.0,182.0,99,0,0,105,117,47,23,27,105,QLD,0,906.0226,0.3476734465564104,0.9428571428571428,0.0,0.0,0.10256410256410253,0.6666666666666666,0.2571428571428571,0
4428,627,42.0,1483.0,2.5,1083.0,155.0,210,5,0,217,267,109,55,37,217,QLD,0,2349.1292,0.26690741403239976,0.967741935483871,0.02304147465437788,0.0,0.18726591760299627,0.7557603686635944,0.17050691244239632,0
4454,730,43.0,1509.0,2.4,436.0,150.0,225,0,0,231,311,88,56,52,231,QLD,0,7928.7214,0.09207033053273886,0.974025974025974,0.0,0.0,0.2572347266881029,0.6233766233766234,0.22510822510822512,0
4455,8610,36.0,1772.0,2.5,1408.0,250.0,2821,222,13,3082,3786,858,856,1203,3082,QLD,0,10349.0301,0.8319620212526003,0.9153147306943543,0.07203114860480207,0.004218040233614536,0.18594823032223984,0.5561323815704088,0.3903309539260221,0
4461,38,58.0,1187.0,2.1,,250.0,12,0,0,13,21,13,0,0,13,QLD,0,241.7695,0.1571744988511785,0.9230769230769231,0.0,0.0,0.38095238095238093,1.0,0.0,1
4462,128,49.0,1292.0,2.3,205.0,,49,0,0,49,60,28,9,0,49,QLD,0,1738.9037,0.07360959666714148,1.0,0.0,0.0,0.18333333333333335,0.7551020408163265,0.0,0
4465,1263,44.0,1037.0,2.3,997.0,170.0,441,8,0,468,591,207,105,110,468,QLD,0,13577.4516,0.09302187459095784,0.9423076923076923,0.017094017094017096,0.0,0.20812182741116747,0.6666666666666666,0.23504273504273504,0
4467,157,47.0,1333.0,2.5,,110.0,57,0,0,57,65,28,9,7,57,QLD,0,6344.4821,0.02474591267268293,1.0,0.0,0.0,0.12307692307692308,0.6491228070175439,0.12280701754385964,0
4468,260,50.0,1109.0,2.3,150.0,110.0,96,0,0,102,130,55,16,12,102,QLD,0,8082.3321,0.032168933023675184,0.9411764705882353,0.0,0.0,0.2153846153846154,0.696078431372549,0.11764705882352941,0
4470,3184,42.0,1345.0,2.2,876.0,178.0,1116,29,44,1226,1534,417,336,407,1226,QLD,0,17483.3832,0.18211578180131635,0.9102773246329527,0.02365415986949429,0.03588907014681892,0.2007822685788787,0.6141924959216966,0.33197389885807504,0
4472,1408,49.0,1162.0,2.2,867.0,157.0,549,0,3,565,764,253,119,147,565,QLD,0,17632.5516,0.07985231133536,0.9716814159292035,0.0,0.005309734513274336,0.2604712041884817,0.6584070796460177,0.26017699115044246,0
4474,72,47.0,1187.0,2.5,750.0,62.0,21,0,0,26,25,14,3,0,26,QLD,0,21354.7571,0.0033716140934237086,0.8076923076923077,0.0,0.0,-0.040000000000000036,0.6538461538461539,0.0,1
4477,530,46.0,1131.0,2.3,450.0,100.0,190,0,0,202,227,107,29,30,202,QLD,0,12307.4336,0.043063405192777154,0.9405940594059405,0.0,0.0,0.11013215859030834,0.6732673267326733,0.1485148514851485,0
4478,500,42.0,1379.0,2.4,771.0,144.0,189,0,0,193,223,68,25,54,193,QLD,0,12904.6964,0.038745584127031454,0.9792746113989638,0.0,0.0,0.13452914798206284,0.48186528497409326,0.27979274611398963,0
4479,7,59.0,1312.0,2.2,3188.0,,4,0,0,9,9,0,5,0,9,QLD,0,3990.1821,0.0017543058999738383,0.4444444444444444,0.0,0.0,0.0,0.5555555555555556,0.0,1
4480,625,40.0,1330.0,2.3,850.0,140.0,228,0,15,255,366,88,55,79,255,QLD,0,46059.8992,0.013569287185934614,0.8941176470588236,0.0,0.058823529411764705,0.30327868852459017,0.5607843137254902,0.30980392156862746,0
4481,118,38.0,2125.0,2.3,,90.0,31,0,0,37,66,17,6,11,37,QLD,0,33308.6713,0.0035426210471505657,0.8378378378378378,0.0,0.0,0.43939393939393945,0.6216216216216216,0.2972972972972973,0
4482,110,40.0,1792.0,2.2,953.0,113.0,32,0,0,41,67,3,0,20,41,QLD,0,32952.5028,0.00333813794562518,0.7804878048780488,0.0,0.0,0.3880597014925373,0.07317073170731707,0.4878048780487805,0
4486,669,45.0,1257.0,2.2,650.0,140.0,182,57,0,261,352,94,36,72,261,QLD,0,9948.6495,0.06724530801894267,0.6973180076628352,0.21839080459770116,0.0,0.2585227272727273,0.49808429118773945,0.27586206896551724,0
4487,3179,38.0,1400.0,2.5,1230.0,210.0,1045,62,15,1154,1354,346,282,429,1154,QLD,0,12740.9303,0.2495108226123802,0.9055459272097054,0.053726169844020795,0.012998266897746967,0.14771048744460857,0.5441941074523396,0.3717504332755633,0
4488,247,43.0,1069.0,2.5,367.0,155.0,86,0,0,90,147,52,13,20,90,QLD,0,13694.9059,0.018035903408434518,0.9555555555555556,0.0,0.0,0.3877551020408163,0.7222222222222222,0.2222222222222222,0
4489,78,51.0,833.0,2.3,,155.0,23,0,0,29,61,16,0,4,29,QLD,0,5069.1761,0.015387115866817095,0.7931034482758621,0.0,0.0,0.5245901639344263,0.5517241379310345,0.13793103448275862,1
4490,1508,43.0,920.0,2.2,707.0,125.0,569,28,0,625,835,265,79,227,625,QLD,0,34671.8256,0.04349352749397771,0.9104,0.0448,0.0,0.25149700598802394,0.5504,0.3632,0
4491,94,57.0,959.0,2.0,1045.0,93.0,36,0,0,44,71,19,3,6,44,QLD,0,6078.0678,0.015465441171946124,0.8181818181818182,0.0,0.0,0.3802816901408451,0.5,0.13636363636363635,1
4492,322,35.0,1625.0,2.5,696.0,153.0,83,0,7,109,137,31,23,44,109,QLD,0,69372.0885,0.004641636239623952,0.7614678899082569,0.0,0.06422018348623854,0.2043795620437956,0.4954128440366973,0.4036697247706422,0
4493,19,65.0,1875.0,2.0,3000.0,,6,0,0,7,11,0,0,0,7,QLD,0,6145.7746,0.0030915549685144655,0.8571428571428571,0.0,0.0,0.36363636363636365,0.0,0.0,1
4494,160,35.0,1406.0,2.6,,75.0,44,0,0,44,76,18,4,12,44,QLD,0,1677.1953,0.09539735771975988,1.0,0.0,0.0,0.42105263157894735,0.5,0.2727272727272727,0
4496,208,38.0,1300.0,2.5,532.0,205.0,71,0,0,75,94,29,10,13,75,QLD,0,1719.4292,0.12097037784399613,0.9466666666666667,0.0,0.0,0.2021276595744681,0.52,0.17333333333333334,0
4497,315,42.0,1228.0,2.7,800.0,132.0,99,8,0,104,136,45,16,20,104,QLD,0,3505.0666,0.08986990432649695,0.9519230769230769,0.07692307692307693,0.0,0.23529411764705888,0.5865384615384616,0.19230769230769232,0
4498,188,32.0,1625.0,2.9,,110.0,55,0,0,55,71,11,12,15,55,QLD,0,1425.2619,0.13190558170396613,1.0,0.0,0.0,0.22535211267605637,0.41818181818181815,0.2727272727272727,0
4500,45656,36.0,1947.0,2.8,1783.0,375.0,13377,2111,226,15730,16326,3989,7014,4484,15730,QLD,0,86.5893,527.2706904894716,0.8504132231404958,0.13420216147488875,0.014367450731087094,0.03650618645105963,0.6994914176732359,0.28506039415130324,0
4501,5905,37.0,1371.0,2.4,1517.0,320.0,1604,567,140,2314,2430,479,832,947,2314,QLD,0,8.1316,726.1793496974765,0.693171996542783,0.24503025064822817,0.06050129645635264,0.047736625514403275,0.5665514261019879,0.40924805531547104,0
4502,8722,38.0,1853.0,2.7,1725.0,360.0,2719,251,167,3148,3307,793,1365,936,3148,QLD,0,6.6035,1320.8147194669493,0.863722998729352,0.07973316391359593,0.053049555273189324,0.04807983066223165,0.6855146124523507,0.29733163913595934,0
4503,52483,33.0,1705.0,2.7,1733.0,360.0,13679,4647,175,18785,19694,3440,6854,7996,18785,QLD,0,99.6929,526.4467178705805,0.7281873835507053,0.24737822730902315,0.009315943571998934,0.04615618970244739,0.5479904178866116,0.4256587702954485,0
4504,20910,33.0,2207.0,3.1,1900.0,415.0,6193,238,14,6454,6684,1264,3571,1532,6454,QLD,0,41.7369,500.9955219482041,0.9595599628137589,0.0368763557483731,0.0021691973969631237,0.03441053261520044,0.749147815308336,0.23737217229625038,0
4505,26144,37.0,1753.0,2.7,1820.0,360.0,7877,1095,46,9076,9446,2746,3721,2380,9076,QLD,0,52.3352,499.54906067044743,0.867893345085941,0.12064786249449097,0.005068312031732041,0.03917001905568496,0.7125385632437197,0.2622300572939621,0
4506,25306,34.0,1449.0,2.7,1560.0,345.0,7120,1436,132,8696,9245,1731,2940,3773,8696,QLD,0,59.3066,426.6978717377155,0.8187672493100276,0.16513339466421342,0.01517939282428703,0.059383450513791236,0.5371435142594296,0.4338776448942042,0
4507,20612,63.0,961.0,2.0,1647.0,335.0,6983,1703,583,9553,10871,5131,1845,2157,9553,QLD,0,145.3506,141.80884014238677,0.7309745629645138,0.17826860672040196,0.061027949335287345,0.12123999632048565,0.7302418088558568,0.2257929446247252,0
4508,19573,40.0,1270.0,2.5,1517.0,325.0,5990,685,313,7120,7505,1772,2379,2755,7120,QLD,0,19.4373,1006.9814223168855,0.8412921348314607,0.09620786516853932,0.04396067415730337,0.05129913391072616,0.583005617977528,0.386938202247191,0
4509,37952,33.0,2113.0,3.0,1998.0,410.0,9839,2230,327,12413,12982,1805,5176,5027,12413,QLD,0,26.2563,1445.44356973374,0.7926367517924756,0.17965036655119632,0.026343349714009506,0.04382991834848249,0.5623942640779828,0.4049786514138403,0
4510,55940,38.0,1318.0,2.6,1588.0,325.0,16421,2666,508,19782,21244,5135,6664,7290,19782,QLD,0,218.4311,256.09906281660443,0.8300980689515721,0.13476898190273986,0.025679911030229503,0.06881943136885704,0.5964513193812557,0.3685168334849864,0
4511,9929,50.0,1204.0,2.4,1733.0,385.0,3387,273,66,3903,4131,1793,1263,754,3903,QLD,0,36.5017,272.01472808115784,0.8677940046118371,0.06994619523443504,0.016910069177555727,0.05519244734931006,0.7829874455547016,0.19318472969510633,0
4512,3677,43.0,2115.0,3.0,2000.0,345.0,1092,8,7,1110,1168,418,544,130,1110,QLD,0,102.1152,36.008351352198304,0.9837837837837838,0.007207207207207207,0.006306306306306306,0.049657534246575374,0.8666666666666667,0.11711711711711711,0
4514,8605,39.0,1616.0,2.7,1733.0,350.0,2402,35,6,2465,2685,879,1153,353,2465,QLD,0,511.9867,16.80707721509172,0.9744421906693712,0.014198782961460446,0.002434077079107505,0.08193668528864062,0.824340770791075,0.14320486815415823,0
4515,4467,42.0,1403.0,2.6,1517.0,340.0,1490,19,3,1533,1729,600,531,328,1533,QLD,0,1384.4755,3.226492632047299,0.9719504240052185,0.012393998695368558,0.0019569471624266144,0.11336032388663964,0.7377690802348337,0.21395955642530984,0
4516,4290,40.0,2183.0,3.1,2000.0,370.0,1283,0,21,1308,1368,421,737,122,1308,QLD,0,101.1794,42.39993516466791,0.9808868501529052,0.0,0.016055045871559634,0.04385964912280704,0.8853211009174312,0.09327217125382263,0
4517,941,43.0,1442.0,2.4,1800.0,325.0,345,4,0,355,379,138,160,41,355,QLD,0,80.7742,11.649759452894614,0.971830985915493,0.011267605633802818,0.0,0.0633245382585752,0.8394366197183099,0.11549295774647887,0
4518,5601,42.0,1740.0,2.8,1820.0,400.0,1874,21,12,1910,2035,697,864,306,1910,QLD,0,72.4139,77.34702867819577,0.981151832460733,0.01099476439790576,0.0062827225130890054,0.061425061425061434,0.8172774869109948,0.16020942408376965,0
4519,9477,41.0,1534.0,2.7,1733.0,390.0,2905,121,226,3297,3498,1088,1332,786,3297,QLD,0,202.0281,46.909316080287844,0.881104033970276,0.03670003033060358,0.06854716408856536,0.05746140651801024,0.7340006066120716,0.2383985441310282,0
4520,13885,45.0,2795.0,3.0,2459.0,488.0,4316,45,46,4426,4635,1802,2208,312,4426,QLD,0,332.3237,41.7815521432868,0.9751468594667871,0.01016719385449616,0.010393131495707185,0.0450916936353829,0.9060099412562133,0.07049254405784004,0
4521,5174,44.0,2189.0,2.8,2167.0,385.0,1733,7,4,1760,1910,609,932,168,1760,QLD,0,288.2282,17.951054060636675,0.9846590909090909,0.003977272727272727,0.0022727272727272726,0.07853403141361259,0.8755681818181819,0.09545454545454546,0
4550,4908,42.0,1646.0,2.7,1777.0,390.0,1561,103,18,1764,1863,556,797,374,1764,QLD,0,69.6787,70.43759427199416,0.8849206349206349,0.05839002267573696,0.01020408163265306,0.0531400966183575,0.7670068027210885,0.21201814058956917,0
4551,68286,44.0,1489.0,2.5,1950.0,450.0,18683,3604,3614,26162,29750,9447,8279,7526,26162,QLD,0,95.279,716.695179420439,0.7141273602935555,0.13775705221313356,0.13813928598730985,0.12060504201680677,0.6775475881048849,0.287669138445073,0
4552,9019,56.0,1259.0,2.3,1700.0,370.0,3352,114,31,3611,4141,1942,962,558,3611,QLD,0,455.8262,19.786050033982253,0.9282747161451121,0.031570202160066466,0.008584879534754916,0.12798840859695726,0.8042093602880088,0.15452783162558847,0
4553,10748,34.0,2171.0,3.0,2000.0,500.0,3282,115,31,3445,3650,731,1987,614,3445,QLD,0,65.364,164.43302123493052,0.9526850507982584,0.033381712626995644,0.008998548621190131,0.05616438356164388,0.7889695210449927,0.17822931785195936,0
4554,2000,45.0,1893.0,2.9,1950.0,363.0,607,0,0,614,666,237,281,70,614,QLD,0,37.3254,53.58281491959898,0.988599348534202,0.0,0.0,0.0780780780780781,0.8436482084690554,0.11400651465798045,0
4555,7723,43.0,1768.0,2.7,1930.0,425.0,2461,182,32,2691,2827,908,1134,522,2691,QLD,0,49.2911,156.68142930468179,0.9145299145299145,0.06763285024154589,0.011891490152359718,0.048107534488857406,0.7588257153474545,0.1939799331103679,0
4556,47150,42.0,1687.0,2.5,2000.0,451.0,12630,2876,1739,17270,18286,5816,5974,3970,17270,QLD,0,71.4648,659.7653670058546,0.7313259988419224,0.16653155761436017,0.10069484655471916,0.05556163184950236,0.6826867400115808,0.22987840185292416,0
4557,20161,39.0,1730.0,2.5,1950.0,459.0,4542,683,2302,7605,8641,2082,2424,2951,7605,QLD,0,11.3654,1773.8926918542243,0.5972386587771203,0.08980933596318212,0.3026955950032873,0.1198935308413378,0.5925049309664694,0.38803418803418804,0
4558,23327,46.0,1384.0,2.1,1733.0,410.0,4135,2218,3258,9771,11186,3088,2319,3932,9771,QLD,0,14.9241,1563.0423275105368,0.42319107563197217,0.22699826015760924,0.33343567700337734,0.1264974074736277,0.55337222392795,0.4024153106130386,0
4559,7444,43.0,1785.0,2.8,1950.0,400.0,2311,109,18,2571,2679,911,1064,513,2571,QLD,0,41.1572,180.86750313432398,0.8988720342279268,0.042395954881369116,0.007001166861143524,0.04031354983202684,0.7681835861532478,0.19953325554259044,0
4560,36706,43.0,1415.0,2.5,1733.0,375.0,11048,1896,701,13825,14618,4553,5285,3380,13825,QLD,0,218.163,168.25034492558316,0.799132007233273,0.13714285714285715,0.05070524412296564,0.054248187166507034,0.7116094032549729,0.24448462929475587,0
4561,8637,41.0,1848.0,2.8,1950.0,400.0,2680,77,102,2927,3072,969,1363,494,2927,QLD,0,117.3999,73.5690575545635,0.9156132558934063,0.026306798770071745,0.03484796720191322,0.04720052083333337,0.7967201913221729,0.16877348821318755,0
4562,8793,46.0,1945.0,2.8,2058.0,465.0,2868,16,36,2933,3201,1212,1309,329,2933,QLD,0,207.5346,42.36883873821522,0.9778383907262189,0.005455165359699966,0.012274122059324924,0.08372383630115587,0.8595294919877259,0.11217183770883055,0
4563,9826,50.0,1436.0,2.5,1733.0,420.0,3394,33,197,3650,3937,1681,1330,521,3650,QLD,0,176.2523,55.74962709706484,0.9298630136986301,0.00904109589041096,0.053972602739726025,0.07289814579629161,0.824931506849315,0.14273972602739726,0
4564,11659,49.0,1495.0,2.3,1804.0,433.0,2816,961,751,4567,5154,1665,1451,1243,4567,QLD,0,24.551,474.8890065577777,0.6165973286621415,0.2104225968907379,0.16444055178454128,0.11389212262320525,0.6822859645281366,0.27216991460477336,0
4565,15033,51.0,1302.0,2.4,1842.0,440.0,4960,506,241,5793,6491,2439,1761,1290,5793,QLD,0,304.3316,49.3967764109938,0.8562057655791473,0.08734679785948558,0.04160193336785776,0.10753350793406258,0.7250129466597618,0.2226825479026411,0
4566,8716,56.0,1399.0,2.2,1991.0,490.0,2258,1058,389,3721,4753,1736,858,815,3721,QLD,0,26.0543,334.5321117819323,0.6068261220102124,0.28433216877183554,0.10454178984144047,0.2171260256679992,0.6971244289169578,0.21902714324106423,0
4567,11979,49.0,1833.0,2.3,2167.0,515.0,3182,736,743,4679,6749,2008,1344,1217,4679,QLD,0,20.1623,594.1286460374065,0.6800598418465484,0.15729856807010045,0.15879461423381064,0.3067121054971107,0.7163923915366531,0.2600983116050438,0
4568,3736,48.0,1421.0,2.6,1731.0,413.0,1331,10,0,1361,1484,589,566,173,1361,QLD,0,96.0095,38.91281591925799,0.9779573842762674,0.0073475385745775165,0.0,0.0828840970350404,0.8486407053637032,0.12711241734019105,0
4569,1756,46.0,1294.0,2.5,1517.0,385.0,642,0,0,643,701,261,287,70,643,QLD,0,37.584,46.72200936568752,0.9984447900466563,0.0,0.0,0.08273894436519258,0.8522550544323484,0.1088646967340591,0
4570,46427,46.0,1169.0,2.4,1300.0,295.0,16193,761,244,17477,19235,7104,6033,3744,17477,QLD,0,3861.1389,12.024172453366026,0.9265320135034617,0.04354294215254334,0.013961206156663042,0.0913958929035612,0.751673628197059,0.21422440922355096,0
4571,903,49.0,1254.0,2.4,1600.0,300.0,326,0,0,334,386,155,120,44,334,QLD,0,202.3033,4.463595008089339,0.9760479041916168,0.0,0.0,0.13471502590673579,0.8233532934131736,0.1317365269461078,0
4572,4235,47.0,1682.0,2.1,1820.0,410.0,641,142,964,1803,2273,601,476,676,1803,QLD,0,1.5035,2816.760891253741,0.3555185801442041,0.07875762617859124,0.5346644481419855,0.2067751869775627,0.5973377703826955,0.37493067110371603,0
4573,31392,42.0,1771.0,2.6,2000.0,490.0,8582,1955,949,11546,13195,3639,4036,3491,11546,QLD,0,61.2348,512.6496697956064,0.7432877186904556,0.1693227091633466,0.08219296726138922,0.1249715801439939,0.6647323748484324,0.3023557942144466,0
4574,1432,49.0,1244.0,2.4,1517.0,300.0,526,0,0,544,621,231,199,80,544,QLD,0,360.3842,3.9735371306511214,0.9669117647058824,0.0,0.0,0.12399355877616747,0.7904411764705882,0.14705882352941177,0
4575,28022,43.0,1696.0,2.5,2037.0,470.0,7171,1694,1719,10646,11780,3684,3111,3499,10646,QLD,0,17.8273,1571.8588905779338,0.6735863235017847,0.15912079654330266,0.16146909637422507,0.09626485568760612,0.6382678940447116,0.3286680443359008,0
4580,5219,63.0,772.0,2.0,1200.0,280.0,2054,79,84,2377,2782,1347,434,483,2377,QLD,0,707.8549,7.372979970895164,0.8641144299537232,0.03323517038283551,0.0353386621792175,0.14557872034507546,0.7492637778712663,0.20319730753050064,0
4581,1415,55.0,1006.0,1.9,1560.0,280.0,399,81,43,582,1039,254,120,175,582,QLD,0,1693.7315,0.8354334792734267,0.6855670103092784,0.13917525773195877,0.07388316151202749,0.4398460057747835,0.6426116838487973,0.3006872852233677,0
4600,910,53.0,948.0,2.1,1000.0,220.0,372,4,9,386,437,206,104,58,386,QLD,0,623.0268,1.4606113252271011,0.9637305699481865,0.010362694300518135,0.023316062176165803,0.1167048054919908,0.8031088082901554,0.15025906735751296,0
4601,1145,49.0,1014.0,2.3,1083.0,180.0,427,3,16,458,534,207,101,106,458,QLD,0,1800.5717,0.6359091393028115,0.9323144104803494,0.006550218340611353,0.034934497816593885,0.14232209737827717,0.6724890829694323,0.2314410480349345,0
4605,4770,41.0,991.0,2.5,953.0,140.0,1527,10,72,1623,1856,593,335,623,1623,QLD,0,771.7766,6.1805449919056885,0.9408502772643254,0.0061614294516327784,0.04436229205175601,0.1255387931034483,0.5717806531115218,0.3838570548367221,0
4606,2399,52.0,1003.0,2.2,1073.0,220.0,902,47,15,976,1101,417,264,246,976,QLD,0,250.7621,9.566836455748296,0.9241803278688525,0.04815573770491803,0.015368852459016393,0.11353315168029066,0.6977459016393442,0.2520491803278688,0
4608,920,50.0,1055.0,2.3,1100.0,240.0,359,0,0,359,443,176,109,63,359,QLD,0,463.5732,1.9845840958882006,1.0,0.0,0.0,0.18961625282167038,0.7938718662952646,0.17548746518105848,0
4610,15212,41.0,1249.0,2.4,1200.0,260.0,5121,184,350,5699,6420,2109,1661,1692,5699,QLD,0,2967.8755,5.125551931002496,0.898578698017196,0.03228636602912792,0.06141428320758028,0.11230529595015581,0.6615195648359361,0.29689419196350236,0
4611,129,48.0,1125.0,2.4,867.0,250.0,47,0,0,50,57,19,17,5,50,QLD,0,42.5772,3.0297905921479105,0.94,0.0,0.0,0.1228070175438597,0.72,0.1,0
4612,250,53.0,732.0,2.2,1300.0,205.0,88,0,0,91,129,54,23,8,91,QLD,0,599.5949,0.4169481761769488,0.967032967032967,0.0,0.0,0.2945736434108527,0.8461538461538461,0.08791208791208792,0
4613,886,53.0,784.0,2.2,778.0,180.0,337,6,0,350,460,195,66,63,350,QLD,0,1749.936,0.5063042305547174,0.9628571428571429,0.017142857142857144,0.0,0.23913043478260865,0.7457142857142857,0.18,0
4614,1226,54.0,811.0,2.2,867.0,220.0,478,16,0,509,584,246,115,122,509,QLD,0,248.5346,4.932914773234793,0.9390962671905697,0.03143418467583497,0.0,0.1284246575342466,0.7092337917485265,0.23968565815324164,0
4615,7356,52.0,909.0,2.2,1000.0,225.0,2665,14,105,2872,3311,1345,773,630,2872,QLD,0,1360.8524,5.405435593162051,0.927924791086351,0.004874651810584958,0.03655988857938719,0.13258834189066748,0.7374651810584958,0.2193593314763231,0
4620,448,56.0,945.0,2.1,700.0,200.0,180,0,0,178,213,105,31,22,178,QLD,0,1180.9337,0.3793608396474755,1.0112359550561798,0.0,0.0,0.16431924882629112,0.7640449438202247,0.12359550561797752,0
4621,1808,53.0,791.0,2.2,971.0,200.0,711,3,0,739,844,420,172,117,739,QLD,0,1627.363,1.110999819954122,0.9621109607577808,0.0040595399188092015,0.0,0.1244075829383886,0.8010825439783491,0.15832205683355885,0
4625,2681,48.0,1120.0,2.3,1083.0,228.0,913,40,5,996,1231,392,241,270,996,QLD,0,3244.3289,0.8263650457880519,0.9166666666666666,0.040160642570281124,0.0050200803212851405,0.1909017059301381,0.6355421686746988,0.2710843373493976,0
4626,1992,42.0,1263.0,2.3,1200.0,210.0,670,0,27,739,922,296,147,226,739,QLD,0,3954.0831,0.5037830388541911,0.9066305818673883,0.0,0.036535859269282815,0.19848156182212584,0.5994587280108254,0.30581867388362655,0
4627,848,47.0,980.0,2.3,834.0,140.0,284,11,16,318,385,147,65,73,318,QLD,0,4801.087,0.17662666808578972,0.8930817610062893,0.03459119496855346,0.050314465408805034,0.17402597402597397,0.6666666666666666,0.22955974842767296,0
4630,2337,51.0,990.0,2.2,867.0,170.0,913,6,6,943,1152,440,223,207,943,QLD,0,5561.7434,0.4201919851246643,0.968186638388123,0.006362672322375398,0.006362672322375398,0.18142361111111116,0.7030752916224814,0.21951219512195122,0
4650,34942,49.0,1035.0,2.3,1150.0,255.0,12304,706,401,13619,15222,5915,3916,3248,13619,QLD,0,2645.9161,13.206012087836044,0.9034437183346795,0.05183934209560173,0.029444158895660474,0.10530810668768886,0.721859167339746,0.23849034437183347,0
4655,66789,51.0,1109.0,2.3,1439.0,340.0,22263,2901,704,26450,29087,11505,6915,6936,26450,QLD,0,458.5892,145.64015026956588,0.8417013232514178,0.10967863894139887,0.026616257088846882,0.09065905731082613,0.6964083175803403,0.2622306238185255,0
4659,5358,60.0,858.0,2.1,1300.0,270.0,2096,11,66,2308,2680,1364,494,366,2308,QLD,0,301.2547,17.785614631074633,0.9081455805892548,0.004766031195840554,0.02859618717504333,0.13880597014925378,0.8050259965337955,0.158578856152513,0
4660,8048,56.0,945.0,2.2,1127.0,280.0,2952,42,68,3227,3984,1656,755,571,3227,QLD,0,1489.8297,5.401959700494627,0.9147815308335916,0.013015184381778741,0.02107220328478463,0.1900100401606426,0.7471335605825844,0.17694453052370623,0
4662,841,45.0,1125.0,2.6,1300.0,270.0,279,0,0,283,315,111,104,47,283,QLD,0,29.3873,28.617804289608095,0.9858657243816255,0.0,0.0,0.10158730158730156,0.7597173144876325,0.16607773851590105,0
4670,84718,46.0,1194.0,2.4,1300.0,285.0,27363,2571,2230,32768,35764,12569,9365,9497,32768,QLD,0,1781.8725,47.54436695105851,0.835052490234375,0.078460693359375,0.06805419921875,0.08377139022480706,0.66937255859375,0.289825439453125,0
4671,6285,52.0,958.0,2.3,1000.0,250.0,2308,42,8,2412,2926,1181,701,351,2412,QLD,0,3774.1675,1.6652679034515558,0.956882255389718,0.017412935323383085,0.003316749585406302,0.17566643882433353,0.7802653399668324,0.1455223880597015,0
4673,669,53.0,1138.0,2.3,1200.0,200.0,246,0,0,265,287,139,84,25,265,QLD,0,304.3716,2.197971164195345,0.9283018867924528,0.0,0.0,0.0766550522648084,0.8415094339622642,0.09433962264150944,0
4674,1579,55.0,864.0,2.2,1010.0,210.0,611,0,0,632,789,365,174,61,632,QLD,0,1078.1463,1.4645507757156888,0.9667721518987342,0.0,0.0,0.19898605830164762,0.8528481012658228,0.09651898734177215,0
4676,177,57.0,880.0,2.1,1042.0,150.0,69,0,0,69,92,39,15,8,69,QLD,0,647.6431,0.2732986732970675,1.0,0.0,0.0,0.25,0.782608695652174,0.11594202898550725,0
4677,4217,50.0,1072.0,2.3,1493.0,300.0,1391,42,75,1554,2270,673,486,298,1554,QLD,0,1423.5285,2.9623572692784164,0.8951093951093951,0.02702702702702703,0.04826254826254826,0.3154185022026432,0.7458172458172458,0.19176319176319176,0
4678,818,55.0,1187.0,2.3,1517.0,233.0,279,33,4,323,582,162,98,39,323,QLD,0,642.7085,1.2727387299218853,0.8637770897832817,0.1021671826625387,0.01238390092879257,0.44501718213058417,0.804953560371517,0.12074303405572756,0
4680,55339,36.0,1746.0,2.6,1638.0,275.0,17008,1321,1560,20141,22987,4888,7503,7260,20141,QLD,0,4993.763,11.081623216800637,0.8444466511096768,0.06558760736805522,0.07745394965493273,0.12380910949667201,0.6152127501117124,0.3604587657018023,0
4694,112,49.0,1350.0,2.3,1127.0,250.0,42,0,0,40,49,20,16,10,40,QLD,0,277.6657,0.40336274880188655,1.05,0.0,0.0,0.18367346938775508,0.9,0.25,0
4695,1114,43.0,1519.0,2.6,1445.0,200.0,374,0,0,376,439,160,146,46,376,QLD,0,843.5075,1.3206758683236366,0.9946808510638298,0.0,0.0,0.14350797266514803,0.8138297872340425,0.12234042553191489,0
4697,143,47.0,1125.0,2.4,1000.0,175.0,44,0,0,43,50,21,13,7,43,QLD,0,596.5489,0.23971211748106483,1.0232558139534884,0.0,0.0,0.14,0.7906976744186046,0.16279069767441862,0
4699,451,44.0,1262.0,2.7,1690.0,238.0,155,0,0,160,186,73,57,19,160,QLD,0,895.1947,0.5038010166950273,0.96875,0.0,0.0,0.13978494623655913,0.8125,0.11875,0
4700,17312,39.0,1403.0,2.3,1300.0,265.0,5427,486,640,6601,7678,1872,2105,2362,6601,QLD,0,114.6558,150.99105322190417,0.8221481593697925,0.07362520830177245,0.09695500681714891,0.1402709038812191,0.6024844720496895,0.3578245720345402,0
4701,43828,37.0,1496.0,2.5,1400.0,270.0,14072,1399,655,16176,17715,4845,5868,5010,16176,QLD,0,466.2008,94.01099268812924,0.8699307616221563,0.08648615232443126,0.04049208704253215,0.08687552921253172,0.6622774480712166,0.30971810089020774,0
4702,29819,37.0,1649.0,2.7,1560.0,330.0,9458,108,56,9876,11695,3316,3462,2438,9876,QLD,0,47733.5006,0.6246975316115827,0.9576751721344674,0.010935601458080195,0.005670311867152693,0.15553655408294143,0.6863102470635885,0.24686107735925475,0
4703,25129,43.0,1636.0,2.5,1733.0,350.0,7682,518,709,9065,10442,3139,3312,2211,9065,QLD,0,1227.6685,20.468880646526323,0.8474351902923332,0.05714285714285714,0.07821290678433536,0.13187128902509093,0.7116381687810259,0.24390512961941532,0
4704,126,48.0,1399.0,2.2,1700.0,250.0,50,0,0,53,59,27,19,6,53,QLD,0,98.0086,1.2856014676263103,0.9433962264150944,0.0,0.0,0.10169491525423724,0.8679245283018868,0.11320754716981132,0
4705,405,46.0,1577.0,2.5,,110.0,119,0,0,138,181,51,26,25,138,QLD,0,8543.109,0.047406629132321736,0.8623188405797102,0.0,0.0,0.2375690607734806,0.5579710144927537,0.18115942028985507,0
4706,72,51.0,1062.0,2.1,1000.0,80.0,38,0,0,38,58,16,3,3,38,QLD,0,1440.7934,0.049972466559050036,1.0,0.0,0.0,0.3448275862068966,0.5,0.07894736842105263,1
4707,254,52.0,977.0,2.0,793.0,100.0,106,0,0,111,172,54,26,18,111,QLD,0,2983.4314,0.08513686622725765,0.954954954954955,0.0,0.0,0.35465116279069764,0.7207207207207207,0.16216216216216217,0
4709,732,29.0,3125.0,2.9,33.0,15.0,214,4,0,219,423,3,4,199,219,QLD,0,11.4711,63.81253759447655,0.9771689497716894,0.0182648401826484,0.0,0.4822695035460993,0.0319634703196347,0.908675799086758,0
4710,5119,48.0,1272.0,2.4,1517.0,350.0,1766,100,54,1939,2305,774,564,535,1939,QLD,0,33.455,153.0115079958153,0.9107787519339866,0.05157297576070139,0.02784940691077875,0.15878524945770067,0.6900464156781846,0.27591542031975247,0
4711,1787,44.0,2276.0,3.0,1885.0,350.0,579,0,0,579,606,229,311,33,579,QLD,0,63.8306,27.995976851228097,1.0,0.0,0.0,0.044554455445544594,0.9326424870466321,0.05699481865284974,0
4712,262,45.0,1300.0,2.4,643.0,115.0,97,0,0,103,147,39,15,28,103,QLD,0,626.4256,0.4182459976092931,0.941747572815534,0.0,0.0,0.29931972789115646,0.5242718446601942,0.27184466019417475,0
4713,1019,23.0,684.0,3.3,,120.0,213,10,44,273,290,0,0,265,273,QLD,0,219.5151,4.642049681320328,0.7802197802197802,0.03663003663003663,0.16117216117216118,0.05862068965517242,0.0,0.9706959706959707,0
4714,2945,53.0,813.0,2.1,840.0,200.0,1131,10,9,1168,1508,576,273,245,1168,QLD,0,490.6655,6.002052314662433,0.9683219178082192,0.008561643835616438,0.007705479452054794,0.22546419098143233,0.7268835616438356,0.20976027397260275,0
4715,7068,36.0,1908.0,2.5,1387.0,260.0,2175,93,122,2421,2836,672,790,828,2421,QLD,0,2772.4575,2.549362794560422,0.8983890954151177,0.03841387856257745,0.050392399834779014,0.1463328631875882,0.6038826931020239,0.3420074349442379,0
4716,825,43.0,1668.0,2.5,1404.0,200.0,308,0,3,312,366,117,104,63,312,QLD,0,1269.4858,0.6498694195712942,0.9871794871794872,0.0,0.009615384615384616,0.14754098360655743,0.7083333333333334,0.20192307692307693,0
4717,4702,31.0,2358.0,2.6,1083.0,220.0,1387,31,73,1492,2191,158,336,907,1492,QLD,0,657.3194,7.153295642879246,0.9296246648793566,0.020777479892761394,0.048927613941018765,0.31903240529438615,0.33109919571045576,0.6079088471849866,0
4718,2582,35.0,1797.0,2.5,1083.0,225.0,792,14,20,838,1103,240,192,317,838,QLD,0,5866.149,0.44015247481780634,0.9451073985680191,0.016706443914081145,0.02386634844868735,0.2402538531278332,0.5155131264916468,0.37828162291169454,0
4719,1084,41.0,1375.0,2.3,1099.0,200.0,377,0,10,397,503,149,82,110,397,QLD,0,4044.5465,0.2680152150556311,0.9496221662468514,0.0,0.02518891687657431,0.21073558648111335,0.5818639798488665,0.2770780856423174,0
4720,15031,32.0,2203.0,2.7,1642.0,300.0,4012,499,396,4981,5956,820,1845,2143,4981,QLD,0,5368.1456,2.8000358261519582,0.8054607508532423,0.10018068660911464,0.07950210801043966,0.16370047011417055,0.5350331258783377,0.43023489259184905,0
4721,3962,36.0,1882.0,2.5,1300.0,220.0,1125,106,14,1288,1712,379,294,450,1288,QLD,0,29539.1184,0.1341272256791523,0.8734472049689441,0.08229813664596274,0.010869565217391304,0.24766355140186913,0.5225155279503105,0.34937888198757766,0
4722,1640,39.0,1838.0,2.6,1192.0,200.0,481,13,17,528,628,203,114,134,528,QLD,0,11273.0478,0.14547973441574513,0.9109848484848485,0.02462121212121212,0.032196969696969696,0.15923566878980888,0.6003787878787878,0.2537878787878788,0
4723,1596,35.0,1925.0,2.6,1517.0,210.0,465,14,5,502,655,148,133,151,502,QLD,0,5650.529,0.2824514306536609,0.9262948207171314,0.027888446215139442,0.0099601593625498,0.23358778625954202,0.5597609561752988,0.300796812749004,0
4724,559,44.0,1547.0,2.5,650.0,120.0,194,6,0,200,252,80,34,47,200,QLD,0,12669.4364,0.04412193110658024,0.97,0.03,0.0,0.2063492063492064,0.57,0.235,0
4725,1540,43.0,1487.0,2.2,1213.0,200.0,547,3,17,581,731,241,126,170,581,QLD,0,10793.7554,0.14267508785681765,0.9414802065404475,0.0051635111876075735,0.029259896729776247,0.20519835841313272,0.6316695352839932,0.29259896729776247,0
4726,372,41.0,1320.0,2.3,313.0,94.0,130,0,7,145,234,79,28,32,145,QLD,0,13502.5996,0.0275502503977086,0.896551724137931,0.0,0.04827586206896552,0.3803418803418803,0.7379310344827587,0.2206896551724138,0
4727,310,43.0,1325.0,2.2,607.0,190.0,102,0,0,107,138,32,38,22,107,QLD,0,6580.9177,0.04710589223749144,0.9532710280373832,0.0,0.0,0.2246376811594203,0.6542056074766355,0.205607476635514,0
4728,229,38.0,1292.0,2.5,542.0,100.0,74,0,6,78,138,38,13,17,78,QLD,0,9166.5606,0.02498210724751004,0.9487179487179487,0.0,0.07692307692307693,0.4347826086956522,0.6538461538461539,0.21794871794871795,0
4730,3177,39.0,1623.0,2.3,1188.0,200.0,1013,66,33,1165,1415,352,269,455,1165,QLD,0,38919.3235,0.08163040141229588,0.8695278969957082,0.05665236051502146,0.02832618025751073,0.176678445229682,0.5330472103004292,0.3905579399141631,0
4731,218,54.0,1036.0,2.2,521.0,95.0,84,0,0,88,123,49,15,10,88,QLD,0,10508.8115,0.02074449617827858,0.9545454545454546,0.0,0.0,0.2845528455284553,0.7272727272727273,0.11363636363636363,0
4732,158,45.0,1042.0,2.4,2000.0,80.0,54,0,0,54,65,31,12,6,54,QLD,0,7250.302,0.021792195690607096,1.0,0.0,0.0,0.16923076923076918,0.7962962962962963,0.1111111111111111,0
4733,158,39.0,1812.0,3.1,,300.0,38,0,0,41,64,21,10,7,41,QLD,0,15789.5333,0.01000662888497154,0.926829268292683,0.0,0.0,0.359375,0.7560975609756098,0.17073170731707318,0
4735,960,47.0,1276.0,2.0,867.0,150.0,339,3,9,390,496,160,79,108,390,QLD,0,57394.3694,0.016726379434704616,0.8692307692307693,0.007692307692307693,0.023076923076923078,0.21370967741935487,0.6128205128205129,0.27692307692307694,0
4736,131,39.0,1437.0,2.2,1260.0,100.0,43,0,3,50,65,17,7,16,50,QLD,0,13084.6881,0.010011702151310737,0.86,0.0,0.06,0.23076923076923073,0.48,0.32,0
4737,8325,41.0,1650.0,2.6,1733.0,300.0,2671,160,31,2887,3365,1039,1057,684,2887,QLD,0,940.5324,8.851369713579244,0.9251818496709386,0.05542085209560097,0.010737790093522688,0.14205052005943541,0.7260131624523727,0.23692414270869414,0
4738,1155,48.0,1510.0,2.5,1557.0,240.0,375,0,0,396,500,189,136,46,396,QLD,0,1033.9906,1.1170314314269394,0.946969696969697,0.0,0.0,0.20799999999999996,0.8207070707070707,0.11616161616161616,0
4739,340,54.0,966.0,2.1,1300.0,175.0,132,0,0,135,181,81,17,19,135,QLD,0,475.4337,0.7151365164059679,0.9777777777777777,0.0,0.0,0.2541436464088398,0.725925925925926,0.14074074074074075,0
4740,85500,38.0,1839.0,2.5,1733.0,340.0,25062,3862,1429,30868,34155,8458,11317,9767,30868,QLD,0,879.178,97.24993118572121,0.8119087728391862,0.125113386030841,0.04629389659193987,0.09623773971600058,0.6406310742516522,0.3164118180640145,0
4741,7346,44.0,1768.0,2.6,1733.0,250.0,2230,39,6,2324,2879,986,911,304,2324,QLD,0,4176.032,1.7590861372709787,0.959552495697074,0.016781411359724614,0.0025817555938037868,0.1927752691906912,0.8162650602409639,0.13080895008605853,0
4742,1192,37.0,1955.0,2.5,1300.0,277.0,252,20,0,283,378,74,72,111,283,QLD,0,8809.537,0.13530790551194688,0.8904593639575972,0.0706713780918728,0.0,0.2513227513227513,0.5159010600706714,0.392226148409894,0
4743,556,35.0,2394.0,2.4,1950.0,32.0,138,22,0,163,339,8,0,129,163,QLD,0,1626.6802,0.3418004350209709,0.8466257668711656,0.13496932515337423,0.0,0.5191740412979351,0.049079754601226995,0.7914110429447853,0
4744,9425,31.0,3079.0,2.8,1300.0,111.0,2156,437,37,2634,3746,221,497,1789,2634,QLD,0,3046.6387,3.0935732550105137,0.8185269552012149,0.16590736522399394,0.01404707668944571,0.2968499733048585,0.27258921791951407,0.6791951404707669,0
4745,2918,32.0,2444.0,2.5,672.0,100.0,793,46,18,864,1406,151,137,521,864,QLD,0,3446.689,0.8466096012724096,0.9178240740740741,0.05324074074074074,0.020833333333333332,0.38549075391180654,0.3333333333333333,0.6030092592592593,0
4746,1989,32.0,2660.0,2.7,1120.0,55.0,409,27,28,467,815,24,22,379,467,QLD,0,2054.3653,0.9681822410065045,0.8758029978586723,0.057815845824411134,0.059957173447537475,0.4269938650306748,0.09850107066381156,0.8115631691648822,0
4750,6025,36.0,2077.0,2.8,1733.0,380.0,1841,98,56,2040,2241,483,902,602,2040,QLD,0,17.6773,340.83259321276444,0.9024509803921569,0.04803921568627451,0.027450980392156862,0.08969210174029452,0.678921568627451,0.2950980392156863,0
4751,4681,37.0,2156.0,2.7,1733.0,360.0,1455,99,11,1572,1697,516,686,327,1572,QLD,0,109.2039,42.86476948167602,0.9255725190839694,0.06297709923664122,0.006997455470737914,0.07365939893930462,0.7646310432569975,0.20801526717557253,0
4753,4627,33.0,2367.0,3.0,1924.0,400.0,1429,13,0,1446,1547,334,829,249,1446,QLD,0,135.8943,34.04852153475164,0.9882434301521439,0.008990318118948824,0.0,0.06528765352294763,0.8042876901798064,0.17219917012448133,0
4754,2505,36.0,1968.0,2.9,1700.0,300.0,699,18,7,735,779,209,326,164,735,QLD,0,547.8642,4.572300946110368,0.9510204081632653,0.024489795918367346,0.009523809523809525,0.056482670089858744,0.7278911564625851,0.22312925170068026,0
4756,655,48.0,1205.0,2.3,1415.0,250.0,227,0,0,234,280,105,74,32,234,QLD,0,195.3173,3.353517583951857,0.9700854700854701,0.0,0.0,0.16428571428571426,0.7649572649572649,0.13675213675213677,0
4757,362,48.0,1013.0,2.5,1300.0,250.0,118,0,0,121,195,62,32,20,121,QLD,0,833.4849,0.4343210056954841,0.9752066115702479,0.0,0.0,0.37948717948717947,0.7768595041322314,0.1652892561983471,0
4798,691,47.0,1328.0,2.4,1300.0,230.0,222,0,0,231,315,102,58,50,231,QLD,0,294.4336,2.3468788888224714,0.961038961038961,0.0,0.0,0.2666666666666667,0.6926406926406926,0.21645021645021645,0
4799,971,52.0,1105.0,2.4,1400.0,220.0,342,0,5,360,536,168,127,50,360,QLD,0,463.6011,2.094473028644669,0.95,0.0,0.013888888888888888,0.32835820895522383,0.8194444444444444,0.1388888888888889,0
4800,10081,44.0,1489.0,2.5,1625.0,280.0,3161,130,192,3559,4255,1335,1340,754,3559,QLD,0,2435.9895,4.138359381269911,0.8881708345040742,0.03652711435796572,0.05394773812868783,0.16357226792009405,0.7516156223658331,0.2118572632762012,0
4802,13393,36.0,1622.0,2.3,1733.0,365.0,2506,478,949,4214,5003,979,1332,1788,4214,QLD,0,287.6029,46.567680645779305,0.5946843853820598,0.1134314190792596,0.2252017085904129,0.1577053767739356,0.5484100616990982,0.4242999525391552,0
4804,2125,43.0,1242.0,2.3,1000.0,200.0,660,23,16,709,1108,300,128,225,709,QLD,0,14258.7347,0.14903145648680874,0.9308885754583921,0.03244005641748942,0.022566995768688293,0.3601083032490975,0.6036671368124118,0.31734837799717913,0
4805,11646,42.0,1344.0,2.4,1500.0,270.0,3487,531,14,4184,4831,1418,1033,1524,4184,QLD,0,6858.7645,1.6979734469670156,0.8334130019120459,0.12691204588910135,0.0033460803059273425,0.13392672324570487,0.5858030592734226,0.36424474187380496,0
4806,3771,49.0,1271.0,2.4,1100.0,220.0,1333,50,0,1431,1689,680,371,318,1431,QLD,0,1315.7679,2.866006991050625,0.9315164220824598,0.03494060097833683,0.0,0.15275310834813494,0.7344514325646401,0.2222222222222222,0
4807,10785,44.0,1353.0,2.3,1300.0,230.0,3557,490,31,4171,4776,1680,1109,1145,4171,QLD,0,2424.9567,4.447502093542536,0.8527930951810118,0.11747782306401343,0.007432270438743707,0.12667504187604695,0.6686645888276193,0.2745145049148885,0
4808,1110,46.0,1496.0,2.5,1228.0,200.0,392,0,0,411,451,184,118,90,411,QLD,0,203.2156,5.4621790846765705,0.9537712895377128,0.0,0.0,0.08869179600886923,0.7347931873479319,0.21897810218978103,0
4809,985,47.0,1303.0,2.4,1235.0,200.0,356,0,0,363,529,181,102,53,363,QLD,0,1015.4554,0.9700081362509865,0.9807162534435262,0.0,0.0,0.31379962192816635,0.7796143250688705,0.14600550964187328,0
4810,21697,40.0,1610.0,2.0,1600.0,300.0,4134,2082,3074,9421,11238,2282,2337,4506,9421,QLD,0,289.6701,74.90244937257935,0.43880692070905425,0.22099564802038,0.3262923256554506,0.16168357358960672,0.4902876552382974,0.47829317482220574,0
4811,13688,36.0,1807.0,2.4,1517.0,340.0,3979,291,422,4769,5197,1201,1696,1762,4769,QLD,0,166.3359,82.29131534443256,0.8343468232333823,0.06101908156846299,0.08848815265254771,0.08235520492591875,0.6074648773327742,0.3694694904592158,0
4812,19110,39.0,1352.0,2.2,1400.0,260.0,4884,2258,741,7932,8979,1908,2344,3427,7932,QLD,0,13.2728,1439.7866313061297,0.6157337367624811,0.28466969238527484,0.09341906202723146,0.11660541262946877,0.5360564800806858,0.4320474029248613,0
4814,46193,34.0,1717.0,2.6,1515.0,320.0,13790,1570,377,15821,17274,4096,5335,5937,15821,QLD,0,59.9761,770.1901257334171,0.8716263194488338,0.09923519372985273,0.0238290879211175,0.0841148546949172,0.596106440806523,0.3752607294102775,0
4815,21397,35.0,1486.0,2.7,1408.0,295.0,6901,309,123,7345,7951,1681,2738,2545,7345,QLD,0,674.0533,31.74378049925725,0.9395507147719537,0.04206943498978897,0.016746085772634447,0.07621682807194063,0.6016337644656229,0.34649421375085093,0
4816,9284,44.0,1300.0,2.6,1560.0,150.0,3001,25,47,3161,4075,1208,1010,745,3161,QLD,0,47039.5339,0.1973659011957174,0.9493831066118317,0.007908889591901298,0.014868712432774439,0.2242944785276073,0.7016766845934831,0.23568490983865864,0
4817,30785,36.0,1866.0,2.7,1517.0,330.0,9838,793,80,10817,11570,2764,4373,3455,10817,QLD,0,740.7452,41.559499811811136,0.9094943145049459,0.07331052972173431,0.0073957659240085055,0.06508210890233357,0.6597947674956087,0.3194046408431173,0
4818,32004,32.0,2074.0,2.8,1702.0,355.0,10264,245,30,10702,11488,1956,5075,3472,10702,QLD,0,537.4411,59.54885102758237,0.9590730704541207,0.022892917211736124,0.0028032143524574847,0.06841922005571033,0.6569800037376191,0.32442534105774623,0
4819,2475,58.0,1001.0,1.9,1353.0,290.0,879,97,63,1064,1495,498,238,282,1064,QLD,0,51.1523,48.38492110814177,0.8261278195488722,0.09116541353383459,0.05921052631578947,0.28829431438127096,0.6917293233082706,0.2650375939849624,0
4820,10732,41.0,1341.0,2.4,1300.0,220.0,3250,346,9,3703,4378,1333,1069,1066,3703,QLD,0,36171.38,0.29669866065380973,0.8776667566837699,0.09343775317310289,0.0024304617877396704,0.15417999086340795,0.6486632460167432,0.2878746961922765,0
4821,1451,41.0,1352.0,2.3,769.0,160.0,400,81,3,520,710,205,109,164,520,QLD,0,35113.9374,0.04132262307900566,0.7692307692307693,0.15576923076923077,0.0057692307692307696,0.2676056338028169,0.6038461538461538,0.3153846153846154,0
4822,779,36.0,1770.0,2.6,800.0,133.0,210,3,0,242,342,91,52,57,242,QLD,0,32122.5539,0.02425087377625974,0.8677685950413223,0.012396694214876033,0.0,0.29239766081871343,0.5909090909090909,0.23553719008264462,0
4823,961,34.0,1735.0,2.5,550.0,130.0,203,4,0,263,354,102,38,64,263,QLD,0,66283.7365,0.014498277416814002,0.7718631178707225,0.015209125475285171,0.0,0.2570621468926554,0.532319391634981,0.24334600760456274,0
4824,3380,34.0,1930.0,2.5,1200.0,240.0,788,24,104,993,1272,218,203,415,993,QLD,0,31688.0872,0.10666469006687156,0.7935548841893253,0.02416918429003021,0.10473313192346426,0.2193396226415094,0.42396777442094663,0.4179254783484391,0
4825,19299,31.0,2212.0,2.6,1536.0,260.0,4924,1009,272,6534,7968,1066,1908,2998,6534,QLD,1,99782.1361,0.1934113735614846,0.75359657177839,0.1544230180593817,0.0416284052647689,0.1799698795180723,0.4551576369758188,0.4588307315580043,0
4828,236,36.0,1339.0,2.5,307.0,147.0,59,0,0,69,101,15,3,25,69,QLD,0,9524.7262,0.02477761512976615,0.855072463768116,0.0,0.0,0.3168316831683168,0.2608695652173913,0.36231884057971014,0
4829,516,37.0,1571.0,2.3,1020.0,141.0,146,10,3,164,255,41,10,80,164,QLD,0,71908.6682,0.00717576910984982,0.8902439024390244,0.06097560975609756,0.018292682926829267,0.35686274509803917,0.31097560975609756,0.4878048780487805,0
4830,1739,26.0,1223.0,3.7,489.0,123.0,326,4,19,391,504,35,12,299,391,QLD,0,31652.2941,0.05494072544966022,0.8337595907928389,0.010230179028132993,0.04859335038363171,0.2242063492063492,0.12020460358056266,0.7647058823529411,0
4849,1368,60.0,852.0,1.9,1300.0,252.0,430,82,57,604,805,270,85,226,604,QLD,0,1094.6869,1.249672394910362,0.7119205298013245,0.1357615894039735,0.09437086092715231,0.24968944099378887,0.5877483443708609,0.3741721854304636,0
4850,10923,51.0,1161.0,2.2,1170.0,200.0,4017,200,134,4438,5374,2156,959,1047,4438,QLD,0,7383.9733,1.479284872278723,0.9051374493014872,0.04506534474988734,0.030193780982424517,0.17417193896538896,0.7018927444794952,0.2359170797656602,0
4852,4055,50.0,1244.0,2.2,1400.0,300.0,1308,119,127,1599,2031,659,389,486,1599,QLD,0,118.0451,34.35127760491541,0.8180112570356473,0.07442151344590368,0.07942464040025016,0.21270310192023634,0.6554096310193871,0.30393996247654786,0
4854,5525,43.0,1296.0,2.4,1300.0,250.0,1804,37,120,2012,2345,800,535,536,2012,QLD,0,1722.9976,3.206620833366222,0.8966202783300199,0.018389662027833,0.05964214711729622,0.14200426439232405,0.6635188866799204,0.2664015904572565,0
4855,809,46.0,1225.0,2.3,1300.0,260.0,287,4,0,304,344,142,84,54,304,QLD,0,376.0562,2.1512741978459604,0.944078947368421,0.013157894736842105,0.0,0.11627906976744184,0.743421052631579,0.17763157894736842,0
4856,718,47.0,1171.0,2.4,1083.0,250.0,258,0,0,262,306,125,67,52,262,QLD,0,117.0087,6.13629584808651,0.9847328244274809,0.0,0.0,0.14379084967320266,0.732824427480916,0.1984732824427481,0
4858,1515,44.0,1419.0,2.5,1409.0,260.0,522,14,3,553,596,258,179,94,553,QLD,0,75.1584,20.157427513092347,0.9439421338155516,0.02531645569620253,0.0054249547920434,0.07214765100671139,0.7902350813743219,0.16998191681735986,0
4859,528,46.0,1154.0,2.3,882.0,240.0,182,5,0,181,214,79,56,44,181,QLD,0,19.2955,27.363893135705215,1.0055248618784531,0.027624309392265192,0.0,0.15420560747663548,0.7458563535911602,0.2430939226519337,0
4860,11316,42.0,1175.0,2.4,1285.0,250.0,3503,455,189,4219,4737,1518,933,1553,4219,QLD,0,1278.1364,8.853515164735155,0.8302915382792131,0.10784546100971794,0.04479734534249822,0.10935191049187254,0.580943351505096,0.3680967053804219,0
4861,1541,47.0,1131.0,2.3,1170.0,230.0,551,21,0,587,683,224,173,165,587,QLD,0,118.9753,12.952268243912812,0.938671209540034,0.03577512776831346,0.0,0.14055636896046853,0.676320272572402,0.28109028960817717,0
4865,8623,38.0,1750.0,2.7,1647.0,325.0,2784,64,49,2906,3149,877,1325,613,2906,QLD,0,191.8984,44.935236562681084,0.9580178940123881,0.02202339986235375,0.01686166551961459,0.07716735471578284,0.7577426015141088,0.21094287680660703,0
4868,22896,38.0,1554.0,2.6,1517.0,350.0,6669,704,667,8114,8621,2274,2987,2602,8114,QLD,0,26.5384,862.7498266662648,0.8219127434064579,0.08676361843726892,0.08220359871826473,0.05880988284421762,0.6483855065319202,0.32068030564456496,0
4869,20619,32.0,1745.0,2.9,1517.0,365.0,6113,93,331,6560,6961,1348,2946,2109,6560,QLD,0,67.7783,304.21241016667574,0.931859756097561,0.014176829268292683,0.050457317073170735,0.0576066657089499,0.6545731707317073,0.32149390243902437,0
4870,73803,39.0,1510.0,2.4,1600.0,310.0,16200,3591,6902,27162,30413,6689,8524,11016,27162,QLD,0,331.4112,222.69313770928682,0.5964214711729622,0.13220675944333996,0.2541049996318386,0.10689507776279883,0.5600839407996465,0.40556660039761433,0
4871,10798,42.0,1250.0,2.7,1300.0,170.0,3064,53,66,3454,4076,1413,762,949,3454,QLD,0,86859.0254,0.12431638451241477,0.8870874348581355,0.015344528083381586,0.01910828025477707,0.15260058881256133,0.6297046902142444,0.2747539085118703,0
4872,4248,49.0,1253.0,2.4,1374.0,225.0,1393,4,25,1545,1893,718,354,311,1545,QLD,0,12709.6818,0.3342333873378325,0.9016181229773462,0.0025889967637540453,0.016181229773462782,0.1838351822503962,0.6938511326860841,0.20129449838187702,0
4873,6771,47.0,1218.0,2.3,1430.0,260.0,2270,101,111,2557,3029,958,798,673,2557,QLD,0,1562.4059,4.333700992808591,0.8877590926867422,0.039499413375048885,0.04341024638247947,0.15582700561241336,0.6867422761048103,0.2631990614000782,0
4874,5603,30.0,2606.0,3.0,2061.0,295.0,1039,384,53,1562,1889,138,288,1002,1562,QLD,0,24319.9506,0.23038698113145015,0.6651728553137004,0.24583866837387963,0.03393085787451985,0.1731074642668078,0.2727272727272727,0.6414852752880922,0
4875,7526,28.0,1362.0,3.3,1791.0,148.0,1523,277,86,1947,2356,161,42,1576,1947,QLD,0,851.0942,8.842734447021257,0.7822290703646636,0.14227015921931177,0.044170518746789934,0.17359932088285224,0.10426296866974834,0.8094504365690807,0
4876,2801,24.0,1324.0,3.5,1300.0,120.0,533,78,18,688,805,21,0,615,688,QLD,0,1340.127,2.090100415856109,0.7747093023255814,0.11337209302325581,0.02616279069767442,0.14534161490683228,0.030523255813953487,0.8938953488372093,0
4877,5462,45.0,1426.0,2.2,1636.0,350.0,1035,444,389,1973,2498,607,590,721,1973,QLD,0,164.874,33.128328299186045,0.5245818550430816,0.22503801317790167,0.1971616827166751,0.21016813450760607,0.6066903193106944,0.36543335022807905,0
4878,15044,41.0,1555.0,2.4,1625.0,360.0,4311,927,478,5791,6324,1541,2157,1949,5791,QLD,0,50.5096,297.8443701791343,0.744431013641858,0.1600759799689173,0.08254187532377828,0.08428209993674884,0.6385771024002763,0.33655672595406666,0
4879,21919,44.0,1701.0,2.4,1733.0,400.0,6501,606,1059,8324,9584,2540,3141,2484,8324,QLD,0,24.5179,893.9998939550287,0.7809947140797694,0.07280153772224891,0.12722248918789045,0.13146911519198667,0.6824843825084094,0.2984142239308025,0
4880,14331,40.0,1304.0,2.5,1500.0,280.0,4231,47,311,4733,5186,1784,1262,1388,4733,QLD,0,1321.1451,10.847408055330183,0.893936192689626,0.009930276780054934,0.06570885273610817,0.0873505591978403,0.6435664483414325,0.29326008873864357,0
4881,4826,47.0,1352.0,2.5,1647.0,270.0,1583,31,43,1735,1910,680,632,342,1735,QLD,0,591.3182,8.161426453642049,0.9123919308357349,0.017867435158501442,0.02478386167146974,0.09162303664921467,0.7561959654178675,0.19711815561959653,0
4882,3177,44.0,1479.0,2.5,1600.0,300.0,1110,0,0,1144,1226,541,392,157,1144,QLD,0,85.2742,37.25628619207217,0.9702797202797203,0.0,0.0,0.06688417618270803,0.8155594405594405,0.13723776223776224,0
4883,8949,46.0,1153.0,2.3,1368.0,280.0,2913,298,209,3500,3865,1340,808,1212,3500,QLD,0,293.1266,30.529470883911593,0.8322857142857143,0.08514285714285715,0.05971428571428571,0.09443725743855114,0.6137142857142858,0.3462857142857143,0
4884,1901,53.0,1332.0,2.3,1489.0,288.0,723,11,3,759,932,386,189,155,759,QLD,0,192.8644,9.856666134341019,0.9525691699604744,0.014492753623188406,0.003952569169960474,0.18562231759656656,0.7575757575757576,0.20421607378129117,0
4885,4021,51.0,1269.0,2.4,1339.0,250.0,1424,4,54,1492,1691,685,438,305,1492,QLD,0,319.4621,12.58678259486806,0.9544235924932976,0.002680965147453083,0.036193029490616625,0.11768184506209345,0.7526809651474531,0.20442359249329758,0
4886,965,51.0,1039.0,2.2,1000.0,230.0,353,7,0,366,440,184,84,71,366,QLD,0,253.0866,3.8129241137223384,0.9644808743169399,0.01912568306010929,0.0,0.1681818181818182,0.73224043715847,0.19398907103825136,0
4887,2127,50.0,955.0,2.2,1083.0,230.0,742,10,11,776,915,382,212,124,776,QLD,0,1198.6445,1.7745044506523826,0.9561855670103093,0.01288659793814433,0.014175257731958763,0.15191256830601096,0.7654639175257731,0.15979381443298968,0
4888,2752,52.0,859.0,2.2,1083.0,250.0,1051,4,15,1078,1353,530,266,211,1078,QLD,0,559.1771,4.921517708790292,0.9749536178107606,0.0037105751391465678,0.013914656771799629,0.2032520325203252,0.738404452690167,0.19573283858998144,0
4890,1437,30.0,1698.0,3.0,992.0,170.0,345,7,34,405,501,74,27,256,405,QLD,0,15793.1977,0.0909885399585671,0.8518518518518519,0.01728395061728395,0.08395061728395062,0.19161676646706582,0.24938271604938272,0.6320987654320988,0
4891,487,55.0,974.0,1.8,1168.0,220.0,150,3,23,236,347,111,28,70,236,QLD,0,134.4548,3.622035063084397,0.635593220338983,0.012711864406779662,0.09745762711864407,0.3198847262247838,0.5889830508474576,0.2966101694915254,0
4892,5329,30.0,1080.0,3.4,600.0,120.0,944,214,29,1262,1632,99,20,984,1262,QLD,0,143377.1258,0.037167713959014234,0.7480190174326465,0.16957210776545167,0.022979397781299524,0.22671568627450978,0.09429477020602219,0.7797147385103012,0
4895,4594,40.0,1028.0,2.4,1300.0,140.0,1376,101,19,1578,1883,470,262,696,1578,QLD,0,9277.2547,0.49518959525817485,0.8719898605830165,0.06400506970849176,0.012040557667934094,0.16197557089750403,0.46387832699619774,0.44106463878326996,0
5000,18202,31.0,1365.0,1.8,1733.0,400.0,355,2201,5520,8254,10257,1445,1234,5266,8254,SA,0,10.4824,1736.4344043348851,0.04300944996365399,0.26665858977465473,0.6687666585897747,0.19528127132689865,0.32456990550036346,0.6379937000242307,0
5006,6823,39.0,1867.0,1.9,1914.0,390.0,611,1436,801,2862,3419,954,496,1348,2862,SA,0,5.0909,1340.2345361331002,0.21348707197763803,0.5017470300489169,0.279874213836478,0.1629131324948816,0.506638714185884,0.47099930118798045,0
5007,8200,35.0,1673.0,2.1,1710.0,365.0,1517,1291,781,3610,3993,688,1033,1811,3610,SA,0,3.6054,2274.3662284351253,0.42022160664819946,0.35761772853185597,0.21634349030470915,0.09591785624843474,0.47673130193905816,0.5016620498614959,0
5008,14384,37.0,1489.0,2.4,1712.0,310.0,4138,1187,301,5657,6076,1525,1801,2159,5657,SA,0,6.1854,2325.4761211886057,0.7314831182605621,0.2098285310235107,0.05320841435389782,0.06895984200131666,0.5879441400035355,0.38165105179423725,0
5009,5471,38.0,1561.0,2.4,1700.0,315.0,1555,421,160,2138,2268,667,734,637,2138,SA,0,3.4541,1583.9147679569207,0.7273152478952292,0.1969130028063611,0.07483629560336763,0.05731922398589062,0.6552853133769878,0.2979420018709074,0
5010,6109,38.0,1229.0,2.6,1500.0,230.0,1452,559,152,2168,2286,437,695,964,2168,SA,0,5.8507,1044.1485634197618,0.6697416974169742,0.2578413284132841,0.07011070110701106,0.05161854768153984,0.522140221402214,0.4446494464944649,0
5011,13986,36.0,1729.0,2.4,1733.0,340.0,3483,1249,711,5462,5817,1341,2144,1858,5462,SA,0,5.5124,2537.1888832450472,0.6376785060417429,0.22867081655071403,0.13017209813255218,0.06102802131682994,0.6380446722812156,0.34016843647015743,0
5012,11757,35.0,1320.0,2.7,1506.0,285.0,2554,1252,279,4114,4361,896,1273,1784,4114,SA,0,4.3752,2687.191442676906,0.6208070004861449,0.3043266893534273,0.06781720952843948,0.05663838569135515,0.5272241127856101,0.43364122508507535,0
5013,10654,39.0,1254.0,2.4,1441.0,260.0,3064,883,129,4109,4399,1067,1513,1402,4109,SA,0,15.0913,705.9696646412172,0.7456802141640302,0.21489413482599173,0.03139449987831589,0.06592407365310293,0.6278899975663178,0.3412022389875882,0
5014,12539,41.0,1372.0,2.3,1583.0,300.0,3928,1174,218,5340,5709,1590,2022,1571,5340,SA,0,6.1186,2049.3250089889843,0.7355805243445693,0.2198501872659176,0.04082397003745318,0.06463478717813975,0.6764044943820224,0.2941947565543071,0
5015,6006,42.0,1430.0,2.1,1517.0,315.0,1581,716,434,2760,3071,655,975,1069,2760,SA,0,15.5784,385.53381605299643,0.5728260869565217,0.2594202898550725,0.1572463768115942,0.10126994464343864,0.5905797101449275,0.38731884057971017,0
5016,9306,43.0,1655.0,2.3,1710.0,305.0,3005,383,370,3769,4044,1177,1565,940,3769,SA,0,4.8979,1899.9979583086629,0.7972937118599098,0.10161846643672061,0.09816927566993898,0.06800197823936693,0.7275139294242504,0.2494030246749801,0
5017,5200,40.0,1144.0,2.3,1400.0,260.0,1480,535,154,2169,2338,538,753,821,2169,SA,0,3.718,1398.6013986013986,0.6823420931304749,0.24665744582757032,0.07100046104195482,0.07228400342172803,0.595205163669894,0.3785154449054864,0
5018,5600,51.0,1566.0,2.3,1636.0,365.0,1701,498,93,2330,2526,1024,838,372,2330,SA,0,8.9095,628.5425669229475,0.7300429184549356,0.21373390557939914,0.039914163090128754,0.07759303246239113,0.7991416309012875,0.15965665236051502,0
5019,9385,48.0,1437.0,2.1,1733.0,300.0,2351,1230,357,3978,4378,1255,1254,1348,3978,SA,0,3.9321,2386.7653416749317,0.5910005027652087,0.3092006033182504,0.08974358974358974,0.09136592051164916,0.630718954248366,0.33886375062845653,0
5020,3236,48.0,1758.0,2.5,1950.0,390.0,901,363,11,1279,1393,608,436,185,1279,SA,0,1.5622,2071.43771604148,0.7044566067240031,0.2838154808444097,0.008600469116497263,0.08183776022972,0.8162627052384676,0.14464425332290853,0
5021,6768,54.0,1548.0,2.2,1788.0,370.0,1702,957,275,2941,3162,1497,791,464,2941,SA,0,4.4911,1506.9804724900357,0.578714722883373,0.3253995239714383,0.09350561033662019,0.06989247311827962,0.7779666780006801,0.15776946616797008,0
5022,16343,47.0,1871.0,2.3,2000.0,340.0,4054,1376,1184,6633,7327,2582,2075,1759,6633,SA,0,7.7915,2097.5421934159017,0.6111864917835067,0.20744761043268506,0.1785014322327755,0.09471816568854918,0.7020955826925976,0.26518920548771296,0
5023,17880,39.0,1347.0,2.3,1712.0,310.0,4901,1730,755,7415,7984,2153,2341,2654,7415,SA,0,7.0392,2540.0613706102968,0.6609575185434929,0.2333108563722185,0.10182063385030343,0.07126753507014028,0.6060687795010115,0.3579231287929872,0
5024,14670,45.0,1672.0,2.5,2000.0,340.0,4140,733,804,5695,6159,2443,1752,1343,5695,SA,0,7.927,1850.6370632017158,0.7269534679543459,0.12870939420544336,0.1411764705882353,0.07533690534177628,0.7366110623353819,0.23582089552238805,0
5025,9358,41.0,1710.0,2.5,1814.0,375.0,2973,423,152,3561,3741,1400,1196,870,3561,SA,0,3.9453,2371.9362279167617,0.8348778433024431,0.11878685762426285,0.04268463914630722,0.04811547714514841,0.7290087054198259,0.2443133951137321,0
5031,10108,37.0,1664.0,2.3,1800.0,350.0,2692,1045,449,4210,4575,1199,1124,1766,4210,SA,0,5.695,1774.8902546093063,0.6394299287410926,0.24821852731591448,0.10665083135391924,0.07978142076502737,0.5517814726840855,0.4194774346793349,0
5032,13452,40.0,1635.0,2.4,1800.0,300.0,3709,701,1035,5468,5913,1826,1705,1702,5468,SA,0,5.702,2359.172220273588,0.6783101682516459,0.12820043891733723,0.18928310168251647,0.07525790630813467,0.64575713240673,0.3112655449890271,0
5033,8870,37.0,1418.0,2.3,1647.0,300.0,2349,772,506,3660,3955,879,1124,1574,3660,SA,0,3.651,2429.4713777047386,0.6418032786885246,0.21092896174863388,0.13825136612021857,0.07458912768647286,0.5472677595628416,0.43005464480874317,0
5034,10148,41.0,2020.0,2.4,2105.0,350.0,2571,366,1132,4076,4451,1504,1205,1263,4076,SA,0,4.045,2508.7762669962917,0.630765456329735,0.08979391560353288,0.2777232580961727,0.08425073017299478,0.664622178606477,0.30986261040235524,0
5035,6364,37.0,1627.0,2.3,1733.0,300.0,1261,517,927,2712,2989,714,744,1117,2712,SA,0,3.0222,2105.750777579247,0.46497050147492625,0.19063421828908556,0.3418141592920354,0.09267313482770156,0.5376106194690266,0.4118731563421829,0
5037,11702,37.0,1575.0,2.3,1733.0,320.0,2919,1220,554,4711,5101,1314,1474,1672,4711,SA,0,4.3684,2678.7839941397306,0.6196136701337296,0.2589683718955636,0.11759711313946083,0.07645559694177617,0.5918064105285502,0.354914030991297,0
5038,17401,36.0,1553.0,2.3,1733.0,315.0,4246,1668,1428,7373,7923,1876,2366,2842,7373,SA,0,5.7538,3024.262226702353,0.5758849857588498,0.2262308422623084,0.19367964193679643,0.06941814969077365,0.5753424657534246,0.38546046385460464,0
5039,9202,37.0,1554.0,2.4,1821.0,300.0,2599,562,595,3762,4068,970,1341,1273,3762,SA,0,4.6336,1985.9288674033148,0.690855927698033,0.1493886230728336,0.158160552897395,0.0752212389380531,0.614300903774588,0.3383838383838384,0
5040,2508,45.0,1468.0,2.4,2060.0,165.0,745,189,0,937,1003,370,300,249,937,SA,0,1.7647,1421.2047373491246,0.7950907150480256,0.2017075773745998,0.0,0.06580259222332996,0.7150480256136607,0.2657417289220918,0
5041,13540,42.0,2025.0,2.6,2000.0,320.0,3731,564,700,5020,5315,1896,1986,1021,5020,SA,0,6.2103,2180.2489412749787,0.7432270916334661,0.11235059760956176,0.1394422310756972,0.05550329256820319,0.7733067729083666,0.20338645418326692,0
5042,11832,36.0,1476.0,2.4,1625.0,315.0,2992,1196,309,4529,4841,1253,1497,1484,4529,SA,0,8.6535,1367.3080256543597,0.6606314859792448,0.26407595495694414,0.06822698167365865,0.06444949390621768,0.6071980569662178,0.3276661514683153,0
5043,20327,38.0,1307.0,2.2,1614.0,300.0,4876,2730,1100,8736,9288,2210,2601,3536,8736,SA,0,8.2184,2473.3524773678573,0.5581501831501832,0.3125,0.1259157509157509,0.05943152454780365,0.550709706959707,0.40476190476190477,0
5044,11578,47.0,1724.0,2.3,2000.0,350.0,2887,1590,280,4768,5282,1836,1557,1081,4768,SA,0,4.1037,2821.356336964203,0.605494966442953,0.3334731543624161,0.0587248322147651,0.09731162438470276,0.7116191275167785,0.22671979865771813,0
5045,16071,47.0,1600.0,2.1,1950.0,330.0,2920,2326,1962,7271,8447,2506,1884,2583,7271,SA,0,5.7699,2785.3169032392243,0.40159537890248936,0.31990097648191446,0.26983908678311097,0.13922102521605306,0.6037683949938111,0.35524687113189385,0
5046,9756,40.0,1421.0,2.2,1733.0,335.0,2388,1565,194,4160,4539,1260,1389,1388,4160,SA,0,4.0234,2424.81483322563,0.5740384615384615,0.3762019230769231,0.046634615384615385,0.08349856796651245,0.6367788461538462,0.33365384615384613,0
5047,8981,37.0,1434.0,2.4,1733.0,350.0,2548,1066,25,3655,3879,1033,1248,1285,3655,SA,0,4.1823,2147.3830189130385,0.6971272229822162,0.29165526675786596,0.006839945280437756,0.0577468419695798,0.6240766073871409,0.35157318741450067,0
5048,15510,47.0,1576.0,2.3,1850.0,350.0,4308,1753,267,6361,6887,2334,2039,1632,6361,SA,0,5.8082,2670.362590819875,0.6772520044018236,0.27558559974846725,0.04197453230624116,0.07637578045593152,0.687470523502594,0.2565634334224179,0
5049,10380,44.0,1853.0,2.5,1852.0,375.0,3392,384,195,3999,4278,1651,1609,676,3999,SA,0,9.1543,1133.8933615896356,0.8482120530132533,0.09602400600150038,0.04876219054763691,0.06521739130434778,0.8152038009502376,0.1690422605651413,0
5050,5734,45.0,1871.0,2.6,1800.0,380.0,1919,202,0,2128,2238,888,888,247,2128,SA,0,6.5603,874.0453942655062,0.9017857142857143,0.09492481203007519,0.0,0.04915102770330648,0.8345864661654135,0.11607142857142858,0
5051,15130,42.0,2172.0,2.7,1950.0,375.0,5043,140,266,5457,5709,2101,2766,516,5457,SA,0,17.6845,855.5514716276966,0.9241341396371633,0.025655121861828844,0.0487447315374748,0.044140830267997866,0.8918819864394356,0.09455744914788346,0
5052,6756,45.0,2168.0,2.6,2000.0,380.0,2246,190,13,2466,2584,1003,1116,205,2466,SA,0,16.0248,421.5965253856523,0.910786699107867,0.0770478507704785,0.0052716950527169504,0.04566563467492257,0.8592862935928629,0.08313057583130576,0
5061,9752,44.0,2291.0,2.4,2383.0,375.0,2544,607,771,3928,4296,1610,1157,1084,3928,SA,0,4.0391,2414.3992473570843,0.6476578411405295,0.1545315682281059,0.19628309572301425,0.08566108007448792,0.7044297352342159,0.2759674134419552,0
5062,15502,44.0,2194.0,2.6,2167.0,340.0,4057,810,904,5790,6208,2452,2108,1084,5790,SA,0,16.5077,939.076915621195,0.7006908462867012,0.13989637305699482,0.15613126079447323,0.0673324742268041,0.7875647668393783,0.18721934369602763,0
5063,12742,42.0,1916.0,2.3,2078.0,380.0,2718,1397,1031,5155,5635,1717,1455,1725,5155,SA,0,3.8585,3302.319554230919,0.5272550921435499,0.2709990300678953,0.2,0.08518189884649507,0.6153249272550921,0.33462657613967023,0
5064,10756,46.0,2131.0,2.6,2556.0,400.0,2715,709,356,3795,4085,1639,1306,606,3795,SA,0,7.8875,1363.6767036450078,0.7154150197628458,0.1868247694334651,0.0938076416337286,0.07099143206854341,0.7760210803689065,0.15968379446640316,0
5065,10987,43.0,1859.0,2.4,2167.0,335.0,2412,1362,600,4381,4826,1754,1141,1210,4381,SA,0,4.2878,2562.3863053314053,0.5505592330518146,0.3108879251312486,0.13695503309746634,0.09220886862826361,0.660808034695275,0.2761926500798904,0
5066,12237,45.0,2399.0,2.7,2455.0,410.0,3626,721,101,4462,4794,2070,1701,580,4462,SA,0,9.0577,1351.0052220762445,0.8126400717167189,0.16158673240699237,0.022635589421783953,0.06925323320817689,0.8451367099955177,0.12998655311519497,0
5067,10773,40.0,1820.0,2.1,2150.0,380.0,1850,1934,983,4793,5419,1502,1062,2031,4793,SA,0,3.9255,2744.3637753152466,0.3859795535155435,0.40350511162111413,0.20509075735447527,0.11551946853663042,0.5349467974128937,0.4237429584811183,0
5068,12648,44.0,1725.0,2.3,2000.0,340.0,2758,1544,912,5247,5721,1911,1383,1585,5247,SA,0,5.0515,2503.8107492823915,0.5256336954450161,0.29426338860301127,0.17381360777587193,0.08285264813843729,0.62778730703259,0.30207737754907565,0
5069,8387,41.0,1976.0,2.3,2179.0,330.0,2161,749,477,3420,3725,1252,957,1062,3420,SA,0,3.8454,2181.04748530712,0.6318713450292398,0.21900584795321637,0.1394736842105263,0.08187919463087245,0.645906432748538,0.3105263157894737,0
5070,15393,41.0,1507.0,2.2,1828.0,320.0,3708,1429,1333,6483,7022,2058,1805,2195,6483,SA,0,6.2151,2476.7099483515954,0.5719574271170754,0.22042264383772944,0.20561468455961746,0.07675875818855027,0.5958661113681938,0.338577818910998,0
5072,13937,41.0,1797.0,2.5,2000.0,350.0,4001,888,535,5432,5839,1992,1782,1391,5432,SA,0,14.2129,980.5880573282019,0.7365611192930781,0.1634756995581738,0.09849042709867452,0.06970371638979278,0.6947717231222386,0.25607511045655373,0
5073,16831,40.0,1667.0,2.5,1842.0,350.0,4883,863,733,6482,6909,2471,2113,1747,6482,SA,0,7.5046,2242.7577752311918,0.7533168775069423,0.13313792039493982,0.1130823819808701,0.06180344478216815,0.7071891391545819,0.269515581610614,0
5074,14380,39.0,1447.0,2.4,1707.0,335.0,3800,1271,659,5744,6171,1831,1795,1849,5744,SA,0,5.6525,2544.0070765148166,0.6615598885793872,0.22127437325905291,0.11472841225626741,0.06919461999675902,0.6312674094707521,0.32190111420612816,0
5075,11283,43.0,1477.0,2.5,1650.0,350.0,3539,537,299,4384,4645,1680,1459,1026,4384,SA,0,5.6065,2012.4855078926248,0.8072536496350365,0.12249087591240876,0.06820255474452555,0.056189451022604975,0.7160127737226277,0.23403284671532848,0
5076,9619,43.0,1938.0,2.7,1733.0,360.0,3008,461,79,3551,3694,1562,1451,453,3551,SA,0,10.6715,901.3728154430024,0.8470853280765981,0.1298225851872712,0.02224725429456491,0.038711423930698485,0.8484933821458744,0.12756969867642917,0
5081,9874,43.0,2056.0,2.4,2167.0,355.0,2481,881,528,3913,4293,1505,1109,1149,3913,SA,0,4.1957,2353.3617751507495,0.6340403782264248,0.22514694607717864,0.1349348326092512,0.08851618914511994,0.6680296447738309,0.29363659596217734,0
5082,16310,37.0,1995.0,2.5,1950.0,340.0,4241,1103,921,6290,6737,1860,2062,2197,6290,SA,0,5.6358,2893.999077327088,0.6742448330683625,0.17535771065182829,0.146422893481717,0.06635000742170105,0.6235294117647059,0.3492845786963434,0
5083,7953,37.0,1779.0,2.4,1795.0,320.0,2167,711,307,3194,3470,901,1089,1110,3194,SA,0,2.8234,2816.8166040943543,0.6784596117720726,0.22260488415779586,0.09611772072636193,0.0795389048991354,0.6230432060112712,0.3475266123982467,0
5084,10908,33.0,1314.0,2.7,1517.0,290.0,2322,1114,320,3784,4129,736,1017,1900,3784,SA,0,4.861,2243.9827196050196,0.6136363636363636,0.29439746300211417,0.08456659619450317,0.0835553402760959,0.4632663847780127,0.5021141649048626,0
5085,24786,34.0,1692.0,2.6,1642.0,350.0,6439,2103,397,8969,9591,1735,3619,3293,8969,SA,0,8.5266,2906.903103229892,0.717917270598729,0.23447430036793399,0.04426357453450775,0.0648524658534042,0.5969450328910693,0.36715352882149627,0
5086,17619,36.0,1574.0,2.6,1625.0,300.0,5178,980,438,6598,6995,1586,2472,2343,6598,SA,0,7.0027,2516.0295314664345,0.7847832676568657,0.14852985753258563,0.06638375265231888,0.05675482487491068,0.6150348590481964,0.35510760836617156,0
5087,12541,36.0,1536.0,2.4,1628.0,310.0,3644,822,490,5022,5340,1332,1633,1917,5022,SA,0,5.0299,2493.290125052188,0.7256073277578654,0.16367980884109917,0.09757068896853843,0.059550561797752755,0.5904022301871764,0.3817204301075269,0
5088,3716,37.0,1363.0,2.4,1500.0,300.0,1198,199,81,1476,1582,384,535,520,1476,SA,0,1.893,1963.0216587427365,0.8116531165311653,0.1348238482384824,0.054878048780487805,0.06700379266750944,0.6226287262872628,0.3523035230352303,0
5089,6956,41.0,2038.0,2.7,1733.0,369.0,2410,65,0,2482,2578,1032,1114,300,2482,SA,0,4.3298,1606.5407178160656,0.9709911361804996,0.026188557614826753,0.0,0.03723816912335143,0.8646253021756648,0.12087026591458501,0
5090,8184,46.0,1270.0,2.3,1517.0,320.0,2414,787,83,3296,3484,1076,1114,644,3296,SA,0,5.0538,1619.375519411136,0.7324029126213593,0.23877427184466019,0.025182038834951456,0.053960964408725554,0.6644417475728155,0.1953883495145631,0
5091,7872,42.0,1713.0,2.6,1582.0,340.0,2863,50,89,3002,3140,1188,1409,360,3002,SA,0,8.5918,916.2224446565331,0.9536975349766822,0.016655562958027982,0.029646902065289808,0.04394904458598725,0.8650899400399733,0.11992005329780146,0
5092,18288,39.0,1492.0,2.5,1471.0,335.0,6142,672,163,6997,7323,2387,2864,1540,6997,SA,0,9.4494,1935.360975300019,0.8778047734743462,0.096041160497356,0.023295698156352723,0.044517274341117075,0.750464484779191,0.2200943261397742,0
5093,9426,39.0,1417.0,2.5,1430.0,320.0,3245,198,138,3587,3783,1216,1431,839,3587,SA,0,4.3878,2148.229180910707,0.9046557011430164,0.055199330917201,0.03847226094229161,0.051810732223103395,0.7379425703930862,0.2339001951491497,0
5094,912,38.0,1320.0,2.6,1348.0,310.0,297,33,0,334,362,134,102,99,334,SA,0,30.8255,29.585894794893836,0.8892215568862275,0.09880239520958084,0.0,0.07734806629834257,0.7065868263473054,0.2964071856287425,0
5095,21372,34.0,1659.0,2.6,1517.0,350.0,5821,1263,798,7925,8410,1812,3092,2799,7925,SA,0,11.5079,1857.158995125088,0.7345110410094637,0.15936908517350157,0.10069400630914827,0.05766944114149819,0.618801261829653,0.35318611987381704,0
5096,13765,38.0,1442.0,2.6,1320.0,310.0,4610,453,49,5117,5377,1650,2188,1157,5117,SA,0,9.5243,1445.2505695956659,0.9009185069376587,0.08852843462966582,0.009575923392612859,0.04835410079970248,0.7500488567520032,0.22610904827047099,0
5097,13908,42.0,1564.0,2.4,1500.0,335.0,4689,230,531,5457,5721,1949,2404,897,5457,SA,0,6.991,1989.4149620941212,0.8592633315008247,0.04214770020157596,0.09730621220450797,0.046145778710015684,0.7976910390324354,0.16437603078614624,0
5098,13058,40.0,1375.0,2.5,1449.0,320.0,4336,381,135,4863,5118,1594,1856,1115,4863,SA,0,6.1001,2140.6206455631873,0.8916306806498047,0.0783466995681678,0.027760641579272053,0.04982415005861662,0.7094386181369525,0.2292823360065803,0
5106,99,79.0,525.0,1.1,,309.0,0,0,15,17,14,3,0,0,17,SA,0,6.6876,14.803516956755788,0.0,0.0,0.8823529411764706,-0.2142857142857142,0.17647058823529413,0.0,1
5107,18636,36.0,1385.0,2.9,1381.0,300.0,5537,513,134,6199,6458,1708,2499,1731,6199,SA,0,7.921,2352.73324075243,0.8932085820293596,0.08275528311017906,0.02161638974028069,0.04010529575720034,0.6786578480400065,0.27923858686884984,0
5108,43329,36.0,1226.0,2.7,1257.0,280.0,12213,2415,720,15377,16168,3750,6033,5180,15377,SA,0,18.3572,2360.327283027913,0.7942381478832022,0.1570527411068479,0.04682317747284906,0.04892380009896091,0.6362099239123367,0.3368667490407752,0
5109,20748,39.0,1255.0,2.5,1300.0,295.0,6858,818,145,7821,8239,2484,3253,1803,7821,SA,0,14.6034,1420.7650273224044,0.8768699654775605,0.10459020585602864,0.018539828666410945,0.05073431241655546,0.7335379107531006,0.2305331799002685,0
5110,9345,36.0,1403.0,2.8,1378.0,310.0,2836,100,0,3099,3267,884,1378,742,3099,SA,0,65.6776,142.28595441977174,0.91513391416586,0.032268473701193935,0.0,0.051423324150596916,0.7299128751210068,0.23943207486285897,0
5111,376,23.0,1350.0,1.0,,104.0,5,0,0,9,9,0,0,9,9,SA,0,18.7439,20.059859474282298,0.5555555555555556,0.0,0.0,0.0,0.0,1.0,0
5112,20445,37.0,992.0,2.5,1192.0,230.0,5069,2420,183,7682,8345,1655,2422,3306,7682,SA,0,14.8798,1374.0104033656366,0.6598542046342099,0.315022129653736,0.02382192137464202,0.07944877171959253,0.5307211663629263,0.43035667794845095,0
5113,19570,34.0,944.0,2.5,975.0,250.0,5082,2012,125,7232,7909,1389,2180,3398,7232,SA,0,12.5057,1564.886411796221,0.7027101769911505,0.2782079646017699,0.01728429203539823,0.08559868504235679,0.4935011061946903,0.46985619469026546,0
5114,36847,33.0,1481.0,2.8,1300.0,300.0,12070,522,73,12670,13291,2494,5975,3955,12670,SA,0,152.8286,241.10016057203953,0.9526440410418311,0.041199684293606945,0.005761641673243883,0.04672334662553612,0.668429360694554,0.31215469613259667,0
5115,13032,29.0,1439.0,2.7,1300.0,300.0,4301,289,7,4616,4873,502,2098,1926,4616,SA,0,19.7062,661.3147131359674,0.9317590987868284,0.06260831889081456,0.0015164644714038128,0.05273958547096247,0.5632582322357019,0.4172443674176776,0
5116,10731,38.0,1301.0,2.4,1387.0,300.0,3404,729,40,4232,4474,1146,1619,1294,4232,SA,0,23.5591,455.4927819823338,0.8043478260869565,0.17225897920604916,0.00945179584120983,0.054090299508270046,0.6533553875236295,0.305765595463138,0
5117,4051,35.0,2248.0,3.1,1827.0,350.0,1250,23,0,1276,1329,318,791,63,1276,SA,0,14.0543,288.23918658346554,0.9796238244514106,0.018025078369905956,0.0,0.039879608728367155,0.8691222570532915,0.0493730407523511,0
5118,19229,43.0,1488.0,2.5,1452.0,280.0,6367,942,85,7440,7926,2390,3201,1600,7440,SA,0,166.9373,115.18695941530144,0.8557795698924732,0.12661290322580646,0.0114247311827957,0.061317183951551835,0.7514784946236559,0.21505376344086022,0
5120,2859,35.0,1763.0,2.8,1733.0,300.0,835,19,0,947,1029,325,471,113,947,SA,0,86.1986,33.167592049058804,0.8817317845828934,0.02006335797254488,0.0,0.0796890184645287,0.8405491024287223,0.11932418162618796,0
5121,2347,37.0,1390.0,2.5,1454.0,333.0,872,9,0,885,946,320,421,120,885,SA,0,32.9719,71.18182452330622,0.9853107344632769,0.010169491525423728,0.0,0.06448202959830862,0.8372881355932204,0.13559322033898305,0
5125,20405,42.0,1841.0,2.6,1635.0,320.0,6909,686,3,7605,7850,2426,3452,1417,7605,SA,0,25.2564,807.9140336706736,0.9084812623274162,0.09020381328073636,0.0003944773175542406,0.03121019108280254,0.7729125575279422,0.18632478632478633,0
5126,7406,40.0,1809.0,2.6,1517.0,340.0,2729,63,0,2792,2904,944,1425,383,2792,SA,0,5.8067,1275.4232180067852,0.9774355300859598,0.022564469914040115,0.0,0.038567493112947604,0.8484957020057307,0.13717765042979943,0
5127,7865,42.0,1733.0,2.5,1517.0,310.0,2681,327,8,3022,3127,1097,1319,553,3022,SA,0,4.4199,1779.4520238014434,0.8871608206485772,0.10820648577101258,0.0026472534745201853,0.033578509753757646,0.799470549305096,0.18299139642620782,0
5131,979,49.0,2243.0,2.9,2000.0,395.0,330,3,0,329,354,165,151,7,329,SA,0,21.3011,45.96006778992634,1.0030395136778116,0.00911854103343465,0.0,0.07062146892655363,0.9604863221884499,0.02127659574468085,0
5132,435,47.0,2092.0,2.8,1950.0,263.0,147,0,0,147,157,74,59,9,147,SA,0,19.7554,22.019295989957175,1.0,0.0,0.0,0.06369426751592355,0.9047619047619048,0.061224489795918366,0
5133,378,47.0,2233.0,2.9,2000.0,300.0,123,0,0,123,132,56,56,9,123,SA,0,14.1,26.80851063829787,1.0,0.0,0.0,0.06818181818181823,0.9105691056910569,0.07317073170731707,0
5134,457,46.0,1895.0,2.7,2029.0,350.0,145,0,0,145,160,72,59,14,145,SA,0,36.5354,12.508416494687344,1.0,0.0,0.0,0.09375,0.903448275862069,0.09655172413793103,0
5136,548,41.0,2316.0,2.8,2167.0,315.0,175,5,0,179,190,70,83,19,179,SA,0,7.7715,70.51405777520428,0.9776536312849162,0.027932960893854747,0.0,0.05789473684210522,0.8547486033519553,0.10614525139664804,0
5137,550,50.0,2312.0,2.7,2016.0,350.0,193,0,0,192,210,96,75,14,192,SA,0,8.2627,66.564198143464,1.0052083333333333,0.0,0.0,0.08571428571428574,0.890625,0.07291666666666667,0
5138,364,43.0,1988.0,2.9,1907.0,363.0,116,0,0,116,135,41,49,19,116,SA,0,11.9523,30.45438953172193,1.0,0.0,0.0,0.14074074074074072,0.7758620689655172,0.16379310344827586,0
5139,290,38.0,2089.0,2.8,2000.0,330.0,97,0,0,97,120,47,38,13,97,SA,0,9.345,31.032637774210805,1.0,0.0,0.0,0.19166666666666665,0.8762886597938144,0.13402061855670103,0
5140,454,40.0,2625.0,2.7,2058.0,500.0,163,0,0,163,173,58,92,3,163,SA,0,3.7167,122.15137083972341,1.0,0.0,0.0,0.05780346820809246,0.9202453987730062,0.018404907975460124,0
5141,772,43.0,2241.0,2.9,2167.0,365.0,243,5,0,247,259,105,117,20,247,SA,0,13.1923,58.51898455917467,0.9838056680161943,0.020242914979757085,0.0,0.04633204633204635,0.8987854251012146,0.08097165991902834,0
5142,581,43.0,2079.0,2.5,1800.0,385.0,199,19,0,219,225,84,88,26,219,SA,0,3.4725,167.31461483081353,0.908675799086758,0.0867579908675799,0.0,0.026666666666666616,0.7853881278538812,0.1187214611872146,0
5144,428,53.0,1699.0,2.6,2200.0,300.0,159,0,0,159,185,78,61,18,159,SA,0,10.2028,41.94926882816482,1.0,0.0,0.0,0.14054054054054055,0.8742138364779874,0.11320754716981132,0
5150,57,44.0,2666.0,2.6,2300.0,260.0,20,0,0,20,22,8,8,5,20,SA,0,1.9558,29.1440842621945,1.0,0.0,0.0,0.09090909090909094,0.8,0.25,1
5151,405,41.0,2386.0,2.8,2100.0,280.0,138,0,0,138,146,56,58,16,138,SA,0,4.0978,98.83352042559422,1.0,0.0,0.0,0.0547945205479452,0.8260869565217391,0.11594202898550725,0
5152,6389,46.0,2430.0,2.6,2167.0,420.0,2266,53,31,2347,2496,1025,1024,204,2347,SA,0,32.833,194.59080802850792,0.9654878568385172,0.02258201959948871,0.013208351086493396,0.059695512820512775,0.8730293992330634,0.08691947166595654,0
5153,6732,45.0,2033.0,2.7,1733.0,340.0,2315,5,24,2356,2610,975,1134,177,2356,SA,0,208.0124,32.36345525555207,0.982597623089983,0.0021222410865874364,0.010186757215619695,0.09731800766283527,0.8951612903225806,0.07512733446519525,0
5154,3471,45.0,2561.0,2.8,2200.0,500.0,1186,0,0,1192,1253,542,564,71,1192,SA,0,8.4056,412.9389930522509,0.9949664429530202,0.0,0.0,0.04868316041500398,0.9278523489932886,0.05956375838926174,0
5155,3994,41.0,2074.0,2.6,1733.0,400.0,1484,15,3,1503,1591,536,784,150,1503,SA,0,15.0757,264.92965500772766,0.9873586161011311,0.00998003992015968,0.001996007984031936,0.05531112507856695,0.8782435129740519,0.0998003992015968,0
5156,1005,41.0,2229.0,2.7,1800.0,345.0,346,0,0,353,377,123,193,22,353,SA,0,7.3237,137.22571924027474,0.9801699716713881,0.0,0.0,0.06366047745358094,0.8951841359773371,0.06232294617563739,0
5157,3015,48.0,1936.0,2.7,1950.0,285.0,1049,5,0,1059,1159,484,469,72,1059,SA,0,191.7995,15.71954045761329,0.9905571293673276,0.004721435316336166,0.0,0.086281276962899,0.8999055712936733,0.0679886685552408,0
5158,25087,41.0,1857.0,2.6,1600.0,370.0,8881,378,3,9262,9619,3219,4646,1279,9262,SA,0,23.5018,1067.4501527542573,0.9588641762038437,0.04081191967177716,0.0003239041243791838,0.037114045119035266,0.8491686460807601,0.138091125026992,0
5159,33635,43.0,1801.0,2.6,1590.0,355.0,11696,724,13,12507,13037,4411,6045,1450,12507,SA,0,37.4231,898.7764241872,0.9351563124650196,0.05788758295354601,0.0010394179259614615,0.04065352458387661,0.836011833373311,0.11593507635723994,0
5160,23,48.0,725.0,1.6,2167.0,190.0,10,0,0,15,15,0,0,9,15,SA,0,9.9143,2.3198813834562197,0.6666666666666666,0.0,0.0,0.0,0.0,0.6,1
5161,10286,40.0,1334.0,2.4,1365.0,325.0,3726,469,12,4212,4403,1357,1895,775,4212,SA,0,7.7053,1334.9253111494686,0.8846153846153846,0.11134852801519468,0.002849002849002849,0.043379513967749306,0.7720797720797721,0.18399810066476732,0
5162,35328,41.0,1308.0,2.4,1300.0,300.0,12190,1770,72,14180,14874,4102,6088,3436,14180,SA,0,19.6861,1794.5657087996099,0.8596614950634697,0.12482369534555712,0.005077574047954866,0.04665859889740487,0.7186177715091678,0.24231311706629055,0
5163,14922,40.0,1209.0,2.4,1300.0,280.0,5175,490,103,5768,6067,1523,2530,1572,5768,SA,0,34.62,431.02253032928945,0.8971914008321775,0.08495145631067962,0.017857142857142856,0.04928300642821826,0.7026699029126213,0.2725381414701803,0
5164,5239,41.0,889.0,2.2,1148.0,250.0,1637,473,25,2130,2327,489,578,980,2130,SA,0,3.1934,1640.5711780547379,0.7685446009389671,0.2220657276995305,0.011737089201877934,0.08465835840137514,0.5009389671361503,0.460093896713615,0
5165,5962,39.0,1194.0,2.2,1395.0,325.0,1966,486,68,2545,2789,655,721,1097,2545,SA,0,2.8639,2081.7765983449144,0.7724950884086444,0.19096267190569743,0.026719056974459726,0.08748655432054497,0.5406679764243615,0.431041257367387,0
5166,1844,44.0,1072.0,2.2,1200.0,300.0,763,53,0,816,906,274,284,239,816,SA,0,1.8617,990.4925605629264,0.9350490196078431,0.06495098039215687,0.0,0.09933774834437081,0.6838235294117647,0.2928921568627451,0
5167,6303,43.0,1439.0,2.4,1517.0,340.0,2131,124,237,2503,2705,802,1002,613,2503,SA,0,5.7077,1104.297703102826,0.8513783459848182,0.049540551338393926,0.09468637634838194,0.07467652495378929,0.7207351178585697,0.24490611266480225,0
5168,5772,40.0,1250.0,2.3,1365.0,274.0,2055,141,124,2330,2468,539,978,693,2330,SA,0,9.0287,639.2946935882242,0.8819742489270386,0.06051502145922747,0.05321888412017167,0.05591572123176658,0.6510729613733905,0.2974248927038627,0
5169,20086,37.0,1527.0,2.5,1562.0,340.0,6817,287,462,7612,8030,1835,3482,2044,7612,SA,0,13.8186,1453.5481163070065,0.8955596426694693,0.037703625853914874,0.06069364161849711,0.05205479452054795,0.6985023646873357,0.26852338413032056,0
5170,1213,46.0,1380.0,2.4,1320.0,335.0,477,0,13,493,557,191,184,109,493,SA,0,6.5506,185.17387720208836,0.9675456389452333,0.0,0.02636916835699797,0.11490125673249552,0.7606490872210954,0.2210953346855984,0
5171,6265,49.0,1503.0,2.5,1733.0,330.0,2119,173,39,2373,2562,978,902,328,2373,SA,0,115.916,54.047758721833056,0.8929624947324062,0.07290349768225875,0.01643489254108723,0.07377049180327866,0.7922461019806153,0.13822166034555414,0
5172,4189,47.0,1809.0,2.6,1733.0,320.0,1475,17,18,1515,1632,644,633,193,1515,SA,0,170.8568,24.517607727640925,0.9735973597359736,0.011221122112211221,0.011881188118811881,0.0716911764705882,0.8429042904290429,0.12739273927392739,0
5173,13213,40.0,1290.0,2.5,1400.0,320.0,4559,389,26,5072,6183,1474,2102,1330,5072,SA,0,29.1294,453.5967098532754,0.8988564668769716,0.0766955835962145,0.005126182965299685,0.17968623645479542,0.7050473186119873,0.2622239747634069,0
5174,3004,42.0,1445.0,2.5,1463.0,315.0,1112,17,9,1143,1450,341,579,193,1143,SA,0,52.345,57.38848027509791,0.9728783902012248,0.014873140857392825,0.007874015748031496,0.2117241379310345,0.8048993875765529,0.16885389326334208,0
5201,2305,41.0,1973.0,2.7,1700.0,340.0,784,5,0,792,826,267,419,89,792,SA,0,139.5274,16.52005269215939,0.98989898989899,0.006313131313131313,0.0,0.041162227602905554,0.8661616161616161,0.11237373737373738,0
5202,938,40.0,1537.0,2.7,1404.0,300.0,324,0,0,323,413,111,167,36,323,SA,0,159.1826,5.89260383986692,1.0030959752321982,0.0,0.0,0.21791767554479424,0.8606811145510835,0.11145510835913312,0
5203,1320,56.0,1069.0,2.2,1300.0,250.0,531,18,0,555,635,241,183,92,555,SA,0,211.4116,6.243744430296162,0.9567567567567568,0.032432432432432434,0.0,0.12598425196850394,0.7639639639639639,0.16576576576576577,0
5204,3373,60.0,947.0,2.0,1227.0,278.0,1354,60,48,1505,3042,806,397,239,1505,SA,0,296.6796,11.36916727675243,0.8996677740863788,0.03986710963455149,0.03189368770764119,0.5052596975673899,0.7993355481727574,0.15880398671096346,0
5210,1877,41.0,1647.0,2.7,1541.0,340.0,624,0,0,642,685,199,358,66,642,SA,0,90.6108,20.714969959430885,0.9719626168224299,0.0,0.0,0.06277372262773717,0.867601246105919,0.102803738317757,0
5211,16845,60.0,994.0,2.1,1300.0,290.0,6587,675,118,7446,9857,3728,1784,1524,7446,SA,0,459.0188,36.69784331273578,0.8846360461993016,0.09065269943593876,0.0158474348643567,0.24459774779344623,0.7402632285791029,0.20467365028203063,0
5212,2251,61.0,1073.0,2.1,1210.0,280.0,879,29,41,954,1551,414,218,209,954,SA,0,21.2672,105.84374059584714,0.9213836477987422,0.03039832285115304,0.0429769392033543,0.38491295938104453,0.6624737945492662,0.2190775681341719,0
5213,1298,49.0,1330.0,2.3,1300.0,283.0,509,7,0,519,1243,238,181,92,519,SA,0,35.456,36.60875451263538,0.9807321772639692,0.01348747591522158,0.0,0.582461786001609,0.8073217726396917,0.17726396917148363,0
5214,9557,62.0,938.0,2.0,1198.0,277.0,3876,307,79,4326,6453,2168,987,895,4326,SA,0,272.024,35.1329294474017,0.8959778085991679,0.07096625057790107,0.018261673601479428,0.3296141329614133,0.7293111419325011,0.20688858067498844,0
5220,155,43.0,1100.0,2.3,880.0,200.0,56,0,0,59,76,20,22,18,59,SA,0,2.8044,55.270289545000715,0.9491525423728814,0.0,0.0,0.22368421052631582,0.711864406779661,0.3050847457627119,0
5221,331,62.0,861.0,1.8,711.0,200.0,151,3,0,154,267,94,27,32,154,SA,0,38.3922,8.621542917571798,0.9805194805194806,0.01948051948051948,0.0,0.42322097378277157,0.7857142857142857,0.2077922077922078,0
5222,678,56.0,1004.0,2.0,1053.0,220.0,291,0,0,295,658,145,84,55,295,SA,0,385.7746,1.7575029563895601,0.9864406779661017,0.0,0.0,0.5516717325227963,0.7762711864406779,0.1864406779661017,0
5223,3734,48.0,1209.0,2.2,1083.0,211.0,1344,45,21,1430,2041,584,413,332,1430,SA,0,3973.767,0.9396625418651874,0.9398601398601398,0.03146853146853147,0.014685314685314685,0.2993630573248408,0.6972027972027972,0.23216783216783216,0
5231,1284,46.0,1912.0,2.6,1733.0,300.0,450,0,0,465,496,184,232,36,465,SA,0,99.4012,12.917349086328937,0.967741935483871,0.0,0.0,0.0625,0.8946236559139785,0.07741935483870968,0
5232,425,52.0,1875.0,2.8,1888.0,120.0,143,0,0,143,157,76,63,6,143,SA,0,42.9974,9.884318586705243,1.0,0.0,0.0,0.08917197452229297,0.972027972027972,0.04195804195804196,0
5233,1513,48.0,1787.0,2.6,1625.0,280.0,522,0,10,532,590,218,230,71,532,SA,0,77.5345,19.513893815011382,0.981203007518797,0.0,0.018796992481203006,0.09830508474576272,0.8421052631578947,0.13345864661654136,0
5234,1376,43.0,1754.0,2.7,1602.0,320.0,467,12,0,477,519,193,226,53,477,SA,0,43.6525,31.521676879903783,0.9790356394129979,0.025157232704402517,0.0,0.08092485549132944,0.8784067085953878,0.1111111111111111,0
5235,2640,48.0,1365.0,2.4,1420.0,250.0,979,3,21,1029,1170,416,464,111,1029,SA,0,383.4232,6.885342358000246,0.9514091350826045,0.0029154518950437317,0.02040816326530612,0.12051282051282053,0.8551992225461613,0.10787172011661808,0
5236,342,45.0,1192.0,2.4,1408.0,250.0,138,0,0,138,167,51,71,13,138,SA,0,129.8575,2.6336561230579676,1.0,0.0,0.0,0.17365269461077848,0.8840579710144928,0.09420289855072464,0
5237,358,50.0,1192.0,2.3,1092.0,225.0,143,0,0,149,166,65,73,6,149,SA,0,198.108,1.807095119833626,0.959731543624161,0.0,0.0,0.10240963855421692,0.9261744966442953,0.040268456375838924,0
5238,4422,57.0,838.0,2.0,1083.0,215.0,1785,61,13,1933,3221,968,480,395,1933,SA,0,1487.5633,2.9726466093913446,0.9234350750129333,0.03155716502845318,0.006725297465080186,0.3998758149642968,0.7490946714950854,0.20434557682359028,0
5240,534,43.0,1968.0,2.8,1733.0,325.0,184,0,0,184,213,77,80,22,184,SA,0,22.0768,24.188288157704015,1.0,0.0,0.0,0.136150234741784,0.8532608695652174,0.11956521739130435,0
5241,2534,43.0,1529.0,2.5,1473.0,310.0,872,83,5,959,1032,314,456,140,959,SA,0,26.1921,96.74672897553079,0.9092805005213764,0.08654848800834203,0.005213764337851929,0.07073643410852715,0.8029197080291971,0.145985401459854,0
5242,1756,44.0,1851.0,2.7,1647.0,335.0,595,29,0,622,675,252,270,86,622,SA,0,31.6068,55.55766480630751,0.9565916398713826,0.04662379421221865,0.0,0.07851851851851854,0.8392282958199357,0.1382636655948553,0
5243,865,48.0,2024.0,2.5,1824.0,340.0,307,10,3,319,354,134,134,44,319,SA,0,26.981,32.059597494533186,0.9623824451410659,0.03134796238244514,0.009404388714733543,0.09887005649717517,0.8401253918495298,0.13793103448275862,0
5244,4451,45.0,1714.0,2.6,1625.0,320.0,1485,76,28,1589,1767,588,683,246,1589,SA,0,223.481,19.91668195506553,0.934550031466331,0.04782882315921964,0.01762114537444934,0.10073571024335026,0.7998741346758967,0.15481434864694776,0
5245,3252,51.0,1788.0,2.5,1978.0,350.0,1024,71,22,1171,1245,515,417,179,1171,SA,0,31.6551,102.73226115223139,0.874466268146883,0.06063193851409052,0.018787361229718188,0.05943775100401605,0.7959009393680615,0.15286080273270708,0
5250,3767,41.0,2127.0,2.8,1733.0,370.0,1284,16,5,1313,1386,458,680,146,1313,SA,0,15.1988,247.84851435639655,0.9779131759329779,0.012185833968012186,0.003808073115003808,0.052669552669552644,0.8667174409748667,0.11119573495811119,0
5251,19184,37.0,1634.0,2.5,1625.0,350.0,6706,546,35,7329,7844,1785,3119,2086,7329,SA,0,102.369,187.4004825679649,0.9149952244508118,0.07449856733524356,0.004775549188156638,0.06565527791942882,0.6691226633920043,0.28462273161413565,0
5252,6783,37.0,1768.0,2.6,1500.0,340.0,2427,29,0,2473,2623,629,1342,460,2473,SA,0,115.3918,58.78233981964056,0.9813991103922362,0.011726647796198949,0.0,0.057186427754479574,0.7970076829761423,0.18600889607763849,0
5253,19261,43.0,1083.0,2.3,1116.0,240.0,6610,806,35,7551,8547,2374,2231,2591,7551,SA,0,874.8933,22.015256031792678,0.8753807442722819,0.10674082902926765,0.00463514766256125,0.11653211653211648,0.6098529996027017,0.3431333598198914,0
5254,2502,44.0,1369.0,2.5,1300.0,250.0,915,0,0,925,1186,373,423,89,925,SA,0,666.2306,3.75545644406006,0.9891891891891892,0.0,0.0,0.2200674536256324,0.8605405405405405,0.09621621621621622,0
5255,10143,47.0,1364.0,2.5,1517.0,300.0,3672,159,3,3865,4208,1537,1560,644,3865,SA,0,818.4968,12.392229267115033,0.9500646830530401,0.04113842173350582,0.0007761966364812419,0.08151140684410652,0.801293661060802,0.1666235446313066,0
5256,1547,56.0,874.0,2.0,1083.0,250.0,649,0,3,683,978,322,237,92,683,SA,0,180.1728,8.586201690821257,0.9502196193265008,0.0,0.004392386530014641,0.30163599182004086,0.8184480234260615,0.13469985358711567,0
5259,1111,49.0,1255.0,2.3,1127.0,150.0,430,3,0,439,635,189,103,106,439,SA,0,1764.7897,0.6295367657687485,0.979498861047836,0.00683371298405467,0.0,0.3086614173228347,0.6651480637813212,0.24145785876993167,0
5260,1797,49.0,912.0,2.2,879.0,225.0,681,31,0,726,861,298,239,153,726,SA,0,285.3978,6.29647460491987,0.9380165289256198,0.04269972451790634,0.0,0.15679442508710806,0.7396694214876033,0.21074380165289255,0
5261,335,45.0,1163.0,2.4,889.0,150.0,122,0,0,126,160,62,33,17,126,SA,0,1136.2253,0.2948358921421658,0.9682539682539683,0.0,0.0,0.21250000000000002,0.753968253968254,0.1349206349206349,0
5262,476,44.0,1458.0,2.4,1017.0,200.0,170,0,0,173,215,85,47,26,173,SA,0,555.4355,0.8569851945005315,0.9826589595375722,0.0,0.0,0.1953488372093023,0.7630057803468208,0.15028901734104047,0
5263,135,53.0,1708.0,2.1,1135.0,75.0,53,0,0,56,81,24,15,19,56,SA,0,110.6898,1.2196245724538304,0.9464285714285714,0.0,0.0,0.308641975308642,0.6964285714285714,0.3392857142857143,0
5264,1287,54.0,1039.0,2.1,1042.0,198.0,510,3,5,525,747,241,121,128,525,SA,0,1656.9953,0.7767070914443752,0.9714285714285714,0.005714285714285714,0.009523809523809525,0.29718875502008035,0.6895238095238095,0.2438095238095238,0
5265,428,48.0,1088.0,2.1,467.0,150.0,169,12,0,177,226,79,34,40,177,SA,0,1080.5249,0.39610378252273504,0.9548022598870056,0.06779661016949153,0.0,0.2168141592920354,0.6384180790960452,0.22598870056497175,0
5266,611,37.0,1461.0,2.3,845.0,150.0,233,4,0,236,292,98,42,60,236,SA,0,2013.9485,0.30338412327822684,0.9872881355932204,0.01694915254237288,0.0,0.1917808219178082,0.5932203389830508,0.2542372881355932,0
5267,2026,42.0,1412.0,2.4,773.0,170.0,741,8,0,760,872,289,229,173,760,SA,0,3257.9964,0.6218545852291304,0.975,0.010526315789473684,0.0,0.12844036697247707,0.6815789473684211,0.22763157894736843,0
5268,3695,41.0,1483.0,2.4,888.0,220.0,1285,72,0,1367,1557,472,480,332,1367,SA,0,1753.5089,2.1072034478980974,0.9400146305779078,0.05267008046817849,0.0,0.12202954399486188,0.6964155084125823,0.24286759326993415,0
5269,293,38.0,1449.0,2.7,672.0,138.0,93,0,5,95,110,44,25,16,95,SA,0,286.9416,1.0211137039732128,0.9789473684210527,0.0,0.05263157894736842,0.13636363636363635,0.7263157894736842,0.16842105263157894,0
5270,624,47.0,1829.0,2.5,1000.0,200.0,227,0,0,227,267,112,74,21,227,SA,0,531.5749,1.173870323824545,1.0,0.0,0.0,0.14981273408239704,0.8193832599118943,0.09251101321585903,0
5271,7663,41.0,1425.0,2.4,1083.0,225.0,2744,130,0,2902,3326,1100,921,723,2902,SA,0,2741.1321,2.79556027234149,0.9455547898001379,0.044796691936595454,0.0,0.12748045700541188,0.6964162646450723,0.24913852515506546,0
5272,908,44.0,1442.0,2.5,758.0,150.0,317,3,4,333,416,163,69,51,333,SA,0,1923.2811,0.47210987515033553,0.9519519519519519,0.009009009009009009,0.012012012012012012,0.19951923076923073,0.6966966966966966,0.15315315315315314,0
5273,112,41.0,1562.0,2.5,1033.0,120.0,46,0,0,46,54,18,9,14,46,SA,0,316.5935,0.3537659490798137,1.0,0.0,0.0,0.14814814814814814,0.5869565217391305,0.30434782608695654,0
5275,2380,53.0,1155.0,2.1,1170.0,200.0,951,37,9,1009,1738,478,251,201,1009,SA,0,3123.7224,0.7619114937998331,0.9425173439048563,0.036669970267591674,0.008919722497522299,0.41944764096662834,0.7224975222993062,0.199207135777998,0
5276,1335,54.0,1227.0,2.1,1207.0,250.0,538,14,4,559,1410,265,142,120,559,SA,0,543.9247,2.454383851294122,0.962432915921288,0.025044722719141325,0.007155635062611807,0.6035460992907802,0.7280858676207513,0.2146690518783542,0
5277,2885,47.0,1253.0,2.2,867.0,190.0,1090,50,7,1165,1381,472,386,239,1165,SA,0,1201.5858,2.40099375342152,0.9356223175965666,0.04291845493562232,0.006008583690987125,0.1564083997103548,0.736480686695279,0.20515021459227467,0
5278,529,48.0,1179.0,2.3,874.0,162.0,200,0,0,198,244,95,61,32,198,SA,0,305.7036,1.7304343161153484,1.0101010101010102,0.0,0.0,0.1885245901639344,0.7878787878787878,0.16161616161616163,0
5279,557,48.0,1175.0,2.3,618.0,150.0,207,0,0,207,244,94,77,26,207,SA,0,473.5082,1.1763259854845176,1.0,0.0,0.0,0.15163934426229508,0.8260869565217391,0.12560386473429952,0
5280,7561,50.0,1095.0,2.2,975.0,175.0,2735,181,113,3045,3782,1347,928,630,3045,SA,0,1958.323,3.8609565429196304,0.8981937602627258,0.059441707717569785,0.03711001642036125,0.1948704389212057,0.7471264367816092,0.20689655172413793,0
5290,25591,41.0,1197.0,2.2,1083.0,220.0,8084,1484,934,10528,11690,3216,3385,3426,10528,SA,0,26.7965,955.0127815199745,0.7678571428571429,0.14095744680851063,0.08871580547112462,0.09940119760479038,0.6269946808510638,0.3254179331306991,0
5291,10151,43.0,1861.0,2.7,1458.0,220.0,3140,12,5,3238,3992,1303,1478,321,3238,SA,0,1741.1815,5.82994937632866,0.9697344039530574,0.0037059913526868438,0.0015441630636195182,0.18887775551102204,0.8588634959851761,0.09913526868437307,0
5301,503,51.0,1134.0,2.3,550.0,100.0,205,0,0,206,248,109,42,27,206,SA,0,1980.3561,0.2539947234742277,0.9951456310679612,0.0,0.0,0.16935483870967738,0.7330097087378641,0.13106796116504854,0
5302,855,46.0,1368.0,2.3,867.0,161.0,320,0,11,333,406,149,79,77,333,SA,0,4004.2753,0.21352178258073315,0.960960960960961,0.0,0.03303303303303303,0.17980295566502458,0.6846846846846847,0.23123123123123124,0
5303,159,40.0,1687.0,2.4,661.0,200.0,57,0,0,57,87,34,7,5,57,SA,0,739.8952,0.21489529868554355,1.0,0.0,0.0,0.3448275862068966,0.7192982456140351,0.08771929824561403,0
5304,840,42.0,1237.0,2.1,563.0,155.0,339,0,0,352,430,168,91,59,352,SA,0,1682.471,0.499265663420053,0.9630681818181818,0.0,0.0,0.1813953488372093,0.7357954545454546,0.16761363636363635,0
5306,72,55.0,1062.0,2.1,488.0,23.0,26,0,0,26,54,23,3,0,26,SA,0,314.7244,0.2287715855523118,1.0,0.0,0.0,0.5185185185185186,1.0,0.0,1
5307,560,54.0,831.0,2.1,559.0,170.0,223,0,0,236,303,117,58,35,236,SA,0,1073.8818,0.5214726611438987,0.9449152542372882,0.0,0.0,0.22112211221122113,0.7415254237288136,0.1483050847457627,0
5308,138,45.0,924.0,2.2,589.0,123.0,52,0,0,50,75,25,12,3,50,SA,0,1286.2452,0.10728903011649722,1.04,0.0,0.0,0.33333333333333337,0.74,0.06,0
5309,135,45.0,966.0,2.7,363.0,135.0,41,0,0,41,80,24,8,0,41,SA,0,1288.1845,0.10479865267746973,1.0,0.0,0.0,0.48750000000000004,0.7804878048780488,0.0,0
5310,32,42.0,1125.0,2.9,657.0,,12,0,0,12,12,3,10,0,12,SA,0,443.0505,0.07222652948140224,1.0,0.0,0.0,0.0,1.0833333333333333,0.0,1
5311,398,49.0,1097.0,2.3,650.0,155.0,146,0,0,152,188,88,29,20,152,SA,0,3234.6057,0.12304436364531232,0.9605263157894737,0.0,0.0,0.19148936170212771,0.7697368421052632,0.13157894736842105,0
5320,699,57.0,789.0,1.9,832.0,180.0,292,4,10,317,950,166,72,53,317,SA,0,1820.4801,0.38396464756741916,0.9211356466876972,0.012618296529968454,0.031545741324921134,0.6663157894736842,0.750788643533123,0.167192429022082,0
5321,547,47.0,866.0,2.1,672.0,145.0,135,0,0,142,239,69,37,26,142,SA,0,176.2185,3.1041008747662704,0.9507042253521126,0.0,0.0,0.40585774058577406,0.7464788732394366,0.18309859154929578,0
5322,942,50.0,1261.0,2.3,975.0,180.0,386,0,0,391,471,184,115,69,391,SA,0,91.681,10.274757037990424,0.9872122762148338,0.0,0.0,0.1698513800424628,0.7647058823529411,0.17647058823529413,0
5330,3376,49.0,1032.0,2.2,1000.0,200.0,1200,150,0,1371,1597,553,343,367,1371,SA,0,1842.389,1.8324034717966728,0.87527352297593,0.10940919037199125,0.0,0.14151534126487164,0.6535375638220278,0.26768781911013856,0
5331,312,53.0,1257.0,2.2,1213.0,150.0,116,0,0,126,145,59,44,22,126,SA,0,83.815,3.7224840422358767,0.9206349206349206,0.0,0.0,0.13103448275862073,0.8174603174603174,0.1746031746031746,0
5332,375,52.0,1134.0,2.3,867.0,190.0,151,0,0,151,212,71,47,20,151,SA,0,292.1294,1.2836777126848582,1.0,0.0,0.0,0.28773584905660377,0.7814569536423841,0.13245033112582782,0
5333,6121,45.0,1243.0,2.3,1083.0,225.0,2110,229,42,2408,2675,902,781,565,2408,SA,0,720.6351,8.493896564294468,0.8762458471760798,0.09509966777408638,0.01744186046511628,0.09981308411214951,0.6989202657807309,0.2346345514950166,0
5340,1457,43.0,1377.0,2.4,1083.0,200.0,491,20,8,538,599,215,174,120,538,SA,0,679.6897,2.1436252454612745,0.912639405204461,0.03717472118959108,0.01486988847583643,0.10183639398998334,0.7230483271375465,0.22304832713754646,0
5341,7914,44.0,1193.0,2.3,1083.0,200.0,2639,405,66,3153,3532,1130,987,866,3153,SA,0,479.9619,16.488808799198434,0.8369806533460197,0.12844909609895339,0.02093244529019981,0.10730464326160816,0.6714240405962575,0.2746590548683793,0
5342,1110,47.0,1488.0,2.5,1148.0,230.0,409,15,0,426,483,165,186,52,426,SA,0,213.2351,5.20552198019932,0.960093896713615,0.035211267605633804,0.0,0.11801242236024845,0.823943661971831,0.12206572769953052,0
5343,4977,43.0,1075.0,2.2,1083.0,210.0,1670,307,65,2073,2350,678,512,793,2073,SA,0,202.1922,24.61519287094161,0.8055957549445248,0.14809454896285576,0.03135552339604438,0.11787234042553196,0.5740472744814279,0.38253738543174143,0
5344,919,48.0,1482.0,2.5,1083.0,205.0,328,4,0,328,396,131,136,44,328,SA,0,31.468,29.20427100546587,1.0,0.012195121951219513,0.0,0.1717171717171717,0.8140243902439024,0.13414634146341464,0
5345,3545,47.0,1100.0,2.2,1041.0,200.0,1289,162,17,1487,1707,550,462,372,1487,SA,0,205.3057,17.2669341377273,0.8668459986550101,0.1089441829186281,0.011432414256893073,0.1288810779144698,0.6805648957632818,0.25016812373907193,0
5346,375,50.0,1277.0,2.4,867.0,195.0,134,4,0,147,165,69,41,33,147,SA,0,15.3753,24.389768004526744,0.9115646258503401,0.027210884353741496,0.0,0.10909090909090913,0.7482993197278912,0.22448979591836735,0
5350,553,41.0,2205.0,3.0,1733.0,300.0,186,0,0,186,186,63,103,14,186,SA,0,32.1523,17.199391645387735,1.0,0.0,0.0,0.0,0.8924731182795699,0.07526881720430108,0
5351,6195,43.0,1786.0,2.7,1517.0,300.0,2156,34,0,2220,2383,765,1144,250,2220,SA,0,284.0785,21.807352545159173,0.9711711711711711,0.015315315315315315,0.0,0.06840117498950904,0.8599099099099099,0.11261261261261261,0
5352,5332,48.0,1489.0,2.3,1500.0,300.0,1949,162,16,2133,2354,902,705,415,2133,SA,0,108.5768,49.10809675731832,0.913736521331458,0.0759493670886076,0.007501172058134084,0.09388275276125746,0.753398968588842,0.1945616502578528,0
5353,3922,47.0,1307.0,2.4,1300.0,250.0,1382,125,39,1552,1990,648,565,275,1552,SA,0,1027.7626,3.816056353870047,0.8904639175257731,0.08054123711340207,0.025128865979381444,0.22010050251256286,0.7815721649484536,0.17719072164948454,0
5354,416,59.0,818.0,1.7,650.0,200.0,150,0,0,160,470,96,23,20,160,SA,0,891.3339,0.46671623282812424,0.9375,0.0,0.0,0.6595744680851063,0.74375,0.125,0
5355,8281,44.0,1384.0,2.4,1391.0,295.0,3112,166,11,3316,3568,1190,1220,684,3316,SA,0,158.1546,52.360158983678,0.9384800965018094,0.05006031363088058,0.0033172496984318458,0.070627802690583,0.726779252110977,0.20627261761158022,0
5356,799,44.0,1472.0,2.6,1171.0,252.0,278,3,0,281,356,114,127,35,281,SA,0,666.0608,1.1995901875624568,0.9893238434163701,0.010676156583629894,0.0,0.2106741573033708,0.8576512455516014,0.12455516014234876,0
5357,442,57.0,890.0,2.0,867.0,170.0,174,0,0,183,509,80,47,28,183,SA,0,1117.9594,0.3953631947636023,0.9508196721311475,0.0,0.0,0.6404715127701375,0.6939890710382514,0.15300546448087432,0
5360,1229,43.0,1867.0,2.7,1452.0,315.0,396,10,0,408,443,163,201,37,408,SA,0,34.4409,35.684317192640144,0.9705882352941176,0.024509803921568627,0.0,0.07900677200902939,0.8921568627450981,0.09068627450980392,0
5371,1333,38.0,1985.0,2.9,1560.0,300.0,426,0,0,432,467,157,225,29,432,SA,0,112.6509,11.8330168689287,0.9861111111111112,0.0,0.0,0.07494646680942185,0.8842592592592593,0.06712962962962964,0
5372,2688,33.0,1755.0,2.9,1400.0,330.0,877,8,8,891,919,212,545,117,891,SA,0,88.8786,30.24350068520431,0.9842873176206509,0.008978675645342313,0.008978675645342313,0.030467899891186034,0.8496071829405163,0.13131313131313133,0
5373,3447,49.0,1202.0,2.3,1152.0,245.0,1339,53,0,1419,1559,584,546,250,1419,SA,0,453.1664,7.606477444047043,0.9436222692036645,0.037350246652572236,0.0,0.08980115458627325,0.7963354474982381,0.17618040873854826,0
5374,1493,51.0,963.0,2.2,936.0,200.0,593,11,3,607,759,300,174,107,607,SA,0,1373.3476,1.0871246288994862,0.9769357495881383,0.018121911037891267,0.004942339373970346,0.2002635046113307,0.7808896210873146,0.17627677100494235,0
5381,336,53.0,739.0,2.1,542.0,200.0,142,5,3,145,203,82,37,16,145,SA,0,652.6147,0.5148520252455239,0.9793103448275862,0.034482758620689655,0.020689655172413793,0.2857142857142857,0.8206896551724138,0.1103448275862069,0
5400,1063,32.0,1708.0,2.7,1473.0,275.0,322,0,0,323,354,90,206,20,323,SA,0,171.4652,6.19950870497337,0.9969040247678018,0.0,0.0,0.08757062146892658,0.9164086687306502,0.06191950464396285,0
5401,832,45.0,1166.0,2.5,1018.0,220.0,300,8,0,308,363,109,125,60,308,SA,0,269.0932,3.091865569252586,0.974025974025974,0.025974025974025976,0.0,0.1515151515151515,0.7597402597402597,0.19480519480519481,0
5410,319,43.0,1463.0,2.6,1207.0,233.0,108,0,0,120,135,39,57,17,120,SA,0,88.1949,3.6169891909849663,0.9,0.0,0.0,0.11111111111111116,0.8,0.14166666666666666,0
5411,337,45.0,1388.0,2.7,1083.0,245.0,113,0,0,112,127,39,55,21,112,SA,0,102.5527,3.2861153338722433,1.0089285714285714,0.0,0.0,0.11811023622047245,0.8392857142857143,0.1875,0
5412,1191,57.0,1012.0,2.1,975.0,225.0,486,22,0,508,571,238,153,92,508,SA,0,218.3209,5.455272491089951,0.9566929133858267,0.04330708661417323,0.0,0.11033274956217165,0.7696850393700787,0.18110236220472442,0
5413,826,51.0,982.0,2.2,780.0,200.0,320,28,0,352,422,174,99,63,352,SA,0,502.8396,1.642670943179495,0.9090909090909091,0.07954545454545454,0.0,0.16587677725118488,0.7755681818181818,0.17897727272727273,0
5414,134,51.0,1152.0,2.2,1083.0,188.0,51,0,0,56,69,23,19,10,56,SA,0,93.3548,1.4353841473603928,0.9107142857142857,0.0,0.0,0.18840579710144922,0.75,0.17857142857142858,0
5415,247,52.0,1451.0,2.4,1475.0,295.0,96,3,0,101,151,47,27,10,101,SA,0,130.8943,1.8870187624671206,0.9504950495049505,0.0297029702970297,0.0,0.33112582781456956,0.7326732673267327,0.09900990099009901,0
5416,209,49.0,1125.0,2.3,835.0,200.0,84,0,0,83,117,39,34,16,83,SA,0,167.9489,1.2444261319961012,1.0120481927710843,0.0,0.0,0.29059829059829057,0.8795180722891566,0.1927710843373494,0
5417,1501,52.0,919.0,2.1,875.0,183.0,571,51,4,627,813,293,150,137,627,SA,0,19250.0739,0.07797372663592736,0.9106858054226475,0.08133971291866028,0.006379585326953748,0.22878228782287824,0.7065390749601276,0.21850079744816586,0
5418,125,50.0,833.0,2.3,402.0,175.0,49,0,0,49,65,32,8,10,49,SA,0,546.1272,0.22888440641667362,1.0,0.0,0.0,0.24615384615384617,0.8163265306122449,0.20408163265306123,0
5419,245,45.0,916.0,2.3,763.0,130.0,98,0,0,98,145,53,18,14,98,SA,0,1432.8203,0.17099143556243585,1.0,0.0,0.0,0.32413793103448274,0.7244897959183674,0.14285714285714285,0
5420,78,40.0,1625.0,2.6,555.0,120.0,25,0,0,25,39,11,8,8,25,SA,0,279.6993,0.2788709160158785,1.0,0.0,0.0,0.3589743589743589,0.76,0.32,1
5421,135,56.0,589.0,1.8,298.0,135.0,51,0,0,57,83,30,17,6,57,SA,0,318.5731,0.42376459280460277,0.8947368421052632,0.0,0.0,0.3132530120481928,0.8245614035087719,0.10526315789473684,0
5422,1662,54.0,731.0,1.9,585.0,155.0,700,22,0,724,944,378,154,151,724,SA,0,3115.844,0.533402827612679,0.9668508287292817,0.03038674033149171,0.0,0.23305084745762716,0.7348066298342542,0.2085635359116022,0
5431,857,54.0,1053.0,2.2,641.0,150.0,338,4,0,341,460,203,83,38,341,SA,0,2402.9504,0.3566448978722157,0.9912023460410557,0.011730205278592375,0.0,0.258695652173913,0.8387096774193549,0.11143695014662756,0
5432,148,41.0,1187.0,2.4,780.0,120.0,44,0,0,48,94,27,8,3,48,SA,0,8075.8496,0.0183262452039721,0.9166666666666666,0.0,0.0,0.4893617021276596,0.7291666666666666,0.0625,0
5433,1304,53.0,1031.0,2.1,962.0,200.0,494,20,13,532,700,235,163,104,532,SA,0,1490.1463,0.8750818627674343,0.9285714285714286,0.03759398496240601,0.02443609022556391,0.24,0.7481203007518797,0.19548872180451127,0
5434,405,51.0,1220.0,2.2,689.0,135.0,132,5,0,151,232,61,28,44,151,SA,0,9367.7992,0.04323320679204994,0.8741721854304636,0.033112582781456956,0.0,0.34913793103448276,0.5894039735099338,0.2913907284768212,0
5440,169,49.0,1024.0,1.8,79.0,75.0,70,0,0,70,139,32,5,17,70,SA,0,50272.1189,0.003361704334288563,1.0,0.0,0.0,0.49640287769784175,0.5285714285714286,0.24285714285714285,0
5451,702,54.0,1241.0,2.1,1207.0,235.0,306,11,0,315,374,150,105,54,315,SA,0,141.8682,4.948254788599559,0.9714285714285714,0.03492063492063492,0.0,0.15775401069518713,0.8095238095238095,0.17142857142857143,0
5452,452,43.0,1437.0,2.7,1300.0,280.0,157,3,0,161,204,74,58,27,161,SA,0,70.8572,6.379027113687811,0.9751552795031055,0.018633540372670808,0.0,0.21078431372549022,0.8198757763975155,0.16770186335403728,0
5453,5100,45.0,1411.0,2.3,1330.0,250.0,1903,107,0,2030,2360,801,680,465,2030,SA,0,544.4627,9.367032856428915,0.9374384236453202,0.05270935960591133,0.0,0.13983050847457623,0.7295566502463054,0.229064039408867,0
5454,391,43.0,1112.0,2.4,704.0,150.0,148,0,0,149,178,71,38,26,149,SA,0,545.5774,0.7166719149290275,0.9932885906040269,0.0,0.0,0.1629213483146067,0.7315436241610739,0.174496644295302,0
5455,42,38.0,1437.0,2.4,1300.0,165.0,18,0,0,16,24,8,4,4,16,SA,0,92.2952,0.45506158500117017,1.125,0.0,0.0,0.33333333333333337,0.75,0.25,1
5460,743,41.0,1243.0,2.6,1083.0,220.0,272,0,0,275,320,102,127,30,275,SA,0,313.4522,2.3703773653526756,0.9890909090909091,0.0,0.0,0.140625,0.8327272727272728,0.10909090909090909,0
5461,2598,45.0,1145.0,2.4,1029.0,227.0,921,103,0,1031,1174,418,312,239,1031,SA,0,871.5763,2.9808061554679726,0.8933074684772065,0.09990300678952474,0.0,0.12180579216354348,0.7080504364694471,0.2318137730358875,0
5462,518,42.0,1269.0,2.5,997.0,230.0,171,24,0,196,218,74,83,33,196,SA,0,159.1215,3.255374038077821,0.8724489795918368,0.12244897959183673,0.0,0.1009174311926605,0.8010204081632653,0.1683673469387755,0
5464,572,46.0,1309.0,2.4,737.0,183.0,195,19,0,213,282,104,60,34,213,SA,0,812.8317,0.7037127119919167,0.9154929577464789,0.0892018779342723,0.0,0.24468085106382975,0.7699530516431925,0.1596244131455399,0
5470,147,56.0,1050.0,2.2,737.0,150.0,60,0,0,60,78,35,12,6,60,SA,0,180.8056,0.8130279150645776,1.0,0.0,0.0,0.23076923076923073,0.7833333333333333,0.1,0
5471,80,53.0,1312.0,2.1,400.0,,39,0,0,39,49,22,11,0,39,SA,0,127.8191,0.6258845509004523,1.0,0.0,0.0,0.20408163265306123,0.8461538461538461,0.0,1
5472,186,53.0,875.0,1.9,325.0,83.0,82,0,0,84,107,48,22,12,84,SA,0,172.3594,1.0791404472282917,0.9761904761904762,0.0,0.0,0.2149532710280374,0.8333333333333334,0.14285714285714285,0
5473,745,51.0,935.0,2.1,650.0,160.0,302,12,0,314,388,145,88,53,314,SA,0,204.7636,3.638341970936241,0.9617834394904459,0.03821656050955414,0.0,0.19072164948453607,0.7420382165605095,0.16878980891719744,0
5480,886,49.0,1034.0,2.3,867.0,200.0,342,15,0,358,433,174,98,70,358,SA,0,256.6451,3.4522381296194626,0.9553072625698324,0.04189944134078212,0.0,0.17321016166281755,0.7597765363128491,0.19553072625698323,0
5481,498,59.0,980.0,2.0,867.0,155.0,228,0,0,235,299,134,69,15,235,SA,0,352.449,1.4129703872049573,0.9702127659574468,0.0,0.0,0.21404682274247488,0.8638297872340426,0.06382978723404255,0
5482,482,55.0,1240.0,2.3,988.0,180.0,185,0,9,192,262,108,44,35,192,SA,0,440.7632,1.0935577198822406,0.9635416666666666,0.0,0.046875,0.26717557251908397,0.7916666666666666,0.18229166666666666,0
5483,342,48.0,1416.0,2.3,1230.0,180.0,124,0,0,129,167,72,38,16,129,SA,0,328.6549,1.040605206251299,0.9612403100775194,0.0,0.0,0.22754491017964074,0.8527131782945736,0.12403100775193798,0
5485,667,51.0,1260.0,2.4,1083.0,200.0,230,0,0,240,295,138,66,30,240,SA,0,601.7359,1.1084597079881722,0.9583333333333334,0.0,0.0,0.18644067796610164,0.85,0.125,0
5490,171,44.0,1305.0,2.6,520.0,130.0,56,0,0,57,78,32,15,0,57,SA,0,262.8676,0.65051759897378,0.9824561403508771,0.0,0.0,0.2692307692307693,0.8245614035087719,0.0,0
5491,1797,48.0,1265.0,2.2,975.0,210.0,732,18,0,761,894,353,230,142,761,SA,0,777.598,2.3109627339576493,0.961892247043364,0.023653088042049936,0.0,0.14876957494407161,0.7660972404730617,0.18659658344283836,0
5493,67,56.0,833.0,2.2,888.0,200.0,20,0,0,29,29,18,9,0,29,SA,0,18.8997,3.5450298152880735,0.6896551724137931,0.0,0.0,0.0,0.9310344827586207,0.0,1
5495,583,59.0,938.0,1.9,929.0,189.0,264,0,0,271,419,148,76,34,271,SA,0,548.9596,1.062008934719422,0.974169741697417,0.0,0.0,0.3532219570405728,0.8265682656826568,0.12546125461254612,0
5501,8156,40.0,1708.0,2.8,1590.0,290.0,2795,6,4,2813,3168,791,1661,265,2813,SA,0,655.7071,12.43848053498277,0.9936011375755421,0.002132954141485958,0.0014219694276573053,0.11205808080808077,0.8716672591539282,0.09420547458229649,0
5502,1716,40.0,1555.0,2.6,1213.0,295.0,547,9,3,590,650,214,248,106,590,SA,0,356.5446,4.81286212159713,0.9271186440677966,0.015254237288135594,0.005084745762711864,0.09230769230769231,0.7830508474576271,0.17966101694915254,0
5510,104,50.0,1208.0,2.1,867.0,175.0,44,0,0,48,55,27,7,5,48,SA,0,128.0996,0.811868265006292,0.9166666666666666,0.0,0.0,0.12727272727272732,0.7083333333333334,0.10416666666666667,0
5520,540,52.0,862.0,2.1,630.0,150.0,225,6,0,235,299,111,64,43,235,SA,0,516.7301,1.0450329872403408,0.9574468085106383,0.02553191489361702,0.0,0.21404682274247488,0.7446808510638298,0.1829787234042553,0
5521,147,49.0,916.0,2.1,602.0,175.0,60,6,0,61,83,34,10,9,61,SA,0,157.8364,0.9313441006003685,0.9836065573770492,0.09836065573770492,0.0,0.2650602409638554,0.7213114754098361,0.14754098360655737,0
5522,1511,62.0,931.0,1.9,1300.0,225.0,622,44,8,684,1235,365,115,143,684,SA,0,378.4738,3.9923503291377105,0.9093567251461988,0.06432748538011696,0.011695906432748537,0.4461538461538461,0.7017543859649122,0.20906432748538012,0
5523,1944,49.0,1131.0,2.3,970.0,189.0,712,44,0,762,889,364,220,142,762,SA,0,966.8183,2.010719077204062,0.9343832020997376,0.05774278215223097,0.0,0.1428571428571429,0.7664041994750657,0.18635170603674542,0
5540,15241,44.0,1060.0,2.2,960.0,185.0,5382,818,106,6353,7192,2129,2020,1973,6353,SA,0,746.8247,20.40773423803471,0.8471588226034944,0.12875806705493467,0.01668503069416024,0.11665739710789769,0.6530772863214229,0.3105619392413033,0
5550,958,42.0,1174.0,2.3,867.0,223.0,364,14,3,393,500,124,96,127,393,SA,0,594.0299,1.6127134341217504,0.926208651399491,0.035623409669211195,0.007633587786259542,0.21399999999999997,0.5597964376590331,0.3231552162849873,0
5552,351,41.0,1288.0,2.5,729.0,193.0,127,0,0,127,185,73,26,17,127,SA,0,585.505,0.5994824980145345,1.0,0.0,0.0,0.31351351351351353,0.7795275590551181,0.13385826771653545,0
5554,5389,45.0,1169.0,2.3,1127.0,250.0,2005,107,3,2142,2402,874,669,514,2142,SA,0,431.7849,12.480751411177186,0.9360410830999066,0.049953314659197015,0.0014005602240896359,0.10824313072439629,0.7203548085901027,0.23996265172735762,0
5555,518,55.0,1025.0,2.2,835.0,190.0,206,0,0,206,285,122,46,19,206,SA,0,605.9659,0.8548335805694677,1.0,0.0,0.0,0.2771929824561403,0.8155339805825242,0.09223300970873786,0
5556,4426,56.0,916.0,2.1,1213.0,250.0,1730,128,7,1888,2891,808,432,556,1888,SA,0,146.5314,30.20513009498306,0.9163135593220338,0.06779661016949153,0.003707627118644068,0.34693877551020413,0.6567796610169492,0.2944915254237288,0
5558,5214,59.0,969.0,2.1,1200.0,250.0,2028,161,12,2224,3405,1130,558,411,2224,SA,0,429.9849,12.126007215602224,0.9118705035971223,0.07239208633093525,0.00539568345323741,0.34684287812041115,0.7589928057553957,0.18480215827338128,0
5560,454,49.0,946.0,2.3,823.0,150.0,178,0,3,183,239,110,43,21,183,SA,0,363.8128,1.2478945215781303,0.9726775956284153,0.0,0.01639344262295082,0.2343096234309623,0.8360655737704918,0.11475409836065574,0
5570,597,60.0,790.0,1.9,796.0,200.0,258,7,0,282,459,173,55,32,282,SA,0,199.1415,2.997868349891911,0.9148936170212766,0.024822695035460994,0.0,0.3856209150326797,0.8085106382978723,0.11347517730496454,0
5571,1978,61.0,916.0,2.0,1083.0,230.0,770,50,0,884,1663,485,171,177,884,SA,0,523.3894,3.7792129531091,0.8710407239819005,0.05656108597285068,0.0,0.46843054720384847,0.7420814479638009,0.2002262443438914,0
5572,157,48.0,1437.0,2.4,650.0,170.0,57,3,0,64,78,34,20,8,64,SA,0,145.011,1.0826764866113605,0.890625,0.046875,0.0,0.17948717948717952,0.84375,0.125,0
5573,2206,51.0,1088.0,2.3,899.0,180.0,798,23,4,838,1508,424,199,158,838,SA,0,1116.713,1.9754404220242803,0.9522673031026253,0.027446300715990454,0.00477326968973747,0.4442970822281167,0.7434367541766109,0.18854415274463007,0
5575,2391,57.0,1001.0,2.1,1050.0,200.0,985,11,6,1011,2176,555,234,166,1011,SA,0,1367.3234,1.7486718943009387,0.9742828882294757,0.010880316518298714,0.005934718100890208,0.5353860294117647,0.7804154302670623,0.1641938674579624,0
5576,1133,55.0,932.0,2.1,964.0,200.0,457,9,0,474,637,254,105,92,474,SA,0,474.9031,2.3857498508643133,0.9641350210970464,0.0189873417721519,0.0,0.25588697017268447,0.7573839662447257,0.1940928270042194,0
5577,574,53.0,968.0,2.0,728.0,160.0,235,0,0,240,628,121,66,38,240,SA,0,958.4969,0.5988543103269296,0.9791666666666666,0.0,0.0,0.6178343949044586,0.7791666666666667,0.15833333333333333,0
5580,363,54.0,1093.0,2.2,859.0,200.0,153,0,0,162,299,99,38,13,162,SA,0,303.4677,1.1961734313075165,0.9444444444444444,0.0,0.0,0.4581939799331104,0.845679012345679,0.08024691358024691,0
5581,568,65.0,938.0,1.8,1170.0,250.0,257,8,14,281,751,172,51,51,281,SA,0,78.0889,7.273761059510379,0.9145907473309609,0.028469750889679714,0.0498220640569395,0.6258322237017311,0.7935943060498221,0.18149466192170818,0
5582,603,61.0,937.0,2.0,1127.0,250.0,258,0,0,268,508,156,60,42,268,SA,0,60.8014,9.917534793606727,0.9626865671641791,0.0,0.0,0.4724409448818898,0.8059701492537313,0.15671641791044777,0
5583,838,62.0,794.0,1.9,997.0,205.0,359,13,4,385,840,219,86,63,385,SA,0,73.8878,11.341520521655807,0.9324675324675324,0.033766233766233764,0.01038961038961039,0.5416666666666667,0.7922077922077922,0.16363636363636364,0
5600,6150,45.0,1548.0,2.2,1300.0,200.0,2041,363,137,2559,2942,902,918,663,2559,SA,0,7.4834,821.8189592965765,0.7975771785853849,0.141852286049238,0.053536537710042985,0.13018354860639025,0.7112153184837827,0.25908558030480655,0
5601,88,66.0,1125.0,2.0,1300.0,,32,0,0,33,110,25,6,0,33,SA,0,1077.4276,0.081676021664936,0.9696969696969697,0.0,0.0,0.7,0.9393939393939394,0.0,1
5602,1349,51.0,1197.0,2.3,1005.0,200.0,419,72,4,503,793,245,116,107,503,SA,0,3268.8785,0.4126797615757209,0.8330019880715706,0.14314115308151093,0.007952286282306162,0.3656998738965952,0.7176938369781312,0.21272365805168986,0
5603,422,47.0,1105.0,2.4,898.0,178.0,146,10,0,156,278,88,38,25,156,SA,0,1596.9115,0.26426010458312815,0.9358974358974359,0.0641025641025641,0.0,0.4388489208633094,0.8076923076923077,0.16025641025641027,0
5604,218,56.0,850.0,1.8,1250.0,194.0,91,3,0,95,203,52,14,21,95,SA,0,268.3582,0.8123470793886678,0.9578947368421052,0.031578947368421054,0.0,0.5320197044334976,0.6947368421052632,0.22105263157894736,0
5605,1852,56.0,1067.0,2.0,1200.0,220.0,695,58,49,824,1018,419,179,181,824,SA,0,593.6214,3.1198336178581165,0.8434466019417476,0.0703883495145631,0.05946601941747573,0.1905697445972495,0.7257281553398058,0.2196601941747573,0
5606,14459,41.0,1243.0,2.3,1300.0,240.0,4721,653,352,5780,6538,1822,1758,1954,5780,SA,0,43.1102,335.39626352928076,0.8167820069204152,0.1129757785467128,0.06089965397923876,0.11593759559498318,0.6193771626297578,0.33806228373702424,0
5607,5360,44.0,1504.0,2.5,1387.0,250.0,1811,9,0,1854,2732,796,719,222,1854,SA,0,6425.4928,0.8341772634155002,0.97680690399137,0.0048543689320388345,0.0,0.32137628111273797,0.8171521035598706,0.11974110032362459,0
5608,13041,41.0,974.0,2.1,975.0,170.0,2263,3106,236,5646,6595,1331,1562,2573,5646,SA,0,30.3203,430.1078815183227,0.4008147360963514,0.5501239815798795,0.04179950407368048,0.14389689158453378,0.5123981579879561,0.4557208643287283,0
5609,1961,33.0,1970.0,2.5,1580.0,265.0,688,27,34,748,823,146,288,310,748,SA,0,3.0669,639.4078711402393,0.9197860962566845,0.03609625668449198,0.045454545454545456,0.0911300121506683,0.5802139037433155,0.4144385026737968,0
5611,125,54.0,584.0,1.8,412.0,130.0,61,0,0,60,91,34,8,11,60,SA,0,4441.1343,0.028145962620405335,1.0166666666666666,0.0,0.0,0.34065934065934067,0.7,0.18333333333333332,0
5630,129,42.0,1687.0,2.6,650.0,150.0,47,0,0,47,56,21,21,6,47,SA,0,261.0052,0.4942430265757157,1.0,0.0,0.0,0.1607142857142857,0.8936170212765957,0.1276595744680851,0
5631,1063,41.0,1587.0,2.5,1083.0,180.0,379,12,0,395,458,181,105,85,395,SA,0,683.4725,1.5552930073997127,0.959493670886076,0.030379746835443037,0.0,0.13755458515283847,0.7240506329113924,0.21518987341772153,0
5632,231,32.0,1978.0,2.9,758.0,163.0,69,0,0,71,98,35,7,13,71,SA,0,839.6315,0.2751206928277465,0.971830985915493,0.0,0.0,0.2755102040816326,0.5915492957746479,0.18309859154929578,0
5633,286,38.0,1125.0,2.3,433.0,123.0,101,0,0,104,157,49,19,23,104,SA,0,1180.1993,0.2423319518999884,0.9711538461538461,0.0,0.0,0.33757961783439494,0.6538461538461539,0.22115384615384615,0
5640,1029,49.0,1141.0,2.2,905.0,165.0,405,6,0,416,461,202,110,72,416,SA,0,1185.2382,0.868179915227167,0.9735576923076923,0.014423076923076924,0.0,0.0976138828633406,0.75,0.17307692307692307,0
5641,1005,43.0,1273.0,2.4,860.0,150.0,358,6,4,373,544,192,90,69,373,SA,0,5586.1412,0.17990952323224482,0.9597855227882037,0.0160857908847185,0.010723860589812333,0.31433823529411764,0.7560321715817694,0.18498659517426275,0
5642,234,42.0,1051.0,2.5,228.0,100.0,80,3,0,86,120,49,17,10,86,SA,0,1840.0653,0.12716939991205747,0.9302325581395349,0.03488372093023256,0.0,0.2833333333333333,0.7674418604651163,0.11627906976744186,0
5650,167,33.0,1812.0,3.1,1517.0,350.0,45,0,0,48,80,29,3,0,48,SA,0,1115.3651,0.1497267576329939,0.9375,0.0,0.0,0.4,0.6666666666666666,0.0,0
5651,63,52.0,1125.0,2.3,1390.0,100.0,24,0,0,24,25,20,0,4,24,SA,0,393.2341,0.16020991058506878,1.0,0.0,0.0,0.040000000000000036,0.8333333333333334,0.16666666666666666,1
5652,656,43.0,1389.0,2.3,932.0,160.0,234,7,0,251,316,109,63,69,251,SA,0,844.3886,0.7768934824558266,0.9322709163346613,0.027888446215139442,0.0,0.20569620253164556,0.6852589641434262,0.2749003984063745,0
5653,66,42.0,1749.0,2.9,564.0,100.0,17,0,0,17,21,7,10,7,17,SA,0,482.186,0.1368766409642752,1.0,0.0,0.0,0.19047619047619047,1.0,0.4117647058823529,1
5654,230,46.0,1166.0,2.3,511.0,100.0,81,0,0,88,122,46,17,7,88,SA,0,2855.7105,0.08054037690445162,0.9204545454545454,0.0,0.0,0.2786885245901639,0.7159090909090909,0.07954545454545454,0
5655,106,39.0,1125.0,3.0,433.0,55.0,33,0,0,31,46,18,7,6,31,SA,0,2572.3108,0.041208084186405466,1.064516129032258,0.0,0.0,0.32608695652173914,0.8064516129032258,0.1935483870967742,0
5660,39,30.0,2124.0,2.8,,50.0,13,0,0,13,19,10,0,0,13,SA,0,465.7152,0.08374216688654354,1.0,0.0,0.0,0.3157894736842105,0.7692307692307693,0.0,1
5661,147,39.0,1149.0,2.5,325.0,111.0,45,0,0,45,60,23,14,3,45,SA,0,1186.1577,0.12392955843898329,1.0,0.0,0.0,0.25,0.8222222222222222,0.06666666666666667,0
5670,494,45.0,1256.0,2.3,1083.0,200.0,178,0,0,189,289,101,50,26,189,SA,0,3448.4145,0.14325424046326218,0.9417989417989417,0.0,0.0,0.3460207612456747,0.798941798941799,0.13756613756613756,0
5671,169,44.0,774.0,2.3,823.0,100.0,58,0,0,63,135,36,14,3,63,SA,0,1024.5239,0.1649546682122301,0.9206349206349206,0.0,0.0,0.5333333333333333,0.7936507936507936,0.047619047619047616,0
5680,2123,49.0,1130.0,2.3,1264.0,240.0,778,5,8,815,1274,387,214,157,815,SA,0,6743.6481,0.31481476620940524,0.9546012269938651,0.006134969325153374,0.0098159509202454,0.3602825745682888,0.7374233128834355,0.19263803680981595,0
5690,3954,39.0,1357.0,2.5,1224.0,160.0,1311,53,25,1437,1804,444,308,595,1437,SA,0,191146.9986,0.02068565046252314,0.9123173277661796,0.03688239387613083,0.017397355601948505,0.20343680709534373,0.523312456506611,0.4140570633263744,0
5700,11042,40.0,1199.0,2.2,1083.0,200.0,3366,586,358,4359,5362,1346,1066,1794,4359,SA,0,1098.2879,10.053830147814612,0.7721954576737784,0.13443450332645102,0.08212892865336087,0.18705706825811264,0.553337921541638,0.4115622849277357,0
5701,30,44.0,899.0,2.7,,200.0,0,0,0,8,8,4,0,0,8,SA,0,179.1206,0.1674849235654637,0.0,0.0,0.0,0.0,0.5,0.0,1
5710,2793,35.0,1831.0,2.6,1306.0,250.0,767,3,0,785,866,270,371,120,785,SA,0,68.0933,41.017251330160235,0.9770700636942675,0.003821656050955414,0.0,0.09353348729792144,0.8165605095541402,0.15286624203821655,0
5713,20,36.0,1375.0,2.0,,12.0,6,0,0,5,14,0,0,0,5,SA,0,14020.4814,0.0014264845428203343,1.2,0.0,0.0,0.6428571428571428,0.0,0.0,1
5715,30,43.0,1625.0,2.4,,,7,0,0,12,18,3,0,0,12,SA,0,7238.6761,0.004144404250937544,0.5833333333333334,0.0,0.0,0.33333333333333337,0.25,0.0,1
5717,35,47.0,1208.0,2.2,,75.0,11,0,0,18,23,7,0,0,18,SA,0,27097.7527,0.0012916200242686546,0.6111111111111112,0.0,0.0,0.21739130434782605,0.3888888888888889,0.0,1
5719,61,33.0,2166.0,1.9,,330.0,10,0,0,16,24,8,0,9,16,SA,0,30193.1935,0.0020203228916477484,0.625,0.0,0.0,0.33333333333333337,0.5,0.5625,1
5720,252,40.0,1761.0,1.7,,100.0,79,3,6,90,234,13,0,41,90,SA,0,28341.6471,0.008891508637830722,0.8777777777777778,0.03333333333333333,0.06666666666666667,0.6153846153846154,0.14444444444444443,0.45555555555555555,0
5722,262,57.0,703.0,1.7,867.0,150.0,115,0,0,131,502,74,26,22,131,SA,0,23.8165,11.000776772405684,0.8778625954198473,0.0,0.0,0.7390438247011952,0.7633587786259542,0.16793893129770993,0
5723,1812,46.0,766.0,1.9,628.0,160.0,603,13,41,695,1166,283,94,218,695,SA,0,78520.4521,0.02307679020610224,0.8676258992805755,0.01870503597122302,0.058992805755395686,0.4039451114922813,0.5424460431654676,0.31366906474820144,0
5724,84,35.0,2083.0,2.1,1540.0,113.0,13,0,0,24,22,7,4,6,24,SA,0,39211.1945,0.0021422453733206215,0.5416666666666666,0.0,0.0,-0.09090909090909083,0.4583333333333333,0.25,1
5725,3976,31.0,3140.0,2.7,1517.0,260.0,1158,0,33,1195,1541,81,259,802,1195,SA,0,288.3624,13.788205397097542,0.9690376569037656,0.0,0.027615062761506277,0.22452952628163525,0.28451882845188287,0.6711297071129707,0
5730,115,43.0,1375.0,2.4,330.0,98.0,32,0,0,40,47,18,3,3,40,SA,0,5245.9302,0.021921755649741585,0.8,0.0,0.0,0.14893617021276595,0.525,0.075,0
5731,234,39.0,1541.0,2.1,1600.0,84.0,49,0,0,56,144,4,0,37,56,SA,0,70900.3407,0.003300407271526694,0.875,0.0,0.0,0.6111111111111112,0.07142857142857142,0.6607142857142857,0
5732,146,46.0,641.0,2.0,792.0,90.0,51,0,0,60,106,22,5,24,60,SA,0,10976.0128,0.013301733758911067,0.85,0.0,0.0,0.4339622641509434,0.45,0.4,0
5733,129,48.0,900.0,1.9,3900.0,80.0,36,0,0,49,104,18,0,19,49,SA,0,70087.4897,0.001840556717784686,0.7346938775510204,0.0,0.0,0.5288461538461539,0.3673469387755102,0.3877551020408163,0
5734,114,39.0,706.0,2.6,,75.0,26,6,0,39,78,0,0,34,39,SA,0,65518.5933,0.0017399640965734837,0.6666666666666666,0.15384615384615385,0.0,0.5,0.0,0.8717948717948718,0
5950,4,51.0,,,,,0,0,0,0,0,0,0,0,0,SA,0,7.2952,0.548305735277991,,,,,,,1
6000,13812,33.0,1964.0,1.8,1959.0,400.0,528,697,4817,6064,7787,753,1234,3959,6064,WA,0,4.6082,2997.2657436743198,0.0870712401055409,0.11494063324538259,0.7943601583113457,0.22126621291896753,0.32767150395778366,0.6528693931398417,0
6003,3652,33.0,1843.0,1.8,1733.0,380.0,250,330,1128,1724,2066,252,388,1042,1724,WA,0,0.8384,4355.916030534351,0.14501160092807425,0.191415313225058,0.654292343387471,0.16553727008712493,0.37122969837587005,0.6044083526682135,0
6004,11681,35.0,2005.0,1.8,1950.0,410.0,214,338,4999,5564,7032,891,1137,3418,5564,WA,0,3.2049,3644.731504883148,0.038461538461538464,0.06074766355140187,0.8984543493889289,0.20875995449374285,0.3644859813084112,0.6143062544931703,0
6005,6102,35.0,1918.0,1.8,1772.0,400.0,265,373,2308,2949,3589,437,557,1872,2949,WA,0,6.3411,962.2936083644794,0.08986096982027807,0.1264835537470329,0.7826381824347236,0.17832265254945667,0.3370634113258732,0.6347914547304171,0
6006,9623,38.0,2323.0,2.3,2473.0,400.0,2539,720,618,3883,4298,1123,1385,1281,3883,WA,0,3.0669,3137.6960448661516,0.6538758691733196,0.18542364151429308,0.15915529229976821,0.09655653792461605,0.6458923512747875,0.32989956219417976,0
6007,8095,36.0,2349.0,2.1,2167.0,420.0,1575,864,1013,3478,3884,864,1105,1417,3478,WA,0,2.9761,2720.0026880817177,0.4528464634847614,0.2484186313973548,0.2912593444508338,0.1045314109165808,0.566129959746981,0.40741805635422657,0
6008,16131,40.0,2234.0,2.2,2600.0,420.0,3299,1217,2338,6864,7707,2158,1746,2793,6864,WA,0,7.0905,2275.015866299979,0.4806235431235431,0.1773018648018648,0.34061771561771564,0.1093810821331257,0.5687645687645687,0.40690559440559443,0
6009,18936,37.0,2610.0,2.6,3521.0,450.0,4230,901,1135,6274,6982,2687,1503,1910,6274,WA,0,9.7498,1942.1936860243286,0.6742110296461588,0.14360854319413452,0.18090532355753905,0.10140360928100833,0.6678355116353204,0.3044309850175327,0
6010,18863,43.0,2417.0,2.4,3000.0,460.0,4092,1427,1556,7093,7948,2887,1992,1912,7093,WA,0,15.4324,1222.298540732485,0.5769068095305231,0.2011842661779219,0.219371211053151,0.10757423251132359,0.6878612716763006,0.2695615395460313,0
6011,9346,44.0,3454.0,2.5,4000.0,550.0,2405,413,596,3415,3952,1564,898,868,3415,WA,0,4.8188,1939.487009213912,0.7042459736456809,0.12093704245973645,0.17452415812591507,0.13588056680161942,0.7209370424597364,0.2541727672035139,0
6012,9169,42.0,2132.0,2.4,3000.0,300.0,2160,507,843,3520,3933,1209,1033,1194,3520,WA,0,4.3472,2109.1737210158262,0.6136363636363636,0.14403409090909092,0.23948863636363638,0.10500889905924227,0.6369318181818182,0.3392045454545455,0
6014,22092,39.0,2289.0,2.5,2732.0,312.0,5074,1075,2199,8358,9137,2870,2754,2367,8358,WA,0,9.5822,2305.524827283922,0.6070830342187126,0.1286192869107442,0.26310122038765255,0.08525774324176427,0.672888250777698,0.28320172290021534,0
6015,6805,47.0,3700.0,2.8,4000.0,750.0,2022,123,164,2309,2500,1151,749,244,2309,WA,0,9.8073,693.8708920905856,0.8757037678648766,0.05326981377219576,0.07102641836292767,0.07640000000000002,0.822867042009528,0.10567345171069727,0
6016,10818,36.0,2328.0,2.5,2266.0,343.0,2395,916,773,4109,4474,1042,1486,1494,4109,WA,0,3.1658,3417.1457451513047,0.5828668775857873,0.22292528595765393,0.18812363105378438,0.08158247653106843,0.6152348503285471,0.363592114869798,0
6017,4507,34.0,1475.0,1.9,1546.0,290.0,379,1249,515,2146,2355,384,546,1172,2146,WA,0,8.0995,556.4541021050682,0.1766076421248835,0.5820130475302889,0.23998136067101583,0.08874734607218682,0.43336439888164024,0.5461323392357875,0
6018,42250,39.0,2210.0,2.5,2200.0,400.0,10560,4436,1048,16105,17444,5150,6175,4252,16105,WA,0,18.7931,2248.1655501221194,0.6556969885128842,0.27544240918969265,0.06507295870847563,0.07675991745012611,0.7031977646693574,0.26401738590499846,0
6019,24351,37.0,2188.0,2.3,2167.0,415.0,4462,4188,1313,9981,11247,2790,3593,3373,9981,WA,0,9.3713,2598.465527728277,0.44704939384831177,0.41959723474601746,0.13154994489530109,0.11256335022672714,0.6395150786494339,0.33794208997094477,0
6020,22581,45.0,2374.0,2.7,2500.0,425.0,6321,1348,413,8083,8695,3681,3032,1157,8083,WA,0,12.8372,1759.0284485713396,0.78201162934554,0.16676976370159594,0.051094890510948905,0.07038527889591717,0.8305084745762712,0.14313992329580602,0
6021,20980,40.0,1796.0,2.5,2000.0,350.0,5583,2576,59,8218,8787,3042,2956,1984,8218,WA,0,11.9028,1762.6104782068087,0.6793623752737893,0.313458262350937,0.007179362375273789,0.06475475133720265,0.7298612801168167,0.2414212703820881,0
6022,5209,39.0,1856.0,2.6,2000.0,380.0,1792,181,5,1981,2094,790,846,316,1981,WA,0,3.3065,1575.381823680629,0.9045936395759717,0.09136799596163554,0.002523977788995457,0.05396370582617005,0.8258455325593135,0.15951539626451286,0
6023,15982,42.0,2394.0,2.8,2208.0,460.0,5087,349,99,5543,5827,2284,2453,657,5543,WA,0,7.4473,2146.0126488794594,0.917734079018582,0.06296229478621684,0.01786036442359733,0.048738630513128545,0.8545913765109147,0.11852787299296409,0
6024,13723,40.0,1897.0,2.6,1950.0,400.0,4734,404,26,5168,5437,1936,2348,802,5168,WA,0,8.5644,1602.330577740414,0.9160216718266254,0.0781733746130031,0.005030959752321981,0.049475813867941865,0.8289473684210527,0.15518575851393188,0
6025,31581,40.0,2108.0,2.6,2000.0,400.0,10524,1070,117,11726,12439,4314,5283,1943,11726,WA,0,19.6966,1603.3731710041327,0.8974927511512877,0.09125021320143271,0.009977827050997782,0.05731972023474552,0.8184376599010745,0.16570015350503156,0
6026,22781,44.0,2138.0,2.7,2100.0,440.0,7188,907,6,8195,8553,3369,3671,898,8195,WA,0,15.4192,1477.443706547681,0.8771201952410006,0.11067724222086638,0.0007321537522879804,0.04185665848240383,0.8590604026845637,0.10957901159243441,0
6027,42828,40.0,2016.0,2.6,2000.0,380.0,13327,1426,878,15667,16741,5051,6864,3474,15667,WA,0,32.6881,1310.2015718258326,0.8506414757132827,0.09101934001404226,0.05604136082211017,0.06415387372319459,0.7605157337077935,0.22173996297951107,0
6028,23559,41.0,2540.0,2.9,2167.0,420.0,7425,259,185,7877,8209,2246,4360,1159,7877,WA,0,11.7935,1997.6258108279985,0.9426177478735559,0.032880538275993396,0.023486098768566714,0.040443415763186774,0.8386441538656849,0.14713723498793957,0
6029,2855,43.0,2779.0,2.7,3000.0,485.0,867,129,3,1001,1085,458,366,109,1001,WA,0,2.3777,1200.7402111284014,0.8661338661338661,0.12887112887112886,0.002997002997002997,0.07741935483870965,0.8231768231768232,0.1088911088911089,0
6030,40841,37.0,1825.0,2.7,1800.0,352.0,12792,1402,141,14343,15426,2877,7217,3496,14343,WA,0,24.0067,1701.2334056742493,0.8918636268563062,0.0977480303981036,0.009830579376699435,0.0702061454686892,0.7037579306979014,0.24374259220525693,0
6031,18645,32.0,2116.0,3.0,1907.0,380.0,5867,197,9,6071,6353,774,4008,1188,6071,WA,0,41.7401,446.69274869969166,0.9663976280678637,0.03244934936583759,0.001482457585241311,0.044388477884463984,0.78767913029155,0.19568440125185307,0
6032,189,47.0,1708.0,2.6,2000.0,241.0,59,0,0,67,69,21,22,11,67,WA,0,40.0541,4.718618069061594,0.8805970149253731,0.0,0.0,0.02898550724637683,0.6417910447761194,0.16417910447761194,0
6033,444,44.0,2307.0,3.1,2600.0,300.0,124,0,0,131,150,43,49,27,131,WA,0,19.0897,23.2586159028167,0.9465648854961832,0.0,0.0,0.1266666666666667,0.7022900763358778,0.20610687022900764,0
6034,3705,29.0,2024.0,2.9,1950.0,350.0,1225,9,0,1237,1326,90,871,264,1237,WA,0,15.4105,240.42049252133285,0.9902991107518189,0.007275666936135812,0.0,0.06711915535444946,0.7768795472918351,0.21341956345998384,0
6035,11022,35.0,1699.0,2.8,1842.0,340.0,3635,97,7,3740,4167,717,2108,817,3740,WA,0,218.5206,50.439180562381765,0.9719251336898396,0.025935828877005348,0.0018716577540106951,0.10247180225581953,0.7553475935828877,0.21844919786096256,0
6036,17514,33.0,1907.0,2.8,1937.0,350.0,5821,155,44,6024,6415,793,3256,1873,6024,WA,0,8.9905,1948.0562816306099,0.9663014608233732,0.025730411686586987,0.0073041168658698535,0.0609508963367108,0.672144754316069,0.3109229747675963,0
6037,3822,39.0,1526.0,2.7,1800.0,330.0,1340,4,0,1350,1550,365,724,222,1350,WA,0,51.6258,74.03275106632731,0.9925925925925926,0.002962962962962963,0.0,0.12903225806451613,0.8066666666666666,0.16444444444444445,0
6038,10203,31.0,2035.0,2.8,1950.0,360.0,3438,78,4,3521,3782,267,2209,995,3521,WA,0,17.2536,591.3548476839617,0.9764271513774496,0.022152797500710024,0.001136040897472309,0.06901110523532528,0.7032093155353593,0.28259017324623686,0
6041,1597,51.0,1311.0,2.6,1733.0,300.0,552,0,0,555,1063,240,248,45,555,WA,0,268.0224,5.958457203577014,0.9945945945945946,0.0,0.0,0.477892756349953,0.8792792792792793,0.08108108108108109,0
6042,107,64.0,959.0,1.8,1250.0,280.0,34,0,0,42,97,22,9,6,42,WA,0,12.8435,8.331062405107641,0.8095238095238095,0.0,0.0,0.5670103092783505,0.7380952380952381,0.14285714285714285,0
6043,233,59.0,1136.0,1.7,1217.0,250.0,95,3,5,115,467,56,35,16,115,WA,0,221.2678,1.0530226268801877,0.8260869565217391,0.02608695652173913,0.043478260869565216,0.7537473233404711,0.7913043478260869,0.1391304347826087,0
6044,1300,54.0,1086.0,2.0,1644.0,250.0,468,28,16,523,1386,251,133,110,523,WA,0,654.143,1.9873330449152555,0.8948374760994264,0.05353728489483748,0.030592734225621414,0.6226551226551227,0.734225621414914,0.21032504780114722,0
6050,15770,41.0,2088.0,2.2,2383.0,350.0,3569,1171,1597,6358,7047,1962,1997,1982,6358,WA,0,6.3582,2480.261709288792,0.561340044039006,0.1841774142812205,0.25117961623151935,0.09777210160351923,0.622680088078012,0.3117332494495124,0
6051,13199,36.0,1623.0,1.9,1733.0,300.0,1967,2110,2268,6351,7616,1156,1939,3123,6351,WA,0,5.0047,2637.3209183367635,0.30971500551094316,0.3322311447016218,0.35710911667453943,0.16609768907563027,0.4873248307353173,0.49173358526216343,0
6052,11555,39.0,2051.0,2.4,2167.0,340.0,3422,635,593,4660,5045,1335,1754,1445,4660,WA,0,5.1215,2256.1749487454845,0.7343347639484978,0.13626609442060086,0.12725321888412017,0.07631318136769083,0.6628755364806866,0.31008583690987124,0
6053,15288,39.0,2037.0,2.4,2000.0,350.0,4892,980,231,6111,6745,1702,2544,1685,6111,WA,0,9.843,1553.185004571777,0.8005236458844707,0.16036655211912945,0.037800687285223365,0.09399555226093403,0.6948126329569628,0.2757322860415644,0
6054,21029,39.0,1600.0,2.4,1733.0,320.0,6587,1394,321,8317,9005,2458,3376,2266,8317,WA,0,13.2011,1592.9733128299913,0.7919923049176386,0.16760851268486232,0.03859564746903932,0.07640199888950583,0.7014548515089576,0.2724540098593243,0
6055,32320,33.0,2159.0,2.9,2000.0,373.0,10164,375,61,10778,11401,1802,7043,1741,10778,WA,0,58.81,549.5664002720625,0.9430321024308778,0.03479309704954537,0.00565967712005938,0.05464432944478559,0.8206531824086102,0.16153275190202263,0
6056,41172,40.0,1470.0,2.4,1705.0,300.0,12837,2514,622,16072,17676,4641,6445,4526,16072,WA,0,102.5404,401.5197912237518,0.7987182677949228,0.1564211050273768,0.03870084619213539,0.09074451233310699,0.6897710303633648,0.2816077650572424,0
6057,16697,39.0,1816.0,2.6,1800.0,380.0,5991,187,10,6204,6615,1959,2876,1203,6204,WA,0,18.718,892.0290629340742,0.9656673114119922,0.030141843971631204,0.0016118633139909735,0.062131519274376434,0.7793359123146357,0.19390715667311412,0
6058,13181,38.0,1614.0,2.5,1733.0,350.0,4511,462,9,5096,5421,1409,2317,1131,5096,WA,0,17.0785,771.7890915478526,0.8852040816326531,0.09065934065934066,0.0017660910518053376,0.05995203836930452,0.7311616954474097,0.22193877551020408,0
6059,24169,43.0,1684.0,2.4,2000.0,340.0,6847,2334,388,9579,10243,3724,3232,2310,9579,WA,0,10.7402,2250.3305338820505,0.7147927758638689,0.24365800187911055,0.040505271949055226,0.06482475837157087,0.7261718342206911,0.24115252113999375,0
6060,25486,37.0,1643.0,2.1,1842.0,323.0,4291,5422,1814,11535,12614,2842,3599,4841,11535,WA,0,8.4538,3014.7389339705223,0.3719982661465106,0.47004768097095795,0.15726051148677936,0.08553987632788962,0.5583875162548765,0.4196792371044647,0
6061,41683,34.0,1374.0,2.4,1517.0,320.0,9980,5697,259,15948,17410,3010,5445,7015,15948,WA,0,16.2744,2561.261859116158,0.6257837973413595,0.3572234762979684,0.016240280912967142,0.08397472716829413,0.5301605216955104,0.43986706797090547,0
6062,34144,40.0,1617.0,2.5,1780.0,351.0,10918,2016,65,13028,13992,4696,4636,3354,13028,WA,0,17.1885,1986.4444250516333,0.8380411421553577,0.15474362910653977,0.004989253914645379,0.06889651229273874,0.7163033466380104,0.25744550199570154,0
6063,15045,36.0,1632.0,2.9,1686.0,340.0,4585,304,69,4956,5239,1314,2434,1082,4956,WA,0,9.1646,1641.6428431137201,0.9251412429378532,0.06133979015334948,0.013922518159806295,0.05401794235541135,0.7562550443906376,0.21832122679580307,0
6064,31068,37.0,1422.0,2.7,1517.0,300.0,9250,1473,36,10758,11402,3169,4616,2679,10758,WA,0,15.5884,1993.0204511046675,0.8598252463283138,0.1369213608477412,0.0033463469046291134,0.056481319066830404,0.7236475181260458,0.24902398215281651,0
6065,68443,36.0,2133.0,2.9,2000.0,400.0,21140,1521,51,22888,23984,5344,12935,3911,22888,WA,0,49.6903,1377.3915633433487,0.923628102062216,0.06645403704998253,0.0022282418734708145,0.045697131420947334,0.798628102062216,0.17087556798322265,0
6066,18459,37.0,1726.0,2.9,1703.0,350.0,5830,336,10,6177,6472,1855,3084,1110,6177,WA,0,8.8563,2084.2789878391654,0.9438238627165291,0.054395337542496355,0.0016189088554314393,0.045580964153275616,0.7995790836975878,0.17969888295288974,0
6067,45,33.0,849.0,3.0,,150.0,8,0,0,8,8,0,0,9,8,WA,0,15.6755,2.8707218270549584,1.0,0.0,0.0,0.0,0.0,1.125,1
6068,10,54.0,1375.0,2.0,,120.0,0,0,0,0,4,0,0,0,0,WA,0,27.8788,0.3586954962193495,,,,1.0,,,1
6069,46350,33.0,2043.0,2.9,1950.0,365.0,13935,1138,154,15238,16174,2496,9365,3086,15238,WA,0,69.3563,668.2882449034911,0.9144900905630661,0.07468171676072975,0.010106313164457278,0.05787065660937307,0.7783829898936868,0.20252001575009843,0
6070,3725,44.0,2388.0,2.7,2100.0,420.0,1280,13,0,1305,1395,530,671,80,1305,WA,0,12.062,308.82109102968,0.9808429118773946,0.00996168582375479,0.0,0.06451612903225812,0.9203065134099617,0.06130268199233716,0
6071,3502,47.0,2163.0,2.6,2000.0,400.0,1222,12,3,1236,1325,536,602,76,1236,WA,0,44.5963,78.52669391855379,0.988673139158576,0.009708737864077669,0.0024271844660194173,0.06716981132075472,0.9207119741100324,0.061488673139158574,0
6072,829,46.0,2169.0,2.7,2000.0,350.0,293,3,0,295,317,120,161,10,295,WA,0,5.8633,141.38795558815002,0.9932203389830508,0.010169491525423728,0.0,0.06940063091482651,0.9525423728813559,0.03389830508474576,0
6073,3190,50.0,1773.0,2.5,2000.0,343.0,1098,82,0,1191,1283,546,464,148,1191,WA,0,31.6307,100.85138805021704,0.9219143576826196,0.0688497061293031,0.0,0.07170693686671858,0.8480268681780017,0.12426532325776658,0
6074,1001,46.0,1845.0,2.7,2000.0,440.0,355,0,5,354,377,149,176,33,354,WA,0,169.4161,5.908529354648112,1.002824858757062,0.0,0.014124293785310734,0.06100795755968169,0.9180790960451978,0.09322033898305085,0
6076,22308,47.0,1944.0,2.6,2139.0,360.0,7515,406,61,8039,8598,3718,3190,931,8039,WA,0,245.3351,90.92869304066153,0.9348177634034084,0.05050379400422938,0.007588008458763527,0.06501511979530128,0.8593108595596467,0.11581042418211221,0
6077,1639,55.0,1448.0,2.6,2200.0,300.0,463,125,4,592,634,345,184,49,592,WA,0,33.4443,49.006856175790794,0.7820945945945946,0.21114864864864866,0.006756756756756757,0.06624605678233442,0.893581081081081,0.08277027027027027,0
6078,941,43.0,2170.0,3.1,2817.0,375.0,277,0,3,279,300,115,118,40,279,WA,0,146.3766,6.428623154247332,0.992831541218638,0.0,0.010752688172043012,0.06999999999999995,0.8351254480286738,0.14336917562724014,0
6079,30,66.0,2062.0,2.3,1000.0,280.0,16,0,0,16,12,9,0,6,16,WA,0,105.1365,0.2853433393731007,1.0,0.0,0.0,-0.33333333333333326,0.5625,0.375,1
6081,4919,43.0,2225.0,2.8,2000.0,400.0,1676,0,0,1677,1761,613,926,117,1677,WA,0,37.4572,131.32321689821984,0.9994036970781157,0.0,0.0,0.047700170357751315,0.9177101967799642,0.06976744186046512,0
6082,3422,41.0,1941.0,2.7,2058.0,383.0,1165,0,4,1170,1238,397,630,122,1170,WA,0,76.1251,44.952321901711784,0.9957264957264957,0.0,0.003418803418803419,0.0549273021001615,0.8777777777777778,0.10427350427350428,0
6083,3570,48.0,2247.0,2.8,2167.0,340.0,1167,0,7,1188,1344,450,628,83,1188,WA,0,507.9764,7.027885547438818,0.9823232323232324,0.0,0.005892255892255892,0.1160714285714286,0.9074074074074074,0.06986531986531987,0
6084,9063,40.0,2076.0,2.9,2000.0,350.0,2906,12,0,2925,3254,752,1756,347,2925,WA,0,635.2296,14.267282255109018,0.9935042735042735,0.0041025641025641026,0.0,0.10110633066994468,0.8574358974358974,0.11863247863247864,0
6090,25,43.0,1749.0,1.4,,775.0,5,0,0,4,4,0,0,3,4,WA,0,6.5793,3.7997963309166627,1.25,0.0,0.0,0.0,0.0,0.75,1
6100,15816,36.0,1896.0,2.1,2000.0,350.0,2976,1903,2030,6920,7893,1551,1880,3339,6920,WA,0,7.5754,2087.810544657708,0.4300578034682081,0.275,0.29335260115606937,0.12327378689978463,0.4958092485549133,0.482514450867052,0
6101,17301,35.0,1974.0,2.3,2000.0,350.0,4669,1525,825,7034,7628,1527,2399,2924,7034,WA,0,6.4031,2701.972482078993,0.6637759454080182,0.2168040943986352,0.1172874609041797,0.07787100157315152,0.5581461472846175,0.4156951947682684,0
6102,13949,32.0,1410.0,2.3,1733.0,320.0,2568,2076,536,5195,5850,820,1159,2758,5195,WA,0,7.0409,1981.1387748725306,0.49432146294513957,0.3996150144369586,0.10317613089509144,0.11196581196581201,0.3809432146294514,0.5308950914340712,0
6103,10897,34.0,1723.0,2.1,1760.0,350.0,2075,1034,1760,4873,5761,773,1402,2587,4873,WA,0,3.3407,3261.8912204029098,0.4258157192694439,0.21218961625282168,0.3611738148984199,0.15413990626627316,0.44633695875230867,0.5308844654217115,0
6104,15082,38.0,1666.0,2.3,1754.0,350.0,4434,1064,362,5881,6591,1425,1922,2374,5881,WA,0,10.7948,1397.1541853485012,0.7539534092841353,0.18092161197075327,0.06155415745621493,0.10772265210135035,0.5691208978064954,0.4036728447542935,0
6105,16283,35.0,1558.0,2.4,1733.0,340.0,4559,1348,328,6262,6990,1584,1968,2523,6262,WA,0,32.8387,495.84788679210806,0.7280421590546151,0.2152666879591185,0.05237943149153625,0.10414878397711014,0.5672309166400511,0.40290641967422547,0
6106,16,53.0,575.0,1.5,1000.0,265.0,5,0,0,6,10,0,3,0,6,WA,0,8.314,1.9244647582391148,0.8333333333333334,0.0,0.0,0.4,0.5,0.0,1
6107,48583,33.0,1727.0,2.7,1733.0,350.0,13539,2411,763,16801,18275,3637,6393,6204,16801,WA,0,37.5339,1294.3765502652268,0.8058448901851081,0.14350336289506577,0.045413963454556276,0.08065663474692197,0.5969882745074698,0.36926373430152964,0
6108,23665,38.0,1571.0,2.7,1625.0,330.0,7654,642,104,8401,8913,2795,3578,1775,8401,WA,0,11.591,2041.6702614097146,0.9110820140459469,0.07641947387215807,0.012379478633496012,0.057444182654549536,0.7586001666468277,0.21128437090822522,0
6109,13143,36.0,1358.0,2.7,1517.0,300.0,3781,476,181,4583,4966,1117,1986,1288,4583,WA,0,24.7843,530.2953886129525,0.8250054549421776,0.10386209906174995,0.039493781365917524,0.07712444623439385,0.6770674230853153,0.2810386209906175,0
6110,44873,36.0,1618.0,2.8,1733.0,315.0,13672,1390,250,15341,16295,3687,7379,3760,15341,WA,0,62.0301,723.4068621524067,0.8912065706277296,0.09060687047780458,0.016296199726223846,0.05854556612457806,0.7213349846815723,0.24509484388240663,0
6111,23639,41.0,1543.0,2.5,1625.0,295.0,7882,747,94,8790,9500,2797,3969,1802,8790,WA,0,457.7821,51.63810467906019,0.8967007963594994,0.08498293515358361,0.010693970420932878,0.07473684210526321,0.7697383390216155,0.2050056882821388,0
6112,70564,33.0,1853.0,2.8,1800.0,320.0,21382,2059,125,23762,25379,4232,13554,5387,23762,WA,0,135.2598,521.6923283932107,0.8998400808012793,0.08665095530679236,0.005260499957916,0.0637140943299579,0.7485060180119518,0.22670650618634794,0
6121,3101,43.0,2380.0,3.1,2500.0,375.0,943,5,8,956,1010,330,530,64,956,WA,0,88.0008,35.23831601530895,0.9864016736401674,0.005230125523012552,0.008368200836820083,0.05346534653465351,0.899581589958159,0.06694560669456066,0
6122,21803,31.0,2104.0,3.0,1950.0,380.0,6815,68,25,6922,7373,1117,4711,979,6922,WA,0,123.3246,176.79359997924178,0.9845420398728691,0.009823750361167293,0.00361167292689974,0.06116913061169127,0.8419531927188674,0.14143311181739382,0
6123,2253,32.0,1973.0,2.9,1950.0,370.0,737,0,0,733,793,176,451,90,733,WA,0,35.8428,62.85781244768825,1.005457025920873,0.0,0.0,0.07566204287515765,0.8553888130968622,0.12278308321964529,0
6124,1205,43.0,2057.0,2.6,1965.0,325.0,426,3,0,433,464,133,237,36,433,WA,0,256.3869,4.699928116452127,0.9838337182448037,0.006928406466512702,0.0,0.06681034482758619,0.8545034642032333,0.08314087759815242,0
6125,3622,45.0,2007.0,2.8,2200.0,350.0,975,0,0,1100,1161,408,535,100,1100,WA,0,220.6073,16.418314353151505,0.8863636363636364,0.0,0.0,0.052540913006029255,0.8572727272727273,0.09090909090909091,0
6126,265,51.0,1458.0,2.4,1834.0,250.0,88,0,0,86,104,32,27,20,86,WA,0,180.6011,1.4673221813156176,1.0232558139534884,0.0,0.0,0.17307692307692313,0.686046511627907,0.23255813953488372,0
6147,15038,38.0,1458.0,2.6,1525.0,320.0,4786,676,134,5599,6062,1887,2087,1498,5599,WA,0,8.685,1731.4910765687966,0.8547954991962851,0.12073584568672978,0.023932845150919806,0.07637743319036616,0.7097696017145919,0.2675477763886408,0
6148,18974,42.0,1904.0,2.7,2000.0,375.0,5567,1041,121,6740,7232,2634,2322,1495,6740,WA,0,9.6116,1974.0729951308836,0.8259643916913947,0.15445103857566767,0.01795252225519288,0.06803097345132747,0.7353115727002968,0.2218100890207715,0
6149,18905,43.0,2155.0,2.7,2167.0,430.0,5830,520,344,6694,7106,2932,2418,961,6694,WA,0,11.6173,1627.3144362287278,0.8709291903196893,0.07768150582611294,0.051389303854197786,0.057979172530256085,0.7992231849417388,0.14356139826710487,0
6150,13201,43.0,2112.0,2.8,2167.0,460.0,3868,333,90,4298,4588,2043,1290,665,4298,WA,0,9.6981,1361.1944607706664,0.899953466728711,0.07747789669613774,0.020939972080037228,0.06320836965998256,0.7754769660307119,0.15472312703583063,0
6151,17226,40.0,2113.0,2.2,2388.0,375.0,3238,2261,1746,7254,8510,2324,1888,2811,7254,WA,0,7.7563,2220.9042971519925,0.4463744141163496,0.31169010201268266,0.24069478908188585,0.14759106933019972,0.5806451612903226,0.38751033912324234,0
6152,26227,38.0,1919.0,2.3,2167.0,350.0,5477,3903,1041,10438,11580,3255,3125,3621,10438,WA,0,12.5505,2089.7175411338194,0.5247173788082008,0.37392220731940984,0.09973174937727534,0.0986183074265976,0.6112282046369036,0.3469055374592834,0
6153,21419,43.0,2340.0,2.5,2700.0,450.0,5622,1680,863,8174,9163,3395,2503,2091,8174,WA,0,9.126,2347.030462415078,0.6877905554196232,0.20552972840714462,0.10557866405676536,0.10793408272399874,0.7215561536579398,0.2558111083924639,0
6154,10621,42.0,2059.0,2.5,2383.0,415.0,2857,1017,101,3980,4326,1700,1413,728,3980,WA,0,5.533,1919.5734682812217,0.7178391959798995,0.25552763819095475,0.025376884422110554,0.07998150716597319,0.7821608040201005,0.1829145728643216,0
6155,53765,38.0,2243.0,3.1,2000.0,420.0,15394,763,429,16599,17300,5556,7553,3076,16599,WA,0,34.0901,1577.1440975532487,0.9274052653774324,0.04596662449545153,0.02584493041749503,0.040520231213872826,0.7897463702632689,0.1853123682149527,0
6156,18238,40.0,2135.0,2.5,2199.0,370.0,5268,1304,220,6792,7342,2378,2699,1511,6792,WA,0,7.5866,2403.975430364063,0.7756183745583038,0.19199057714958775,0.032391048292108364,0.07491146826477801,0.7474970553592462,0.2224676089517079,0
6157,14603,41.0,1838.0,2.3,2101.0,350.0,3702,1990,342,6055,6582,2105,2292,1477,6055,WA,0,6.2651,2330.8486696142118,0.6113955408753097,0.32865400495458297,0.0564822460776218,0.08006684898207228,0.7261767134599505,0.24393063583815028,0
6158,7819,44.0,2288.0,2.5,2600.0,420.0,1926,548,424,2913,3214,1191,1017,652,2913,WA,0,3.1384,2491.396890135101,0.6611740473738414,0.18812221077926536,0.14555441125986954,0.09365276913503418,0.7579814624098867,0.2238242361826296,0
6159,3947,48.0,2387.0,2.1,2600.0,480.0,511,535,608,1659,1948,619,485,526,1659,WA,0,3.6116,1092.8674271790896,0.3080168776371308,0.32248342374924654,0.3664858348402652,0.14835728952772076,0.6654611211573237,0.31705846895720313,0
6160,9251,41.0,1822.0,2.0,2167.0,380.0,1622,1306,1116,4068,4746,1153,1111,1689,4068,WA,0,5.5346,1671.4848408195714,0.39872173058013766,0.32104228121927236,0.2743362831858407,0.1428571428571429,0.5565388397246804,0.41519174041297935,0
6161,166,33.0,2042.0,1.9,,113.0,43,12,0,61,119,0,4,33,61,WA,0,19.2239,8.635084452166314,0.7049180327868853,0.19672131147540983,0.0,0.4873949579831933,0.06557377049180328,0.5409836065573771,0
6162,12074,43.0,1875.0,2.3,2200.0,350.0,3535,769,375,4832,5317,1794,1595,1302,4832,WA,0,5.4319,2222.794970452328,0.7315811258278145,0.15914735099337748,0.07760761589403974,0.0912168516080496,0.7013658940397351,0.26945364238410596,0
6163,54704,41.0,1638.0,2.3,1815.0,350.0,16627,3630,1702,21996,23919,7234,8126,6068,21996,WA,0,42.731,1280.1947064192273,0.7559101654846335,0.16503000545553737,0.0773777050372795,0.08039633763953347,0.6983087834151664,0.2758683396981269,0
6164,66124,34.0,2210.0,2.8,1950.0,395.0,19707,1908,1263,22897,24340,4491,12414,5574,22897,WA,0,78.4623,842.7486831255266,0.8606804384853911,0.08332969384635541,0.05516006463728873,0.05928512736236646,0.7383063283399572,0.24343800497881818,0
6165,64,52.0,1312.0,2.2,833.0,330.0,22,0,0,20,28,4,10,4,20,WA,0,18.2523,3.506407411668666,1.1,0.0,0.0,0.2857142857142857,0.7,0.2,1
6166,10792,42.0,2119.0,2.6,2167.0,400.0,3504,145,30,3888,4118,1572,1681,557,3888,WA,0,35.3557,305.24073911703067,0.9012345679012346,0.03729423868312757,0.007716049382716049,0.055852355512384655,0.8366769547325102,0.143261316872428,0
6167,28476,35.0,1538.0,2.6,1562.0,300.0,9136,419,428,9994,10868,1975,4882,2884,9994,WA,0,76.6403,371.55386917848705,0.914148489093456,0.04192515509305583,0.04282569541725035,0.08041958041958042,0.6861116670002001,0.2885731438863318,0
6168,24913,46.0,1176.0,2.1,1440.0,300.0,7582,1590,996,10370,11706,3496,3124,3405,10370,WA,0,49.0226,508.1941798272634,0.7311475409836066,0.15332690453230471,0.09604628736740597,0.11412950623611828,0.6383799421407907,0.328351012536162,0
6169,35317,41.0,1485.0,2.5,1582.0,310.0,12434,385,528,13350,14736,4222,5561,3290,13350,WA,0,31.3418,1126.8338129909578,0.9313857677902622,0.02883895131086142,0.039550561797752806,0.09405537459283386,0.732808988764045,0.24644194756554308,0
6170,17329,31.0,2012.0,3.0,1820.0,350.0,5404,133,106,5648,6012,592,3511,1433,5648,WA,0,25.1197,689.8569648522872,0.9567988668555241,0.023548158640226628,0.018767705382436262,0.06054557551563544,0.7264518413597734,0.2537181303116147,0
6171,37697,31.0,2096.0,2.9,1900.0,360.0,11843,409,44,12397,13212,1970,7357,2750,12397,WA,0,87.3153,431.7341863338957,0.9553117689763653,0.03299185286762926,0.00354924578527063,0.06168634574629128,0.7523594418004356,0.22182786157941436,0
6172,13477,36.0,1921.0,2.8,1700.0,350.0,4207,273,0,4488,4787,964,2328,1006,4488,WA,0,21.2107,635.3868566336802,0.9373885918003565,0.060828877005347594,0.0,0.062460831418424956,0.7335115864527629,0.22415329768270945,0
6173,12474,34.0,2492.0,3.1,2000.0,380.0,3822,38,3,3872,4126,712,2363,754,3872,WA,0,6.5448,1905.9405940594058,0.9870867768595041,0.00981404958677686,0.0007747933884297521,0.06156083373727583,0.7941632231404959,0.1947314049586777,0
6174,5681,30.0,1891.0,2.8,1777.0,350.0,1891,39,0,1953,2153,289,1150,481,1953,WA,0,4.4149,1286.7788624883915,0.9682539682539683,0.019969278033794162,0.0,0.09289363678588014,0.7368151561699949,0.24628776241679468,0
6175,4021,35.0,2180.0,2.9,1950.0,370.0,1331,0,0,1336,1486,296,771,250,1336,WA,0,3.6112,1113.4802835622506,0.9962574850299402,0.0,0.0,0.10094212651413192,0.7986526946107785,0.18712574850299402,0
6176,2096,30.0,2122.0,3.0,1857.0,370.0,662,0,0,665,717,117,407,131,665,WA,0,32.2108,65.07134253107654,0.9954887218045113,0.0,0.0,0.07252440725244069,0.7879699248120301,0.19699248120300752,0
6180,6777,33.0,1837.0,2.9,1779.0,350.0,2292,7,0,2300,2479,501,1254,506,2300,WA,0,13.5708,499.3810239632151,0.9965217391304347,0.003043478260869565,0.0,0.07220653489310203,0.7630434782608696,0.22,0
6181,469,45.0,2643.0,3.1,2382.0,300.0,152,0,0,150,159,51,92,6,150,WA,0,9.052,51.81175430844013,1.0133333333333334,0.0,0.0,0.05660377358490565,0.9533333333333334,0.04,0
6182,0,,,,,,0,0,0,0,0,0,0,0,0,WA,0,22.0186,0.0,,,,,,,1
6207,1243,40.0,2191.0,3.0,2197.0,250.0,366,0,0,377,409,100,232,34,377,WA,0,540.2147,2.3009370163381337,0.9708222811671088,0.0,0.0,0.07823960880195602,0.8806366047745358,0.09018567639257294,0
6208,12946,44.0,1305.0,2.4,1733.0,310.0,4474,260,11,4868,5750,1661,1876,1003,4868,WA,0,485.6095,26.65928075954033,0.9190632703368941,0.05341002465078061,0.0022596548890714873,0.1533913043478261,0.7265817584223501,0.2060394412489729,0
6209,2002,51.0,1122.0,2.4,1842.0,250.0,691,0,3,758,836,352,243,127,758,WA,0,22.554,88.76474239602732,0.9116094986807388,0.0,0.00395778364116095,0.09330143540669855,0.7849604221635884,0.16754617414248021,0
6210,75034,47.0,1222.0,2.3,1681.0,300.0,24367,4448,957,29954,36139,10150,10113,8055,29954,WA,0,63.4012,1183.4791770502766,0.8134806703612205,0.14849435801562397,0.031948988448955065,0.17114474667256985,0.6764705882352942,0.2689123322427723,0
6211,8498,45.0,1436.0,2.6,1842.0,350.0,2885,106,42,3104,4003,1231,1361,448,3104,WA,0,98.2999,86.4497318918941,0.9294458762886598,0.03414948453608247,0.013530927835051547,0.22458156382712968,0.8350515463917526,0.14432989690721648,0
6213,654,50.0,1383.0,2.4,1950.0,270.0,229,0,0,232,309,108,71,38,232,WA,0,498.195,1.3127389877457623,0.9870689655172413,0.0,0.0,0.2491909385113269,0.771551724137931,0.16379310344827586,0
6214,684,42.0,1875.0,2.9,2000.0,279.0,226,0,0,225,278,87,96,27,225,WA,0,144.2855,4.740601099902623,1.0044444444444445,0.0,0.0,0.19064748201438853,0.8133333333333334,0.12,0
6215,4234,48.0,1312.0,2.4,1625.0,260.0,1459,96,0,1584,2108,649,581,273,1584,WA,0,831.8534,5.089839147138186,0.9210858585858586,0.06060606060606061,0.0,0.24857685009487662,0.7765151515151515,0.17234848484848486,0
6218,541,44.0,1093.0,2.4,1587.0,270.0,199,4,0,206,247,74,68,57,206,WA,0,91.9458,5.883901167861936,0.9660194174757282,0.019417475728155338,0.0,0.1659919028340081,0.6893203883495146,0.2766990291262136,0
6219,604,46.0,1518.0,2.6,1900.0,300.0,211,0,0,210,243,89,96,16,210,WA,0,82.8451,7.290714840105208,1.0047619047619047,0.0,0.0,0.13580246913580252,0.8809523809523809,0.0761904761904762,0
6220,4346,44.0,1465.0,2.5,1519.0,280.0,1517,83,0,1626,1901,643,472,445,1626,WA,0,778.6938,5.581141136605942,0.9329643296432965,0.051045510455104554,0.0,0.14466070489216198,0.6857318573185732,0.2736777367773678,0
6221,291,42.0,1916.0,2.9,2000.0,293.0,76,0,0,81,91,36,16,20,81,WA,0,317.5631,0.9163533168683641,0.9382716049382716,0.0,0.0,0.10989010989010994,0.6419753086419753,0.24691358024691357,0
6223,159,44.0,1624.0,2.6,1950.0,300.0,59,0,0,59,63,19,28,9,59,WA,0,70.7741,2.2465845556495947,1.0,0.0,0.0,0.06349206349206349,0.7966101694915254,0.15254237288135594,0
6224,1254,44.0,1349.0,2.5,1398.0,250.0,410,22,0,451,529,156,178,99,451,WA,0,120.5192,10.40498111504225,0.9090909090909091,0.04878048780487805,0.0,0.1474480151228733,0.7405764966740577,0.21951219512195122,0
6225,9164,45.0,1240.0,2.3,1300.0,250.0,3279,108,104,3520,4010,1444,1267,675,3520,WA,0,2920.936,3.1373504931295995,0.9315340909090909,0.03068181818181818,0.029545454545454545,0.12219451371571077,0.7701704545454545,0.19176136363636365,0
6226,938,40.0,2473.0,3.0,2240.0,320.0,295,3,0,296,322,97,168,29,296,WA,0,95.065,9.866933151001946,0.9966216216216216,0.010135135135135136,0.0,0.08074534161490687,0.8952702702702703,0.09797297297297297,0
6227,788,38.0,2086.0,2.8,1742.0,298.0,271,4,0,279,300,77,144,38,279,WA,0,40.4442,19.483634241745417,0.9713261648745519,0.014336917562724014,0.0,0.06999999999999995,0.7921146953405018,0.13620071684587814,0
6228,144,49.0,1375.0,2.3,1517.0,250.0,56,0,0,61,66,31,14,9,61,WA,0,31.6676,4.547234397301974,0.9180327868852459,0.0,0.0,0.0757575757575758,0.7377049180327869,0.14754098360655737,0
6229,174,61.0,741.0,1.7,1437.0,200.0,36,0,0,92,90,39,13,27,92,WA,0,18.6645,9.322510648557422,0.391304347826087,0.0,0.0,-0.022222222222222143,0.5652173913043478,0.29347826086956524,0
6230,44972,41.0,1469.0,2.4,1517.0,300.0,13976,2667,553,17342,19311,5004,6256,5517,17342,WA,0,100.5368,447.3187927206754,0.8059047399377235,0.1537884903701995,0.03188790220274478,0.10196261198280776,0.6492907392457617,0.31812939684004155,0
6232,11402,38.0,1711.0,2.6,1647.0,350.0,3766,293,15,4111,4440,1157,1894,847,4111,WA,0,8.2782,1377.3525645671764,0.9160788129408903,0.0712721965458526,0.0036487472634395522,0.07409909909909906,0.7421551933836049,0.2060325954755534,0
6233,20432,38.0,1888.0,2.7,1733.0,350.0,6732,248,43,7139,7917,2141,3455,1370,7139,WA,0,170.8181,119.61261716410615,0.9429892141756548,0.0347387589298221,0.006023252556380446,0.09826954654540865,0.7838632861745343,0.1919036279590979,0
6236,2213,48.0,1989.0,2.6,1799.0,290.0,780,0,0,785,899,328,339,92,785,WA,0,432.335,5.118715810656089,0.9936305732484076,0.0,0.0,0.12680756395995552,0.8496815286624204,0.11719745222929936,0
6237,2656,46.0,1929.0,2.7,1993.0,325.0,906,9,0,921,996,398,381,106,921,WA,0,289.5948,9.17143539870191,0.9837133550488599,0.009771986970684038,0.0,0.07530120481927716,0.8458197611292074,0.11509229098805646,0
6239,4657,47.0,1406.0,2.5,1591.0,300.0,1639,44,5,1702,1883,686,686,275,1702,WA,0,553.2522,8.417499288751133,0.9629847238542891,0.025851938895417155,0.002937720329024677,0.09612320764737126,0.8061104582843713,0.16157461809635723,0
6240,165,57.0,1312.0,2.3,2318.0,255.0,64,0,0,64,72,28,22,9,64,WA,0,44.7333,3.688527338693993,1.0,0.0,0.0,0.11111111111111116,0.78125,0.140625,0
6243,84,48.0,833.0,2.5,975.0,200.0,30,0,0,30,35,9,10,4,30,WA,0,243.294,0.3452612888110681,1.0,0.0,0.0,0.1428571428571429,0.6333333333333333,0.13333333333333333,1
6244,1580,48.0,1286.0,2.3,1170.0,218.0,574,4,0,585,728,292,141,107,585,WA,0,2363.7669,0.6684246234262777,0.9811965811965812,0.006837606837606838,0.0,0.1964285714285714,0.7401709401709402,0.1829059829059829,0
6251,310,51.0,1267.0,2.5,1400.0,285.0,110,0,0,118,124,63,32,14,118,WA,0,174.28,1.7787468441588248,0.9322033898305084,0.0,0.0,0.048387096774193505,0.8050847457627118,0.11864406779661017,0
6252,149,54.0,1270.0,2.2,1727.0,200.0,54,0,0,60,82,32,14,5,60,WA,0,87.8886,1.6953279492448396,0.9,0.0,0.0,0.2682926829268293,0.7666666666666667,0.08333333333333333,0
6253,655,58.0,951.0,2.0,1408.0,255.0,283,0,0,295,395,156,83,35,295,WA,0,264.8321,2.4732651366658343,0.9593220338983051,0.0,0.0,0.25316455696202533,0.8101694915254237,0.11864406779661017,0
6254,541,50.0,1068.0,2.1,1083.0,200.0,215,0,0,215,258,94,72,49,215,WA,0,71.8219,7.5325214175620525,1.0,0.0,0.0,0.16666666666666663,0.772093023255814,0.22790697674418606,0
6255,4403,51.0,1208.0,2.3,1500.0,300.0,1648,56,7,1727,2098,759,610,269,1727,WA,0,731.2648,6.0210747187612474,0.9542559351476549,0.03242617255356109,0.004053271569195136,0.17683508102955192,0.7927041111754487,0.1557614360162131,0
6256,434,46.0,1516.0,2.5,1842.0,231.0,144,4,0,157,208,81,34,22,157,WA,0,818.7282,0.5300904500419065,0.9171974522292994,0.025477707006369428,0.0,0.2451923076923077,0.732484076433121,0.14012738853503184,0
6258,6483,45.0,1275.0,2.3,1300.0,235.0,2292,193,18,2525,2979,914,786,712,2525,WA,0,2766.2331,2.343620282759251,0.9077227722772278,0.07643564356435643,0.007128712871287129,0.15240013427324606,0.6732673267326733,0.28198019801980195,0
6260,1396,48.0,1264.0,2.3,1400.0,280.0,469,8,0,490,692,220,142,85,490,WA,0,1590.9792,0.8774470464478731,0.9571428571428572,0.0163265306122449,0.0,0.29190751445086704,0.7387755102040816,0.17346938775510204,0
6262,733,54.0,1044.0,2.3,1000.0,187.0,260,0,0,269,540,140,78,35,269,WA,0,1708.5685,0.42901411327669914,0.966542750929368,0.0,0.0,0.5018518518518518,0.8104089219330854,0.13011152416356878,0
6271,3461,44.0,1465.0,2.5,1517.0,330.0,1214,68,0,1288,1544,434,567,233,1288,WA,0,208.8099,16.57488461993421,0.9425465838509317,0.052795031055900624,0.0,0.1658031088082902,0.7771739130434783,0.18090062111801242,0
6275,1506,56.0,1102.0,2.1,1400.0,257.0,556,13,15,590,875,294,169,106,590,WA,0,2607.692,0.5775221920380168,0.9423728813559322,0.022033898305084745,0.025423728813559324,0.32571428571428573,0.7847457627118644,0.17966101694915254,0
6280,30585,45.0,1382.0,2.4,1733.0,350.0,10138,1116,48,11526,13922,4117,3991,2881,11526,WA,0,871.7295,35.08542500856057,0.8795766094048239,0.09682457053617907,0.004164497657470068,0.17210170952449366,0.7034530626409856,0.249956619816068,0
6281,8543,43.0,1770.0,2.6,1950.0,450.0,2631,241,24,2962,5115,1072,1190,589,2962,WA,0,120.6492,70.80859218295687,0.888251181634031,0.08136394328156651,0.008102633355840648,0.4209188660801564,0.763673193787981,0.1988521269412559,0
6282,1522,48.0,2193.0,2.6,2350.0,400.0,480,9,5,504,1069,227,187,59,504,WA,0,94.6186,16.08563221184841,0.9523809523809523,0.017857142857142856,0.00992063492063492,0.5285313376987839,0.8214285714285714,0.11706349206349206,0
6284,2875,39.0,1910.0,2.7,1950.0,380.0,859,16,0,898,1195,270,422,167,898,WA,0,596.2035,4.82217900431648,0.9565701559020044,0.017817371937639197,0.0,0.24853556485355643,0.7706013363028953,0.18596881959910913,0
6285,10633,40.0,1641.0,2.6,1713.0,380.0,3359,207,27,3654,4689,1116,1451,937,3654,WA,0,843.1065,12.611692591623953,0.9192665571975916,0.05665024630541872,0.007389162561576354,0.22072936660268716,0.7025177887246853,0.25643130815544607,0
6286,841,42.0,1658.0,2.4,1920.0,300.0,303,0,0,302,421,99,101,78,302,WA,0,311.6193,2.6988058826908343,1.0033112582781456,0.0,0.0,0.28266033254156775,0.6622516556291391,0.2582781456953642,0
6288,603,47.0,1298.0,2.5,1733.0,258.0,192,0,5,212,315,76,60,48,212,WA,0,388.0929,1.553751691927371,0.9056603773584906,0.0,0.02358490566037736,0.32698412698412693,0.6415094339622641,0.22641509433962265,0
6290,1837,61.0,901.0,1.9,1500.0,275.0,720,49,4,822,1495,442,156,174,822,WA,0,154.0756,11.922718457692197,0.8759124087591241,0.05961070559610705,0.004866180048661801,0.45016722408026755,0.7274939172749392,0.2116788321167883,0
6302,3485,56.0,1126.0,2.2,1400.0,260.0,1353,39,6,1422,1711,686,426,237,1422,WA,0,2757.3969,1.263873184161482,0.9514767932489452,0.027426160337552744,0.004219409282700422,0.16890707188778498,0.7819971870604782,0.16666666666666666,0
6304,1669,56.0,1055.0,2.2,1159.0,200.0,641,11,0,670,872,364,175,78,670,WA,0,1744.7142,0.9566036660904119,0.9567164179104478,0.016417910447761194,0.0,0.231651376146789,0.8044776119402985,0.11641791044776119,0
6306,976,50.0,1318.0,2.4,1213.0,200.0,333,10,0,349,449,176,65,67,349,WA,0,2015.1931,0.48432083257926994,0.9541547277936963,0.02865329512893983,0.0,0.22271714922049002,0.6905444126074498,0.19197707736389685,0
6308,1568,51.0,1148.0,2.2,1083.0,200.0,599,8,0,610,734,290,155,118,610,WA,0,2262.2507,0.6931150468867133,0.9819672131147541,0.013114754098360656,0.0,0.16893732970027253,0.7295081967213115,0.19344262295081968,0
6309,292,51.0,1142.0,2.2,806.0,200.0,119,0,0,118,160,67,29,16,118,WA,0,444.0201,0.657627886665491,1.0084745762711864,0.0,0.0,0.26249999999999996,0.8135593220338984,0.13559322033898305,0
6311,605,50.0,1277.0,2.3,1260.0,216.0,232,0,0,240,281,122,67,37,240,WA,0,751.3168,0.8052528573831972,0.9666666666666667,0.0,0.0,0.14590747330960852,0.7875,0.15416666666666667,0
6312,4556,43.0,1312.0,2.2,1170.0,240.0,1584,133,5,1735,2066,624,487,523,1735,WA,0,1299.4421,3.5061200495197133,0.9129682997118156,0.07665706051873199,0.002881844380403458,0.16021297192642792,0.6403458213256484,0.30144092219020174,0
6313,247,49.0,1328.0,2.5,1259.0,150.0,97,0,0,97,127,46,24,8,97,WA,0,542.3908,0.45539120501306435,1.0,0.0,0.0,0.2362204724409449,0.7216494845360825,0.08247422680412371,0
6315,1878,49.0,1206.0,2.2,875.0,180.0,684,38,0,730,859,344,193,153,730,WA,0,2699.8651,0.6955903093084169,0.936986301369863,0.052054794520547946,0.0,0.15017462165308493,0.7356164383561644,0.2095890410958904,0
6316,391,44.0,1281.0,2.5,1033.0,150.0,142,0,0,142,180,69,33,25,142,WA,0,956.3503,0.40884600548564687,1.0,0.0,0.0,0.21111111111111114,0.7183098591549296,0.176056338028169,0
6317,4085,39.0,1350.0,2.5,1042.0,200.0,1322,126,5,1466,1694,489,452,433,1466,WA,0,1822.974,2.2408438079753195,0.9017735334242838,0.08594815825375171,0.0034106412005457027,0.13459268004722547,0.6418826739427013,0.29536152796725784,0
6318,493,42.0,1399.0,2.4,1000.0,170.0,185,0,0,181,254,97,37,32,181,WA,0,1172.9449,0.42030959851566774,1.022099447513812,0.0,0.0,0.28740157480314965,0.7403314917127072,0.17679558011049723,0
6320,554,41.0,1307.0,2.6,715.0,164.0,185,3,0,193,278,99,38,26,193,WA,0,1436.7163,0.3856015275945571,0.9585492227979274,0.015544041450777202,0.0,0.3057553956834532,0.7098445595854922,0.13471502590673576,0
6321,505,44.0,1166.0,2.3,719.0,174.0,173,0,3,184,242,78,31,56,184,WA,0,1207.8271,0.41810620079645505,0.9402173913043478,0.0,0.016304347826086956,0.23966942148760328,0.592391304347826,0.30434782608695654,0
6322,240,49.0,1187.0,2.4,1083.0,160.0,85,0,0,85,109,49,18,11,85,WA,0,414.6848,0.5787528262429682,1.0,0.0,0.0,0.22018348623853212,0.788235294117647,0.12941176470588237,0
6323,1062,54.0,1040.0,2.2,1194.0,230.0,421,0,0,435,548,215,138,48,435,WA,0,386.6177,2.7468995858182383,0.967816091954023,0.0,0.0,0.20620437956204385,0.8114942528735632,0.1103448275862069,0
6324,3743,47.0,1191.0,2.4,1300.0,220.0,1308,26,3,1358,1643,570,388,305,1358,WA,0,2719.1385,1.3765389295175658,0.9631811487481591,0.01914580265095729,0.0022091310751104565,0.17346317711503345,0.7054491899852725,0.22459499263622976,0
6326,514,49.0,1602.0,2.5,1444.0,240.0,179,0,0,181,240,91,56,26,181,WA,0,543.5275,0.9456743219064352,0.988950276243094,0.0,0.0,0.24583333333333335,0.8121546961325967,0.143646408839779,0
6327,268,46.0,1481.0,2.7,1750.0,250.0,82,0,0,82,112,41,21,15,82,WA,0,270.28,0.9915643036850674,1.0,0.0,0.0,0.2678571428571429,0.7560975609756098,0.18292682926829268,0
6328,431,38.0,1342.0,2.5,1000.0,164.0,148,0,0,151,235,59,32,36,151,WA,0,2461.7753,0.17507690486617525,0.9801324503311258,0.0,0.0,0.35744680851063826,0.6026490066225165,0.23841059602649006,0
6330,38042,45.0,1349.0,2.4,1517.0,300.0,13090,1090,67,14488,16663,5446,4727,3745,14488,WA,0,1428.3566,26.633405131463668,0.9035063500828272,0.07523467697404748,0.00462451684152402,0.1305287163175899,0.702167310877968,0.258489784649365,0
6333,6310,50.0,1134.0,2.3,1517.0,300.0,2162,169,3,2362,3263,1105,645,484,2362,WA,0,1859.8487,3.392749098354076,0.9153259949195597,0.07154953429297206,0.0012701100762066045,0.27612626417407293,0.7408975444538527,0.20491109229466553,0
6335,758,38.0,1516.0,2.6,867.0,200.0,263,4,0,266,369,112,63,63,266,WA,0,1018.5857,0.7441690964245816,0.9887218045112782,0.015037593984962405,0.0,0.27913279132791324,0.6578947368421053,0.23684210526315788,0
6336,343,38.0,1369.0,2.3,395.0,135.0,123,0,0,132,204,56,22,25,132,WA,0,2355.7587,0.1456006508646238,0.9318181818181818,0.0,0.0,0.3529411764705882,0.5909090909090909,0.1893939393939394,0
6337,545,36.0,1765.0,2.5,867.0,160.0,177,6,0,185,268,49,40,57,185,WA,0,3403.7417,0.1601179078894265,0.9567567567567568,0.032432432432432434,0.0,0.3097014925373134,0.4810810810810811,0.3081081081081081,0
6338,730,46.0,1336.0,2.3,1092.0,210.0,257,4,0,284,595,133,59,55,284,WA,0,3734.6507,0.1954667407048268,0.9049295774647887,0.014084507042253521,0.0,0.522689075630252,0.676056338028169,0.1936619718309859,0
6341,260,37.0,1766.0,2.6,,95.0,87,0,0,93,137,44,14,17,93,WA,0,1963.9221,0.13238814309386304,0.9354838709677419,0.0,0.0,0.3211678832116789,0.6236559139784946,0.1827956989247312,0
6343,231,41.0,1833.0,2.5,657.0,180.0,79,0,0,80,104,36,6,19,80,WA,0,3660.6597,0.06310337997274097,0.9875,0.0,0.0,0.23076923076923073,0.525,0.2375,0
6346,832,39.0,1801.0,2.4,830.0,210.0,263,4,0,276,422,102,55,73,276,WA,0,7273.0478,0.11439495832819907,0.9528985507246377,0.014492753623188406,0.0,0.3459715639810427,0.5688405797101449,0.2644927536231884,0
6348,1115,46.0,1542.0,2.1,1088.0,250.0,435,5,13,463,779,164,63,133,463,WA,0,538.349,2.0711471554697787,0.9395248380129589,0.01079913606911447,0.028077753779697623,0.40564826700898593,0.490280777537797,0.28725701943844495,0
6350,335,48.0,1168.0,2.1,515.0,150.0,117,8,0,124,160,56,25,20,124,WA,0,485.7632,0.6896364319075632,0.9435483870967742,0.06451612903225806,0.0,0.22499999999999998,0.6532258064516129,0.16129032258064516,0
6351,57,38.0,1187.0,2.7,,50.0,23,0,0,23,24,16,4,0,23,WA,0,394.237,0.1445830807356996,1.0,0.0,0.0,0.04166666666666663,0.8695652173913043,0.0,1
6352,172,40.0,1416.0,2.5,607.0,150.0,49,0,0,45,61,25,7,9,45,WA,0,769.5016,0.22352130261977363,1.0888888888888888,0.0,0.0,0.2622950819672131,0.7111111111111111,0.2,0
6353,786,39.0,1715.0,2.4,1083.0,180.0,267,13,3,288,377,124,63,67,288,WA,0,3390.9953,0.23179035370529708,0.9270833333333334,0.04513888888888889,0.010416666666666666,0.23607427055702923,0.6493055555555556,0.2326388888888889,0
6355,441,42.0,1792.0,2.4,377.0,200.0,161,0,0,168,249,88,23,21,168,WA,0,6019.582,0.07326090083995865,0.9583333333333334,0.0,0.0,0.32530120481927716,0.6607142857142857,0.125,0
6356,115,42.0,1708.0,2.5,1000.0,190.0,38,0,0,38,76,17,5,11,38,WA,0,3563.1938,0.03227441628350386,1.0,0.0,0.0,0.5,0.5789473684210527,0.2894736842105263,0
6357,60,46.0,2050.0,2.8,847.0,163.0,20,0,0,20,28,9,0,0,20,WA,0,877.6261,0.06836624389361255,1.0,0.0,0.0,0.2857142857142857,0.45,0.0,1
6358,105,36.0,1550.0,2.3,260.0,80.0,37,0,0,33,45,17,9,6,33,WA,0,1051.1574,0.09988989279816704,1.121212121212121,0.0,0.0,0.2666666666666667,0.7878787878787878,0.18181818181818182,0
6359,439,43.0,1398.0,2.3,1035.0,175.0,124,3,0,129,176,59,20,36,129,WA,0,5611.9857,0.07822543097356788,0.9612403100775194,0.023255813953488372,0.0,0.2670454545454546,0.6124031007751938,0.27906976744186046,0
6361,102,46.0,1224.0,2.7,150.0,100.0,26,0,0,26,33,18,3,0,26,WA,0,448.7822,0.22728174156639902,1.0,0.0,0.0,0.21212121212121215,0.8076923076923077,0.0,0
6363,93,45.0,2333.0,2.9,,190.0,28,0,0,28,48,24,3,4,28,WA,0,805.2949,0.11548564383060168,1.0,0.0,0.0,0.41666666666666663,0.9642857142857143,0.14285714285714285,1
6365,538,44.0,1583.0,2.3,598.0,169.0,197,4,0,196,253,95,37,41,196,WA,0,1848.422,0.2910590763364643,1.0051020408163265,0.02040816326530612,0.0,0.22529644268774707,0.673469387755102,0.20918367346938777,0
6367,332,50.0,986.0,2.1,650.0,120.0,129,5,0,140,173,68,25,36,140,WA,0,1186.2881,0.279864562411104,0.9214285714285714,0.03571428571428571,0.0,0.19075144508670516,0.6642857142857143,0.2571428571428571,0
6368,85,35.0,1468.0,2.6,,60.0,30,0,0,30,32,14,9,3,30,WA,0,920.8954,0.09230147093795886,1.0,0.0,0.0,0.0625,0.7666666666666667,0.1,1
6369,656,49.0,1456.0,2.3,793.0,155.0,204,18,0,217,289,119,45,50,217,WA,0,2171.4935,0.3020962300831202,0.9400921658986175,0.08294930875576037,0.0,0.24913494809688586,0.7557603686635944,0.2304147465437788,0
6370,457,45.0,1297.0,2.4,1002.0,160.0,148,5,0,152,183,76,31,28,152,WA,0,996.7845,0.45847422386684383,0.9736842105263158,0.03289473684210526,0.0,0.1693989071038251,0.7039473684210527,0.18421052631578946,0
6372,105,53.0,1031.0,2.2,719.0,100.0,39,0,0,39,53,24,14,4,39,WA,0,384.8013,0.2728681010173302,1.0,0.0,0.0,0.26415094339622647,0.9743589743589743,0.10256410256410256,0
6373,82,43.0,2125.0,2.9,1580.0,,26,0,0,26,30,19,6,0,26,WA,0,559.0948,0.146665645969163,1.0,0.0,0.0,0.1333333333333333,0.9615384615384616,0.0,1
6375,880,47.0,1326.0,2.2,867.0,183.0,329,17,0,352,420,166,76,83,352,WA,0,1708.1363,0.5151813704796274,0.9346590909090909,0.048295454545454544,0.0,0.16190476190476188,0.6875,0.23579545454545456,0
6383,935,55.0,1115.0,2.2,779.0,130.0,289,6,0,306,375,175,55,51,306,WA,0,1797.2485,0.5202396886128992,0.9444444444444444,0.0196078431372549,0.0,0.18400000000000005,0.7516339869281046,0.16666666666666666,0
6384,25,47.0,3124.0,2.7,9999.0,,6,0,0,6,6,4,0,0,6,WA,0,219.6783,0.11380277432955371,1.0,0.0,0.0,0.0,0.6666666666666666,0.0,1
6385,20,62.0,2749.0,2.0,,,9,0,0,9,5,4,0,0,9,WA,0,342.9449,0.0583184062512666,1.0,0.0,0.0,-0.8,0.4444444444444444,0.0,1
6386,114,42.0,1875.0,2.9,652.0,138.0,21,0,0,25,33,13,3,6,25,WA,0,534.7377,0.2131886343528799,0.84,0.0,0.0,0.24242424242424243,0.64,0.24,0
6390,1673,42.0,1732.0,2.5,1695.0,280.0,563,18,0,587,736,199,196,167,587,WA,0,2687.8869,0.6224220222956554,0.959114139693356,0.030664395229982964,0.0,0.20244565217391308,0.6729131175468483,0.28449744463373083,0
6391,1040,41.0,1760.0,2.4,1300.0,200.0,354,12,4,371,465,159,82,86,371,WA,0,2290.0975,0.45412913642323094,0.954177897574124,0.03234501347708895,0.01078167115902965,0.2021505376344086,0.6495956873315364,0.23180592991913745,0
6392,432,50.0,1367.0,2.1,870.0,150.0,161,6,0,171,208,86,31,31,171,WA,0,1047.5695,0.41238314021169953,0.9415204678362573,0.03508771929824561,0.0,0.17788461538461542,0.6842105263157895,0.18128654970760233,0
6393,119,46.0,1036.0,2.6,825.0,83.0,37,0,0,37,41,21,7,3,37,WA,0,329.2705,0.3614049846554732,1.0,0.0,0.0,0.09756097560975607,0.7567567567567568,0.08108108108108109,0
6394,477,51.0,1425.0,2.3,1083.0,180.0,190,0,0,190,250,107,24,23,190,WA,0,1568.5913,0.30409450823806045,1.0,0.0,0.0,0.24,0.6894736842105263,0.12105263157894737,0
6395,1543,43.0,1452.0,2.3,1073.0,200.0,559,30,0,597,759,230,133,174,597,WA,0,1816.903,0.8492473181011865,0.9363484087102177,0.05025125628140704,0.0,0.2134387351778656,0.6080402010050251,0.2914572864321608,0
6396,353,46.0,1573.0,2.2,1285.0,155.0,136,0,0,144,207,62,19,32,144,WA,0,1391.3439,0.2537115374566992,0.9444444444444444,0.0,0.0,0.30434782608695654,0.5625,0.2222222222222222,0
6397,92,49.0,900.0,2.1,542.0,160.0,39,0,0,39,63,19,8,11,39,WA,0,882.6376,0.10423303969828614,1.0,0.0,0.0,0.38095238095238093,0.6923076923076923,0.28205128205128205,1
6398,552,58.0,794.0,1.9,1070.0,210.0,244,0,0,252,456,139,48,56,252,WA,0,1646.3684,0.3352834031556971,0.9682539682539683,0.0,0.0,0.4473684210526315,0.7420634920634921,0.2222222222222222,0
6401,8283,42.0,1263.0,2.4,1300.0,250.0,2769,139,15,2965,3531,1088,944,810,2965,WA,0,1369.5302,6.048059400223522,0.9338954468802698,0.04688026981450253,0.00505902192242833,0.16029453412630978,0.6853288364249578,0.27318718381112983,0
6403,158,52.0,1125.0,2.2,986.0,225.0,67,0,0,64,77,29,27,14,64,WA,0,60.0858,2.629573043880584,1.046875,0.0,0.0,0.16883116883116878,0.875,0.21875,0
6405,338,40.0,1273.0,2.6,1042.0,188.0,112,0,0,110,172,52,34,12,110,WA,0,750.1065,0.4506026810859525,1.018181818181818,0.0,0.0,0.36046511627906974,0.7818181818181819,0.10909090909090909,0
6407,960,35.0,1639.0,2.4,1213.0,200.0,318,9,0,334,448,128,87,96,334,WA,0,1112.3392,0.8630460924149757,0.9520958083832335,0.02694610778443114,0.0,0.2544642857142857,0.6437125748502994,0.2874251497005988,0
6409,386,46.0,1125.0,2.5,563.0,161.0,136,0,0,136,209,72,22,27,136,WA,0,1101.692,0.3503701579025717,1.0,0.0,0.0,0.34928229665071775,0.6911764705882353,0.19852941176470587,0
6410,949,52.0,958.0,2.2,800.0,160.0,342,12,19,371,467,160,97,87,371,WA,0,982.8496,0.9655597356909948,0.921832884097035,0.03234501347708895,0.05121293800539083,0.20556745182012848,0.692722371967655,0.23450134770889489,0
6411,133,53.0,2125.0,2.4,1701.0,190.0,43,0,0,42,58,24,12,3,42,WA,0,487.8053,0.272649764157954,1.0238095238095237,0.0,0.0,0.27586206896551724,0.8571428571428571,0.07142857142857142,0
6412,59,46.0,1375.0,2.9,,150.0,12,0,0,12,36,11,0,0,12,WA,0,444.7781,0.13265041601643607,1.0,0.0,0.0,0.6666666666666667,0.9166666666666666,0.0,1
6413,59,54.0,866.0,2.0,1690.0,100.0,23,0,0,23,30,15,4,5,23,WA,0,238.0088,0.24788999398341574,1.0,0.0,0.0,0.23333333333333328,0.8260869565217391,0.21739130434782608,1
6414,75,49.0,1812.0,2.6,1813.0,150.0,22,0,0,22,26,13,6,4,22,WA,0,184.6471,0.4061802216227604,1.0,0.0,0.0,0.15384615384615385,0.8636363636363636,0.18181818181818182,1
6415,2771,40.0,1396.0,2.3,1066.0,220.0,975,43,3,1032,1279,336,321,318,1032,WA,0,1687.8161,1.6417665407978985,0.9447674418604651,0.041666666666666664,0.0029069767441860465,0.19311962470680222,0.6366279069767442,0.3081395348837209,0
6418,742,49.0,1236.0,2.4,737.0,160.0,224,18,0,264,282,124,52,62,264,WA,0,1107.8771,0.6697493792407119,0.8484848484848485,0.06818181818181818,0.0,0.06382978723404253,0.6666666666666666,0.23484848484848486,0
6419,51,47.0,1166.0,2.4,1192.0,100.0,21,0,0,24,24,14,4,0,24,WA,0,358.3108,0.14233453192033285,0.875,0.0,0.0,0.0,0.75,0.0,1
6420,77,40.0,1542.0,2.3,224.0,150.0,29,0,0,29,44,27,4,0,29,WA,0,978.6081,0.07868318277766145,1.0,0.0,0.0,0.34090909090909094,1.0689655172413792,0.0,1
6421,168,40.0,1458.0,2.8,1174.0,120.0,41,0,0,49,58,23,11,5,49,WA,0,1246.3928,0.13478896861406772,0.8367346938775511,0.0,0.0,0.15517241379310343,0.6938775510204082,0.10204081632653061,0
6422,64,32.0,2125.0,3.0,1300.0,200.0,21,0,0,21,23,10,6,4,21,WA,0,528.0006,0.12121198347123091,1.0,0.0,0.0,0.08695652173913049,0.7619047619047619,0.19047619047619047,1
6423,146,61.0,1145.0,1.9,400.0,85.0,64,0,0,66,85,41,3,14,66,WA,0,1234.0872,0.11830606459575953,0.9696969696969697,0.0,0.0,0.22352941176470587,0.6666666666666666,0.21212121212121213,0
6424,72,52.0,2624.0,2.2,600.0,125.0,26,0,0,26,49,8,0,5,26,WA,0,1623.2244,0.04435615925931128,1.0,0.0,0.0,0.4693877551020408,0.3076923076923077,0.19230769230769232,1
6425,83,45.0,1999.0,2.4,1084.0,150.0,28,0,0,27,44,18,6,3,27,WA,0,1030.6138,0.08053453194591417,1.037037037037037,0.0,0.0,0.38636363636363635,0.8888888888888888,0.1111111111111111,1
6426,894,47.0,1328.0,2.0,800.0,150.0,281,19,3,311,485,120,56,95,311,WA,0,19004.6679,0.04704107457726214,0.9035369774919614,0.06109324758842444,0.00964630225080386,0.3587628865979381,0.5659163987138264,0.3054662379421222,0
6427,93,43.0,,,,,0,0,0,0,0,0,0,0,0,WA,0,527.564,0.1762819297753448,,,,,,,1
6428,56,45.0,2374.0,3.2,542.0,,16,0,0,16,16,10,4,0,16,WA,0,380.8239,0.14704959431380227,1.0,0.0,0.0,0.0,0.875,0.0,1
6429,967,47.0,1208.0,2.2,927.0,238.0,281,5,12,307,403,117,76,95,307,WA,0,23101.1675,0.04185935624249294,0.9153094462540716,0.016286644951140065,0.03908794788273615,0.2382133995037221,0.6286644951140065,0.30944625407166126,0
6430,21920,34.0,2429.0,2.6,1703.0,310.0,6143,1282,125,7648,8920,1313,3157,2900,7648,WA,0,145.2704,150.89102804150053,0.8032165271966527,0.1676255230125523,0.016344142259414225,0.14260089686098654,0.5844665271966527,0.37918410041841005,0
6431,935,33.0,1523.0,3.2,986.0,63.0,128,9,3,167,279,8,4,125,167,WA,0,107197.5149,0.008722217122964294,0.7664670658682635,0.05389221556886228,0.017964071856287425,0.4014336917562724,0.0718562874251497,0.7485029940119761,0
6432,7150,35.0,2001.0,2.5,1309.0,300.0,1964,288,0,2329,2742,506,962,767,2329,WA,0,17.0965,418.2142543795514,0.8432803778445684,0.12365822241305281,0.0,0.15061998541210797,0.6303134392443108,0.3293258909403177,0
6434,184,31.0,1499.0,2.7,,,4,0,0,8,10,5,0,0,8,WA,0,80290.7063,0.002291672454748352,0.5,0.0,0.0,0.19999999999999996,0.625,0.0,0
6436,153,46.0,900.0,2.0,397.0,156.0,31,0,0,45,68,16,0,22,45,WA,0,34758.7851,0.004401764893675757,0.6888888888888889,0.0,0.0,0.3382352941176471,0.35555555555555557,0.4888888888888889,0
6437,747,30.0,2562.0,2.9,520.0,46.0,109,7,0,121,215,0,0,69,121,WA,0,11582.6005,0.06449328887757115,0.9008264462809917,0.05785123966942149,0.0,0.4372093023255814,0.0,0.5702479338842975,0
6438,837,37.0,1446.0,2.3,714.0,163.0,138,15,7,199,372,59,27,76,199,WA,0,20332.4557,0.041165711232805,0.6934673366834171,0.07537688442211055,0.035175879396984924,0.46505376344086025,0.4321608040201005,0.38190954773869346,0
6440,1333,37.0,966.0,2.5,413.0,80.0,149,18,4,183,275,26,14,108,183,WA,0,179993.971,0.007405803608833098,0.8142076502732241,0.09836065573770492,0.02185792349726776,0.3345454545454546,0.2185792349726776,0.5901639344262295,0
6442,2472,35.0,2129.0,2.4,985.0,200.0,715,74,12,802,1036,200,290,293,802,WA,0,225.8115,10.947183823675942,0.8915211970074813,0.09226932668329177,0.014962593516209476,0.22586872586872586,0.6109725685785536,0.3653366583541147,0
6443,722,50.0,837.0,1.9,600.0,150.0,252,4,0,269,516,112,33,77,269,WA,0,99857.0855,0.007230333194533301,0.9368029739776952,0.01486988847583643,0.0,0.4786821705426356,0.5390334572490706,0.2862453531598513,0
6445,159,48.0,966.0,2.8,661.0,104.0,52,0,0,53,69,33,3,6,53,WA,0,9695.4814,0.01639939198893208,0.9811320754716981,0.0,0.0,0.23188405797101452,0.6792452830188679,0.11320754716981132,0
6446,113,42.0,1625.0,2.4,1000.0,140.0,44,0,0,48,60,24,7,3,48,WA,0,1481.5702,0.07627043254514702,0.9166666666666666,0.0,0.0,0.19999999999999996,0.6458333333333334,0.0625,0
6447,174,36.0,1875.0,2.6,2167.0,115.0,54,0,0,62,77,29,3,9,62,WA,0,3578.9003,0.048618286460787974,0.8709677419354839,0.0,0.0,0.19480519480519476,0.5161290322580645,0.14516129032258066,0
6448,406,39.0,1542.0,2.7,1149.0,290.0,118,0,0,119,137,48,39,22,119,WA,0,734.2044,0.5529795245029858,0.9915966386554622,0.0,0.0,0.13138686131386856,0.7310924369747899,0.18487394957983194,0
6450,13159,42.0,1515.0,2.4,1572.0,265.0,4117,413,95,4757,5805,1648,1451,1373,4757,WA,0,13851.5461,0.9500022528171062,0.865461425268026,0.08681942400672693,0.019970569686777382,0.18053402239448746,0.65146100483498,0.28862728610468785,0
6452,4,57.0,2250.0,2.0,,170.0,0,0,0,0,0,0,0,0,0,WA,0,18504.68,0.0002161615331905226,,,,,,,1
6460,688,49.0,1069.0,2.2,979.0,180.0,258,19,0,281,348,137,67,56,281,WA,0,941.4056,0.7308220813642918,0.9181494661921709,0.06761565836298933,0.0,0.19252873563218387,0.7259786476868327,0.199288256227758,0
6461,494,47.0,1161.0,2.2,672.0,163.0,189,4,0,204,276,90,51,48,204,WA,0,648.8583,0.7613372596143103,0.9264705882352942,0.0196078431372549,0.0,0.26086956521739135,0.6911764705882353,0.23529411764705882,0
6462,177,34.0,1292.0,2.7,1200.0,118.0,56,0,0,58,86,27,11,3,58,WA,0,797.0484,0.22206932477375277,0.9655172413793104,0.0,0.0,0.32558139534883723,0.6551724137931034,0.05172413793103448,0
6463,23,35.0,1687.0,2.4,3059.0,175.0,11,0,0,11,16,7,3,6,11,WA,0,174.927,0.13148341879755557,1.0,0.0,0.0,0.3125,0.9090909090909091,0.5454545454545454,1
6465,42,60.0,1187.0,1.7,,50.0,22,0,0,22,33,15,0,5,22,WA,0,417.1784,0.10067635332989436,1.0,0.0,0.0,0.33333333333333337,0.6818181818181818,0.22727272727272727,1
6466,56,51.0,1437.0,2.8,,150.0,18,0,0,18,20,12,0,0,18,WA,0,449.0598,0.12470499474680209,1.0,0.0,0.0,0.09999999999999998,0.6666666666666666,0.0,1
6467,30,54.0,1874.0,2.9,,,13,0,0,13,13,4,5,0,13,WA,0,342.5448,0.0875797851843029,1.0,0.0,0.0,0.0,0.6923076923076923,0.0,1
6468,194,44.0,1604.0,2.4,683.0,100.0,63,0,0,63,81,34,9,10,63,WA,0,3111.7785,0.06234376900540961,1.0,0.0,0.0,0.2222222222222222,0.6825396825396826,0.15873015873015872,0
6470,20,21.0,2749.0,2.8,,150.0,5,0,0,5,5,3,0,0,5,WA,0,577.5903,0.034626620287771456,1.0,0.0,0.0,0.0,0.6,0.0,1
6472,151,46.0,1656.0,2.6,650.0,155.0,57,0,0,55,86,30,9,13,55,WA,0,7400.6898,0.02040350346801456,1.0363636363636364,0.0,0.0,0.36046511627906974,0.7090909090909091,0.23636363636363636,0
6473,53,40.0,1625.0,3.0,2583.0,,17,0,0,16,20,11,0,0,16,WA,0,1180.0273,0.0449142151202773,1.0625,0.0,0.0,0.19999999999999996,0.6875,0.0,1
6475,350,52.0,1312.0,2.2,748.0,129.0,150,0,0,152,233,82,27,27,152,WA,0,2254.7227,0.15522973179806104,0.9868421052631579,0.0,0.0,0.3476394849785408,0.7171052631578947,0.17763157894736842,0
6476,44,55.0,1208.0,2.3,750.0,400.0,19,0,0,19,37,5,7,0,19,WA,0,806.4864,0.0545576466013562,1.0,0.0,0.0,0.4864864864864865,0.631578947368421,0.0,1
6477,242,47.0,1406.0,2.1,675.0,110.0,81,6,0,89,149,41,10,25,89,WA,0,1248.1256,0.19389074304701384,0.9101123595505618,0.06741573033707865,0.0,0.40268456375838924,0.5730337078651685,0.2808988764044944,0
6479,558,45.0,1531.0,2.3,758.0,155.0,213,0,0,213,283,101,36,47,213,WA,0,3965.8847,0.14070000572633895,1.0,0.0,0.0,0.24734982332155475,0.6431924882629108,0.22065727699530516,0
6480,39,50.0,1125.0,2.9,1600.0,125.0,10,0,0,11,14,6,5,0,11,WA,0,242.0522,0.16112227032020365,0.9090909090909091,0.0,0.0,0.2142857142857143,1.0,0.0,1
6484,35,54.0,724.0,1.8,,,18,0,0,12,17,12,0,0,12,WA,0,8242.6947,0.004246184199931607,1.5,0.0,0.0,0.2941176470588235,1.0,0.0,1
6485,447,54.0,866.0,1.9,557.0,150.0,197,6,0,202,315,107,34,45,202,WA,0,1419.5614,0.3148859922508459,0.9752475247524752,0.0297029702970297,0.0,0.3587301587301587,0.698019801980198,0.22277227722772278,0
6487,45,47.0,1375.0,2.5,,135.0,15,0,0,15,29,8,0,0,15,WA,0,463.0481,0.09718212859527985,1.0,0.0,0.0,0.48275862068965514,0.5333333333333333,0.0,1
6488,162,55.0,885.0,1.8,520.0,120.0,72,0,0,74,117,40,12,15,74,WA,0,615.3741,0.26325449836124076,0.972972972972973,0.0,0.0,0.36752136752136755,0.7027027027027027,0.20270270270270271,0
6489,86,59.0,710.0,1.8,1040.0,120.0,37,3,0,42,77,28,9,7,42,WA,0,572.7821,0.15014435681561975,0.8809523809523809,0.07142857142857142,0.0,0.4545454545454546,0.8809523809523809,0.16666666666666666,1
6490,255,49.0,1087.0,2.1,1000.0,88.0,86,0,0,93,111,48,12,18,93,WA,0,1166.0245,0.21869180278802033,0.9247311827956989,0.0,0.0,0.16216216216216217,0.6451612903225806,0.1935483870967742,0
6501,921,47.0,1859.0,2.7,2000.0,360.0,323,0,0,323,359,104,172,27,323,WA,0,215.9524,4.264828730775856,1.0,0.0,0.0,0.10027855153203347,0.8544891640866873,0.08359133126934984,0
6502,1221,49.0,1379.0,2.4,1688.0,290.0,409,3,15,432,531,193,158,58,432,WA,0,464.7474,2.6272336327217753,0.9467592592592593,0.006944444444444444,0.034722222222222224,0.18644067796610164,0.8125,0.13425925925925927,0
6503,2354,44.0,1525.0,2.5,1733.0,268.0,766,11,0,796,1035,312,272,143,796,WA,0,2267.3791,1.0382030953712151,0.9623115577889447,0.013819095477386936,0.0,0.23091787439613531,0.7336683417085427,0.17964824120603015,0
6504,213,52.0,1224.0,2.6,1950.0,320.0,64,0,0,70,93,29,19,11,70,WA,0,106.523,1.9995681683767825,0.9142857142857143,0.0,0.0,0.24731182795698925,0.6857142857142857,0.15714285714285714,0
6505,134,40.0,1708.0,2.7,2000.0,243.0,43,0,0,43,58,24,7,3,43,WA,0,281.5417,0.4759508094182851,1.0,0.0,0.0,0.2586206896551724,0.7209302325581395,0.06976744186046512,0
6506,58,55.0,1531.0,2.0,120.0,150.0,28,0,0,28,30,13,5,5,28,WA,0,250.2769,0.23174332109755233,1.0,0.0,0.0,0.06666666666666665,0.6428571428571429,0.17857142857142858,1
6507,530,44.0,1903.0,2.4,1591.0,220.0,154,3,0,163,182,82,34,29,163,WA,0,3002.0165,0.17654799698802454,0.9447852760736196,0.018404907975460124,0.0,0.10439560439560436,0.7116564417177914,0.17791411042944785,0
6509,152,46.0,1666.0,2.5,1750.0,140.0,37,0,0,48,50,15,5,17,48,WA,0,691.506,0.21981009564631399,0.7708333333333334,0.0,0.0,0.040000000000000036,0.4166666666666667,0.3541666666666667,0
6510,1940,43.0,1459.0,2.3,1033.0,230.0,624,49,0,694,866,263,197,170,694,WA,0,1463.4002,1.3256797422878581,0.899135446685879,0.07060518731988473,0.0,0.19861431870669743,0.6628242074927954,0.24495677233429394,0
6511,480,55.0,1044.0,2.0,1427.0,300.0,179,0,0,195,524,107,41,31,195,WA,0,9.8572,48.69536988191373,0.9179487179487179,0.0,0.0,0.6278625954198473,0.7589743589743589,0.15897435897435896,0
6512,92,51.0,1375.0,2.2,850.0,250.0,34,0,0,34,35,19,4,0,34,WA,0,566.0068,0.16254221680728925,1.0,0.0,0.0,0.02857142857142858,0.6764705882352942,0.0,1
6513,162,44.0,1649.0,2.5,433.0,170.0,55,0,0,62,65,30,12,9,62,WA,0,1174.9253,0.13788110614351395,0.8870967741935484,0.0,0.0,0.0461538461538461,0.6774193548387096,0.14516129032258066,0
6514,639,61.0,889.0,2.0,1390.0,231.0,250,11,0,268,615,151,55,48,268,WA,0,223.2321,2.8624915502743558,0.9328358208955224,0.041044776119402986,0.0,0.5642276422764227,0.7686567164179104,0.1791044776119403,0
6515,323,44.0,1463.0,2.3,650.0,150.0,111,0,0,117,175,53,28,16,117,WA,0,2565.5482,0.12589901838523243,0.9487179487179487,0.0,0.0,0.3314285714285714,0.6923076923076923,0.13675213675213677,0
6516,1985,52.0,1187.0,2.2,1625.0,320.0,711,25,4,779,1430,350,204,192,779,WA,0,525.8873,3.7745729931108816,0.9127086007702182,0.03209242618741977,0.005134788189987163,0.4552447552447553,0.711168164313222,0.24646983311938384,0
6517,407,43.0,1350.0,2.0,867.0,150.0,152,3,5,161,195,72,23,46,161,WA,0,1464.2113,0.27796534557546443,0.9440993788819876,0.018633540372670808,0.031055900621118012,0.1743589743589744,0.5900621118012422,0.2857142857142857,0
6518,209,52.0,837.0,2.1,867.0,150.0,73,5,0,78,128,36,13,17,78,WA,0,2405.9234,0.08686893356621411,0.9358974358974359,0.0641025641025641,0.0,0.390625,0.6282051282051282,0.21794871794871795,0
6519,575,42.0,1366.0,2.3,650.0,120.0,191,11,0,205,274,85,34,55,205,WA,0,2656.6928,0.21643450834812367,0.9317073170731708,0.05365853658536585,0.0,0.25182481751824815,0.5804878048780487,0.2682926829268293,0
6521,347,47.0,1764.0,2.5,750.0,200.0,100,0,0,112,214,44,28,18,112,WA,0,2958.5138,0.11728861971169442,0.8928571428571429,0.0,0.0,0.47663551401869164,0.6428571428571429,0.16071428571428573,0
6522,407,47.0,1468.0,2.4,729.0,150.0,132,3,0,147,171,73,30,17,147,WA,0,1934.8857,0.21034834254033713,0.8979591836734694,0.02040816326530612,0.0,0.14035087719298245,0.7006802721088435,0.11564625850340136,0
6525,3680,53.0,1168.0,2.2,1537.0,250.0,1238,130,23,1437,1849,650,355,345,1437,WA,0,2369.3298,1.553181832263284,0.8615170494084899,0.09046624913013222,0.016005567153792623,0.22282314764737698,0.6993736951983298,0.24008350730688935,0
6528,378,50.0,1278.0,2.3,1554.0,235.0,124,0,0,142,176,65,47,29,142,WA,0,220.9371,1.7108941866259675,0.8732394366197183,0.0,0.0,0.19318181818181823,0.7887323943661971,0.20422535211267606,0
6530,33378,40.0,1483.0,2.4,1517.0,250.0,10390,1499,225,12227,14024,3849,4137,3790,12227,WA,0,127.2789,262.2429955004325,0.8497587306780077,0.12259753005643248,0.0184018974400916,0.12813747860810043,0.6531446798069845,0.3099697391019874,0
6532,6915,39.0,2009.0,2.7,1800.0,320.0,2207,13,0,2335,2628,783,1019,437,2335,WA,0,23479.2952,0.29451480298267213,0.9451820128479658,0.00556745182012848,0.0,0.11149162861491624,0.7717344753747324,0.18715203426124197,0
6535,1609,55.0,1068.0,2.2,1192.0,200.0,547,7,15,598,814,320,128,84,598,WA,0,2596.627,0.6196500305973865,0.9147157190635451,0.011705685618729096,0.02508361204013378,0.26535626535626533,0.7491638795986622,0.14046822742474915,0
6536,1478,53.0,1122.0,2.1,1600.0,258.0,441,72,0,557,810,246,127,150,557,WA,0,3651.8525,0.4047260944958757,0.7917414721723519,0.12926391382405744,0.0,0.31234567901234567,0.6696588868940754,0.26929982046678635,0
6537,995,43.0,1197.0,2.1,1387.0,220.0,264,20,9,358,509,123,47,130,358,WA,0,4458.1095,0.22318877542150997,0.7374301675977654,0.055865921787709494,0.025139664804469275,0.2966601178781926,0.4748603351955307,0.36312849162011174,0
6556,1969,44.0,1981.0,2.7,1950.0,375.0,703,0,0,704,764,227,395,69,704,WA,0,197.3844,9.975459053501694,0.9985795454545454,0.0,0.0,0.07853403141361259,0.8835227272727273,0.09801136363636363,0
6558,2613,37.0,1895.0,2.6,1686.0,360.0,275,3,0,277,314,95,150,22,277,WA,0,47.3168,55.22351469245596,0.9927797833935018,0.010830324909747292,0.0,0.11783439490445857,0.8844765342960289,0.07942238267148015,0
6560,1372,46.0,1520.0,2.5,1400.0,250.0,497,11,0,509,593,176,234,78,509,WA,0,55.1694,24.86885846139345,0.9764243614931237,0.021611001964636542,0.0,0.1416526138279932,0.8055009823182712,0.15324165029469547,0
6562,1413,45.0,1547.0,2.6,1800.0,300.0,475,0,0,477,566,170,245,45,477,WA,0,348.3701,4.0560312150784466,0.9958071278825996,0.0,0.0,0.15724381625441697,0.870020964360587,0.09433962264150944,0
6564,330,50.0,1333.0,2.3,1500.0,220.0,132,0,0,134,162,52,61,14,134,WA,0,48.3235,6.828975550198144,0.9850746268656716,0.0,0.0,0.1728395061728395,0.8432835820895522,0.1044776119402985,0
6566,3296,54.0,1190.0,2.2,1495.0,280.0,1254,10,0,1291,1626,561,475,164,1291,WA,0,637.1436,5.1730881390003765,0.9713400464756003,0.0077459333849728895,0.0,0.2060270602706027,0.8024786986831913,0.12703330751355538,0
6567,485,54.0,1357.0,2.4,1650.0,275.0,170,0,0,170,216,80,72,17,170,WA,0,523.4298,0.9265807945974799,1.0,0.0,0.0,0.2129629629629629,0.8941176470588236,0.1,0
6568,210,52.0,1728.0,2.4,563.0,130.0,72,0,0,74,89,38,23,14,74,WA,0,590.8465,0.35542226280429856,0.972972972972973,0.0,0.0,0.1685393258426966,0.8243243243243243,0.1891891891891892,0
6569,270,43.0,1604.0,2.4,500.0,180.0,95,0,0,98,109,40,23,28,98,WA,0,653.1601,0.4133749137462622,0.9693877551020408,0.0,0.0,0.1009174311926605,0.6428571428571429,0.2857142857142857,0
6571,67,45.0,1708.0,2.0,,168.0,29,0,0,27,40,14,0,13,27,WA,0,161.4917,0.41488200322369506,1.0740740740740742,0.0,0.0,0.32499999999999996,0.5185185185185185,0.48148148148148145,1
6572,61,41.0,1875.0,2.9,542.0,170.0,20,0,0,15,15,8,4,5,15,WA,0,173.4525,0.3516812960320549,1.3333333333333333,0.0,0.0,0.0,0.8,0.3333333333333333,1
6574,64,42.0,1812.0,2.8,,200.0,27,0,0,27,32,13,0,0,27,WA,0,484.8706,0.1319939794246135,1.0,0.0,0.0,0.15625,0.48148148148148145,0.0,1
6575,101,48.0,1166.0,2.5,1048.0,138.0,35,0,0,35,44,23,5,3,35,WA,0,696.6588,0.1449777136239433,1.0,0.0,0.0,0.20454545454545459,0.8,0.08571428571428572,0
6603,1110,42.0,1320.0,2.3,1083.0,180.0,409,26,0,440,543,175,98,136,440,WA,0,1725.7811,0.6431870183304245,0.9295454545454546,0.05909090909090909,0.0,0.1896869244935543,0.6204545454545455,0.3090909090909091,0
6605,41,45.0,1875.0,2.4,,160.0,16,0,0,16,16,11,0,3,16,WA,0,510.1765,0.08036434449646349,1.0,0.0,0.0,0.0,0.6875,0.1875,1
6606,133,51.0,949.0,2.1,433.0,145.0,63,0,0,59,65,39,10,3,59,WA,0,781.2716,0.17023529333460988,1.0677966101694916,0.0,0.0,0.09230769230769231,0.8305084745762712,0.05084745762711865,0
6608,150,44.0,1562.0,2.8,780.0,275.0,39,0,0,38,48,30,6,4,38,WA,0,749.9267,0.2000195485772143,1.0263157894736843,0.0,0.0,0.20833333333333337,0.9473684210526315,0.10526315789473684,0
6609,852,36.0,1897.0,2.6,1083.0,235.0,246,11,0,266,319,83,86,84,266,WA,0,1134.1823,0.7512019893098314,0.924812030075188,0.041353383458646614,0.0,0.16614420062695923,0.6353383458646616,0.3157894736842105,0
6612,162,43.0,1812.0,2.5,1096.0,165.0,43,0,0,47,66,27,4,7,47,WA,0,12610.7729,0.012846159492730219,0.9148936170212766,0.0,0.0,0.28787878787878785,0.6595744680851063,0.14893617021276595,0
6613,51,40.0,2333.0,2.5,1083.0,,16,0,0,16,16,12,0,0,16,WA,0,572.1224,0.08914176407006613,1.0,0.0,0.0,0.0,0.75,0.0,1
6614,20,59.0,1062.0,2.4,,,5,0,0,5,5,3,0,0,5,WA,0,571.4311,0.03499984512568532,1.0,0.0,0.0,0.0,0.6,0.0,1
6616,61,53.0,1562.0,2.1,394.0,,13,0,0,13,24,4,7,0,13,WA,0,662.4327,0.09208482612648802,1.0,0.0,0.0,0.45833333333333337,0.8461538461538461,0.0,1
6620,518,41.0,1764.0,2.3,834.0,170.0,98,0,0,103,134,36,22,24,103,WA,0,6297.7335,0.082251813291242,0.9514563106796117,0.0,0.0,0.23134328358208955,0.5631067961165048,0.23300970873786409,0
6623,575,43.0,1358.0,2.3,500.0,190.0,175,3,0,192,219,95,33,48,192,WA,0,2853.6478,0.20149648460472241,0.9114583333333334,0.015625,0.0,0.12328767123287676,0.6666666666666666,0.25,0
6625,57,39.0,1812.0,2.7,,250.0,22,0,0,22,23,12,0,0,22,WA,0,610.5013,0.09336589455255868,1.0,0.0,0.0,0.04347826086956519,0.5454545454545454,0.0,1
6627,57,37.0,1812.0,2.8,1000.0,88.0,13,0,0,18,23,9,0,3,18,WA,0,816.2016,0.06983568765363851,0.7222222222222222,0.0,0.0,0.21739130434782605,0.5,0.16666666666666666,1
6628,23,37.0,900.0,3.6,,200.0,3,0,0,3,3,0,0,4,3,WA,0,632.5737,0.03635939970314921,1.0,0.0,0.0,0.0,0.0,1.3333333333333333,1
6630,482,43.0,1194.0,2.3,650.0,150.0,137,6,8,162,193,69,20,41,162,WA,0,30404.5646,0.015852882826679255,0.845679012345679,0.037037037037037035,0.04938271604938271,0.1606217616580311,0.5493827160493827,0.25308641975308643,0
6631,13,62.0,3250.0,1.7,,,4,0,0,4,4,0,0,0,4,WA,0,2175.8133,0.005974777339581481,1.0,0.0,0.0,0.0,0.0,0.0,1
6632,63,40.0,1812.0,3.2,,,26,0,0,26,35,13,0,0,26,WA,0,1051.2994,0.05992584034576639,1.0,0.0,0.0,0.2571428571428571,0.5,0.0,1
6635,379,33.0,1562.0,2.8,223.0,139.0,36,3,0,57,74,9,0,34,57,WA,0,28587.3729,0.01325760157555436,0.631578947368421,0.05263157894736842,0.0,0.22972972972972971,0.15789473684210525,0.5964912280701754,0
6638,653,42.0,1204.0,2.1,542.0,175.0,115,6,0,128,211,53,16,39,128,WA,0,13858.1182,0.04712039474450434,0.8984375,0.046875,0.0,0.39336492890995256,0.5390625,0.3046875,0
6639,109,60.0,949.0,1.5,1517.0,70.0,34,0,0,43,62,18,3,3,43,WA,0,32605.2912,0.0033430156882021654,0.7906976744186046,0.0,0.0,0.30645161290322576,0.4883720930232558,0.06976744186046512,0
6640,215,54.0,682.0,1.5,725.0,100.0,55,0,0,70,103,34,5,14,70,WA,0,20882.7935,0.010295557440626896,0.7857142857142857,0.0,0.0,0.3203883495145631,0.5571428571428572,0.2,0
6642,1200,34.0,1243.0,2.4,650.0,115.0,217,18,11,276,414,71,14,137,276,WA,0,100188.5478,0.011977416844043727,0.7862318840579711,0.06521739130434782,0.03985507246376811,0.33333333333333337,0.3079710144927536,0.4963768115942029,0
6646,535,35.0,1109.0,2.4,,118.0,80,9,0,84,198,12,0,41,84,WA,0,181297.3382,0.002950953418906842,0.9523809523809523,0.10714285714285714,0.0,0.5757575757575757,0.14285714285714285,0.4880952380952381,0
6701,5259,40.0,1399.0,2.3,1300.0,209.0,1320,215,48,1774,2204,554,373,739,1774,WA,0,55074.9342,0.09548808503161134,0.7440811724915445,0.12119503945885006,0.02705749718151071,0.1950998185117967,0.5225479143179256,0.4165727170236753,0
6705,170,37.0,1300.0,2.9,826.0,75.0,35,3,0,57,76,9,6,26,57,WA,0,57809.8737,0.00294067412916697,0.6140350877192983,0.05263157894736842,0.0,0.25,0.2631578947368421,0.45614035087719296,0
6707,3074,37.0,1983.0,2.5,2103.0,330.0,856,25,50,1093,1343,247,346,444,1093,WA,0,5978.968,0.5141355498139478,0.7831655992680695,0.022872827081427266,0.04574565416285453,0.186150409530901,0.5425434583714547,0.4062214089661482,0
6710,940,36.0,2443.0,2.4,2065.0,240.0,229,14,16,282,474,47,19,136,282,WA,0,21755.6413,0.04320718415227778,0.8120567375886525,0.04964539007092199,0.05673758865248227,0.40506329113924056,0.23404255319148937,0.48226950354609927,0
6712,45,41.0,,1.0,,,0,0,0,0,0,0,0,0,0,WA,0,263.6601,0.17067428860111938,,,,,,,1
6713,1282,35.0,3664.0,2.9,2383.0,480.0,328,15,25,388,507,68,161,143,388,WA,0,134.6267,9.522628126515766,0.845360824742268,0.03865979381443299,0.06443298969072164,0.23471400394477315,0.5902061855670103,0.36855670103092786,0
6714,17657,32.0,3188.0,2.8,1972.0,320.0,4017,676,298,5089,6333,329,1285,3038,5089,WA,0,14823.7612,1.1911282003112678,0.7893495775201415,0.1328355276085675,0.05855767341324425,0.19643139112584873,0.3171546472784437,0.5969738651994498,0
6716,1084,32.0,2028.0,2.5,,28.0,36,17,0,66,136,0,0,52,66,WA,0,19482.5511,0.055639530697804765,0.5454545454545454,0.25757575757575757,0.0,0.5147058823529411,0.0,0.7878787878787878,0
6718,977,34.0,1074.0,2.9,1500.0,150.0,151,68,4,224,299,29,23,145,224,WA,0,192.1505,5.084556116169357,0.6741071428571429,0.30357142857142855,0.017857142857142856,0.25083612040133785,0.23214285714285715,0.6473214285714286,0
6720,2279,32.0,3290.0,2.8,1376.0,120.0,458,139,0,605,888,35,48,501,605,WA,0,67.2387,33.894171065175264,0.7570247933884298,0.22975206611570248,0.0,0.3186936936936937,0.1371900826446281,0.828099173553719,0
6721,4367,34.0,3369.0,2.5,1812.0,210.0,944,165,246,1417,1932,128,182,936,1417,WA,0,7890.6644,0.5534388206904352,0.666196189131969,0.11644318983768526,0.17360621030345802,0.2665631469979296,0.21877205363443897,0.6605504587155964,0
6722,11305,32.0,2595.0,2.7,1408.0,240.0,2462,720,204,3445,4415,237,670,2297,3445,WA,0,4872.0708,2.32036857920866,0.7146589259796807,0.20899854862119013,0.059216255442670535,0.2197055492638732,0.2632801161103048,0.6667634252539912,0
6725,11236,34.0,2040.0,2.7,2167.0,260.0,2593,473,67,3376,3986,445,870,1787,3376,WA,0,55384.2032,0.2028737320536192,0.768068720379147,0.14010663507109006,0.019845971563981043,0.15303562468640242,0.38951421800947866,0.529324644549763,0
6726,5730,34.0,2181.0,2.7,2167.0,371.0,1393,231,58,1794,2030,329,479,903,1794,WA,0,9.3448,613.1752418457324,0.7764771460423634,0.12876254180602006,0.032329988851727984,0.11625615763546793,0.4503901895206243,0.5033444816053512,0
6728,5365,32.0,1357.0,2.8,1638.0,100.0,1186,78,0,1369,1790,166,127,938,1369,WA,0,101758.3095,0.052722967061476195,0.8663257852447042,0.05697589481373265,0.0,0.23519553072625698,0.21402483564645727,0.6851716581446311,0
6740,1477,34.0,1165.0,3.0,1224.0,123.0,349,6,0,389,485,68,20,248,389,WA,0,58423.1396,0.025281078868962394,0.897172236503856,0.015424164524421594,0.0,0.19793814432989687,0.2262210796915167,0.6375321336760925,0
6743,6455,33.0,1971.0,2.7,2000.0,242.0,1182,229,117,1817,2249,253,287,1100,1817,WA,0,59304.4106,0.10884519270477329,0.6505228398458999,0.12603192074848651,0.06439185470555861,0.19208537127612269,0.2971931755641167,0.6053935057787562,0
6751,4007,33.0,3029.0,2.9,1370.0,50.0,778,38,15,895,1275,56,30,718,895,WA,0,59183.6116,0.06770455353556018,0.8692737430167597,0.042458100558659215,0.01675977653631285,0.29803921568627456,0.09608938547486033,0.8022346368715084,0
6753,6761,33.0,2850.0,2.8,1083.0,110.0,1283,52,28,1382,2396,81,75,1067,1382,WA,0,28095.4685,0.24064378922885732,0.9283646888567294,0.03762662807525326,0.020260492040520984,0.42320534223706174,0.11287988422575977,0.7720694645441389,0
6754,1324,35.0,3215.0,2.5,1563.0,30.0,324,11,0,335,518,6,3,292,335,WA,0,153.1272,8.646406386324573,0.9671641791044776,0.03283582089552239,0.0,0.35328185328185324,0.026865671641791045,0.8716417910447761,0
6758,1159,38.0,1321.0,2.9,,40.0,35,0,0,42,56,8,0,19,42,WA,0,21883.0496,0.052963367592056276,0.8333333333333334,0.0,0.0,0.25,0.19047619047619047,0.4523809523809524,0
6760,927,38.0,1035.0,2.6,,100.0,88,3,3,121,192,26,0,68,121,WA,0,35025.6567,0.026466313192637442,0.7272727272727273,0.024793388429752067,0.024793388429752067,0.36979166666666663,0.21487603305785125,0.5619834710743802,0
6762,657,34.0,1083.0,4.2,,50.0,49,0,0,52,69,0,0,44,52,WA,0,178407.8101,0.00368257420811198,0.9423076923076923,0.0,0.0,0.24637681159420288,0.0,0.8461538461538461,0
6765,1678,31.0,1226.0,3.0,1625.0,100.0,397,56,0,469,538,9,0,395,469,WA,0,9040.6061,0.18560702473255636,0.8464818763326226,0.11940298507462686,0.0,0.12825278810408924,0.019189765458422176,0.8422174840085288,0
6770,3149,29.0,1066.0,3.2,1800.0,90.0,669,73,15,817,1009,64,8,582,817,WA,0,135325.0744,0.02326989298887834,0.8188494492044064,0.08935128518971848,0.01835985312117503,0.19028741328047571,0.08812729498164015,0.7123623011015912,0
6798,1692,38.0,2109.0,2.5,1300.0,150.0,193,96,127,422,535,107,63,204,422,OT,0,136.1356,12.428784241594409,0.45734597156398105,0.22748815165876776,0.3009478672985782,0.21121495327102802,0.4028436018957346,0.4834123222748815,0
6799,593,40.0,2519.0,3.8,1972.0,231.0,122,0,0,122,146,11,4,82,122,OT,0,13.7258,43.2033105538475,1.0,0.0,0.0,0.1643835616438356,0.12295081967213115,0.6721311475409836,0
7000,15645,36.0,1858.0,2.3,1852.0,400.0,3717,710,1602,6098,6821,1825,1530,2579,6098,TAS,0,10.948,1429.0281329923273,0.6095441128238767,0.1164316169235815,0.2627090849458839,0.10599618824219326,0.5501803870121351,0.4229255493604461,0
7004,7982,39.0,1820.0,2.2,1690.0,400.0,1981,514,777,3300,3734,1164,804,1200,3300,TAS,0,9.8025,814.2820709002805,0.6003030303030303,0.15575757575757576,0.23545454545454544,0.11622924477771823,0.5963636363636363,0.36363636363636365,0
7005,13947,37.0,1903.0,2.4,2167.0,420.0,3653,683,870,5269,5920,2124,1153,1785,5269,TAS,0,8.3807,1664.1807963535268,0.6933004365154678,0.1296261150123363,0.16511672044031125,0.10996621621621616,0.621939646991839,0.33877396090339723,0
7007,3387,40.0,1892.0,2.6,1759.0,330.0,1071,148,55,1269,1358,502,442,312,1269,TAS,0,6.4677,523.6792059000882,0.8439716312056738,0.11662726556343578,0.04334121355397951,0.06553755522827687,0.7438928289992119,0.2458628841607565,0
7008,13210,38.0,1750.0,2.4,1710.0,350.0,4047,396,738,5214,5614,1698,1658,1759,5214,TAS,0,12.1958,1083.1597763164368,0.7761795166858458,0.0759493670886076,0.14154200230149597,0.07125044531528324,0.6436517069428462,0.33736095128500193,0
7009,13898,35.0,1427.0,2.4,1387.0,340.0,4557,413,371,5404,5746,1516,1633,2117,5404,TAS,0,8.4747,1639.9400568751696,0.8432642487046632,0.07642487046632124,0.06865284974093264,0.05951966585450752,0.5827165062916358,0.3917468541820873,0
7010,18372,37.0,1222.0,2.4,1300.0,320.0,5839,345,1111,7345,7776,2077,2098,2928,7345,TAS,0,17.2278,1066.4159091700624,0.7949625595643295,0.04697072838665759,0.15125936010891763,0.05542695473251025,0.5684138869979578,0.39863852961198093,0
7011,15742,38.0,1295.0,2.4,1300.0,320.0,4967,274,1004,6255,6600,1806,2189,2029,6255,TAS,0,27.2078,578.584082505752,0.7940847322142286,0.043804956035171864,0.16051159072741805,0.05227272727272725,0.6386890487609912,0.32438049560351717,0
7012,838,44.0,1657.0,2.7,1328.0,305.0,301,3,0,307,351,130,141,19,307,TAS,0,33.4333,25.064830573111237,0.9804560260586319,0.009771986970684038,0.0,0.1253561253561254,0.8827361563517915,0.06188925081433225,0
7015,11290,45.0,1595.0,2.3,1625.0,400.0,4132,297,101,4536,4823,1817,1545,929,4536,TAS,0,15.3124,737.3109375408166,0.9109347442680776,0.06547619047619048,0.0222663139329806,0.05950653120464444,0.7411816578483245,0.20480599647266315,0
7016,3171,34.0,1187.0,2.5,1083.0,320.0,915,57,0,972,1027,215,402,332,972,TAS,0,13.2052,240.1326750068155,0.941358024691358,0.05864197530864197,0.0,0.05355404089581306,0.6347736625514403,0.34156378600823045,0
7017,6300,40.0,1885.0,2.6,1533.0,400.0,2126,19,135,2298,2396,857,1154,246,2298,TAS,0,137.8192,45.71206334095685,0.9251523063533508,0.008268059181897302,0.0587467362924282,0.04090150250417357,0.8751087902523934,0.10704960835509138,0
7018,23450,42.0,1575.0,2.4,1600.0,360.0,8615,604,163,9407,9938,3691,3124,2392,9407,TAS,0,23.0912,1015.5383869179601,0.9158073774848517,0.06420750504943128,0.017327522058041885,0.053431273898168596,0.7244605081322419,0.254278728606357,0
7019,7744,32.0,1306.0,2.5,1361.0,320.0,2792,149,7,2953,3067,564,1140,1192,2953,TAS,0,14.6762,527.6570229350922,0.945479173721639,0.05045716220792414,0.0023704707077548256,0.03716987283990869,0.5770402980020318,0.40365729766339314,0
7020,2665,43.0,2164.0,2.8,1725.0,400.0,903,0,7,908,966,383,462,57,908,TAS,0,56.4144,47.23971184662072,0.9944933920704846,0.0,0.007709251101321586,0.06004140786749479,0.9306167400881057,0.06277533039647577,0
7021,2592,42.0,1877.0,2.6,1600.0,405.0,894,55,0,957,1015,361,447,98,957,TAS,0,4.8376,535.8028774598974,0.9341692789968652,0.05747126436781609,0.0,0.05714285714285716,0.8443051201671892,0.10240334378265413,0
7022,963,48.0,1383.0,2.4,1517.0,350.0,387,0,0,383,459,172,158,52,383,TAS,0,10.9785,87.71690121601311,1.010443864229765,0.0,0.0,0.1655773420479303,0.8616187989556136,0.13577023498694518,0
7023,383,56.0,1302.0,2.1,1441.0,418.0,163,0,0,166,284,71,62,26,166,TAS,0,4.6425,82.49865374259558,0.9819277108433735,0.0,0.0,0.4154929577464789,0.8012048192771084,0.1566265060240964,0
7024,602,43.0,2275.0,2.6,1733.0,395.0,202,0,0,202,247,90,101,14,202,TAS,0,2.2327,269.6287006763112,1.0,0.0,0.0,0.18218623481781382,0.9455445544554455,0.06930693069306931,0
7025,1822,50.0,1576.0,2.4,1636.0,340.0,664,9,0,715,778,327,265,102,715,TAS,0,93.9067,19.402236475139688,0.9286713286713286,0.012587412587412588,0.0,0.08097686375321334,0.827972027972028,0.14265734265734265,0
7026,1158,39.0,1560.0,2.6,1324.0,300.0,399,0,0,404,431,131,197,53,404,TAS,0,209.6857,5.52255113248066,0.9876237623762376,0.0,0.0,0.06264501160092806,0.8118811881188119,0.1311881188118812,0
7027,372,44.0,880.0,2.1,1083.0,225.0,127,0,0,127,148,55,55,15,127,TAS,0,152.1166,2.4454924709071855,1.0,0.0,0.0,0.14189189189189189,0.8661417322834646,0.11811023622047244,0
7030,19720,35.0,1295.0,2.6,1300.0,270.0,6450,126,517,7130,8366,1887,2763,2264,7130,TAS,0,3309.9717,5.957754865396583,0.9046283309957924,0.01767180925666199,0.07251051893408135,0.14774085584508723,0.6521739130434783,0.31753155680224404,0
7050,14593,38.0,1518.0,2.5,1625.0,380.0,5021,547,128,5703,6007,2001,1927,1605,5703,TAS,0,38.6985,377.09471943356976,0.880413817289146,0.09591443100122743,0.02244432754690514,0.050607624438155474,0.6887603015956514,0.2814308258811152,0
7052,7688,42.0,1806.0,2.5,1655.0,400.0,2702,120,85,2917,3074,1220,1022,628,2917,TAS,0,6.2052,1238.9608715271063,0.9262941378128214,0.0411381556393555,0.029139526911210148,0.05107351984385167,0.7685978745286253,0.21528968117929378,0
7053,3637,47.0,1910.0,2.5,1785.0,425.0,1335,30,8,1369,1457,677,451,189,1369,TAS,0,8.0166,453.6836065164783,0.9751643535427319,0.02191380569758948,0.005843681519357195,0.06039807824296495,0.8239590942293645,0.13805697589481372,0
7054,9609,40.0,1895.0,2.8,1690.0,375.0,3244,37,7,3331,3543,1291,1496,472,3331,TAS,0,308.276,31.170120281825376,0.9738817172020414,0.011107775442809968,0.0021014710297208045,0.05983629692351111,0.8366856799759832,0.14169918943260282,0
7055,540,33.0,1783.0,2.7,1647.0,415.0,195,4,0,202,204,61,106,35,202,TAS,0,3.254,165.9496004917025,0.9653465346534653,0.019801980198019802,0.0,0.009803921568627416,0.8267326732673267,0.17326732673267325,0
7109,9872,43.0,1397.0,2.5,1430.0,290.0,3527,79,12,3654,4153,1474,1495,569,3654,TAS,0,1133.4356,8.709802303721535,0.9652435686918446,0.02162014230979748,0.003284072249589491,0.1201541054659282,0.8125342090859332,0.15571975916803504,0
7112,3496,47.0,1016.0,2.3,1215.0,285.0,1355,29,5,1412,1818,666,437,253,1412,TAS,0,179.2618,19.5022029233222,0.9596317280453258,0.020538243626062325,0.0035410764872521247,0.2233223322332233,0.7811614730878187,0.1791784702549575,0
7113,1301,52.0,1205.0,2.4,1300.0,315.0,410,3,5,434,489,211,140,72,434,TAS,0,44.2294,29.414823624105235,0.9447004608294931,0.0069124423963133645,0.01152073732718894,0.11247443762781184,0.8087557603686636,0.16589861751152074,0
7116,2490,48.0,1129.0,2.4,1141.0,280.0,961,4,5,981,1167,449,355,136,981,TAS,0,13222.5661,0.18831443013168223,0.9796126401630989,0.004077471967380225,0.0050968399592252805,0.15938303341902316,0.8195718654434251,0.13863404689092762,0
7117,923,55.0,962.0,2.1,1170.0,295.0,387,0,0,398,552,210,115,55,398,TAS,0,48.3123,19.104865634631345,0.9723618090452262,0.0,0.0,0.27898550724637683,0.8165829145728644,0.13819095477386933,0
7119,47,37.0,1024.0,2.8,650.0,,12,0,0,12,20,8,3,0,12,TAS,0,45.0101,1.044210077293763,1.0,0.0,0.0,0.4,0.9166666666666666,0.0,1
7120,1892,52.0,1027.0,2.2,895.0,188.0,752,12,19,782,946,367,239,125,782,TAS,0,1512.6641,1.2507733871650686,0.9616368286445013,0.015345268542199489,0.024296675191815855,0.17336152219873147,0.7749360613810742,0.159846547314578,0
7139,8,49.0,1125.0,1.0,,,3,0,0,3,3,0,0,0,3,TAS,0,72.0034,0.11110586444529008,1.0,0.0,0.0,0.0,0.0,0.0,1
7140,12069,42.0,1197.0,2.4,1192.0,270.0,4315,127,83,4582,5365,1676,1743,993,4582,TAS,0,5233.2386,2.3062200909394805,0.941728502837189,0.027717154081187256,0.01811436054124836,0.1459459459459459,0.746180707114797,0.2167175905718027,0
7150,3191,50.0,1435.0,2.4,1426.0,273.0,1194,10,3,1224,2062,594,458,117,1224,TAS,0,503.6592,6.335633301248145,0.9754901960784313,0.008169934640522876,0.0024509803921568627,0.4064015518913676,0.8594771241830066,0.09558823529411764,0
7155,943,51.0,1412.0,2.4,1517.0,365.0,348,0,0,371,413,191,127,38,371,TAS,0,14.9646,63.01538297047699,0.9380053908355795,0.0,0.0,0.10169491525423724,0.8571428571428571,0.10242587601078167,0
7162,667,54.0,1481.0,2.5,1777.0,350.0,262,0,0,263,280,153,79,27,263,TAS,0,24.3229,27.422716863531896,0.9961977186311787,0.0,0.0,0.06071428571428572,0.8821292775665399,0.10266159695817491,0
7163,397,51.0,1397.0,2.4,1375.0,300.0,146,0,0,148,185,71,58,3,148,TAS,0,21.3361,18.606961909627348,0.9864864864864865,0.0,0.0,0.19999999999999996,0.8716216216216216,0.02027027027027027,0
7170,5734,43.0,2326.0,2.8,1950.0,400.0,1923,0,6,1976,2045,836,943,128,1976,TAS,0,93.1647,61.546916374978935,0.9731781376518218,0.0,0.003036437246963563,0.03374083129584349,0.9003036437246964,0.06477732793522267,0
7171,3824,39.0,1522.0,2.4,1427.0,370.0,1437,48,7,1505,1592,440,702,337,1505,TAS,0,31.5554,121.18369597596609,0.9548172757475083,0.03189368770764119,0.004651162790697674,0.05464824120603018,0.7588039867109635,0.2239202657807309,0
7172,4435,41.0,1362.0,2.4,1517.0,350.0,1675,44,3,1722,1816,621,650,399,1722,TAS,0,241.9126,18.3330673970682,0.9727061556329849,0.025551684088269456,0.0017421602787456446,0.05176211453744495,0.7380952380952381,0.23170731707317074,0
7173,7509,43.0,1383.0,2.4,1300.0,330.0,2902,4,0,2921,3864,1069,1342,418,2921,TAS,0,114.874,65.36727196754705,0.9934953782951044,0.0013693940431359123,0.0,0.24404761904761907,0.8254022595001712,0.14310167750770283,0
7174,200,45.0,1162.0,2.6,1159.0,225.0,70,0,0,70,82,30,30,5,70,TAS,0,42.5297,4.702596068159427,1.0,0.0,0.0,0.14634146341463417,0.8571428571428571,0.07142857142857142,0
7175,184,48.0,1300.0,2.2,1343.0,260.0,77,0,0,73,112,41,17,15,73,TAS,0,62.3831,2.9495167761781635,1.0547945205479452,0.0,0.0,0.3482142857142857,0.7945205479452054,0.2054794520547945,0
7176,185,40.0,1562.0,2.9,1300.0,,53,0,0,53,65,27,26,0,53,TAS,0,62.1658,2.9759128009291285,1.0,0.0,0.0,0.18461538461538463,1.0,0.0,0
7177,449,47.0,1267.0,2.4,1083.0,310.0,173,5,0,180,230,87,53,20,180,TAS,0,90.3882,4.967462567016491,0.9611111111111111,0.027777777777777776,0.0,0.21739130434782605,0.7777777777777778,0.1111111111111111,0
7178,325,56.0,766.0,2.0,1083.0,295.0,145,0,0,146,295,85,47,12,146,TAS,0,96.6914,3.3612089596386028,0.9931506849315068,0.0,0.0,0.5050847457627119,0.9041095890410958,0.0821917808219178,0
7179,422,58.0,919.0,2.0,1417.0,270.0,189,0,0,195,435,113,50,24,195,TAS,0,51.4124,8.208136558495616,0.9692307692307692,0.0,0.0,0.5517241379310345,0.8358974358974359,0.12307692307692308,0
7180,167,59.0,782.0,2.0,1116.0,210.0,70,0,0,70,111,49,16,11,70,TAS,0,18.7249,8.918605706839555,1.0,0.0,0.0,0.36936936936936937,0.9285714285714286,0.15714285714285714,0
7182,247,57.0,912.0,1.9,975.0,200.0,100,0,0,107,290,57,20,16,107,TAS,0,175.4638,1.407697770138342,0.9345794392523364,0.0,0.0,0.6310344827586207,0.719626168224299,0.14953271028037382,0
7183,42,60.0,687.0,2.0,1066.0,295.0,22,0,0,22,32,8,7,6,22,TAS,0,12.5638,3.342937646253522,1.0,0.0,0.0,0.3125,0.6818181818181818,0.2727272727272727,1
7184,909,56.0,795.0,2.0,997.0,230.0,373,13,0,397,906,196,104,75,397,TAS,0,123.9962,7.330869816978262,0.9395465994962217,0.0327455919395466,0.0,0.5618101545253863,0.7556675062972292,0.1889168765743073,0
7185,139,60.0,1274.0,1.9,1500.0,250.0,55,0,0,53,74,33,10,10,53,TAS,0,18.1584,7.65485945898317,1.0377358490566038,0.0,0.0,0.28378378378378377,0.8113207547169812,0.18867924528301888,0
7186,196,58.0,1024.0,2.1,1300.0,330.0,82,0,0,83,227,50,15,10,83,TAS,0,82.794,2.3673213034760976,0.9879518072289156,0.0,0.0,0.6343612334801763,0.7831325301204819,0.12048192771084337,0
7187,138,61.0,1010.0,1.8,1183.0,115.0,63,0,0,65,97,46,11,7,65,TAS,0,26.6414,5.179907962794748,0.9692307692307692,0.0,0.0,0.3298969072164949,0.8769230769230769,0.1076923076923077,0
7190,3458,59.0,975.0,2.1,1083.0,245.0,1440,32,0,1486,2947,809,342,264,1486,TAS,0,1792.4606,1.9291916374619336,0.9690444145356663,0.021534320323014805,0.0,0.49575839837122493,0.7745625841184388,0.17765814266487215,0
7209,414,57.0,903.0,2.0,867.0,200.0,179,4,3,185,249,94,32,36,185,TAS,0,1072.9981,0.3858347931836971,0.9675675675675676,0.021621621621621623,0.016216216216216217,0.2570281124497992,0.6810810810810811,0.1945945945945946,0
7210,1076,51.0,852.0,2.1,867.0,215.0,419,26,15,466,623,217,111,100,466,TAS,0,1144.2133,0.9403841049566546,0.8991416309012875,0.055793991416309016,0.032188841201716736,0.2520064205457464,0.703862660944206,0.2145922746781116,0
7211,261,47.0,1192.0,2.3,813.0,200.0,92,7,0,99,113,37,22,20,99,TAS,0,413.3688,0.631397434929777,0.9292929292929293,0.0707070707070707,0.0,0.12389380530973448,0.5959595959595959,0.20202020202020202,0
7212,1778,50.0,1320.0,2.3,1300.0,273.0,689,7,26,726,826,346,236,119,726,TAS,0,1082.652,1.6422636267240074,0.9490358126721763,0.009641873278236915,0.03581267217630854,0.12106537530266348,0.8016528925619835,0.16391184573002754,0
7213,298,49.0,836.0,2.1,650.0,190.0,120,0,0,123,167,71,13,19,123,TAS,0,1061.0291,0.28085940338488363,0.975609756097561,0.0,0.0,0.26347305389221554,0.6829268292682927,0.15447154471544716,0
7214,630,53.0,775.0,2.1,691.0,173.0,264,3,0,275,302,158,63,39,275,TAS,0,1376.0028,0.4578479055420527,0.96,0.01090909090909091,0.0,0.08940397350993379,0.8036363636363636,0.14181818181818182,0
7215,4066,52.0,931.0,2.1,1083.0,250.0,1603,11,31,1695,2964,898,384,348,1695,TAS,0,1041.001,3.905855998217101,0.9457227138643067,0.006489675516224189,0.018289085545722714,0.42813765182186236,0.7563421828908554,0.20530973451327433,0
7216,3563,57.0,847.0,2.0,1083.0,245.0,1405,79,69,1589,2519,827,346,353,1589,TAS,0,791.9211,4.499185588059214,0.8842039018250472,0.04971680302076778,0.0434235368156073,0.3691941246526399,0.7382001258653241,0.22215229704216488,0
7248,17177,33.0,1121.0,2.4,1100.0,260.0,5115,1055,205,6427,6924,1602,1664,2933,6427,TAS,0,36.9022,465.4736031998092,0.7958612105181266,0.16415123696903688,0.03189668585654271,0.0717793183131138,0.5081686634510658,0.4563559981328769,0
7249,14056,38.0,1349.0,2.3,1300.0,300.0,4701,530,538,5784,6217,1631,1951,1927,5784,TAS,0,12.61,1114.670896114195,0.8127593360995851,0.09163208852005532,0.09301521438450899,0.0696477400675567,0.6192946058091287,0.3331604426002766,0
7250,51133,41.0,1400.0,2.3,1300.0,285.0,16827,1575,2102,20611,22223,7336,6650,6024,20611,TAS,0,174.1852,293.5553652089844,0.8164087137936054,0.07641550628305274,0.10198437727427102,0.0725374611888584,0.6785696957935083,0.2922711173645141,0
7252,2993,49.0,1619.0,2.5,1440.0,290.0,1121,0,0,1124,1385,557,438,87,1124,TAS,0,496.59,6.027104855111864,0.9973309608540926,0.0,0.0,0.1884476534296029,0.8852313167259787,0.07740213523131673,0
7253,5160,47.0,911.0,2.2,953.0,220.0,1865,251,27,2168,2459,843,522,725,2168,TAS,0,153.8115,33.54755658712125,0.860239852398524,0.11577490774907749,0.012453874538745387,0.1183407889385929,0.6296125461254612,0.33440959409594095,0
7254,562,47.0,1283.0,2.4,1300.0,250.0,207,0,0,207,281,102,72,23,207,TAS,0,278.9994,2.0143412494793895,1.0,0.0,0.0,0.2633451957295374,0.8405797101449275,0.1111111111111111,0
7255,856,57.0,1095.0,2.0,867.0,140.0,372,12,0,388,597,195,61,97,388,TAS,0,1416.2192,0.6044262074684484,0.9587628865979382,0.030927835051546393,0.0,0.3500837520938024,0.6597938144329897,0.25,0
7256,1617,45.0,1330.0,2.1,1083.0,190.0,622,23,4,652,816,283,157,161,652,TAS,0,1095.7407,1.475714099147727,0.9539877300613497,0.0352760736196319,0.006134969325153374,0.2009803921568627,0.6748466257668712,0.2469325153374233,0
7257,64,51.0,725.0,2.0,,85.0,27,0,0,26,40,12,0,8,26,TAS,0,580.4052,0.1102677922251558,1.0384615384615385,0.0,0.0,0.35,0.46153846153846156,0.3076923076923077,1
7258,962,48.0,2358.0,2.7,1933.0,250.0,338,0,6,347,380,179,125,30,347,TAS,0,97.9701,9.819322425923827,0.9740634005763689,0.0,0.01729106628242075,0.08684210526315794,0.8760806916426513,0.08645533141210375,0
7259,505,46.0,1433.0,2.5,1300.0,225.0,191,0,0,192,207,90,75,18,192,TAS,0,485.6861,1.0397662193750243,0.9947916666666666,0.0,0.0,0.07246376811594202,0.859375,0.09375,0
7260,3334,47.0,1041.0,2.3,1083.0,210.0,1278,59,4,1346,1482,576,410,290,1346,TAS,0,760.429,4.384367245331254,0.9494799405646359,0.043833580980683504,0.0029717682020802376,0.09176788124156543,0.7325408618127786,0.21545319465081725,0
7261,244,53.0,846.0,2.2,650.0,240.0,99,0,0,100,130,48,32,19,100,TAS,0,81.7534,2.9845853505786915,0.99,0.0,0.0,0.23076923076923073,0.8,0.19,0
7262,1891,51.0,1224.0,2.2,1300.0,250.0,725,10,23,765,1263,338,228,157,765,TAS,0,717.5295,2.6354317139574053,0.9477124183006536,0.013071895424836602,0.030065359477124184,0.39429928741092635,0.7398692810457517,0.20522875816993463,0
7263,632,47.0,1006.0,2.3,867.0,203.0,247,0,0,253,289,117,69,43,253,TAS,0,352.3637,1.7936013272649822,0.9762845849802372,0.0,0.0,0.12456747404844293,0.7351778656126482,0.16996047430830039,0
7264,574,54.0,778.0,2.1,703.0,180.0,237,0,0,237,674,137,53,24,237,TAS,0,1505.9856,0.3811457426950165,1.0,0.0,0.0,0.6483679525222552,0.8016877637130801,0.10126582278481013,0
7265,233,48.0,927.0,2.1,492.0,226.0,92,4,0,95,118,50,25,12,95,TAS,0,195.0655,1.1944705752683074,0.968421052631579,0.042105263157894736,0.0,0.19491525423728817,0.7894736842105263,0.12631578947368421,0
7267,805,46.0,1687.0,2.6,1399.0,240.0,284,0,0,281,313,125,130,21,281,TAS,0,113.8586,7.070173004059422,1.01067615658363,0.0,0.0,0.10223642172523961,0.9074733096085409,0.07473309608540925,0
7268,1133,46.0,1410.0,2.5,1270.0,250.0,402,0,0,407,443,192,154,44,407,TAS,0,162.4062,6.976334647322577,0.9877149877149877,0.0,0.0,0.08126410835214448,0.8501228501228502,0.10810810810810811,0
7270,4370,55.0,960.0,2.2,1086.0,250.0,1790,0,27,1866,2450,922,546,303,1866,TAS,0,265.1619,16.480497386690924,0.9592711682743837,0.0,0.014469453376205787,0.23836734693877548,0.7867095391211146,0.16237942122186494,0
7275,3366,50.0,1304.0,2.4,1300.0,295.0,1301,3,0,1310,1437,600,513,147,1310,TAS,0,340.3103,9.890973032552939,0.9931297709923664,0.0022900763358778627,0.0,0.08837856645789843,0.849618320610687,0.11221374045801527,0
7276,641,46.0,1380.0,2.3,1221.0,235.0,245,3,0,248,273,96,98,41,248,TAS,0,5.9926,106.9652571504856,0.9879032258064516,0.012096774193548387,0.0,0.09157509157509158,0.782258064516129,0.16532258064516128,0
7277,6524,44.0,1649.0,2.6,1517.0,350.0,2323,30,29,2397,2547,1050,994,304,2397,TAS,0,98.0652,66.52716763948882,0.9691280767626199,0.012515644555694618,0.012098456403838132,0.058892815076560634,0.85273258239466,0.12682519816437213,0
7290,2429,39.0,1483.0,2.5,1356.0,250.0,801,110,24,951,1006,318,434,185,951,TAS,0,10.6892,227.23870822886653,0.8422712933753943,0.1156677181913775,0.025236593059936908,0.05467196819085485,0.7907465825446898,0.19453207150368035,0
7291,721,39.0,1701.0,2.6,1517.0,278.0,268,0,0,271,288,100,122,41,271,TAS,0,59.4922,12.119235798978691,0.988929889298893,0.0,0.0,0.05902777777777779,0.8191881918819188,0.15129151291512916,0
7292,655,42.0,1757.0,2.7,1250.0,200.0,231,0,0,227,254,95,84,44,227,TAS,0,244.3005,2.6811242711332968,1.0176211453744493,0.0,0.0,0.10629921259842523,0.788546255506608,0.19383259911894274,0
7300,3933,41.0,1504.0,2.5,1364.0,280.0,1368,5,152,1534,1607,551,694,249,1534,TAS,0,110.7076,35.52601628072508,0.8917861799217731,0.003259452411994785,0.09908735332464146,0.04542626011201001,0.8116036505867015,0.1623207301173403,0
7301,4717,47.0,1229.0,2.3,1300.0,260.0,1648,79,143,1898,2049,750,605,453,1898,TAS,0,418.437,11.272903686815457,0.8682824025289779,0.04162276080084299,0.07534246575342465,0.07369448511469012,0.71390937829294,0.2386722866174921,0
7302,1753,40.0,1247.0,2.5,1220.0,220.0,651,0,0,661,740,244,227,141,661,TAS,0,676.5484,2.5910932610290702,0.9848714069591528,0.0,0.0,0.10675675675675678,0.7125567322239031,0.21331316187594554,0
7303,3031,47.0,1148.0,2.3,1213.0,250.0,1141,45,3,1199,1307,544,381,235,1199,TAS,0,295.7173,10.249653976957045,0.9516263552960801,0.03753127606338615,0.0025020850708924102,0.08263198163733743,0.7714762301918265,0.19599666388657214,0
7304,6265,49.0,1074.0,2.3,1170.0,240.0,2359,86,6,2486,3045,1189,663,514,2486,TAS,0,3543.6698,1.7679412455415568,0.9489139179404666,0.03459372485921158,0.002413515687851971,0.18357963875205252,0.7449718423169751,0.2067578439259855,0
7305,1265,45.0,1111.0,2.5,1000.0,250.0,470,0,0,478,519,207,169,84,478,TAS,0,124.691,10.145078634384198,0.9832635983263598,0.0,0.0,0.07899807321772645,0.7866108786610879,0.17573221757322174,0
7306,4276,50.0,1182.0,2.3,1300.0,208.0,1498,78,0,1590,1757,775,560,204,1590,TAS,0,1543.5003,2.7703266400401736,0.9421383647798742,0.04905660377358491,0.0,0.09504837791690379,0.839622641509434,0.12830188679245283,0
7307,11849,49.0,1240.0,2.3,1318.0,260.0,4367,249,33,4709,5350,2039,1469,1058,4709,TAS,0,505.5675,23.437028685586,0.9273731153111064,0.052877468677001487,0.0070078572945423655,0.11981308411214953,0.7449564663410491,0.22467615204926736,0
7310,28635,43.0,1194.0,2.3,1213.0,250.0,10317,1240,23,11702,12635,4211,3663,3505,11702,TAS,0,373.7057,76.6244667929871,0.8816441633908734,0.1059647923431892,0.0019654759870107673,0.07384250098931544,0.6728764313792515,0.2995214493249017,0
7315,15635,48.0,1136.0,2.3,1220.0,246.0,5681,592,26,6411,6895,2781,1976,1441,6411,TAS,0,613.5895,25.481205268343086,0.8861332085478084,0.09234128841054438,0.004055529558571205,0.07019579405366205,0.7420059273124318,0.22476992668850412,0
7316,6285,46.0,1362.0,2.4,1300.0,250.0,2314,123,4,2490,2702,1036,913,434,2490,TAS,0,277.204,22.67283300385276,0.9293172690763052,0.04939759036144578,0.001606425702811245,0.07846039970392304,0.7827309236947791,0.1742971887550201,0
7320,17138,40.0,1187.0,2.3,1090.0,240.0,6279,633,141,7074,7734,2263,2162,2475,7074,TAS,0,32.2926,530.7098220644978,0.8876166242578456,0.08948261238337574,0.01993214588634436,0.0853374709076804,0.6255301102629347,0.34987277353689566,0
7321,4968,46.0,1341.0,2.4,1213.0,230.0,1851,6,6,1888,2462,830,720,250,1888,TAS,0,2370.2862,2.0959494258541436,0.9804025423728814,0.0031779661016949155,0.0031779661016949155,0.2331437855402112,0.8209745762711864,0.13241525423728814,0
7322,4067,48.0,1100.0,2.2,1192.0,240.0,1536,114,6,1709,1823,682,509,467,1709,TAS,0,26.8891,151.25087860880433,0.8987712112346401,0.06670567583382095,0.003510825043885313,0.06253428414701045,0.6968987712112347,0.2732592159157402,0
7325,9015,47.0,1152.0,2.3,1226.0,230.0,3406,234,8,3663,3958,1524,1181,861,3663,TAS,0,799.9329,11.269695245688732,0.9298389298389298,0.06388206388206388,0.002184002184002184,0.07453259221829212,0.7384657384657385,0.23505323505323505,0
7330,6731,40.0,1292.0,2.4,1083.0,220.0,2342,101,18,2470,2919,879,818,555,2470,TAS,0,2296.0888,2.9315068302236393,0.9481781376518219,0.04089068825910931,0.0072874493927125505,0.15381980130181572,0.6870445344129554,0.22469635627530365,0
7331,595,51.0,1351.0,2.1,1350.0,225.0,235,10,0,254,326,116,70,62,254,TAS,0,18.0189,33.02088362774642,0.9251968503937008,0.03937007874015748,0.0,0.22085889570552142,0.7322834645669292,0.2440944881889764,0
7466,32,59.0,875.0,2.2,417.0,46.0,16,0,0,16,34,8,4,0,16,TAS,0,68.8166,0.4650040833171067,1.0,0.0,0.0,0.5294117647058824,0.75,0.0,1
7467,1808,47.0,851.0,2.0,574.0,150.0,787,11,15,816,1128,401,183,185,816,TAS,0,144.0971,12.547094979704656,0.9644607843137255,0.013480392156862746,0.01838235294117647,0.276595744680851,0.7156862745098039,0.2267156862745098,0
7468,697,40.0,1347.0,2.0,1083.0,195.0,276,3,4,290,500,102,84,87,290,TAS,0,309.9494,2.2487541514840808,0.9517241379310345,0.010344827586206896,0.013793103448275862,0.42000000000000004,0.6413793103448275,0.3,0
7469,772,50.0,949.0,2.0,606.0,160.0,307,28,0,342,578,142,84,92,342,TAS,0,5893.5125,0.13099149276428956,0.8976608187134503,0.08187134502923976,0.0,0.40830449826989623,0.6608187134502924,0.26900584795321636,0
7470,752,48.0,962.0,1.9,600.0,150.0,297,10,0,324,418,153,61,89,324,TAS,0,108.2441,6.947260866874037,0.9166666666666666,0.030864197530864196,0.0,0.22488038277511957,0.6604938271604939,0.27469135802469136,0
9494,52069,,,,,,0,0,0,0,0,0,0,0,0,,0,0.0,,,,,,,,0
9797,864,40.0,2250.0,1.9,1733.0,,0,0,0,6,6,7,0,0,6,,0,0.0,,0.0,0.0,0.0,0.0,1.1666666666666667,0.0,0
