postcode,2016,2017,2018,2019,2020,2021,2022,2023,2024,cluster,mean_rel_residual,mean_abs_rel_residual,state,mean3_2013_2015
0810,1.00054,1.15189,1.18432,2.69243,2.38732,0.73868,0.89003,0.50084,0.26841,1,1.20161,1.20161,NT/ACT,185.00000
0812,0.11221,0.81154,1.32843,2.79803,2.50411,0.36559,0.40613,-0.11076,-0.37427,0,0.87122,0.97901,NT/ACT,98.66667
0820,0.34375,1.09900,1.74935,3.55354,4.02559,1.57105,1.08853,0.96265,0.50112,1,1.65495,1.65495,NT/ACT,47.66667
0822,0.24908,0.84314,1.79363,3.10056,3.82831,1.42237,1.92732,0.82831,0.94712,1,1.65998,1.65998,NT/ACT,33.66667
0830,0.53200,0.67783,1.80283,3.42783,2.36533,0.70908,0.58408,0.15700,0.03200,1,1.14311,1.14311,NT/ACT,96.00000
0832,1.76487,2.64041,3.74771,5.13826,3.36144,2.26702,2.03526,1.24985,0.82496,1,2.55887,2.55887,NT/ACT,77.66667
0835,-0.21878,0.17938,0.49702,1.44996,1.90879,-0.06768,-0.56180,-0.73827,-0.49121,0,0.21749,0.67921,NT/ACT,28.33333
0836,0.12454,0.46612,1.55028,2.69385,2.03297,0.56267,0.85970,0.04287,0.04287,1,0.93065,0.93065,NT/ACT,67.33333
0850,-0.62327,-1.14104,-0.74510,-0.13596,2.08739,-0.54713,-0.86693,-1.39992,-1.38469,0,-0.52852,0.99238,NT/ACT,65.66667
0870,-0.83520,-0.85045,-0.90382,-0.84664,-0.77421,-0.90382,-1.29645,-1.33076,-1.43368,0,-1.01945,1.01945,NT/ACT,262.33333
2015,-0.51920,-0.23349,-0.51920,0.05223,-0.16206,1.26651,1.69508,2.55223,2.12366,0,0.69508,1.01374,NSW/ACT,14.00000
2018,0.84720,-1.12649,-0.49491,1.63667,2.11036,3.76825,3.61036,3.61036,2.89983,1,1.87351,2.23382,NSW/ACT,12.66667
2019,-0.90889,-0.48783,0.30164,0.45954,1.24901,3.40690,3.03848,3.61743,2.93322,1,1.51217,1.82255,NSW/ACT,19.00000
2020,0.55041,0.11100,0.23345,1.12691,2.53507,2.35140,2.47385,2.96364,2.71874,1,1.67383,1.67383,NSW/ACT,16.33333
2022,-0.89772,-0.97089,-0.38552,0.41935,1.00472,1.44374,1.44374,2.02911,1.22423,0,0.59009,1.09100,NSW/ACT,13.66667
2024,-0.87686,-0.62987,-0.39910,0.12013,0.29321,0.81244,0.69706,2.77398,1.27398,0,0.45167,0.87518,NSW/ACT,17.33333
2026,-0.04671,-0.19160,0.04217,0.54866,1.83438,2.92529,2.41879,2.92529,3.47074,1,1.54744,1.60040,NSW/ACT,25.66667
2030,-0.44092,-0.28618,-0.06931,-0.03317,1.37647,1.73792,1.26804,2.85840,2.31623,0,0.96972,1.15407,NSW/ACT,27.66667
2031,-0.08045,-0.14333,0.80789,1.13716,2.27130,3.84448,2.16155,3.58838,4.21033,1,1.97748,2.02721,NSW/ACT,27.33333
2032,-1.06101,-0.27840,1.54769,1.15638,1.15638,2.85203,4.67812,3.30855,3.17812,1,1.83754,2.13519,NSW/ACT,15.33333
2033,-1.76069,-1.72688,-0.42688,-0.92688,-0.12688,0.67312,1.87312,1.57312,1.77312,0,0.10269,1.20674,NSW/ACT,9.66667
2034,-0.86661,-0.80560,0.95630,0.43249,1.14678,2.09916,1.90868,2.95630,1.52773,1,1.03947,1.41107,NSW/ACT,21.00000
2035,-0.79892,-0.34375,1.31143,0.27694,2.43903,3.22524,3.39075,3.94938,3.61834,1,1.89649,2.15042,NSW/ACT,48.33333
2036,-1.19877,-1.06162,0.05266,0.03552,1.02980,3.80695,2.52123,2.77838,2.38409,1,1.14980,1.65211,NSW/ACT,58.33333
2037,-0.73613,-0.01613,-0.07613,-0.49613,0.22387,1.18387,0.40387,1.36387,1.96387,0,0.42387,0.71821,NSW/ACT,16.66667
2038,-0.37613,-0.25613,0.70387,0.76387,1.42387,1.24387,2.02387,1.90387,2.14387,1,1.06387,1.20437,NSW/ACT,16.66667
2039,-1.60017,-0.57385,0.37351,-0.25807,0.29457,0.84720,1.71562,1.24193,1.08404,0,0.34720,0.88766,NSW/ACT,12.66667
2040,-0.57777,-0.53266,0.16659,0.14404,1.41849,1.98240,1.80195,2.54631,2.29819,1,1.02751,1.27427,NSW/ACT,44.33333
2041,-0.41587,-0.54265,0.13917,0.10508,0.44599,1.40053,1.26417,1.26417,1.57099,0,0.58129,0.79429,NSW/ACT,29.33333
2042,-0.04182,-0.17155,0.00287,0.14241,0.87496,1.01450,0.80520,1.81683,1.11915,0,0.61806,0.66548,NSW/ACT,28.66667
2044,-0.12903,-0.01061,-0.08956,0.30518,0.58149,1.60781,1.33149,2.04202,2.94991,0,0.95430,1.00523,NSW/ACT,25.33333
2046,-0.89520,-0.76589,0.06170,0.47549,2.68672,2.79017,2.79017,2.63500,3.46258,1,1.47119,1.84032,NSW/ACT,38.66667
2047,-1.31909,-0.83261,-0.10288,-0.26504,2.08631,1.68091,3.22145,4.11334,2.65388,1,1.24847,1.80839,NSW/ACT,12.33333
2048,-0.67116,-0.57116,0.92884,0.64061,1.84061,1.74061,3.64061,2.94061,2.14061,1,1.40336,1.67943,NSW/ACT,9.66667
2049,0.31851,0.17955,0.81785,1.49401,2.25997,3.02592,2.89826,3.21741,2.06848,1,1.80888,1.80888,NSW/ACT,15.66667
2063,-0.99305,-0.77160,-0.40953,-0.09919,0.98702,2.07322,2.07322,1.65943,0.46978,0,0.55437,1.05956,NSW/ACT,19.33333
2064,-0.68907,-0.43907,0.39426,-0.02240,1.64426,1.31093,0.56093,1.81093,0.39426,0,0.55167,0.80735,NSW/ACT,12.00000
2065,0.02795,-0.48550,0.24706,0.42148,1.67729,2.13078,2.02613,2.75869,2.96799,1,1.30798,1.41587,NSW/ACT,28.66667
2066,-0.42455,0.17214,0.73567,1.00087,2.31856,2.51746,3.32961,3.77712,2.98154,1,1.82316,1.91750,NSW/ACT,60.33333
2067,-0.15362,0.00301,0.11277,0.33228,1.83228,2.38106,2.19813,2.96643,2.12496,1,1.31081,1.34495,NSW/ACT,27.33333
2068,-1.18373,-0.57262,-0.37818,1.17738,3.16351,3.58018,2.83018,3.91351,3.08018,1,1.73449,2.20883,NSW/ACT,36.00000
2069,-1.32518,-0.84993,0.01145,-0.25587,2.04613,2.34316,2.72930,3.70950,3.14514,1,1.28374,1.82396,NSW/ACT,33.66667
2070,-0.38329,-0.24657,1.12843,1.21176,3.54510,4.00343,3.42010,3.96176,3.42010,1,2.22898,2.36895,NSW/ACT,24.00000
2071,-0.39736,-0.50329,-0.07471,1.21100,3.47074,3.35386,3.04217,2.96425,2.45775,1,1.72493,1.94168,NSW/ACT,25.66667
2072,-1.10574,-0.52240,0.14426,0.06093,1.39426,2.39426,1.06093,2.64426,3.47760,1,1.06093,1.42274,NSW/ACT,12.00000
2073,-1.14994,0.11056,0.36266,0.36266,1.96352,3.02235,2.39210,3.77865,2.87109,1,1.52374,1.77928,NSW/ACT,39.66667
2074,-0.44218,0.15064,0.40214,1.08477,2.80036,3.60874,3.08778,3.78838,3.23149,1,1.96801,2.06627,NSW/ACT,55.66667
2075,-0.83627,-0.19524,1.08681,0.47142,4.79196,5.17658,3.97145,5.76632,4.76632,1,2.77771,3.00693,NSW/ACT,39.00000
2076,-0.45181,-0.15181,0.22714,0.92188,2.17716,2.55610,2.71400,3.53505,2.84031,1,1.59645,1.73058,NSW/ACT,63.33333
2077,-0.20422,0.03578,0.96578,1.35578,2.78830,2.96830,2.48830,3.56830,3.10330,1,1.89662,1.94201,NSW/ACT,66.66667
2079,-0.71107,-0.51547,-0.10806,0.22527,1.85490,1.74379,1.37342,3.07712,2.59564,1,1.05951,1.35608,NSW/ACT,27.00000
2081,-0.46774,-0.75853,-0.25005,1.52961,1.42792,0.97029,1.58046,2.13978,2.24147,0,0.93480,1.26287,NSW/ACT,19.66667
2082,-0.71466,-0.43754,-0.21696,4.19481,1.45951,0.79775,0.84187,1.63599,1.37128,1,0.99245,1.29671,NSW/ACT,22.66667
2083,-0.83242,-0.57528,-0.06099,0.20624,1.23481,0.37767,0.20624,-0.05090,0.54910,0,0.11716,0.45485,NSW/ACT,11.66667
2084,-1.06101,-0.27840,-0.21318,0.17812,1.09116,1.02595,1.02595,2.65638,1.67812,0,0.67812,1.02314,NSW/ACT,15.33333
2085,-0.82367,-0.29813,-0.14484,0.16173,1.81503,1.94642,2.49386,3.21649,2.77854,1,1.23838,1.51986,NSW/ACT,45.66667
2086,-0.45661,0.18803,0.45351,1.30307,3.24112,3.32077,2.60396,4.64820,3.42696,1,2.08100,2.18247,NSW/ACT,37.66667
2087,-0.02854,-0.18852,0.54958,1.26386,2.52577,2.02577,2.38291,3.66863,3.02577,1,1.69169,1.73993,NSW/ACT,42.00000
2088,-0.88147,-0.77336,0.28069,0.82123,2.75369,1.75369,2.26720,3.34828,3.40234,1,1.44137,1.80911,NSW/ACT,37.00000
2090,0.28031,-0.01754,-0.20504,1.66987,1.48237,1.66987,2.13862,3.07612,4.48237,1,1.61966,1.66912,NSW/ACT,10.66667
2092,-0.23716,0.15173,0.20729,1.20729,3.04062,2.54062,2.92951,4.70729,3.65173,1,2.02210,2.07480,NSW/ACT,18.00000
2093,-0.82158,-0.35350,0.17842,1.36991,2.95503,3.65716,3.65716,4.06141,3.61461,1,2.03540,2.29653,NSW/ACT,47.00000
2095,-0.48640,-0.66287,0.57242,-0.01581,1.80772,2.27830,1.74889,2.69007,1.80772,1,1.08223,1.34113,NSW/ACT,17.00000
2096,-0.15551,-0.66362,0.11416,0.22527,2.44749,1.63268,3.29935,3.33638,2.41046,1,1.40518,1.58721,NSW/ACT,27.00000
2097,-0.03909,-0.16036,0.45921,1.14399,3.23095,2.90486,3.49182,4.33964,4.01355,1,2.15384,2.19816,NSW/ACT,30.66667
2099,-0.34549,0.03998,0.54277,2.10143,3.03162,3.53441,3.28301,4.27184,3.45061,1,2.21224,2.28902,NSW/ACT,59.66667
2100,-0.62636,-0.10462,0.92023,1.23700,2.97925,3.85503,3.38919,3.92956,3.89229,1,2.16351,2.32595,NSW/ACT,53.66667
2101,-0.97475,-0.78275,-0.32675,0.39325,1.72528,2.32528,1.96528,2.27728,1.96528,0,0.95193,1.41510,NSW/ACT,41.66667
2102,-1.37466,-1.53595,-1.27788,-0.95530,1.28666,0.96408,0.89956,0.99634,0.48021,0,-0.05744,1.08563,NSW/ACT,31.00000
2103,-0.62461,-0.61305,0.08558,0.12667,2.22256,2.55133,2.46914,3.82530,3.16777,1,1.46785,1.74289,NSW/ACT,24.33333
2104,-0.07116,0.52884,-0.07116,0.24061,1.74061,1.24061,2.84061,2.24061,2.94061,1,1.29225,1.32387,NSW/ACT,7.66667
2106,-0.06099,0.62472,0.62472,3.03481,4.06338,5.94910,6.29196,6.89196,4.92053,1,3.59335,3.60691,NSW/ACT,11.66667
2107,0.13718,0.05950,0.37378,1.14521,2.31664,2.60235,3.25950,3.80235,3.11664,1,1.86813,1.86813,NSW/ACT,35.00000
2110,-0.86932,-0.05618,-0.85210,0.06627,1.22953,1.65810,1.96422,2.51524,2.82137,0,0.94190,1.33693,NSW/ACT,16.33333
2111,-0.27637,-0.03093,0.57581,0.87918,1.92412,2.19379,2.36233,2.96907,3.84547,1,1.60472,1.67301,NSW/ACT,29.66667
2112,-0.70520,-0.28562,0.61648,0.93117,4.46615,4.17244,3.16545,4.59202,4.73888,1,2.41020,2.63038,NSW/ACT,47.66667
2113,-1.03432,-0.44503,0.06390,0.67997,2.43446,4.06839,2.51482,3.80053,2.94339,1,1.66957,1.99831,NSW/ACT,37.33333
2114,-0.13445,0.23489,-0.12718,1.06247,2.84696,2.64006,2.32972,3.23489,2.61420,1,1.63351,1.69165,NSW/ACT,38.66667
2115,-0.76705,-0.83232,-0.49054,0.61072,1.86389,2.12971,2.50946,2.96515,3.26895,1,1.25089,1.71531,NSW/ACT,26.33333
2116,1.16032,0.65932,1.43351,2.01406,3.17535,4.04632,4.23987,6.17535,5.49793,1,3.15578,3.15578,NSW/ACT,10.33333
2117,0.04358,-0.09478,0.21973,1.30844,2.66328,3.77619,3.24393,4.09070,3.80038,1,2.11683,2.13789,NSW/ACT,41.33333
2118,-0.58797,-0.15646,0.21340,1.22025,3.75794,3.96342,3.16205,4.78534,3.40863,1,2.19629,2.36172,NSW/ACT,48.66667
2119,-0.70430,0.00358,0.96010,1.78619,2.74271,4.04706,2.82967,4.48184,4.04706,1,2.24377,2.40028,NSW/ACT,23.00000
2120,-0.40132,-0.20567,0.33237,1.00085,3.16119,2.47641,2.34598,3.25902,3.03076,1,1.66662,1.80151,NSW/ACT,61.33333
2121,-0.74723,-0.05336,0.74256,1.62011,4.01809,3.89564,3.71197,4.44666,3.99768,1,2.40357,2.58148,NSW/ACT,49.00000
2122,-0.72335,-0.66566,0.06511,0.81511,3.22859,3.11320,2.40166,3.32474,2.38243,1,1.54909,1.85776,NSW/ACT,52.00000
2125,-0.64128,0.00609,0.54293,0.98504,3.37716,3.96137,2.42979,4.04031,3.12452,1,1.98066,2.12316,NSW/ACT,63.33333
2126,-0.41093,0.10244,0.55164,1.27357,4.20139,4.20139,2.78962,3.73615,2.95005,1,2.15504,2.24635,NSW/ACT,62.33333
2131,-0.12605,-0.79271,0.54062,0.54062,2.98507,1.81840,1.65173,2.92951,2.04062,1,1.28753,1.49170,NSW/ACT,18.00000
2132,-0.50625,-0.56748,0.28966,0.59579,1.88150,2.31007,2.12640,2.61619,2.86109,1,1.28966,1.52827,NSW/ACT,16.33333
2133,-1.55626,-0.97089,0.78521,0.41935,2.39496,2.76082,2.83399,4.51692,2.98033,1,1.57383,2.13541,NSW/ACT,13.66667
2134,-1.00354,-0.52986,0.65435,0.26891,2.16364,2.08470,2.00575,3.03206,2.08470,1,1.19563,1.53639,NSW/ACT,12.66667
2135,-1.22395,-0.63572,-0.25337,0.30546,2.96725,3.02607,1.84960,3.37901,3.32019,1,1.41495,1.88451,NSW/ACT,34.00000
2136,-0.13166,-0.36243,0.25296,1.18509,2.64663,3.03124,2.03124,2.56970,3.33893,1,1.61797,1.72776,NSW/ACT,13.00000
2137,0.24127,-0.30673,1.51801,1.17780,3.12626,3.93038,4.51801,4.73451,4.33244,1,2.58577,2.65394,NSW/ACT,32.33333
2138,-0.83934,-0.25111,0.98419,0.63125,2.63125,2.98419,2.74889,3.45477,2.98419,1,1.70314,1.94546,NSW/ACT,17.00000
2140,-0.20100,-0.61871,0.38129,0.08120,2.58120,0.78120,2.18120,2.28120,2.38120,1,1.09431,1.27646,NSW/ACT,8.00000
2141,-0.46572,-0.42935,0.20701,0.18883,2.28885,2.68885,1.97975,2.39794,2.96157,1,1.31308,1.51198,NSW/ACT,55.00000
2142,-1.22088,-0.88755,-0.78499,-0.32345,1.30478,1.84324,1.30478,2.09965,1.84324,0,0.57543,1.29029,NSW/ACT,39.00000
2143,-0.31534,-0.80453,-0.91991,0.19547,0.46470,1.54163,0.81086,1.08009,1.69547,0,0.41649,0.86978,NSW/ACT,26.00000
2144,-0.40715,-0.51059,-0.30370,0.54113,2.58425,2.34287,1.86011,1.91184,2.10149,1,1.12447,1.39590,NSW/ACT,58.00000
2145,-0.15821,-0.06515,0.46040,1.48412,3.83570,3.61125,2.99264,4.04373,3.43059,1,2.18167,2.23131,NSW/ACT,182.66667
2146,-0.51921,-0.41786,0.85917,0.79836,3.36256,2.95716,2.63283,3.36256,3.32202,1,1.81751,2.02575,NSW/ACT,49.33333
2147,-0.38376,-0.29451,0.13798,1.03043,2.56514,2.41411,1.78253,3.20358,2.23562,1,1.41012,1.56085,NSW/ACT,145.66667
2148,0.05397,0.25818,0.51588,1.27925,3.26088,3.56234,2.02588,3.29006,2.81842,1,1.89610,1.89610,NSW/ACT,205.66667
2150,0.17057,-0.18746,0.15539,0.72053,2.69196,2.69196,1.49196,3.89196,1.92053,1,1.50526,1.54692,NSW/ACT,11.66667
2151,0.16004,0.13608,0.80274,1.53608,3.76941,4.56941,3.76941,5.03608,3.13608,1,2.54615,2.54615,NSW/ACT,30.00000
2152,-0.43709,-0.12504,-0.38219,0.04639,1.50353,2.10353,1.46067,3.04639,2.23210,1,1.04981,1.25966,NSW/ACT,23.33333
2153,-0.01309,0.25308,0.62300,1.51173,3.46311,3.86461,2.71423,4.08115,3.20596,1,2.18931,2.19222,NSW/ACT,221.66667
2154,-0.11441,0.40772,0.67320,1.41657,4.42541,4.46966,3.28382,3.86789,3.75285,1,2.46475,2.49017,NSW/ACT,113.00000
2155,-0.01290,0.61010,1.23310,2.50467,4.89764,4.66761,3.37048,3.89125,3.16920,1,2.70346,2.70633,NSW/ACT,313.00000
2156,0.06789,0.28217,0.43343,0.88721,1.96496,2.11622,1.88933,2.16664,1.54899,1,1.26187,1.26187,NSW/ACT,79.33333
2157,-0.14797,0.24334,1.41725,0.24334,2.72160,1.74334,2.00421,2.72160,3.56942,1,1.61290,1.64578,NSW/ACT,15.33333
2158,0.11879,0.03382,0.59632,0.28382,2.84632,2.37757,2.84632,2.47132,2.84632,1,1.60229,1.60229,NSW/ACT,32.00000
2159,-0.91692,-0.67459,0.40089,0.57070,0.68391,2.77825,1.36315,3.74051,1.75938,1,1.07836,1.43203,NSW/ACT,17.66667
2160,-0.17375,-0.44484,0.29612,0.51299,3.26903,3.12445,2.38349,4.22686,3.17867,1,1.81923,1.95669,NSW/ACT,55.33333
2161,-0.51148,0.43827,-0.37580,0.83023,1.56892,2.08149,1.76490,2.23224,2.21716,1,1.13844,1.33561,NSW/ACT,66.33333
2162,-0.53200,-0.69367,-0.28050,0.04285,1.93808,1.68658,1.32730,2.27940,1.92012,0,0.85424,1.18894,NSW/ACT,55.66667
2163,-0.58125,-0.07182,-0.41144,-0.01522,1.68290,3.66403,1.45648,2.30554,3.04139,1,1.23007,1.47001,NSW/ACT,17.66667
2164,-0.29711,0.20289,0.23481,0.73481,1.51140,1.49013,0.94757,1.68162,1.79864,0,0.92275,0.98877,NSW/ACT,94.00000
2165,-0.37687,0.99726,0.17908,0.33642,1.77348,1.82593,1.56369,2.47628,2.17208,1,1.21637,1.30012,NSW/ACT,95.33333
2166,-0.35642,-0.04502,0.24358,0.40308,1.95244,2.18029,1.48156,2.23346,2.19548,1,1.14316,1.23237,NSW/ACT,131.66667
2167,-0.05998,-0.22346,0.58279,1.31404,2.32654,1.65154,0.80779,1.59529,1.76404,1,1.08429,1.14728,NSW/ACT,53.33333
2168,-0.29175,0.10055,0.34671,1.08517,3.25440,3.13132,1.96978,2.27748,3.13901,1,1.66807,1.73291,NSW/ACT,130.00000
2170,-0.07126,0.38338,0.68648,1.71637,2.98441,2.87307,2.09988,2.77411,2.57617,1,1.78029,1.79613,NSW/ACT,323.33333
2171,-0.18951,0.07188,0.27980,1.11742,3.17023,3.79993,2.54647,2.51676,2.17815,1,1.72124,1.76335,NSW/ACT,168.33333
2172,-1.54111,-1.28927,-0.87751,-0.34810,1.82837,0.53425,-0.70104,0.47543,0.00484,0,-0.21268,0.84444,NSW/ACT,17.00000
2173,-0.65667,-0.35465,-0.29425,0.63192,3.70241,2.63530,2.15208,2.35342,2.55476,1,1.41381,1.70394,NSW/ACT,49.66667
2176,-0.34034,-0.22103,0.20511,1.00056,2.72531,3.02645,2.29349,2.40145,2.32759,1,1.49096,1.61570,NSW/ACT,176.00000
2177,-0.69964,-0.41301,-0.24104,0.25578,3.01694,3.70484,2.52012,2.34815,2.65388,1,1.46067,1.76149,NSW/ACT,52.33333
2178,-0.28495,-0.05767,0.26051,-0.10313,1.71505,1.21505,0.89687,0.76051,1.48778,0,0.65445,0.75350,NSW/ACT,22.00000
2179,-0.53070,-1.03371,2.25475,10.11577,10.11577,10.11577,10.11577,10.11577,10.11577,1,6.82055,7.16820,NSW/ACT,17.33333
2190,-0.80717,-0.97816,-0.76054,-0.30976,0.90267,1.46226,1.16692,1.92858,1.67987,0,0.47607,1.11066,NSW/ACT,64.33333
2191,0.17559,-0.28121,-0.36945,0.65348,1.09466,2.68289,2.15348,2.85937,1.88878,1,1.20640,1.35099,NSW/ACT,11.33333
2192,-1.23801,-0.34612,1.03226,0.22145,0.14037,2.49172,1.84307,3.54577,2.81604,1,1.16739,1.51942,NSW/ACT,12.33333
2193,-0.49496,-0.59691,0.45309,0.15309,1.76559,2.47809,2.62809,2.25309,1.42809,1,1.11858,1.36122,NSW/ACT,26.66667
2194,-1.17742,-1.10924,-0.29106,-0.01833,0.93622,2.23167,2.43622,2.43622,2.43622,0,0.87561,1.45251,NSW/ACT,14.66667
2195,-1.12216,-1.05098,-1.10654,-0.49543,1.11568,1.50457,0.61568,1.39346,2.33791,0,0.35469,1.19360,NSW/ACT,18.00000
2196,-0.48027,0.41973,0.10098,0.75723,2.37912,2.99787,2.79162,3.27912,3.22287,1,1.71870,1.82542,NSW/ACT,53.33333
2197,0.03042,-0.33865,-0.49054,0.11705,1.14237,1.48414,1.25629,2.28161,1.67401,0,0.79519,0.97945,NSW/ACT,26.33333
2198,-0.13340,-0.38340,0.46035,0.39785,1.55410,1.39785,1.92910,1.80410,2.14785,1,1.01938,1.13422,NSW/ACT,32.00000
2199,-0.09471,-0.35905,-0.26882,0.99434,1.91915,2.09960,1.94171,2.18983,2.14471,1,1.17408,1.33466,NSW/ACT,44.33333
2200,-0.48340,-0.36529,-0.30624,0.10715,1.31187,1.67801,1.21738,1.30006,1.96148,0,0.71345,0.97010,NSW/ACT,84.66667
2203,-0.29271,-0.45938,0.87395,0.37395,1.37395,2.04062,2.54062,3.59618,2.26284,1,1.36778,1.53491,NSW/ACT,18.00000
2204,-0.64226,-0.32758,-0.07583,0.15494,1.61300,1.71790,2.28433,2.66195,2.70391,1,1.12115,1.35352,NSW/ACT,47.66667
2205,-0.68993,-0.13891,-0.20013,0.16721,1.94272,2.18762,2.24885,4.45293,3.22844,1,1.46653,1.69519,NSW/ACT,16.33333
2206,0.04740,1.44953,0.52848,1.05480,2.02848,2.34427,3.66006,3.89690,3.79164,1,2.08906,2.08906,NSW/ACT,38.00000
2207,0.18003,0.71728,0.55575,0.78652,2.51728,3.27882,3.18652,3.64805,4.06344,1,2.10374,2.10374,NSW/ACT,43.33333
2208,-0.58090,0.71821,0.52773,0.28963,2.57535,3.19440,2.09916,4.14678,3.62297,1,1.84370,1.97279,NSW/ACT,21.00000
2209,-0.56048,0.99009,0.55588,1.06904,2.68746,3.99009,2.21378,3.47693,3.71378,1,2.01517,2.13973,NSW/ACT,25.33333
2210,-0.91126,0.46503,-0.02982,0.61967,1.77946,2.61451,2.52173,2.45987,3.23307,1,1.41692,1.62605,NSW/ACT,64.66667
2211,-1.20580,-0.82742,0.06447,0.79420,3.29423,3.64558,2.56450,3.94288,3.72666,1,1.77770,2.22953,NSW/ACT,37.00000
2212,-0.83745,-0.86164,-0.25680,0.61417,2.73112,3.26338,2.63435,3.28758,3.67467,1,1.58327,2.01791,NSW/ACT,41.33333
2213,-0.62849,0.20092,0.88916,1.61269,3.31564,4.30388,3.31564,4.46270,4.12741,1,2.39995,2.53961,NSW/ACT,56.66667
2214,-1.17091,-1.35086,-0.52827,0.68140,1.02011,1.60076,0.87495,1.11689,0.87495,0,0.34656,1.02435,NSW/ACT,20.66667
2216,-1.36903,-1.30161,-1.16678,-0.56004,1.17595,2.28831,1.00741,2.82763,1.37820,0,0.47556,1.45277,NSW/ACT,29.66667
2217,-0.44584,-0.13535,-0.13535,1.04814,1.37841,2.45181,2.20410,2.58942,2.20410,1,1.23994,1.39917,NSW/ACT,36.33333
2218,-0.90382,-0.73716,-0.18160,-0.12605,2.26284,4.15173,1.98507,2.76284,2.98507,1,1.35544,1.78846,NSW/ACT,18.00000
2219,-0.75710,-0.56849,0.00294,0.32437,0.78865,2.21723,2.00294,1.75294,1.18151,0,0.77167,1.06624,NSW/ACT,28.00000
2220,-0.32467,0.14408,-0.20886,1.09702,3.77938,4.02644,3.60291,4.41467,4.02644,1,2.28416,2.40272,NSW/ACT,28.33333
2221,-0.33936,0.00249,0.57825,0.85098,2.66916,4.63886,2.82068,4.76007,3.66916,1,2.18337,2.25878,NSW/ACT,33.00000
2222,0.51343,-0.01603,1.44111,1.92053,3.29196,4.40624,4.66338,4.57767,3.54910,1,2.70526,2.70883,NSW/ACT,11.66667
2223,-0.92675,-0.39875,0.00925,0.39325,2.78128,3.11728,2.42128,3.45328,2.94928,1,1.53327,1.82782,NSW/ACT,41.66667
2224,-0.00710,-0.35420,0.14580,1.43151,3.11008,3.18151,3.14580,3.21723,3.00294,1,1.87484,1.95513,NSW/ACT,28.00000
2225,-1.62688,-0.22688,0.17312,0.77312,4.67312,2.87312,4.47312,5.47312,3.17312,1,2.19534,2.60729,NSW/ACT,9.33333
2226,-0.12597,0.33247,0.78247,1.29247,2.76247,2.79247,3.09247,3.09247,3.33247,1,1.92820,1.95619,NSW/ACT,33.33333
2227,-0.53246,-0.48441,0.37809,1.05309,2.89059,3.97809,3.86559,3.97809,2.92809,1,2.00608,2.23205,NSW/ACT,26.66667
2228,-0.38730,1.18034,0.76262,1.40819,4.48414,4.90186,3.76262,5.88920,4.21832,1,2.91333,2.99940,NSW/ACT,26.33333
2229,-0.92075,-0.37388,0.15737,0.65737,2.14175,2.59487,2.46987,4.09487,2.61050,1,1.49244,1.78014,NSW/ACT,64.00000
2230,-0.49559,0.41045,1.25609,1.77958,3.44067,4.02456,2.99771,4.28631,3.70241,1,2.37802,2.48815,NSW/ACT,49.66667
2232,-0.86002,0.35074,0.53908,0.60635,2.39559,2.31487,2.08617,3.28348,1.97855,1,1.41053,1.60165,NSW/ACT,74.33333
2233,-0.64285,-0.03889,0.52546,0.96111,2.12942,2.60467,2.35715,3.15913,2.26804,1,1.48036,1.63186,NSW/ACT,101.00000
2234,-0.31969,0.25313,1.10749,1.76769,3.86478,4.34050,2.87448,3.82594,3.09779,1,2.31246,2.38350,NSW/ACT,103.00000
2250,0.01181,0.82564,0.84160,1.91075,2.22192,2.39346,1.80702,2.55702,1.87085,1,1.60445,1.60445,NSW/ACT,250.66667
2251,-0.44006,-0.08560,0.50230,1.46195,3.26503,3.08347,2.85869,3.88751,2.80682,1,1.92668,2.04349,NSW/ACT,115.66667
2256,-0.37884,0.23078,0.43934,1.20939,2.27625,2.46877,2.21208,2.99818,1.92331,1,1.48659,1.57077,NSW/ACT,62.33333
2257,-0.00831,0.65438,0.85139,1.27229,2.09617,2.30214,2.17676,3.45736,2.38273,1,1.68721,1.68906,NSW/ACT,111.66667
2258,0.07505,0.00343,0.17010,0.79510,1.21176,0.79510,1.62843,1.87843,0.87843,0,0.82620,0.82620,NSW/ACT,24.00000
2259,0.62741,0.82283,1.41182,1.78613,2.41365,2.65310,2.38063,2.68613,2.63934,1,1.93567,1.93567,NSW/ACT,363.33333
2260,0.14908,0.69453,2.20171,3.46486,4.44813,4.11799,4.30459,5.06536,3.91703,1,3.15147,3.15147,NSW/ACT,69.66667
2261,0.40749,0.48036,1.20911,2.17469,3.60519,3.95742,3.54446,4.41289,3.25297,1,2.56051,2.56051,NSW/ACT,164.66667
2262,-0.27265,-0.46924,0.45384,0.74444,2.05688,1.79192,1.23637,1.79192,1.41586,0,0.97215,1.13701,NSW/ACT,117.00000
2263,-0.22477,-0.25298,0.64043,0.53698,2.17857,2.16917,1.52027,2.11274,1.56729,1,1.13863,1.24480,NSW/ACT,106.33333
2264,0.43114,0.68213,1.50684,1.78174,2.09249,1.98492,2.15225,2.15225,1.80564,1,1.62105,1.62105,NSW/ACT,83.66667
2265,-0.48232,0.67342,0.87014,1.50948,2.45623,2.92344,2.75131,4.66934,4.39885,1,2.19665,2.30383,NSW/ACT,40.66667
2267,0.75281,0.82598,1.19184,0.39557,2.95655,0.98094,1.78582,2.44435,2.88338,1,1.57969,1.57969,NSW/ACT,13.66667
2278,0.04769,-0.01753,0.96073,0.96073,1.87377,1.22160,0.89551,1.15638,0.89551,0,0.88827,0.89216,NSW/ACT,15.33333
2280,0.01796,0.78964,1.11912,1.35322,3.00929,2.67114,1.88213,3.32143,2.64513,1,1.86768,1.86768,NSW/ACT,115.33333
2281,-0.07910,0.57232,1.80661,3.16090,4.47234,3.95805,3.39234,5.20948,4.11234,1,2.95614,2.97372,NSW/ACT,58.33333
2282,-0.03883,0.65919,1.04533,1.60969,3.25079,3.01317,2.27059,3.53297,2.71614,1,2.00656,2.01519,NSW/ACT,67.33333
2283,0.40510,1.02027,1.61016,1.66072,2.66353,2.19162,2.13263,2.45285,1.87139,1,1.77870,1.77870,NSW/ACT,118.66667
2284,-0.14367,0.79973,1.25256,2.78086,3.60163,4.33748,2.99786,3.07333,3.14880,1,2.42762,2.45955,NSW/ACT,53.00000
2285,-0.09198,0.37098,0.95740,1.44506,3.15836,3.13367,2.47935,2.91762,2.91145,1,1.92021,1.94065,NSW/ACT,162.00000
2286,0.07110,-0.39149,0.95062,0.35851,1.89799,0.91114,1.54272,0.91114,1.26641,0,0.83535,0.92235,NSW/ACT,25.33333
2287,-0.04397,0.44582,1.01354,1.54786,3.13166,2.94242,2.11867,2.49715,2.10754,1,1.75119,1.76096,NSW/ACT,179.66667
2289,-0.28320,0.33044,0.87589,1.50657,3.88443,3.04920,2.86170,3.54352,2.94693,1,2.07950,2.14243,NSW/ACT,58.66667
2290,0.14305,0.64173,1.02168,1.19582,2.90558,2.72352,2.28025,3.14305,2.05070,1,1.78949,1.78949,NSW/ACT,126.33333
2291,-0.71753,-0.22534,0.45435,0.87622,2.66921,2.62234,2.24734,3.77078,4.12234,1,1.75775,1.96727,NSW/ACT,42.66667
2292,-1.76069,-0.81784,-1.17078,-0.20019,0.24099,0.68216,0.41746,1.21157,1.12334,0,-0.03044,0.84722,NSW/ACT,11.33333
2295,-0.00906,1.67633,1.60892,1.57521,4.87858,3.93476,2.92352,2.78869,2.14824,1,2.39169,2.39370,NSW/ACT,29.66667
2298,-0.07648,0.02465,0.73251,1.23813,2.31678,3.09206,2.24937,2.24937,1.91229,1,1.52652,1.54351,NSW/ACT,29.66667
2299,-0.03074,0.30980,0.20724,0.95083,1.89955,2.02775,1.54057,2.28416,1.84826,1,1.22638,1.23321,NSW/ACT,39.00000
2300,-0.39672,-0.72182,-0.28634,-0.14118,1.60076,0.97173,0.29431,1.11689,0.92334,0,0.37344,0.71701,NSW/ACT,20.66667
2303,-0.21597,0.00247,0.15247,0.27247,2.37247,1.65247,1.83247,2.58247,1.65247,1,1.14487,1.19286,NSW/ACT,33.33333
2304,-0.38768,0.52090,0.26375,0.60661,1.86663,1.67805,1.69520,2.32948,2.10663,1,1.18662,1.27277,NSW/ACT,58.33333
2305,-0.53125,0.28890,-0.22909,0.48314,2.84647,2.04791,2.13424,3.04072,2.71697,1,1.42200,1.59097,NSW/ACT,46.33333
2307,-0.82930,-0.64180,-0.14180,0.42070,0.54570,1.98320,0.79570,3.67070,5.42070,1,1.24709,1.60551,NSW/ACT,16.00000
2312,-0.69446,-0.46805,-0.24163,-0.24163,0.49422,0.49422,0.21120,0.09799,0.55082,0,0.02252,0.38825,NSW/ACT,17.66667
2315,-0.20324,0.52368,1.08906,0.92753,2.53715,2.50254,2.12177,2.44484,1.99484,1,1.54869,1.59385,NSW/ACT,86.66667
2316,-0.31399,0.78736,2.44156,2.89016,3.45091,3.31072,2.63782,3.78736,2.02100,1,2.33477,2.40454,NSW/ACT,35.66667
2317,-1.06377,0.03379,0.20453,0.78989,1.21674,0.85089,0.87528,1.50943,1.04601,0,0.60698,0.84337,NSW/ACT,41.00000
2318,-0.32024,0.60965,1.38456,1.70559,3.00080,2.30338,2.27017,4.17423,2.96759,1,2.01064,2.08180,NSW/ACT,90.33333
2319,0.30444,0.48711,1.14887,1.32535,2.09740,2.38417,1.54593,1.85476,1.08270,1,1.35897,1.35897,NSW/ACT,45.33333
2320,0.12043,0.71185,1.59043,1.78328,3.32424,2.78424,2.73281,2.55709,3.53424,1,2.12651,2.12651,NSW/ACT,233.33333
2321,-0.10892,0.62862,1.71500,2.12364,3.80803,4.04723,3.82796,4.44590,4.19673,1,2.74269,2.76689,NSW/ACT,100.33333
2322,-0.15977,0.45418,1.20069,1.86348,3.14411,3.16504,2.42550,3.18597,3.10224,1,2.04238,2.07789,NSW/ACT,143.33333
2323,0.13623,1.07908,1.26480,1.11480,2.00766,2.19337,1.20051,2.02908,1.75766,1,1.42035,1.42035,NSW/ACT,140.00000
2324,-0.11035,1.02643,1.18724,1.22051,2.46019,2.00548,1.81694,2.19957,1.83912,1,1.51613,1.54065,NSW/ACT,180.33333
2325,-0.12562,0.82657,1.18221,1.77304,2.40146,2.00567,2.25232,2.57928,2.20643,1,1.67793,1.70585,NSW/ACT,174.33333
2326,-0.64231,0.75259,1.28762,1.09654,2.02331,1.14433,1.46917,1.33541,0.76216,1,1.02542,1.16816,NSW/ACT,52.33333
2327,-0.11997,1.06344,1.57113,0.64805,2.19421,1.22498,1.06344,1.29421,1.17882,1,1.12426,1.15092,NSW/ACT,43.33333
2328,-0.06797,-0.71083,-0.49654,0.25346,1.32488,1.05703,-0.01440,0.46774,-0.06797,0,0.19393,0.49565,NSW/ACT,18.66667
2329,0.45894,0.18622,0.39076,0.73167,0.59531,-0.22287,-0.15469,0.04985,0.04985,0,0.23167,0.31557,NSW/ACT,14.66667
2330,-0.43232,0.26280,0.68963,0.65914,2.04058,1.75399,1.10156,1.86985,1.53448,1,1.05330,1.14937,NSW/ACT,164.00000
2333,-0.32142,-0.24365,0.36747,0.44524,1.52302,1.04524,1.12302,1.64524,0.98969,0,0.73043,0.85600,NSW/ACT,90.00000
2334,-0.73716,0.87395,0.20729,1.65173,3.26284,2.87395,2.92951,3.37395,2.48507,1,1.88013,2.04394,NSW/ACT,18.00000
2335,-0.00420,0.99470,1.41723,1.96653,3.59329,2.93836,3.67780,5.49470,5.70596,1,2.86493,2.86586,NSW/ACT,47.33333
2336,-0.69404,0.89687,0.35142,0.89687,0.94233,0.53324,0.80596,1.07869,0.66960,0,0.60899,0.76322,NSW/ACT,22.00000
2337,-0.46909,0.38337,0.54730,0.79321,0.86699,0.71945,0.85060,0.94896,0.96535,0,0.62290,0.72715,NSW/ACT,61.00000
2340,0.09049,0.64701,0.71431,1.30965,2.13277,1.42354,1.10257,1.63061,1.61250,1,1.18483,1.18483,NSW/ACT,386.33333
2343,-0.83229,-0.09229,-0.47229,0.00771,0.05773,-0.00227,0.05773,0.47773,1.93773,0,0.12661,0.43753,NSW/ACT,50.00000
2346,-0.21815,0.12371,0.48734,0.15401,0.00249,-0.11872,-0.11872,0.66916,0.33583,0,0.14633,0.24757,NSW/ACT,33.00000
2347,-0.68567,-0.92563,-0.81849,-0.21135,-0.03277,-0.17563,-0.49706,-0.63992,-0.38992,0,-0.48627,0.48627,NSW/ACT,28.00000
2350,-0.34586,0.28341,0.41512,0.97122,2.56905,1.33978,1.43734,1.37881,1.03734,1,1.00958,1.08644,NSW/ACT,205.00000
2352,-0.04586,0.67703,-0.11815,0.35173,0.82161,0.53245,0.64089,0.96619,0.38787,0,0.46820,0.50464,NSW/ACT,27.66667
2353,-0.97613,-0.13613,-0.61613,-0.73613,0.04387,-0.67613,-0.85613,-0.43613,-1.15613,0,-0.61613,0.62588,NSW/ACT,16.66667
2354,0.17147,-0.38992,-0.21135,-0.17563,-0.42563,-0.46135,-0.21135,0.53865,0.28865,0,-0.09738,0.31933,NSW/ACT,28.00000
2357,1.53555,0.63320,0.63320,0.17926,1.04768,0.67268,0.96873,0.23847,1.08715,0,0.77732,0.77732,NSW/ACT,50.66667
2358,-0.31997,-0.11193,0.60235,0.31664,0.94521,0.37378,0.43092,0.80235,0.68807,0,0.41416,0.51014,NSW/ACT,35.00000
2360,-0.28139,0.07387,0.29379,0.21485,1.00745,0.92851,0.22362,0.56760,0.40971,0,0.38200,0.44453,NSW/ACT,177.33333
2361,-0.72795,-1.11671,-0.87671,-1.07671,-1.31671,-0.83671,-0.55671,-0.83671,-1.47671,0,-0.98018,0.98018,NSW/ACT,25.00000
2365,0.12262,0.19620,0.64782,0.51878,0.84137,0.68008,0.19620,0.22846,0.35749,0,0.42100,0.42100,NSW/ACT,31.00000
2370,-0.45265,-0.26661,-0.05730,-0.19684,0.09386,0.18688,-0.19684,-0.19684,-0.15033,0,-0.13741,0.19979,NSW/ACT,86.00000
2371,-0.45584,-0.84929,-0.45584,-0.50502,0.47858,-0.11158,-0.60338,-0.20994,-0.30830,0,-0.33563,0.44198,NSW/ACT,20.33333
2372,-0.99902,-0.58806,-0.12230,-0.19080,-0.43737,-0.43737,-0.47847,-0.34148,-0.13600,0,-0.41454,0.41454,NSW/ACT,73.00000
2380,0.01386,0.14386,0.91386,0.85386,1.70886,1.09886,1.60886,1.81886,0.95886,1,1.01331,1.01331,NSW/ACT,100.00000
2381,-1.76069,-1.76069,-1.76069,-1.76069,-1.30190,-1.42352,-1.22082,-1.22082,-1.74785,0,-1.55085,1.55085,NSW/ACT,24.66667
2388,0.84774,-0.38306,1.26832,0.47016,-0.13535,0.41511,-0.19039,-0.46562,-0.16287,0,0.18489,0.48207,NSW/ACT,36.33333
2390,0.03844,-0.21784,1.14648,-0.60980,0.05016,0.06524,0.58534,0.08785,-0.16089,0,0.10944,0.32912,NSW/ACT,132.66667
2396,1.35387,0.94964,-0.40520,-0.54134,0.52318,0.13608,0.81350,-0.44457,-0.92844,0,0.16186,0.67731,NSW/ACT,10.33333
2400,-0.32397,0.03170,1.36933,1.53170,0.05919,0.47671,-0.20370,-0.10318,-0.17277,0,0.29611,0.47469,NSW/ACT,129.33333
2402,-0.31360,0.13917,0.07099,-0.06538,-0.37219,-0.64492,0.17326,-0.54265,-0.88356,0,-0.27099,0.35619,NSW/ACT,29.33333
2404,-0.54611,-0.18914,-0.61222,-0.22760,-0.18914,-0.34299,-0.38145,-0.49683,-0.03530,0,-0.33564,0.33564,NSW/ACT,26.00000
2420,0.08159,-0.02673,0.23541,1.16745,1.31308,0.73055,0.67230,0.73055,0.73055,0,0.62608,0.63202,NSW/ACT,34.33333
2421,0.61731,0.49731,2.47731,0.98437,1.94437,1.28437,1.52437,2.06437,1.64437,1,1.44868,1.44868,NSW/ACT,16.66667
2422,-0.22306,-0.03735,0.49122,0.09122,1.04124,1.02695,0.84124,1.15552,0.61266,0,0.55552,0.61338,NSW/ACT,70.00000
2423,0.31717,-0.04109,0.21605,0.32319,0.55891,0.40891,0.62319,0.51605,0.68748,0,0.40109,0.41023,NSW/ACT,46.66667
2425,-0.12842,0.21120,1.06026,0.77724,2.47535,0.66403,1.11686,0.60742,1.79610,0,0.95334,0.98188,NSW/ACT,17.66667
2427,-1.09045,-0.13974,0.47293,0.57857,1.32859,1.26521,0.50464,1.03281,1.05394,0,0.55628,0.82965,NSW/ACT,47.33333
2428,-0.16436,0.21329,0.47925,0.73457,1.58859,2.25880,2.12582,1.88646,1.90242,1,1.22498,1.26151,NSW/ACT,188.00000
2429,-0.38967,-0.18419,0.60690,0.64800,1.05896,1.11033,0.58635,1.17197,0.51444,0,0.56923,0.69676,NSW/ACT,97.33333
2430,0.20894,0.18239,0.74323,1.25761,1.73549,1.57952,1.23106,1.40363,1.20120,1,1.06034,1.06034,NSW/ACT,301.33333
2431,0.12343,0.23579,1.12941,1.00175,2.12941,2.76771,2.27835,2.42728,1.44856,1,1.50463,1.50463,NSW/ACT,47.00000
2439,-0.00686,0.52008,2.72698,2.34767,3.93387,2.48560,2.20974,2.10629,3.38215,1,2.18950,2.19102,NSW/ACT,29.00000
2440,-0.30262,0.07892,0.70609,1.03014,2.38147,1.58705,0.99646,1.16893,0.98078,0,0.95858,1.02583,NSW/ACT,191.33333
2441,-0.85509,-0.42358,-0.30030,-0.17701,1.18945,1.08671,0.49082,0.92233,0.42917,0,0.26250,0.65272,NSW/ACT,48.66667
2443,-0.28116,0.08247,0.26429,0.42793,0.80065,0.52793,0.51884,0.34611,0.48247,0,0.35217,0.41465,NSW/ACT,110.00000
2444,-0.03404,0.23112,0.97419,1.83749,3.17871,2.26298,1.98857,2.17049,1.98241,1,1.62132,1.62889,NSW/ACT,324.33333
2445,-0.22835,0.14665,0.92790,1.64665,2.90448,2.04510,1.92010,1.74823,1.77948,1,1.43225,1.48299,NSW/ACT,64.00000
2446,-0.13579,0.27330,0.98721,1.37223,2.42304,1.70111,1.51662,1.38026,1.21983,1,1.19309,1.22326,NSW/ACT,124.66667
2447,-0.14841,0.25159,0.68689,0.87512,1.85749,1.39866,1.28102,1.24572,1.11631,0,0.95160,0.98458,NSW/ACT,85.00000
2448,0.07128,0.17002,0.49660,0.67128,1.03964,0.95610,0.69028,0.93332,0.64471,0,0.63036,0.63036,NSW/ACT,131.66667
2449,-0.39996,-0.88992,-0.42563,-0.35420,0.57437,1.14580,-0.53277,-0.56849,-0.42563,0,-0.20849,0.59075,NSW/ACT,28.00000
2450,0.09877,0.47865,1.04586,1.23320,2.07102,1.65211,1.21499,1.44656,1.11872,1,1.15110,1.15110,NSW/ACT,384.33333
2452,-0.28439,0.01640,0.34094,0.94252,2.47814,1.10875,1.55994,0.96627,0.48342,0,0.84578,0.90897,NSW/ACT,126.33333
2453,-1.18373,-1.10040,-0.76707,-0.79485,-0.00315,-0.72538,0.38574,-0.28093,0.05240,0,-0.49082,0.58818,NSW/ACT,36.00000
2454,-0.42011,0.14568,0.07989,0.47463,0.80358,0.54042,0.18516,0.61937,0.29042,0,0.30212,0.39547,NSW/ACT,76.00000
2455,-0.33264,-0.38369,0.06185,0.38858,1.10146,0.44799,0.41829,0.65591,0.18066,0,0.28205,0.44123,NSW/ACT,33.66667
2456,0.07447,0.35699,1.01618,1.39286,2.13277,1.76282,1.08344,1.10362,1.16416,1,1.12081,1.12081,NSW/ACT,148.66667
2460,-0.19803,0.44595,1.01768,1.08050,1.41035,1.05537,0.47422,0.70982,0.77579,0,0.75241,0.79641,NSW/ACT,318.33333
2462,-0.26448,-0.22315,0.06717,-0.06186,0.58330,0.32524,-0.12638,0.09943,0.13169,0,0.05900,0.20919,NSW/ACT,31.00000
2463,-0.60605,-0.18238,0.58479,1.34052,2.16495,0.68785,0.21838,0.81380,0.33288,0,0.59497,0.77018,NSW/ACT,87.33333
2464,-0.34971,0.22246,0.50081,1.38225,2.30237,1.57556,0.87969,1.83845,2.13227,1,1.16491,1.24262,NSW/ACT,64.66667
2466,-0.10768,0.79355,1.59712,2.70033,3.02176,0.93247,0.66461,1.41461,1.09319,1,1.34555,1.36948,NSW/ACT,18.66667
2469,0.28659,0.53916,1.00931,0.89737,1.34513,1.16602,0.29289,0.98692,0.98692,0,0.83448,0.83448,NSW/ACT,44.66667
2470,-0.45000,0.75386,0.88261,1.14656,2.28319,1.42696,0.68018,0.96344,0.60293,0,0.92108,1.02108,NSW/ACT,155.33333
2471,-0.72269,-0.30401,0.71872,0.88917,0.48008,0.20735,-0.20174,-0.16765,-0.03128,0,0.09644,0.41363,NSW/ACT,29.33333
2472,-0.67469,0.44396,0.39311,0.44396,1.20667,1.00328,0.13887,0.74904,0.74904,0,0.49481,0.64474,NSW/ACT,19.66667
2473,-0.53263,0.89760,0.47899,0.79295,1.66504,1.69992,0.26969,3.33946,3.09527,1,1.30070,1.41906,NSW/ACT,28.66667
2474,0.21675,0.47012,0.58161,0.56134,1.35696,0.99209,0.46507,0.67790,0.64750,0,0.66326,0.66326,NSW/ACT,98.66667
2477,-0.23650,0.55609,1.40053,1.21535,1.80053,1.18572,0.84498,0.93387,0.73387,0,0.93716,0.98971,NSW/ACT,135.00000
2478,0.49193,1.34855,1.40277,2.12205,2.69152,2.27225,1.45177,1.80598,1.73008,1,1.70188,1.70188,NSW/ACT,276.66667
2479,-0.33794,0.49812,0.85878,1.23583,1.45716,1.47355,1.09650,1.06371,0.91617,0,0.91799,0.99308,NSW/ACT,61.00000
2480,-0.00009,0.88044,1.19460,1.69682,2.32513,1.78531,0.99549,1.06850,1.01540,1,1.21796,1.21798,NSW/ACT,452.00000
2481,-0.47447,0.28439,0.39787,0.88014,1.60039,1.56493,0.66422,1.00465,0.86989,0,0.75467,0.86011,NSW/ACT,141.00000
2482,-0.50542,-0.01175,0.25407,0.81104,0.86167,0.53256,0.40597,0.33002,0.26673,0,0.32721,0.44214,NSW/ACT,79.00000
2483,-0.20556,0.51963,0.80971,1.08452,1.62650,1.36696,0.77917,0.75627,0.64177,0,0.81989,0.86557,NSW/ACT,131.00000
2484,-0.02620,0.68392,0.76747,1.07506,1.20249,1.34679,0.84932,1.02780,0.76198,0,0.85429,0.86012,NSW/ACT,263.33333
2485,-0.04092,0.65700,0.45908,1.32367,1.58408,1.32367,0.41742,0.87575,0.75075,0,0.81672,0.82581,NSW/ACT,96.00000
2486,0.32024,1.10237,0.81249,1.55086,2.25248,1.72741,1.22969,1.21875,1.20234,1,1.26851,1.26851,NSW/ACT,365.66667
2487,-0.36796,0.44168,0.88265,1.42481,2.24570,2.07221,1.14690,1.24811,1.29148,1,1.15395,1.23572,NSW/ACT,138.33333
2488,-0.39066,0.21217,0.49124,1.29357,1.11915,2.13078,0.90985,0.66566,0.28194,0,0.74597,0.83278,NSW/ACT,28.66667
2489,-0.57503,0.34416,0.56638,1.06133,1.26335,0.60679,0.43507,0.32396,-0.00937,0,0.44629,0.57616,NSW/ACT,99.00000
2500,-0.56378,-0.22061,0.08936,0.88640,1.67238,1.56168,1.07460,1.50633,1.69452,0,0.85565,1.02996,NSW/ACT,90.33333
2502,-0.42323,-0.25390,0.60657,1.58331,2.53680,3.18796,1.37401,1.37401,1.67633,1,1.29576,1.44623,NSW/ACT,43.00000
2505,-1.15126,-0.15126,-0.35126,0.71541,3.18208,2.84874,2.58208,3.18208,3.38208,1,1.58208,1.94958,NSW/ACT,15.00000
2506,-0.92495,-0.95490,-0.16324,1.04510,2.21176,3.12843,0.79510,1.87843,1.42010,0,0.93731,1.39133,NSW/ACT,24.00000
2508,-1.26267,-0.86645,-0.66833,0.71846,2.06283,1.58169,2.11943,1.94962,1.21377,0,0.76093,1.38258,NSW/ACT,35.33333
2515,-0.43798,-0.05532,0.22019,0.78651,1.74316,1.86561,1.59010,2.53908,1.88092,1,1.12581,1.23543,NSW/ACT,65.33333
2516,-0.46043,-0.48550,-0.17155,1.64241,2.13078,2.79357,1.57264,2.27031,1.15403,1,1.16070,1.40902,NSW/ACT,28.66667
2517,-0.10756,0.39481,0.74653,2.11205,3.45688,3.22929,2.69136,2.48446,2.44308,1,1.93899,1.96289,NSW/ACT,48.33333
2518,-0.57691,0.22309,0.62309,1.87309,3.11477,2.48144,2.13144,2.86477,2.28144,1,1.66847,1.79667,NSW/ACT,60.00000
2519,-0.50435,-0.27239,0.11421,1.18122,2.47247,2.33330,1.80752,2.20958,1.63742,1,1.21989,1.39250,NSW/ACT,64.66667
2525,-0.94452,-0.03754,0.61362,1.52059,4.11364,3.18341,1.67178,1.92759,1.62527,1,1.51931,1.73755,NSW/ACT,43.00000
2526,-0.37816,0.03153,0.86413,1.82888,2.95885,3.87075,2.81348,2.97207,2.15268,1,1.90158,1.98561,NSW/ACT,75.66667
2527,-0.36380,0.10230,1.50908,2.99213,4.33959,4.47519,3.79722,3.39044,3.13620,1,2.59760,2.67844,NSW/ACT,118.00000
2528,-0.21478,0.20060,1.01983,1.58522,2.51407,2.69869,2.09869,2.00638,1.79869,1,1.52304,1.57077,NSW/ACT,86.66667
2529,-0.32462,0.14693,1.26888,1.95180,3.35831,3.54530,2.38270,2.48026,2.52091,1,1.92561,1.99774,NSW/ACT,123.00000
2530,-0.26153,0.20687,1.31654,2.56003,4.05198,3.27689,2.35681,2.53525,2.48507,1,2.05866,2.11677,NSW/ACT,179.33333
2533,-0.15901,0.43343,1.39141,2.82839,4.00697,3.65403,2.58260,2.97336,2.20445,1,2.21285,2.24818,NSW/ACT,79.33333
2534,-0.32192,-0.09555,0.14835,0.90445,1.56298,1.83128,1.29469,2.00201,1.27030,0,0.95518,1.04795,NSW/ACT,41.00000
2535,-0.19507,0.02143,1.07297,1.27400,2.33330,2.45701,1.80752,1.42093,1.63742,1,1.31439,1.35774,NSW/ACT,64.66667
2536,0.17920,0.64818,1.57125,1.21393,1.86902,2.81443,1.72758,2.15934,1.59359,1,1.53073,1.53073,NSW/ACT,134.33333
2537,-0.09503,0.28758,1.08758,1.07019,1.50497,2.03541,1.60932,1.72236,1.07889,1,1.14459,1.16570,NSW/ACT,115.00000
2538,-0.76551,-0.30397,0.67680,0.96526,2.86911,2.52295,1.88834,1.36911,2.00372,1,1.24731,1.48497,NSW/ACT,17.33333
2539,-0.10834,0.15144,0.87211,1.92798,4.21569,4.63468,3.39446,3.30228,2.24641,1,2.29297,2.31704,NSW/ACT,119.33333
2540,0.05890,0.73054,1.45384,2.74202,3.21580,3.65323,2.91270,2.74049,2.63027,1,2.23753,2.23753,NSW/ACT,290.33333
2541,-0.63968,0.00069,0.99605,2.01925,2.23194,3.60317,2.27370,2.30154,1.68901,1,1.60841,1.75056,NSW/ACT,143.66667
2545,-0.92016,-0.77016,-0.84516,-0.99516,-0.39516,-0.02016,-0.32016,-0.69516,-0.39516,0,-0.59516,0.59516,NSW/ACT,13.33333
2546,-0.90524,-0.04810,0.24578,0.51517,0.61313,1.48251,0.83353,0.96823,0.71108,0,0.49068,0.70253,NSW/ACT,81.66667
2548,-0.40820,-0.20985,-0.17266,0.22403,0.23643,0.62073,0.34800,0.10006,0.34800,0,0.12073,0.29644,NSW/ACT,80.66667
2549,-0.03240,0.27250,0.02925,0.29952,0.92114,1.05628,1.00223,0.62385,0.65087,0,0.53592,0.54312,NSW/ACT,37.00000
2550,-0.17625,0.18268,0.10768,0.24160,1.46065,1.39101,0.93565,1.26244,1.01601,0,0.71350,0.75266,NSW/ACT,186.66667
2551,-0.28977,0.06290,-0.30444,0.00168,0.57311,1.06290,-0.01873,0.59352,0.10372,0,0.19832,0.33453,NSW/ACT,49.00000
2557,-0.48116,0.07203,1.24225,5.30608,9.89120,10.11577,10.11577,10.11577,10.11577,1,6.27705,6.38398,NSW/ACT,47.00000
2558,-0.69785,-0.26412,0.18769,1.07323,2.38349,3.03409,1.37144,1.84132,2.20277,1,1.23690,1.45067,NSW/ACT,55.33333
2560,-0.13247,0.36753,0.68812,1.66459,3.07636,3.11753,2.29106,2.44694,2.53224,1,1.78354,1.81298,NSW/ACT,340.00000
2564,-0.79024,-0.72549,-0.03484,0.35365,3.55870,2.91122,1.03352,2.76014,3.66661,1,1.41481,1.75938,NSW/ACT,46.33333
2565,-0.42009,0.10869,1.15545,3.60509,8.89286,8.21301,4.60869,4.44682,4.57632,1,3.90965,4.00300,NSW/ACT,92.66667
2566,-0.30545,-0.17619,0.30680,1.35442,3.05208,3.00446,1.43983,2.21534,2.09969,1,1.44344,1.55047,NSW/ACT,147.00000
2567,-0.05544,0.30792,1.08121,1.79860,3.12417,2.93783,2.58846,2.47200,2.08069,1,1.81505,1.82737,NSW/ACT,214.66667
2568,-0.80100,-1.01871,0.08129,0.34061,-0.35939,-0.15939,0.04061,2.04061,5.04061,0,0.57836,1.09803,NSW/ACT,7.33333
2569,-1.67016,-1.22016,-0.99516,0.12984,-0.02016,-0.39516,-0.84516,-0.47016,-0.39516,0,-0.65350,0.68235,NSW/ACT,13.33333
2570,0.09526,0.71631,2.29000,4.16894,6.53503,6.67713,5.69292,5.78240,5.17713,1,4.12612,4.12612,NSW/ACT,190.00000
2571,-0.55476,-0.21031,0.15635,1.27858,1.97858,2.07858,1.72302,2.03413,3.02302,1,1.27858,1.44859,NSW/ACT,90.00000
2572,-0.64795,0.20329,-0.15671,0.68329,1.44329,1.64329,3.24329,1.92329,1.96329,1,1.14427,1.32308,NSW/ACT,25.00000
2573,-0.42045,0.59650,0.95243,1.86769,3.13887,3.95243,4.56260,6.44396,10.00328,1,3.45526,3.54869,NSW/ACT,19.66667
2574,-0.03022,0.17855,0.30460,2.14493,1.74157,1.43905,1.33821,1.48947,1.41384,1,1.11333,1.12005,NSW/ACT,39.66667
2575,-0.24009,0.35115,0.82195,1.45699,2.66137,2.15772,2.75991,3.19787,1.96064,1,1.68084,1.73419,NSW/ACT,91.33333
2576,-0.54566,-0.18137,0.24720,0.65434,1.23291,1.04006,1.30791,1.87577,1.28648,0,0.76863,0.93019,NSW/ACT,93.33333
2577,0.00932,0.43541,0.86149,1.47019,2.32236,2.52236,2.50497,2.48758,1.85280,1,1.60739,1.60739,NSW/ACT,115.00000
2578,-0.49738,0.02964,0.27289,0.79991,1.52964,1.81343,1.48910,1.77289,2.21883,1,1.04766,1.15819,NSW/ACT,24.66667
2579,-0.59229,-0.37229,0.16771,-0.13229,0.55773,1.47773,1.19773,1.13773,0.75773,0,0.46661,0.71036,NSW/ACT,50.00000
2580,-0.13632,0.25152,1.12984,0.94733,1.75469,2.30792,1.68625,3.24898,1.78320,1,1.44149,1.47178,NSW/ACT,175.33333
2581,-0.26535,-0.37263,-0.17070,-0.11301,0.17545,0.52161,-0.05532,-0.05532,0.26199,0,-0.00814,0.22126,NSW/ACT,34.66667
2582,-0.07598,0.21702,0.61829,0.84122,1.08963,1.29345,0.96861,1.13422,1.11511,0,0.80017,0.81706,NSW/ACT,157.00000
2583,0.01502,1.08904,0.88279,0.24529,0.30154,0.35779,0.37654,0.80779,0.35779,0,0.49262,0.49262,NSW/ACT,53.33333
2586,-0.94417,-0.56002,-0.24904,-0.24904,0.01622,-0.11183,-0.07525,-0.23988,-0.31305,0,-0.30290,0.30650,NSW/ACT,54.66667
2587,-0.37405,-0.07255,-0.20218,0.55708,0.94597,0.52004,0.18671,0.09412,0.29782,0,0.21700,0.36117,NSW/ACT,54.00000
2590,-0.44016,-0.11794,0.14873,0.84873,1.43207,2.07652,0.57652,1.00985,0.35429,0,0.65429,0.77831,NSW/ACT,90.00000
2594,-0.44360,-0.08515,0.20316,0.51485,0.91225,0.91225,0.28887,0.24212,0.31225,0,0.31744,0.43494,NSW/ACT,128.33333
2600,-0.05856,0.35682,1.23375,2.20298,3.31067,3.26452,3.72605,3.58759,2.06452,1,2.18759,2.20061,NSW/ACT,21.66667
2602,-0.28553,0.16293,0.81241,0.69643,1.61654,2.10365,3.02375,3.46447,1.19128,1,1.42066,1.48411,NSW/ACT,129.33333
2603,-0.39310,0.96737,0.65341,1.66504,2.25806,3.30458,3.58365,2.99062,3.30458,1,2.03713,2.12449,NSW/ACT,28.66667
2604,-0.46953,-0.26120,1.57213,4.78047,0.98880,1.69713,6.90547,2.86380,1.86380,1,2.21565,2.37804,NSW/ACT,24.00000
2605,-0.15627,0.65754,0.88443,1.56510,1.51468,2.54829,4.01048,3.43065,1.43905,1,1.76599,1.80072,NSW/ACT,39.66667
2606,0.02089,0.10660,0.79232,1.04946,1.39232,1.82089,2.96375,2.64946,1.56375,1,1.37327,1.37327,NSW/ACT,35.00000
2607,-0.04847,0.22852,0.78913,0.92549,1.78913,2.00125,3.71337,3.66791,1.39519,1,1.60683,1.61761,NSW/ACT,66.00000
2611,-0.00651,1.05191,1.92106,1.90705,3.05658,3.87667,5.73415,6.63134,3.96779,1,3.12667,3.12812,NSW/ACT,142.66667
2612,-0.36960,-0.06452,0.85074,2.17277,3.44396,2.47786,3.85074,2.42701,2.57955,1,1.92983,2.02630,NSW/ACT,19.66667
2614,-0.13761,0.42966,1.07330,0.90966,2.18058,2.57331,3.99149,3.44603,1.54785,1,1.77936,1.80994,NSW/ACT,91.66667
2615,-0.10714,0.59178,1.41974,1.71544,3.77458,4.40361,6.28533,5.32834,3.14017,1,2.95021,2.97402,NSW/ACT,186.00000
2617,-0.06280,0.35493,1.51315,1.63657,2.96095,3.11285,5.16348,4.47994,1.64133,1,2.31115,2.32511,NSW/ACT,105.33333
2618,-1.26357,-0.45869,-0.89772,-0.31235,-0.09284,1.22423,-0.31235,-0.31235,-0.16601,0,-0.28796,0.56001,NSW/ACT,13.66667
2619,-0.63221,-0.24168,0.43288,0.37963,2.00390,2.09266,1.40035,1.59562,0.67254,0,0.85597,1.05016,NSW/ACT,56.33333
2620,0.17391,0.50938,1.24588,1.29987,2.41255,2.58993,2.57065,2.90227,2.55908,1,1.80706,1.80706,NSW/ACT,259.33333
2621,-0.34971,0.19153,0.46988,0.45442,1.21989,1.45185,0.98794,1.39000,1.31268,0,0.79205,0.86977,NSW/ACT,64.66667
2622,0.10182,0.13613,1.20756,1.12721,1.10042,1.98435,1.60935,2.01113,1.10042,1,1.15315,1.15315,NSW/ACT,37.33333
2627,-0.17524,-0.63767,0.37356,1.31738,2.59828,2.12637,2.09266,2.66570,1.62075,1,1.33131,1.51196,NSW/ACT,29.66667
2628,-1.02575,-1.25408,-0.72182,-0.62505,-0.09279,-0.04440,-0.62505,-0.77021,-0.04440,0,-0.57817,0.57817,NSW/ACT,20.66667
2630,-0.60462,-0.43561,0.18411,-0.35110,0.01510,0.11369,-0.22434,-0.37927,-0.16800,0,-0.20556,0.27509,NSW/ACT,71.00000
2632,-0.60405,-0.95699,0.21948,-0.72170,0.33713,0.69007,0.04301,-0.66287,-0.72170,0,-0.26418,0.55078,NSW/ACT,17.00000
2640,-0.19287,0.06827,0.52216,0.86413,1.90869,1.98641,1.47656,1.63822,1.55117,1,1.09142,1.13427,NSW/ACT,321.66667
2641,-0.25194,-0.15541,0.14162,0.43865,1.24806,1.50796,1.32232,1.04014,0.89162,0,0.68700,0.77752,NSW/ACT,134.66667
2642,-0.79102,-0.61258,-0.41184,-0.17764,0.14578,0.24615,-0.17764,0.06772,-0.19994,0,-0.21233,0.31448,NSW/ACT,89.66667
2643,-0.26398,-0.29835,-0.25835,0.22165,0.42165,0.44165,0.30165,0.30165,0.38165,0,0.13880,0.32117,NSW/ACT,50.00000
2644,-0.25452,-0.47540,-0.36177,-0.24813,0.11551,0.61551,0.02460,0.02460,0.18369,0,-0.04177,0.25597,NSW/ACT,44.00000
2646,-0.58813,-0.25748,-0.17684,-0.10426,0.33929,0.20219,0.02477,-0.10426,-0.08007,0,-0.08275,0.20859,NSW/ACT,124.00000
2647,-0.55497,-0.67294,-0.17294,0.20206,0.45206,0.60206,0.30206,1.07706,0.62706,0,0.20683,0.51813,NSW/ACT,40.00000
2648,-1.16536,-1.31536,-0.49036,-0.29036,-0.62784,-0.12784,0.34716,-0.15284,0.37216,0,-0.38340,0.54325,NSW/ACT,40.00000
2650,-0.11469,0.12229,0.64834,1.42177,2.65094,3.17959,1.74729,1.47386,1.73427,1,1.42930,1.45478,NSW/ACT,384.00000
2652,-0.67016,-0.46468,-0.30030,0.50107,0.32643,0.94287,0.88123,0.42917,0.61411,0,0.25108,0.57000,NSW/ACT,48.66667
2653,-0.97130,-1.43494,-1.10767,-0.78039,-0.38491,-0.08491,0.02418,-0.16673,-0.54855,0,-0.60614,0.61151,NSW/ACT,36.66667
2655,-1.32722,-1.76069,-1.49626,-0.54171,-0.40535,-1.08717,-1.04171,-1.04171,-0.54171,0,-1.02706,1.02706,NSW/ACT,22.00000
2656,-0.77557,-1.35065,-1.16772,-0.58235,-0.69211,-0.14333,-0.91162,-1.02138,-0.83845,0,-0.83146,0.83146,NSW/ACT,27.33333
2658,-0.43055,-1.16180,-0.70298,-0.87945,-0.03239,-0.98533,-0.31474,-0.80886,-0.45592,0,-0.64133,0.64133,NSW/ACT,28.33333
2659,-1.25528,-1.04839,-0.94494,-0.53115,-0.78977,-0.68632,-0.84149,-0.89322,-0.16908,0,-0.79551,0.79551,NSW/ACT,19.33333
2660,-0.29049,-0.72372,-0.37635,-0.72372,-0.15529,-0.40793,-0.85003,-0.53424,0.00260,0,-0.45102,0.45160,NSW/ACT,31.66667
2663,-1.07641,-0.97963,-0.16673,-0.18609,1.08167,0.44296,-0.06026,-0.13768,0.32684,0,-0.08393,0.49536,NSW/ACT,51.66667
2665,-1.76069,-1.76069,-1.75110,-1.46874,-1.20401,-0.49812,-0.56871,-0.60401,-0.25107,0,-1.09635,1.09635,NSW/ACT,28.33333
2666,-0.59339,-0.28482,-0.40482,0.36661,1.55805,0.80377,0.28948,0.58091,0.40948,0,0.30281,0.58793,NSW/ACT,58.33333
2669,-0.41913,-1.22949,-1.55826,-0.94182,-0.69525,-0.16100,-0.40758,-1.10621,-0.77744,0,-0.81069,0.81069,NSW/ACT,24.33333
2671,-0.23652,-0.40527,-0.40527,0.17598,0.71037,1.06662,0.11037,-0.20838,-0.17088,0,0.07078,0.38774,NSW/ACT,53.33333
2672,0.24882,-1.02138,0.11277,-0.91162,-0.58235,0.11277,-0.91162,-0.91162,1.13716,0,-0.30301,0.66112,NSW/ACT,27.33333
2675,-0.65726,-0.55012,0.14631,-0.81797,0.19988,-0.06797,1.43203,-0.60369,-0.33583,0,-0.13940,0.53456,NSW/ACT,18.66667
2680,-0.21588,-0.07361,0.18618,2.25835,2.53395,2.03292,1.10508,1.07416,1.15457,1,1.11730,1.18163,NSW/ACT,161.66667
2681,-0.47130,-0.57299,-0.67469,-0.21706,0.18972,0.08803,-0.26791,-0.52214,-0.47130,0,-0.32440,0.38613,NSW/ACT,19.66667
2700,-1.05036,-1.03754,-0.76831,-0.06318,0.35990,-0.57600,-0.55036,-0.14010,-0.55036,0,-0.48626,0.56623,NSW/ACT,78.00000
2701,-0.86762,-0.20528,0.80771,0.37914,1.58693,0.72979,0.30121,1.19732,1.47005,0,0.59992,0.83834,NSW/ACT,25.66667
2705,-1.17332,-1.10926,-0.56478,0.95124,0.86109,0.61553,0.02835,0.34863,0.26322,0,0.02452,0.65727,NSW/ACT,93.66667
2706,-1.76069,-1.76069,-1.76069,-1.76069,-1.50460,-1.38298,-1.50460,-1.54514,-1.50460,0,-1.60941,1.60941,NSW/ACT,24.66667
2710,-0.08696,-0.31997,0.26255,0.61789,0.98488,0.54799,0.27421,0.38488,0.20430,0,0.31887,0.40929,NSW/ACT,171.66667
2711,-0.32724,-0.51862,1.34088,0.79543,0.47312,0.67146,0.59708,1.66320,-0.34507,0,0.48336,0.74801,NSW/ACT,40.33333
2712,-0.36477,-0.76602,-0.38202,-0.47802,-0.67002,0.40998,-0.74202,-0.59802,-0.40602,0,-0.44411,0.53521,NSW/ACT,41.66667
2713,-0.50188,-0.58384,-0.45270,-0.55106,-0.14940,0.04732,-0.19858,-0.05104,0.04732,0,-0.26598,0.28702,NSW/ACT,61.00000
2714,-0.64742,-0.52242,-0.03631,-0.30020,0.19287,-0.07102,-0.30713,-0.32102,0.27620,0,-0.19294,0.29718,NSW/ACT,72.00000
2716,-0.84453,-0.51120,-0.59453,-0.17787,-0.13620,0.73880,-0.46953,-0.51120,-0.13620,0,-0.29361,0.45779,NSW/ACT,24.00000
2720,-0.53643,0.23384,-0.22224,-0.02968,0.19330,0.61897,0.76086,0.25411,0.10208,0,0.15276,0.32795,NSW/ACT,98.66667
2722,-0.02366,-0.19574,-0.19574,-0.03785,0.43584,0.83057,0.21873,0.17926,-0.01811,0,0.13259,0.23728,NSW/ACT,50.66667
2729,-0.50557,0.69443,1.07625,0.47625,0.85806,0.91261,0.14897,-0.06921,-0.61466,0,0.33079,0.59511,NSW/ACT,18.33333
2730,-0.45907,0.35522,0.09808,-0.02545,0.83169,0.70312,0.40312,-0.11117,0.01741,0,0.20144,0.33381,NSW/ACT,23.33333
2731,-1.19902,-1.11050,-0.95312,-0.09738,0.42939,0.36054,0.38021,0.50808,0.43923,0,-0.13806,0.60861,NSW/ACT,101.66667
2732,-0.70149,-0.59620,-0.64235,-0.64235,-0.55005,-0.82697,-1.19620,-0.13466,0.55765,0,-0.52585,0.64977,NSW/ACT,21.66667
2745,-0.22740,0.03660,0.39060,1.51260,3.04593,2.80593,2.02593,2.54193,1.94193,1,1.56378,1.61432,NSW/ACT,166.66667
2747,0.29954,0.37776,1.17377,2.60015,4.59044,3.78062,2.70854,3.04903,2.72234,1,2.36691,2.36691,NSW/ACT,217.33333
2748,-0.38077,-0.64744,0.08590,0.62708,0.89374,0.62708,0.16041,0.42708,-0.03959,0,0.19483,0.43212,NSW/ACT,15.00000
2749,-0.14398,0.20313,0.86015,1.45519,2.82504,2.41595,1.75892,2.63909,2.08124,1,1.56608,1.59808,NSW/ACT,80.66667
2750,-0.16673,0.27379,0.59721,1.14925,2.25644,2.40142,2.16165,2.70811,2.47949,1,1.54007,1.57712,NSW/ACT,179.33333
2752,-0.24111,-0.35649,1.29735,1.95120,3.91274,4.10505,5.64351,7.06658,5.10505,1,3.16487,3.29767,NSW/ACT,26.00000
2753,-0.48193,-0.12561,0.24221,0.27669,1.33416,0.54106,0.81692,1.75945,1.24221,0,0.62279,0.75780,NSW/ACT,87.00000
2754,-0.09424,0.30353,1.24639,2.10353,5.18924,4.11781,5.27496,5.40353,4.33210,1,3.09743,3.11837,NSW/ACT,23.33333
2756,-0.13745,0.22657,1.25585,1.09895,2.53968,2.60244,1.93717,2.97273,2.14428,1,1.62669,1.65723,NSW/ACT,159.33333
2758,-0.54036,-0.16536,0.33464,0.55964,2.32216,2.09716,1.89716,3.49716,2.07216,1,1.34160,1.49842,NSW/ACT,40.00000
2759,0.06764,0.05088,0.64585,1.76038,3.21848,2.59837,2.23803,2.95870,2.23803,1,1.75293,1.75293,NSW/ACT,119.33333
2760,-0.27267,-0.34276,-0.04136,0.58247,2.48590,2.21955,1.44852,2.68216,1.80599,1,1.17420,1.32015,NSW/ACT,142.66667
2761,0.00684,0.00684,0.61680,1.36369,3.72607,3.90034,2.74267,2.85470,2.72399,1,1.99355,1.99355,NSW/ACT,160.66667
2762,1.00621,2.91149,7.01918,10.11577,10.11577,10.11577,10.11577,10.11577,10.11577,1,7.95905,7.95905,NSW/ACT,21.66667
2763,-0.03126,-0.11083,0.47007,1.50455,3.46211,3.54964,2.50720,4.27378,3.54964,1,2.13055,2.16212,NSW/ACT,125.66667
2765,-0.09154,0.90303,4.48998,10.11577,10.11577,10.11577,10.11577,10.11577,10.11577,1,7.33290,7.35324,NSW/ACT,61.33333
2766,-0.20793,-0.38925,0.17119,0.87998,3.17945,3.36077,1.89373,2.33879,2.47066,1,1.52193,1.65464,NSW/ACT,60.66667
2767,-0.54528,-0.59389,-0.34389,-0.14250,0.40264,0.67000,0.01028,0.16306,0.05889,0,-0.03563,0.32560,NSW/ACT,288.00000
2768,-0.01983,0.16301,0.44744,1.38875,3.56934,3.63028,2.09304,2.35037,1.99146,1,1.73487,1.73928,NSW/ACT,147.66667
2769,-0.41532,-0.61475,0.19161,1.10202,4.24556,3.21377,1.69643,2.78892,1.42765,1,1.51510,1.74400,NSW/ACT,115.33333
2770,-0.15765,0.10597,0.21142,1.01810,2.48676,3.59924,2.15987,2.87164,5.43403,1,1.96993,2.00496,NSW/ACT,189.66667
2773,-1.31390,-0.80039,-0.23282,0.03745,0.91585,0.83477,1.05099,1.78072,1.10504,0,0.37530,0.89688,NSW/ACT,37.00000
2774,-0.58642,-0.03126,-0.08464,-0.06329,0.69472,0.74810,0.61998,1.26055,0.68404,0,0.36020,0.53033,NSW/ACT,93.66667
2775,-0.71643,-1.06527,-0.71643,-0.85596,-0.15829,-0.29783,0.19055,0.39985,-0.29783,0,-0.39085,0.52205,NSW/ACT,14.33333
2776,-1.76069,-1.52194,-1.41480,-0.87909,0.28166,-0.14691,0.35309,0.42452,-0.18263,0,-0.53853,0.77393,NSW/ACT,28.00000
2777,-0.11001,0.30274,0.15173,0.40341,1.23898,1.44032,1.07790,1.83294,1.42019,0,0.86202,0.88647,NSW/ACT,99.33333
2778,-1.07414,-1.35086,-1.20569,-0.43150,0.10076,-0.57666,0.39108,0.05237,-0.04440,0,-0.45989,0.58083,NSW/ACT,20.66667
2779,-1.51881,-1.05963,-1.27391,-0.99840,-0.09531,0.66999,0.48632,0.63938,0.14959,0,-0.33342,0.76570,NSW/ACT,32.66667
2780,-0.67582,-0.19889,-0.01428,-0.04505,1.17034,0.92418,0.92418,1.18572,1.12418,0,0.48829,0.69585,NSW/ACT,65.00000
2782,-0.03492,0.26453,0.00240,1.31308,2.07036,1.66259,1.72084,1.92473,1.42958,1,1.15036,1.15811,NSW/ACT,34.33333
2783,-0.55420,-0.30830,-0.65257,-0.55420,0.33104,0.62612,0.52776,0.92121,0.92121,0,0.13978,0.59962,NSW/ACT,20.33333
2784,-0.30100,-0.51871,0.08129,0.38120,0.78120,0.28120,1.38120,1.18120,0.18120,0,0.38320,0.56535,NSW/ACT,8.00000
2785,-0.00710,-0.10420,0.21723,0.39580,1.00294,1.71723,1.46723,1.71723,1.57437,0,0.88675,0.91148,NSW/ACT,28.00000
2787,-0.16604,-0.05137,0.05578,0.24328,0.77899,0.96649,0.72542,1.04685,0.83256,0,0.49244,0.54075,NSW/ACT,37.33333
2790,-0.73433,-0.20073,-0.22444,1.35263,1.58979,1.41192,1.69650,2.32496,0.87832,0,0.89940,1.15707,NSW/ACT,84.33333
2794,-0.38165,0.04972,0.04972,0.62816,2.50070,0.98110,0.63796,0.42227,0.56933,0,0.60637,0.69118,NSW/ACT,102.00000
2795,-0.09959,0.04800,0.62233,1.21913,1.61057,2.55388,1.62982,1.32501,1.06832,1,1.10861,1.13074,NSW/ACT,311.66667
2798,-0.88620,-0.67787,0.57213,0.73880,0.98880,0.23880,0.19713,0.48880,0.19713,0,0.20639,0.55396,NSW/ACT,24.00000
2799,-0.58832,-0.43450,0.06065,0.11890,0.41016,0.75968,1.16745,0.73055,0.49754,0,0.30246,0.52975,NSW/ACT,34.33333
2800,-0.23298,-0.01381,0.52044,1.58619,1.87387,2.41359,1.69030,1.27113,1.19167,1,1.14449,1.19933,NSW/ACT,365.00000
2804,-0.45417,-0.36218,0.08642,0.00231,1.34810,1.29203,0.61913,-0.16592,-0.13788,0,0.24754,0.49646,NSW/ACT,35.66667
2810,-1.34909,-1.09268,-0.63114,-0.22088,1.09965,0.38170,0.07401,-0.23368,0.38170,0,-0.17671,0.60717,NSW/ACT,39.00000
2820,-0.59080,-0.43373,-0.11960,2.01653,0.35947,2.15005,0.21811,0.54796,0.78356,0,0.54795,0.80220,NSW/ACT,63.66667
2821,0.79975,-0.23473,0.55837,0.23079,0.92908,0.54977,0.32563,0.03253,-0.07092,0,0.34669,0.41462,NSW/ACT,58.00000
2823,-0.65138,-0.68219,-0.38219,-1.32504,0.26067,0.04639,-0.81076,-0.42504,-1.32504,0,-0.58829,0.65652,NSW/ACT,23.33333
2824,-0.06404,-0.20149,2.01211,-0.20149,-0.46362,-0.40537,0.17716,-0.25974,0.00240,0,0.06621,0.42082,NSW/ACT,34.33333
2825,-0.65138,-0.98219,2.83210,-0.46790,-0.42504,0.21781,-1.32504,-0.55361,0.04639,0,-0.14543,0.83350,NSW/ACT,23.33333
2827,0.44302,0.56306,0.78736,1.23595,2.04904,0.67521,-0.08180,0.75932,0.31072,0,0.74910,0.76727,NSW/ACT,35.66667
2829,0.69313,-0.17891,1.81247,0.44178,-0.20477,1.63144,1.55385,-0.25649,-0.25649,0,0.58178,0.78104,NSW/ACT,38.66667
2830,0.19906,0.77822,0.84871,3.89467,1.84155,2.02848,1.16433,1.47077,1.84768,1,1.56372,1.56372,NSW/ACT,326.33333
2831,0.45718,-0.96135,-0.38992,-0.10420,-0.28277,-0.46135,-0.38992,-0.85420,-0.46135,0,-0.38310,0.48469,NSW/ACT,28.00000
2832,-1.63224,2.79459,-0.93711,-1.76069,-1.61391,0.32512,0.91048,-0.33342,-0.66269,0,-0.32332,1.21892,NSW/ACT,27.33333
2834,-0.57925,-0.25436,1.76288,-1.08195,0.36633,3.31460,-0.61643,-0.66816,-0.20264,0,0.22678,0.98296,NSW/ACT,19.33333
2835,-0.47546,1.33662,-0.03251,-0.03251,0.29973,0.56147,1.16550,0.78295,-0.46537,0,0.34894,0.57246,NSW/ACT,49.66667
2840,-1.09477,-0.74862,-0.30631,-1.34477,0.11677,-1.26785,-0.69093,-1.42169,-1.55631,0,-0.92383,0.94978,NSW/ACT,52.00000
2844,-0.29271,0.15173,0.31840,0.76284,0.81840,0.42951,-0.29271,0.09618,-0.29271,0,0.18877,0.38391,NSW/ACT,18.00000
2845,-1.04257,-1.76069,-1.76069,-0.53693,-1.12710,-0.58611,0.44667,0.74175,-0.63530,0,-0.69566,0.95976,NSW/ACT,20.33333
2847,-0.45440,-0.08403,-0.00996,0.39745,0.10115,0.17523,0.99004,0.24930,0.50856,0,0.20815,0.33001,NSW/ACT,27.00000
2849,-0.44503,0.47334,-0.20013,0.84068,0.59579,0.47334,-0.01646,0.35089,0.10599,0,0.24204,0.38907,NSW/ACT,16.33333
2850,-0.13657,-0.03943,0.61200,1.07485,1.48374,1.77517,1.12946,1.15231,1.06089,0,0.90138,0.94049,NSW/ACT,175.00000
2852,-0.90327,-1.24613,-0.61756,-0.67470,1.05390,0.45390,-0.17467,-0.20324,-0.48896,0,-0.31119,0.64626,NSW/ACT,35.00000
2865,-1.48640,-1.01581,-0.01581,-0.78052,-0.60405,-0.66287,-1.13346,-0.95699,-0.78052,0,-0.82627,0.82627,NSW/ACT,17.00000
2866,-0.53330,-0.69216,0.08562,-0.02549,0.08562,0.19673,0.25229,0.00229,0.14118,0,-0.05414,0.22385,NSW/ACT,36.00000
2869,-0.38121,-1.05993,-0.37243,-0.62243,-0.52868,-0.68493,-0.24743,-0.93493,0.31507,0,-0.50188,0.57189,NSW/ACT,32.00000
2870,-0.28736,-0.09553,0.28813,0.40536,1.64159,0.45331,0.26681,0.16557,0.11228,0,0.32780,0.41288,NSW/ACT,187.66667
2871,-0.61970,-0.51785,-0.25859,0.19511,1.82474,0.46363,-0.20304,0.18585,0.23215,0,0.14470,0.50007,NSW/ACT,108.00000
2877,-0.41966,-0.03470,0.44317,-0.19400,0.23743,0.31708,-0.13425,0.19761,0.35690,0,0.08551,0.25942,NSW/ACT,75.33333
2880,0.08862,0.54897,1.09373,1.29706,1.62528,1.24548,1.40661,1.41428,0.93474,1,1.07275,1.07275,NSW/ACT,260.66667
2899,-0.13817,-0.14848,-0.84544,-1.76069,-1.76069,-1.76069,-1.76069,5.17903,10.11577,0,0.79110,2.60774,NSW/ACT,10.33333
2902,-0.04362,0.47840,1.35112,1.95112,2.36021,2.75567,4.29658,4.71930,1.33749,1,2.13403,2.14372,NSW/ACT,73.33333
2903,-0.25844,0.14036,0.85575,1.17882,1.89421,2.54036,3.41728,4.43267,0.83267,1,1.67041,1.72784,NSW/ACT,43.33333
2904,-0.09510,0.20273,1.15395,1.33687,2.83687,6.47712,5.47102,4.46492,1.97712,1,2.64728,2.66841,NSW/ACT,54.66667
2905,0.01859,0.49391,1.31989,1.91210,2.83548,3.18613,5.30561,4.19912,1.69002,1,2.32898,2.32898,NSW/ACT,128.33333
2906,-0.53675,0.08439,0.78483,1.74959,2.70775,3.15709,5.21876,4.22757,1.58440,1,2.10863,2.22791,NSW/ACT,75.66667
2911,-0.26662,-0.73769,-0.14510,0.74379,1.48453,1.29935,2.63268,2.29935,0.18823,0,0.83317,1.08859,NSW/ACT,27.00000
2912,-1.05397,-0.82320,0.04218,0.38834,2.17680,1.94603,2.75372,3.79218,2.86911,1,1.34347,1.76061,NSW/ACT,17.33333
2913,-0.27142,0.35258,1.17658,1.56858,3.41658,4.43258,7.14458,6.85658,3.85658,1,3.17035,3.23067,NSW/ACT,125.00000
2914,0.00342,0.71348,1.72532,2.29336,4.53450,4.10846,6.36290,5.16467,2.95461,1,3.09564,3.09564,NSW/ACT,112.66667
3011,-0.69908,-0.62849,-0.39908,0.35975,0.54506,0.88035,0.68623,1.03917,0.88035,0,0.29603,0.67973,VIC,56.66667
3012,-0.78486,-0.70153,-0.27295,0.52467,0.33419,0.89371,0.70324,0.69133,0.51276,0,0.21117,0.60214,VIC,84.00000
3013,-0.61328,-0.46654,0.02259,0.25085,0.45467,0.92750,0.97641,0.71554,0.74815,0,0.33510,0.57506,VIC,61.33333
3015,0.25301,-0.00846,0.14292,0.37687,0.85165,0.92046,0.87917,1.36082,1.40211,0,0.68651,0.68838,VIC,72.66667
3016,0.00625,0.08733,0.03868,0.83328,0.43600,1.24681,1.26302,2.30086,1.92789,0,0.90446,0.90446,VIC,61.66667
3018,-0.01059,-0.52784,0.11010,0.33423,0.58425,1.25666,0.99804,1.54977,1.46356,0,0.63980,0.75945,VIC,58.00000
3019,-0.34229,-0.07563,0.05771,0.85771,0.85771,2.42437,1.02437,1.12437,1.35771,0,0.80956,0.90243,VIC,30.00000
3020,-0.49042,-0.45449,0.13233,0.47365,0.92009,1.81231,1.11171,1.22548,1.07578,0,0.64516,0.85514,VIC,167.00000
3021,-0.02432,-0.10261,0.27239,0.62266,1.25133,1.73759,0.66204,0.77742,0.99583,0,0.68804,0.71624,VIC,242.66667
3022,0.09786,-0.30214,0.99786,0.64760,0.84760,1.84760,1.04760,0.94760,1.54760,0,0.85325,0.92039,VIC,10.00000
3023,-0.64590,-0.59404,-0.25696,0.22013,0.81132,1.10172,0.07752,0.25384,0.39127,0,0.15099,0.48363,VIC,385.66667
3024,-0.34426,-0.25230,0.52356,2.29942,3.72216,4.58997,2.35434,2.81411,3.89457,1,2.17795,2.31052,VIC,174.00000
3025,0.23574,-0.39958,0.13613,0.40399,1.28792,2.76113,3.75221,5.65399,4.93078,1,2.08470,2.17350,VIC,37.33333
3027,0.23312,0.00178,0.56293,1.87947,2.28955,2.54854,0.99458,0.97300,1.72840,1,1.24571,1.24571,VIC,46.33333
3028,-0.04868,-0.08380,0.23938,0.49231,0.63282,1.39161,0.47826,0.62580,0.70308,0,0.49231,0.52175,VIC,142.33333
3029,0.03399,0.27297,1.30000,2.63997,2.91166,4.14210,2.06387,2.58307,3.31564,1,2.14036,2.14036,VIC,703.00000
3030,-0.00620,0.08746,0.53912,1.51495,2.05725,2.46057,1.23096,1.43187,1.68263,1,1.22207,1.22345,VIC,662.00000
3031,-0.73319,-0.69521,-0.69521,-0.14458,-0.07810,0.37759,0.28265,0.75734,0.43455,0,-0.05491,0.46649,VIC,52.66667
3032,-0.35056,-0.47609,-0.12462,0.23940,0.15153,0.72894,0.12643,0.61597,0.40258,0,0.14595,0.35734,VIC,79.66667
3033,-0.11385,-0.41781,-0.33852,-0.04777,0.44784,0.47427,0.32890,0.58000,0.55357,0,0.16296,0.36695,VIC,75.66667
3034,-0.64231,-0.98626,-0.87161,-0.31747,-0.04039,0.64751,0.07426,0.26535,0.15070,0,-0.19114,0.44399,VIC,52.33333
3036,-0.17927,-0.58337,0.14077,-0.23854,-0.03164,0.17525,0.20974,-0.03164,0.14077,0,-0.04422,0.19233,VIC,29.00000
3037,-0.86764,-0.88382,-0.71230,-0.21069,0.21326,0.66634,-0.28836,-0.23334,-0.03916,0,-0.26175,0.45721,VIC,309.00000
3038,-0.23585,-0.22929,0.32870,0.61098,0.65036,1.28056,0.45343,0.72914,0.51907,0,0.45634,0.55971,VIC,152.33333
3039,-0.63875,-0.59075,-0.87875,-0.68675,0.14128,0.45328,0.35728,0.45328,0.47728,0,-0.10140,0.51971,VIC,41.66667
3040,-0.12257,-0.72751,-0.36948,-0.17195,0.11200,0.06262,0.33422,0.71694,0.30953,0,0.01598,0.32520,VIC,81.00000
3041,-0.60852,-0.87564,-0.50578,-0.01263,0.12096,0.84013,-0.12562,0.67575,0.61411,0,0.01364,0.48657,VIC,48.66667
3042,-0.46152,-0.26341,0.04791,0.00546,0.47953,0.86160,0.62104,1.28613,0.93236,0,0.38990,0.55099,VIC,70.66667
3043,-0.46230,-0.38822,-0.27711,-0.11045,0.07474,0.41733,0.13955,-0.01785,0.13955,0,-0.05386,0.22523,VIC,108.00000
3044,-0.69500,-0.53530,-0.07903,-0.01059,0.85633,0.60538,0.49131,0.65101,0.61679,0,0.21121,0.50453,VIC,87.66667
3046,-0.92110,-0.73360,-0.34297,-0.19454,0.44262,0.91918,0.54418,0.50512,0.95824,0,0.13079,0.61795,VIC,128.00000
3047,-0.28034,-0.39191,0.19073,0.67420,1.51099,1.85810,1.23826,0.91595,1.22587,0,0.77132,0.92071,VIC,80.66667
3048,-0.84800,-0.87126,-0.28986,-0.15033,1.29153,1.83805,0.50084,0.12874,0.29153,0,0.21014,0.69002,VIC,86.00000
3049,-0.34170,-0.37585,0.22018,0.57779,0.77647,1.15395,0.67713,0.55793,0.61753,0,0.42927,0.58873,VIC,50.33333
3051,-0.82320,-0.70782,-0.76551,0.04218,-1.05397,-0.01551,-0.30397,0.15757,0.56141,0,-0.32320,0.49235,VIC,17.33333
3054,-0.97841,-1.01158,-1.01158,-0.13466,-0.41158,-0.08851,-0.36543,-0.36543,-0.31928,0,-0.52072,0.52072,VIC,21.66667
3055,-1.74315,-1.76069,-1.12613,-1.33890,-1.25379,-0.89209,-1.04102,-0.76443,-0.72187,0,-1.18245,1.18245,VIC,47.00000
3056,-0.95673,-0.66096,-0.26659,0.24045,-0.06941,0.93059,0.78974,0.24045,0.49397,0,0.08239,0.51654,VIC,71.00000
3057,-1.55820,-1.14535,-0.76003,-0.95269,0.02440,-0.52606,-0.11322,0.57486,0.05192,0,-0.48937,0.63408,VIC,36.33333
3058,-0.44943,-0.36289,0.26596,0.15634,0.77686,1.13455,0.93839,0.86339,0.92109,0,0.47159,0.65210,VIC,173.33333
3059,-0.22583,-0.16114,0.17848,0.49384,1.67444,2.95206,1.18117,1.44802,1.52080,0,1.00687,1.09287,VIC,123.66667
3060,-0.84664,-0.90625,-0.36982,-0.11155,0.27589,1.40834,0.61364,0.73284,0.69311,0,0.16551,0.66201,VIC,50.33333
3061,0.27659,0.65818,0.35349,0.84568,0.91599,2.11130,1.40818,1.24412,0.93943,0,0.97255,0.97255,VIC,42.66667
3064,-0.17414,-0.04906,0.86560,2.08123,4.09622,5.05583,2.17505,2.10273,3.05452,1,2.13422,2.18382,VIC,511.66667
3065,-1.11850,-0.56748,-0.38381,0.71824,-0.20013,-0.50625,0.47334,0.47334,0.71824,0,-0.04367,0.57326,VIC,16.33333
3068,-1.05502,-0.99380,-0.67237,-0.22849,-0.44278,-0.12135,0.09294,-0.13665,-0.27441,0,-0.42577,0.44642,VIC,65.33333
3070,-0.15108,-0.29434,0.15229,0.98656,0.53150,0.83488,0.54836,1.46690,0.80959,0,0.54274,0.64172,VIC,118.66667
3071,0.18820,0.12385,0.79203,1.25567,0.94203,1.66476,0.94203,1.22840,0.92840,0,0.89615,0.89615,VIC,73.33333
3072,-0.08515,-0.20983,0.65511,1.07588,0.54601,1.22394,0.88108,1.42653,1.25511,0,0.75208,0.81763,VIC,128.33333
3073,0.05630,-0.05557,0.84952,1.12409,0.82918,1.09867,0.91053,1.30715,1.13426,0,0.80602,0.81836,VIC,196.66667
3074,-0.35447,-0.26101,-0.05540,0.41189,0.64553,0.88852,0.28105,0.23432,0.11282,0,0.21147,0.36056,VIC,107.00000
3075,-0.55129,-0.36435,0.00954,0.26770,0.86414,1.11340,0.26770,0.16978,0.35672,0,0.23704,0.44051,VIC,112.33333
3076,-0.30838,-0.35550,0.07905,0.48743,1.74689,2.07673,0.95107,0.86730,0.89348,0,0.71534,0.86287,VIC,191.00000
3078,-0.41763,-0.59697,0.33237,1.04976,0.27532,0.91119,0.68293,0.73184,0.35684,0,0.36952,0.59499,VIC,61.33333
3079,-0.65227,-0.34013,-0.25343,0.37085,0.93445,1.31595,1.35063,1.50670,0.88242,0,0.56835,0.84520,VIC,57.66667
3081,0.07928,0.14384,0.65327,0.73818,2.80422,2.74761,2.06837,2.52120,1.78535,1,1.50459,1.50459,VIC,35.33333
3082,-0.55400,-0.54139,-0.28929,0.49853,0.86127,1.14489,0.59657,0.69110,0.68480,0,0.34361,0.65131,VIC,158.66667
3083,-0.18696,-0.02946,0.26304,0.79554,1.02804,1.77054,0.63054,0.74304,0.65304,0,0.62971,0.67780,VIC,133.33333
3084,-0.32241,-0.20241,-0.00857,0.56374,0.48989,0.91451,0.71143,0.83143,0.81297,0,0.42118,0.53971,VIC,108.33333
3085,-0.53283,-0.33058,-0.21260,0.34358,0.48685,1.02618,0.60483,1.05988,0.99247,0,0.38198,0.62109,VIC,59.33333
3087,0.13588,-0.36559,-0.22409,0.31365,0.62497,1.24761,0.73818,1.47403,0.82308,0,0.52975,0.66079,VIC,35.33333
3088,-0.18392,-0.18392,0.16100,0.61822,0.76261,1.58881,0.97919,1.27598,0.83480,0,0.65031,0.73205,VIC,124.66667
3089,-0.19797,-0.09570,0.14294,0.43271,1.34466,1.53216,1.29352,1.29352,1.00375,0,0.74995,0.81521,VIC,58.66667
3093,-0.92892,-0.77638,0.03718,0.08803,0.69820,0.29142,0.18972,0.44396,0.64735,0,0.07673,0.45568,VIC,19.66667
3094,-0.99878,-0.78784,-0.88159,-0.36596,0.37234,0.86453,0.70046,0.98171,0.44265,0,0.03639,0.71065,VIC,42.66667
3095,-0.07566,0.33112,0.59383,0.93281,1.19552,1.33112,1.15315,1.75485,1.15315,0,0.92999,0.94680,VIC,118.00000
3097,-0.37575,-0.31403,-0.01403,0.18046,0.10546,0.78046,0.25546,-0.11954,0.25546,0,0.08377,0.26674,VIC,13.33333
3099,-0.33264,-0.20548,-0.32429,-0.26488,0.59650,0.41829,0.44799,-0.02726,-0.20548,0,0.01142,0.31364,VIC,33.66667
3101,-0.42684,-0.16672,0.16276,1.11651,0.95179,1.74948,1.47202,1.74948,1.38531,0,0.88820,1.02010,VIC,57.66667
3102,-0.52780,-0.59163,-0.46397,0.30199,1.19561,1.57859,1.77007,1.83390,1.38710,0,0.72043,1.07229,VIC,15.66667
3103,-0.05407,0.10039,0.17416,0.93645,1.03481,1.92006,1.57579,1.37907,1.15776,0,0.91382,0.92584,VIC,40.66667
3104,-0.43414,-0.04431,0.24382,0.82009,1.28621,2.82858,2.03197,1.72689,1.96418,1,1.15814,1.26447,VIC,59.00000
3105,-1.19075,-1.09475,-0.63875,0.05725,0.50128,0.98128,0.57328,0.42928,0.18928,0,-0.02140,0.62843,VIC,41.66667
3106,-0.24922,0.05078,0.21578,0.93578,1.75330,2.06830,1.33330,1.33330,1.18330,0,0.95829,1.01367,VIC,66.66667
3107,-0.51182,-0.68489,-0.05028,0.21895,0.78628,1.30551,0.90166,0.80551,1.20936,0,0.44225,0.71936,VIC,52.00000
3108,-0.71420,-0.46736,0.31112,1.98200,3.03582,3.39658,2.14341,1.83962,2.10544,1,1.51471,1.77728,VIC,52.66667
3109,-0.59480,-0.50656,0.06697,1.34638,1.43462,2.04123,1.35741,1.21403,1.98609,0,0.92726,1.17201,VIC,90.66667
3111,-0.63653,-0.51573,0.45072,0.35004,1.46751,1.87020,1.04469,1.58832,1.16550,0,0.75386,1.00992,VIC,49.66667
3113,-0.49898,-0.49898,-0.44054,-0.53794,0.67961,1.18610,0.83545,0.97181,0.44584,0,0.23804,0.67725,VIC,51.33333
3114,-0.38432,-0.79302,-1.12114,-0.69927,-0.32427,0.33198,-0.37114,0.09761,0.09761,0,-0.35177,0.46893,VIC,21.33333
3115,-0.37804,-0.61305,-0.28429,-0.16100,-0.77744,-0.20210,0.29105,0.24996,-0.36648,0,-0.24904,0.36927,VIC,24.33333
3116,-0.47765,0.02235,0.37719,0.86106,0.72398,1.07881,1.12720,1.54656,0.83688,0,0.67737,0.78352,VIC,62.00000
3121,0.17504,-0.39800,-0.36429,0.10762,0.47000,0.75651,0.67224,0.70595,0.55427,0,0.29771,0.46710,VIC,59.33333
3122,-0.17711,0.14521,0.05950,0.85950,0.68807,1.05950,1.05950,1.08807,1.60235,0,0.70940,0.74875,VIC,35.00000
3123,-0.59996,-0.52038,-0.52038,0.66566,0.56101,0.97962,0.90985,1.15403,1.53776,0,0.46302,0.82763,VIC,28.66667
3124,-0.36811,-0.27883,0.06046,0.70331,1.10512,1.78369,1.58726,1.85512,1.67654,0,0.90273,1.04649,VIC,56.00000
3125,-1.04002,-0.85509,-0.32084,0.19285,0.79904,1.12780,0.42917,0.86068,1.08671,0,0.25337,0.74580,VIC,48.66667
3126,-0.76147,-1.32217,-0.97602,-1.14910,0.23552,0.40860,0.00475,0.75475,0.81244,0,-0.22141,0.71387,VIC,17.33333
3127,-0.44484,-0.17375,0.09733,0.89251,0.81120,1.38951,1.42566,1.73289,1.19072,0,0.76903,0.90649,VIC,55.33333
3128,-0.85499,-0.57441,-0.63916,1.04429,1.03352,1.63784,1.29251,1.74575,1.18460,0,0.65222,1.11190,VIC,46.33333
3129,-0.91797,-0.74149,0.11880,0.64821,1.23279,2.60044,1.62985,1.85044,1.82838,0,0.91660,1.28537,VIC,45.33333
3130,-0.22959,0.01644,0.18311,0.95295,1.15136,1.60375,1.12755,1.46882,1.19105,0,0.82949,0.88051,VIC,126.00000
3131,-0.90275,-0.48106,0.30207,0.96472,1.10930,1.33822,0.84424,0.97677,0.89243,0,0.56044,0.86795,VIC,83.00000
3132,-0.59277,-0.66777,-0.06777,1.22598,1.64787,1.59162,1.40412,1.64787,1.55412,0,0.86036,1.15554,VIC,53.33333
3133,-0.39858,-0.34739,0.34886,1.05534,1.37275,1.86422,0.91200,1.13725,1.05534,0,0.77776,0.94353,VIC,97.66667
3134,-0.05343,0.19336,0.51726,0.90287,1.16508,1.79747,1.31161,1.45043,1.35017,0,0.95942,0.97130,VIC,129.66667
3135,-0.36561,0.12822,0.64674,1.02945,1.17144,1.85045,1.20848,1.57885,1.54181,0,0.97665,1.05789,VIC,81.00000
3136,-0.02883,0.03469,0.38648,1.23664,1.32731,1.92340,1.28333,1.80125,1.48366,1,1.04977,1.05617,VIC,204.66667
3137,-0.46791,-0.52650,-0.21010,0.00084,0.31725,0.72740,0.32897,0.55162,0.56334,0,0.14277,0.41044,VIC,85.33333
3138,-0.17686,-0.10080,0.32173,0.55835,0.66821,1.18371,0.65131,0.94709,0.97244,0,0.55835,0.62006,VIC,118.33333
3139,-0.05726,-0.04073,0.24853,0.19894,0.38076,0.28159,0.38076,0.29811,0.05845,0,0.19435,0.21612,VIC,121.00000
3140,-0.28832,-0.30825,0.04058,0.11035,0.22995,0.75819,0.64856,1.10703,1.37613,0,0.40825,0.54082,VIC,100.33333
3141,-0.85613,0.70387,0.04387,0.10387,0.10387,0.58387,0.46387,1.06387,0.76387,0,0.33054,0.52079,VIC,16.66667
3142,-1.03613,-0.07613,0.28387,1.42387,0.40387,0.88387,0.64387,0.76387,1.24387,0,0.50387,0.75104,VIC,16.66667
3143,0.02219,0.56065,1.02219,1.03124,0.49278,0.87740,0.72355,1.33893,1.26201,0,0.81455,0.81455,VIC,13.00000
3144,-0.20656,0.95473,0.80957,0.47086,1.63215,1.09990,0.85796,1.58377,1.39022,0,0.95473,1.00064,VIC,20.66667
3145,-0.52044,0.42105,0.27743,0.58062,0.76415,1.72159,1.14712,1.40244,1.30670,0,0.78896,0.90462,VIC,62.66667
3146,-0.37073,0.44894,0.26862,1.02271,1.42437,1.73584,2.40798,2.06371,1.60470,1,1.17846,1.26084,VIC,61.00000
3147,-0.55663,-0.17481,0.17065,0.46156,1.05248,1.61612,1.17975,1.25248,1.16157,0,0.68480,0.84734,VIC,55.00000
3148,-0.70240,-1.20431,-0.65552,0.47862,0.58838,1.90545,0.51521,0.66155,1.21033,0,0.31081,0.88020,VIC,27.33333
3149,-0.58394,-0.32698,0.12269,0.78436,1.34682,1.92498,1.15410,1.20549,1.16053,0,0.75423,0.95666,VIC,155.66667
3150,-1.19960,-1.09319,-0.45881,0.74037,0.86725,1.15374,0.22469,0.48253,0.56848,0,0.14283,0.75429,VIC,244.33333
3151,-0.53155,-0.60310,-0.20836,0.79164,2.55480,4.16006,2.00217,1.73901,0.87059,1,1.19725,1.49570,VIC,38.00000
3152,-0.26749,-0.42149,0.21730,1.27243,1.96571,1.97142,1.38967,1.30982,1.30982,0,0.97191,1.12502,VIC,175.33333
3153,-0.22224,0.05627,0.31887,0.63718,0.67696,1.45681,0.62126,0.97935,1.12259,0,0.62745,0.67684,VIC,125.66667
3154,-0.19702,-0.05856,-0.15087,0.35682,0.63375,0.81836,0.54144,0.91067,0.58759,0,0.38246,0.47279,VIC,21.66667
3155,-0.15875,-0.27835,0.18012,0.66849,0.89773,1.48577,0.68842,0.87779,1.26650,0,0.62530,0.72244,VIC,100.33333
3156,-0.10521,0.05099,0.45528,0.91470,1.26182,1.65691,1.08724,1.26182,1.10102,0,0.85384,0.87722,VIC,217.66667
3158,-0.20663,-0.69726,-0.39726,0.10274,0.46941,0.73608,0.13608,1.06941,0.10274,0,0.14615,0.43529,VIC,30.00000
3159,-1.70019,-0.90607,-1.17078,-0.81784,-0.28843,0.32922,-1.08254,-0.81784,-1.08254,0,-0.83745,0.91061,VIC,11.33333
3160,-0.92675,-0.99875,-0.30275,-0.11075,0.52528,0.71728,0.45328,0.50128,-0.00272,0,-0.01607,0.50431,VIC,41.66667
3161,0.03089,-0.01136,0.66470,1.29850,1.84780,1.89005,2.10132,2.77737,1.67878,1,1.36423,1.36675,VIC,23.66667
3162,-0.94814,-0.70901,-0.42640,0.39969,0.38884,1.62797,1.34536,1.41058,1.45405,0,0.50477,0.96778,VIC,46.00000
3163,-0.14607,-0.00846,0.34934,0.84476,0.97550,1.69110,1.55348,1.38835,1.71862,0,0.92962,0.96396,VIC,72.66667
3165,-0.60738,-0.41481,0.02100,0.45681,0.67978,1.52100,0.92303,1.10546,1.15613,0,0.53789,0.76504,VIC,98.66667
3166,-0.59171,-0.67812,-0.46825,0.28484,0.22311,0.90212,0.08731,0.65521,0.56879,0,0.10926,0.49549,VIC,81.00000
3167,-0.02854,-0.52185,0.07339,1.00196,1.02577,1.21625,0.50196,0.83529,1.19244,0,0.58852,0.71083,VIC,42.00000
3168,-0.19836,-0.57865,0.26812,1.11490,1.18748,1.64715,1.33264,0.60683,1.21167,0,0.73242,0.90509,VIC,41.33333
3169,-0.46656,-0.19146,0.68627,1.30199,1.59677,2.00288,0.86314,1.19065,1.32166,0,0.92282,1.06904,VIC,76.33333
3170,-0.66195,-0.59219,0.09386,1.00084,1.29153,1.79153,0.46595,0.84967,0.72177,0,0.55122,0.82992,VIC,86.00000
3171,-0.36275,-0.31958,0.38186,1.15884,1.28295,2.22180,0.88367,0.87288,0.77575,0,0.76616,0.91778,VIC,92.66667
3172,-0.43034,-0.38062,0.29065,0.84590,1.06137,1.48402,0.53098,0.63043,0.90391,0,0.54848,0.72869,VIC,120.66667
3173,-0.25081,-0.27220,0.65294,1.20909,2.06233,1.96607,0.83773,0.90190,0.89655,0,0.88929,1.00551,VIC,187.00000
3174,-0.66326,-0.46911,-0.02443,0.71461,1.68260,1.61997,0.61788,0.76819,1.21287,0,0.60659,0.86366,VIC,159.66667
3175,-0.17306,0.00045,0.91826,1.22420,1.74272,2.02126,1.38199,1.37285,1.39569,1,1.09826,1.13672,VIC,219.00000
3177,-0.04960,-0.38160,0.22742,0.81389,1.35524,1.67103,1.15223,1.78381,1.51314,0,0.89840,0.99422,VIC,44.33333
3178,-0.12813,-0.20017,0.40188,1.16861,1.71692,2.02567,1.04282,1.27953,1.45449,0,0.97351,1.04647,VIC,194.33333
3179,-0.33274,-0.52734,0.02729,0.63233,0.50628,0.85922,0.45586,0.50628,0.78359,0,0.32342,0.51455,VIC,39.66667
3180,-0.07616,-0.42661,0.24006,1.14482,1.45434,1.54958,0.90672,0.95434,0.95434,0,0.74460,0.85633,VIC,42.00000
3181,-0.32063,-0.20264,-0.40953,-0.25436,-0.04747,-0.56471,0.31460,1.34909,-0.46126,0,-0.06632,0.43603,VIC,19.33333
3182,-0.23246,-0.14691,-0.18441,-0.48441,-0.18441,-0.48441,0.00309,-0.18441,0.34059,0,-0.17308,0.24946,VIC,26.66667
3183,-0.57563,-0.19937,0.28712,-0.15882,0.00334,0.77361,0.48982,-0.40207,-0.15882,0,0.00658,0.33873,VIC,24.66667
3184,-0.04611,0.11855,-0.26606,-0.45837,-0.15068,0.42624,0.31086,0.42624,0.04163,0,0.04470,0.24942,VIC,26.00000
3185,-0.37343,-0.51789,-0.11993,-0.05870,0.43109,1.04334,0.70660,1.22701,0.61477,0,0.32809,0.56586,VIC,32.66667
3186,-0.00940,-0.07063,0.37325,0.67937,1.14622,1.25336,1.36051,1.97275,1.23806,0,0.88261,0.90040,VIC,65.33333
3187,-0.35229,-0.55229,-0.29229,0.20771,0.89773,1.73773,1.59773,1.91773,1.05773,0,0.69105,0.95703,VIC,50.00000
3188,-0.52888,-0.12348,0.21706,0.31436,0.84140,1.21438,1.44140,1.84681,1.58735,0,0.75671,0.90168,VIC,61.66667
3189,0.06071,1.75558,0.20502,0.03648,1.01401,1.28367,0.27244,1.04772,0.40727,0,0.67588,0.67588,VIC,29.66667
3190,-0.32618,-0.63838,0.00240,0.29366,0.43929,1.16745,1.22570,1.40046,0.90531,0,0.49663,0.71098,VIC,34.33333
3191,-0.40711,-0.23887,0.02899,0.61828,0.88613,1.50221,0.96649,1.63613,1.44863,0,0.71565,0.85920,VIC,37.33333
3192,-0.86002,-0.44298,0.64671,0.75433,0.35074,1.25209,1.41352,1.49424,0.82159,0,0.60336,0.89291,VIC,74.33333
3193,-0.68326,-0.17011,-0.10432,0.23779,0.50095,1.01410,1.36937,1.55358,0.85621,0,0.50826,0.72108,VIC,76.00000
3194,-0.05590,-0.09960,0.33260,1.14616,1.09531,1.14616,1.40040,1.37497,1.24786,0,0.84311,0.87766,VIC,39.33333
3195,-0.28914,-0.18052,0.36776,0.75569,1.05856,1.59132,1.24994,1.39994,1.17235,0,0.79177,0.89614,VIC,193.33333
3196,-0.37761,-0.16271,0.06939,0.92039,0.80004,1.38457,0.87741,0.67970,1.00635,0,0.57750,0.69757,VIC,116.33333
3197,-0.53927,-0.13820,-0.26654,0.29496,0.76823,1.07305,0.46342,0.51155,0.62385,0,0.31012,0.51990,VIC,62.33333
3198,-0.48444,-0.36562,-0.01909,0.26804,-0.09830,0.72348,0.35715,0.43636,0.49576,0,0.14593,0.36092,VIC,101.00000
3199,0.00038,0.22877,0.43393,1.08813,1.25673,1.74060,1.26834,1.55092,1.27608,0,0.98266,0.98266,VIC,258.33333
3200,-0.59413,-0.41502,-0.14637,0.39095,0.25662,0.52528,0.21184,0.25662,0.92826,0,0.15712,0.41390,VIC,22.33333
3201,0.06102,0.08793,0.49824,0.72694,0.97582,1.44667,0.58569,0.84129,0.91528,0,0.68210,0.68210,VIC,148.66667
3204,-0.46298,-0.44480,-0.01753,0.64611,1.03702,1.24611,0.87338,1.29156,0.70974,0,0.54207,0.74769,VIC,110.00000
3206,-0.21662,-0.20490,-0.41324,-0.78824,-0.32990,-0.07990,-0.20490,-0.12157,0.25343,0,-0.23398,0.29030,VIC,24.00000
3207,-0.53509,-0.60477,-0.07774,0.16550,0.12496,0.89523,0.24658,0.85469,0.00334,0,0.11919,0.38977,VIC,24.66667
3211,-0.00077,-0.09131,0.75484,0.60092,0.44707,0.83169,-0.01446,0.29323,0.29323,0,0.34605,0.36973,VIC,13.00000
3212,-0.05170,-0.17857,0.28412,0.59755,0.88113,1.22442,0.59009,1.50800,1.40352,0,0.69540,0.74657,VIC,134.00000
3213,0.16454,-0.33672,-0.09478,0.38909,0.58264,1.04231,0.17135,0.70360,0.58264,0,0.35607,0.45196,VIC,41.33333
3214,-0.39671,-0.24266,-0.14536,0.17085,1.10329,1.28977,1.03842,0.65734,0.64923,0,0.45824,0.63263,VIC,123.33333
3215,-0.31119,-0.15951,-0.08366,0.63263,0.47252,0.42195,0.38825,0.60735,0.47252,0,0.27120,0.39440,VIC,118.66667
3216,-0.67364,-0.58195,-0.16935,0.32063,0.34641,0.44670,0.37220,0.45243,0.10859,0,0.06911,0.38577,VIC,349.00000
3217,-0.33478,-0.23642,0.94391,3.79637,5.94803,8.50541,7.30049,7.52180,10.11577,1,4.84006,4.96700,VIC,40.66667
3218,-0.54508,-0.42439,-0.30370,0.74803,1.08425,1.23942,1.06701,1.72218,1.80839,0,0.71068,0.99360,VIC,58.00000
3219,-0.42794,-0.31424,0.12308,0.42920,0.46419,0.56040,0.21054,0.74407,0.23678,0,0.22512,0.39005,VIC,114.33333
3220,-0.13231,0.07411,0.77595,0.47320,1.18192,1.16816,1.30578,1.52596,1.07183,0,0.82718,0.85658,VIC,72.66667
3221,-0.40100,-0.51871,-0.21871,0.18120,0.08120,-0.51880,-0.31880,0.18120,-0.21880,0,-0.19458,0.29316,VIC,7.00000
3222,0.26624,0.10540,0.65785,0.87463,1.22428,1.42708,0.84666,1.08442,0.84666,0,0.81480,0.81480,VIC,143.00000
3223,-0.36383,-0.45758,-0.08258,0.39658,0.76117,0.83408,0.88617,1.35492,0.70908,0,0.44867,0.64956,VIC,96.00000
3224,-0.15895,0.00814,0.18282,0.28156,0.38029,0.38029,0.13725,0.41827,0.30434,0,0.21489,0.25021,VIC,131.66667
3225,-0.46402,0.42787,-0.35050,0.08733,0.64681,1.00356,0.98735,1.63600,1.29546,0,0.58554,0.76654,VIC,61.66667
3226,0.04443,-0.05801,0.66638,1.59565,1.40540,0.84199,1.03223,1.69077,1.00296,0,0.91353,0.92643,VIC,136.66667
3227,-0.19918,-0.38865,0.19556,-0.19918,0.72452,0.62979,0.45610,0.62979,0.40873,0,0.25083,0.42572,VIC,63.33333
3228,-0.46614,-0.11602,0.27528,0.93432,2.11891,1.96102,1.98848,1.95415,1.05484,1,1.07832,1.20769,VIC,145.66667
3230,-0.29997,-0.04358,0.22914,0.36551,0.57005,0.63823,0.43369,0.36551,0.27460,0,0.28146,0.35781,VIC,44.00000
3231,-0.93455,-0.80294,0.17783,-0.22602,-0.11063,0.35090,-0.11063,-0.34140,0.69706,0,-0.14449,0.41689,VIC,17.33333
3233,-0.89322,-0.27253,0.03782,1.17575,2.41713,0.71023,1.07230,1.38265,1.89989,0,0.83667,1.09572,VIC,19.33333
3240,-0.50557,-0.28739,-0.12375,-0.39648,0.74897,1.78534,0.03988,0.74897,-0.50557,0,0.16715,0.57133,VIC,18.33333
3241,-0.27603,0.21764,0.14169,0.55941,0.74929,1.12903,-0.04818,0.97713,0.40751,0,0.42861,0.50066,VIC,26.33333
3249,-0.61241,0.72605,0.49528,0.86452,-0.05856,-0.01241,0.26452,0.91067,-0.10472,0,0.27477,0.44990,VIC,21.66667
3250,-0.24675,0.25820,-0.12794,0.27305,0.36960,0.60723,0.66663,0.97851,0.65178,0,0.38115,0.46441,VIC,67.33333
3260,-0.62755,0.20974,-0.06613,0.48560,-0.61785,-0.51440,-0.16957,1.38215,0.07180,0,0.01709,0.46053,VIC,29.00000
3264,-0.97461,-0.01716,0.42965,-0.33631,-0.20865,-0.20865,-0.91078,0.04667,0.11050,0,-0.22993,0.36033,VIC,15.66667
3265,-1.04406,-0.82455,1.44374,2.90716,1.07789,-0.38552,-0.09284,0.49252,0.05350,0,0.40309,0.92464,VIC,13.66667
3266,-1.02779,0.03375,0.58759,0.26452,-0.05856,0.07990,0.54144,1.14144,0.31067,0,0.20811,0.44952,VIC,21.66667
3268,-0.75099,0.14375,0.82796,1.19638,-0.38257,0.24901,-0.17204,0.51217,-0.22468,0,0.15544,0.49550,VIC,19.00000
3280,-0.11031,0.20004,0.45866,1.26408,1.22713,1.11629,1.19019,1.28625,1.25669,0,0.87656,0.90107,VIC,135.33333
3281,-0.25306,-0.38942,0.49694,0.91406,0.23224,0.57315,0.36860,0.16406,0.91406,0,0.33562,0.47840,VIC,14.66667
3282,0.25468,0.05189,-0.20343,0.49864,1.71140,1.20076,1.20076,1.32842,1.51991,0,0.84034,0.88554,VIC,15.66667
3284,-0.81215,-0.87504,-0.61894,0.18594,0.25911,-0.17991,-0.32626,0.40545,-0.50918,0,-0.27455,0.46355,VIC,27.33333
3300,0.12189,0.11066,0.31379,0.62629,1.04816,0.61066,0.65754,0.43879,0.50129,0,0.49212,0.49212,VIC,64.00000
3304,-0.46008,0.21492,0.10242,0.06492,1.03992,0.43992,-0.27258,0.21492,-0.27258,0,0.11909,0.34247,VIC,26.66667
3305,-0.24749,-0.04139,0.63419,0.74869,1.92236,0.96053,0.47962,0.82313,0.31931,0,0.62211,0.68630,VIC,87.33333
3311,-0.09469,-0.11129,-0.11129,-0.14942,0.41308,-0.05567,0.03808,-0.61817,-0.43067,0,-0.12445,0.22471,VIC,10.66667
3315,-0.12830,-0.45875,0.43487,0.47273,0.28124,0.47273,0.02592,0.08975,-0.29322,0,0.09966,0.29528,VIC,15.66667
3321,-0.59243,-0.41936,-0.07320,-0.18859,-0.24628,-0.13089,-0.07320,0.15757,1.02295,0,-0.06038,0.32272,VIC,17.33333
3328,-0.85574,-0.68907,0.56093,0.47760,0.56093,0.72760,0.89426,0.81093,1.31093,0,0.42204,0.76533,VIC,12.00000
3331,-0.07565,-0.33794,0.08829,0.51452,0.96535,0.81781,0.58830,0.27683,0.53912,0,0.37518,0.46709,VIC,61.00000
3335,-0.33206,0.32648,0.96062,2.57038,5.33869,10.11577,8.43626,9.82650,10.11577,1,5.26205,5.33584,VIC,41.00000
3337,-0.69865,-0.88509,-0.49187,-0.22746,0.08101,0.54542,-0.26475,-0.11899,-0.06814,0,-0.23650,0.37571,VIC,295.00000
3338,-0.10327,0.12750,0.84288,1.83519,3.66724,4.64801,2.43839,2.77878,3.54609,1,2.19787,2.22082,VIC,173.33333
3340,-0.27033,-0.34775,0.03290,0.63935,1.45584,1.73326,0.99777,1.07519,1.23648,0,0.72808,0.86543,VIC,155.00000
3341,-0.88089,-0.70782,-0.65012,-0.59243,-0.18859,-0.47705,-0.59243,-0.65012,-0.76551,0,-0.61166,0.61166,VIC,17.33333
3342,-0.12597,-0.38753,-0.32753,-0.05753,0.33247,0.00247,0.63247,0.36247,0.03247,0,0.05153,0.25121,VIC,33.33333
3345,-1.14516,-0.69516,-0.69516,-0.47016,-0.09516,-0.24516,-0.62016,0.27984,-0.24516,0,-0.43683,0.49901,VIC,13.33333
3350,0.04949,0.24975,0.95252,1.56461,2.37527,2.40550,1.95965,2.61708,2.74933,1,1.65813,1.65813,VIC,264.66667
3351,-0.08665,0.62077,0.76488,0.45047,1.13825,1.00725,0.94174,0.77144,0.99415,0,0.73359,0.75284,VIC,76.33333
3352,0.05149,0.29907,0.93256,1.04179,1.45683,1.09276,1.03450,1.05635,0.98353,0,0.88321,0.88321,VIC,137.33333
3355,-0.79357,-0.24357,0.37309,0.50643,1.11477,2.18144,1.41477,1.19811,1.06477,0,0.75736,0.98784,VIC,60.00000
3356,-0.51982,-0.39680,0.33191,0.45494,0.95652,0.74831,0.31298,0.32245,0.37923,0,0.28775,0.49144,VIC,105.66667
3357,-0.14891,0.02551,0.65341,0.93248,0.86272,1.10690,0.72318,0.86272,0.96737,0,0.66504,0.69813,VIC,28.66667
3363,-0.31135,0.00313,0.26895,0.23097,0.99047,0.72465,1.10439,0.95249,0.04110,0,0.44498,0.51417,VIC,26.33333
3364,-0.87466,-0.86449,-0.64763,0.00298,-0.14160,0.11141,-0.10546,-0.35847,-0.50305,0,-0.37566,0.40108,VIC,27.66667
3370,-0.65856,-0.56625,1.09528,0.35682,1.04913,0.07990,0.77221,-0.01241,-0.19702,0,0.21323,0.53195,VIC,21.66667
3371,-0.32871,0.15966,0.22943,0.37717,0.16787,0.79578,0.58648,0.44694,-0.18097,0,0.25040,0.36367,VIC,14.33333
3373,-0.53996,-0.19726,-0.46392,-0.36392,0.06941,-0.06392,0.10274,-0.29726,-0.09726,0,-0.20570,0.24396,VIC,30.00000
3377,0.20427,0.20876,1.90025,0.78323,1.35770,1.29387,0.87897,1.37365,0.79919,1,0.97777,0.97777,VIC,62.66667
3380,0.02185,0.41134,0.35679,0.24770,0.52043,0.68406,0.52043,0.57497,-0.16139,0,0.35291,0.38877,VIC,36.66667
3381,0.17559,0.15997,1.21879,0.86576,0.60106,1.65988,1.74811,2.63047,1.39517,1,1.16164,1.16164,VIC,11.33333
3393,-0.62755,-0.54889,0.07180,-0.82475,0.07180,-0.44544,-0.89371,-0.10061,-0.96268,0,-0.47333,0.50525,VIC,29.00000
3400,-0.29823,-0.17452,0.37188,0.09352,0.90796,0.81517,0.20693,0.16569,0.16569,0,0.25045,0.35551,VIC,97.00000
3401,-0.06758,-0.16727,0.19188,0.19188,0.69892,0.50878,0.36089,0.46653,-0.18840,0,0.22174,0.31579,VIC,47.33333
3409,0.09900,-0.41871,0.78129,-0.45939,-0.75939,-0.25939,-0.25939,-0.75939,-1.05939,0,-0.34386,0.53948,VIC,10.00000
3414,-0.80795,-1.19671,-0.59671,-0.99671,-1.07671,-0.95671,-1.19671,-0.91671,-0.27671,0,-0.89129,0.89129,VIC,25.00000
3418,-0.62471,-0.77065,-0.30673,-0.89436,-0.30673,-0.12117,-0.70879,-0.95622,-0.83251,0,-0.61354,0.61354,VIC,32.33333
3419,-1.76069,-1.76069,-1.66080,-1.76069,-1.76069,-1.29717,-1.76069,-0.66080,-1.76069,0,-1.57588,1.57588,VIC,11.00000
3427,-0.38329,-0.32990,0.62843,2.04510,3.00343,3.25343,2.00343,2.21176,2.96176,1,1.71046,1.86895,VIC,24.00000
3429,0.12236,0.11829,0.45975,0.92317,1.40104,1.84006,1.27502,1.92949,2.08396,1,1.12813,1.12813,VIC,246.00000
3431,-0.19521,-0.14090,-0.06947,0.35910,0.54958,0.43053,0.50196,0.47815,0.07339,0,0.22079,0.31092,VIC,42.00000
3434,0.09123,-0.09402,1.10598,0.76998,0.74598,1.46598,0.98598,0.98598,0.40998,0,0.71856,0.73945,VIC,41.66667
3435,-0.38617,0.14077,-0.16957,0.00284,0.34767,0.38215,-0.10061,0.31318,-0.23854,0,0.03241,0.23128,VIC,29.00000
3437,-0.49695,-0.08844,0.32007,0.10305,0.69028,0.54985,0.14134,0.84347,0.24347,0,0.25624,0.38633,VIC,78.33333
3438,0.76967,-0.32124,0.83785,0.43678,0.91406,0.70951,0.77769,1.93678,1.59587,0,0.85077,0.92216,VIC,14.66667
3440,-0.96590,-1.22304,-0.10876,-0.53733,-0.70876,-0.62304,-0.36590,-0.36590,-0.36590,0,-0.58495,0.58495,VIC,11.66667
3442,-0.00970,0.54293,0.33767,1.60082,2.22452,2.00347,1.54558,1.92452,1.00873,1,1.24206,1.24422,VIC,63.33333
3444,0.03491,-0.02191,0.20536,0.19400,0.61445,0.52354,0.40991,0.47809,0.21673,0,0.29501,0.29988,VIC,88.00000
3446,0.88187,-0.48956,0.28187,-0.30804,0.63481,-0.47947,0.12053,1.06338,0.97767,0,0.29812,0.58191,VIC,11.66667
3448,-1.04406,-0.75138,-1.19040,-0.67821,-0.09284,-0.16601,-1.19040,-0.31235,-0.38552,0,-0.64569,0.64569,VIC,13.66667
3450,-0.15343,-0.36189,-0.04467,0.02784,0.04597,-0.09905,-0.20781,-0.04467,-0.08998,0,-0.10307,0.11948,VIC,110.33333
3451,-0.14641,0.06679,0.56932,0.35613,0.82061,0.97289,0.88152,0.66832,0.60741,0,0.53295,0.56549,VIC,65.66667
3453,-0.22265,-0.61601,-0.05931,-0.46137,-0.24488,0.00255,-0.33766,-0.15209,-0.67787,0,-0.30770,0.30826,VIC,32.33333
3458,0.02849,-0.16632,0.80771,0.76875,0.45706,1.00251,1.23628,1.15836,0.80771,0,0.67784,0.71480,VIC,25.66667
3460,-0.61345,-0.40172,-0.03093,-0.26689,0.47469,0.10390,0.03648,0.33985,0.00278,0,-0.03948,0.25230,VIC,29.66667
3461,-0.35542,-0.23473,0.14458,0.35148,0.75666,0.67046,0.30839,0.63597,0.51528,0,0.31030,0.44144,VIC,58.00000
3462,-1.07791,-0.65683,-1.06361,-1.47039,-0.70768,-1.21615,-1.67378,-1.36870,-1.41954,0,-1.18384,1.18384,VIC,19.66667
3463,-0.09510,-0.01679,0.00151,-0.01679,0.20273,0.27590,0.03809,-0.03508,-0.16313,0,0.02126,0.09390,VIC,54.66667
3464,-1.40991,-0.31235,-1.04406,-0.89772,-0.89772,-0.67821,-0.67821,-0.53187,-1.11723,0,-0.84081,0.84081,VIC,13.66667
3465,-0.39995,-0.15565,0.28409,0.24500,0.12774,0.41113,0.26455,0.21569,-0.12633,0,0.09625,0.24779,VIC,102.33333
3467,-0.55767,0.57869,0.39687,-0.14858,-0.10313,-0.87586,-0.69404,-0.33040,-0.37586,0,-0.23444,0.45123,VIC,22.00000
3472,-0.34614,-0.44726,0.02465,0.46285,0.09206,0.15948,-0.07648,0.02465,-0.34614,0,-0.05026,0.21997,VIC,29.66667
3478,-0.64496,-0.97191,0.00309,-0.48441,-0.29691,0.75309,-0.67191,-0.40941,-0.97191,0,-0.41058,0.57862,VIC,26.66667
3480,0.35643,-0.01336,1.05807,0.10044,1.17187,0.88615,1.67187,0.45758,0.31472,0,0.66709,0.67005,VIC,14.00000
3496,0.13686,0.59794,0.66811,1.26460,1.52776,1.03653,1.17688,0.94881,0.79092,0,0.90538,0.90538,VIC,57.00000
3498,-0.23005,0.00186,0.92667,1.24246,2.07705,1.49058,1.24246,1.42291,0.97178,1,1.01619,1.06731,VIC,44.33333
3500,-0.00888,0.43504,0.86962,1.06121,2.47035,2.21801,1.55914,1.64792,1.41428,1,1.29630,1.29827,VIC,214.00000
3501,-0.20192,0.35522,0.74093,0.83169,2.28883,1.60312,0.78883,0.96026,0.53169,0,0.87763,0.92250,VIC,23.33333
3505,-0.00395,-0.21691,0.57779,0.43872,1.37250,0.63740,0.31952,0.65726,0.47846,0,0.47342,0.52250,VIC,50.33333
3515,-1.00904,-0.90535,-0.85989,0.32192,-0.13262,0.86738,0.04920,0.64011,0.32192,0,-0.07849,0.56749,VIC,22.00000
3517,-0.14797,-0.08275,-0.66971,0.24334,0.24334,0.17812,-0.27840,-0.66971,-0.53927,0,-0.19145,0.33918,VIC,15.33333
3518,-0.41502,-0.54935,-0.23592,-0.41502,-0.10159,-0.10159,-0.50457,-0.37025,-0.54935,0,-0.36030,0.36030,VIC,22.33333
3523,0.28833,0.25485,0.54706,0.54706,0.54706,0.70290,0.31329,0.52758,0.56654,0,0.47719,0.47719,VIC,51.33333
3525,-0.72845,-0.45980,-0.05681,-0.37025,-0.63890,-0.05681,-0.45980,-0.68368,-0.45980,0,-0.43492,0.43492,VIC,22.33333
3537,-0.00081,-0.09625,-0.33949,0.30908,-0.25849,0.71448,0.87665,1.11989,0.22800,0,0.28367,0.43813,VIC,12.33333
3549,-0.76120,0.11380,0.03047,0.65547,3.28047,1.19713,2.23880,0.61380,1.03047,0,0.93324,1.10240,VIC,24.00000
3550,-0.17047,0.18485,0.61214,1.18785,1.94597,1.78855,1.39725,1.44223,1.40624,1,1.08829,1.12617,VIC,222.33333
3551,-0.85900,-0.61017,0.09427,0.36413,1.04754,0.91086,0.56740,0.30805,0.39567,0,0.24653,0.57301,VIC,285.33333
3555,-0.70841,-0.57205,-0.06069,0.39613,1.17719,1.21128,0.98628,0.97265,0.71356,0,0.45733,0.75536,VIC,146.66667
3556,-0.52232,-0.34469,0.00071,0.75071,1.33295,1.16518,0.83953,0.56321,0.70137,0,0.49852,0.69118,VIC,101.33333
3558,-0.14357,-0.37050,-0.15622,-0.61385,-0.47099,-0.39956,-0.25670,-0.18528,-0.18528,0,-0.30911,0.30911,VIC,14.00000
3561,0.15531,-0.17502,0.37204,0.54851,0.81322,0.46028,0.31910,0.40734,0.21322,0,0.34600,0.38489,VIC,56.66667
3564,-0.14334,-0.04210,0.25097,0.39485,1.33031,0.90935,0.87738,0.73884,0.57898,0,0.54392,0.58512,VIC,187.66667
3568,0.19619,-0.05532,0.26199,0.14661,0.66584,0.17545,-0.22839,0.11776,0.06007,0,0.14891,0.21196,VIC,34.66667
3579,-0.18514,-0.09793,-0.09793,-0.06304,0.93988,0.03290,-0.07175,0.13756,0.08523,0,0.07553,0.19015,VIC,57.33333
3585,-0.30161,-0.45288,0.27822,0.39166,1.05973,0.56813,0.24040,-0.18817,-0.42767,0,0.12976,0.43427,VIC,79.33333
3608,-0.28070,0.33254,0.08483,0.16740,0.55272,0.63529,0.52520,0.00227,0.38759,0,0.26746,0.32984,VIC,36.33333
3610,-0.59994,-0.97956,-0.93038,-0.97956,-0.73366,-0.53693,-0.68448,-1.27464,-0.93038,0,-0.84995,0.84995,VIC,20.33333
3612,-0.35380,-0.84299,-0.72760,-0.76606,0.00317,-0.26606,-0.68914,-0.65068,-0.49683,0,-0.53222,0.53293,VIC,26.00000
3614,0.08250,0.40108,0.56774,0.23433,1.23433,0.65100,0.23433,0.23433,0.90100,0,0.50452,0.50452,VIC,12.00000
3616,0.24645,0.18004,0.85861,0.60861,1.28718,1.14433,0.48361,0.82290,0.55504,0,0.68742,0.68742,VIC,56.00000
3620,-0.51763,-0.40652,-0.41887,0.22311,1.12434,0.30953,0.03792,0.11200,-0.14726,0,0.03518,0.36635,VIC,81.00000
3621,-0.31944,-0.62017,-0.69809,-0.46432,-0.30848,0.00321,-0.62017,0.08113,-0.93186,0,-0.43091,0.44965,VIC,25.66667
3629,0.00521,-0.00830,0.69440,0.38359,1.10657,0.45793,0.95793,1.29576,0.74171,0,0.62609,0.62793,VIC,74.00000
3630,0.09038,0.18501,0.63927,0.81908,1.99048,1.63086,1.42266,1.08670,0.94947,0,0.97932,0.97932,VIC,211.33333
3631,0.18072,0.28072,1.09072,1.47072,2.77072,2.29072,1.11072,1.25072,1.18072,1,1.29183,1.29183,VIC,100.00000
3634,-0.28845,-0.28845,-0.14891,0.19992,0.47899,0.44411,-0.32333,-0.07915,-0.28845,0,-0.03263,0.28220,VIC,28.66667
3636,-0.35908,0.24372,0.08952,0.10354,0.60121,0.30682,0.23673,0.11056,0.06850,0,0.15572,0.23552,VIC,71.33333
3638,-0.19371,-0.46618,-0.27868,0.03382,-0.24743,-0.46618,-0.68493,-0.49743,-0.46618,0,-0.36299,0.37050,VIC,32.00000
3640,-0.55613,-0.67613,-0.73613,-0.43613,0.16387,-0.31613,-0.19613,-0.97613,-1.03613,0,-0.52946,0.56588,VIC,16.66667
3641,0.21154,0.05154,0.17154,-0.14375,0.41625,-0.34375,-0.02375,0.25625,0.21625,0,0.09023,0.20385,VIC,25.00000
3644,-0.15202,-0.15928,0.21118,0.33466,0.54532,0.59616,0.20391,-0.18834,0.18212,0,0.17486,0.28589,VIC,137.66667
3658,-0.14153,0.01847,0.09847,-0.02153,0.57182,0.45182,0.39849,0.43849,0.67849,0,0.27700,0.31323,VIC,75.00000
3660,-0.58406,-0.39994,-0.50825,-0.15085,-0.12919,-0.17251,-0.12919,0.09825,-0.22666,0,-0.24471,0.26654,VIC,92.33333
3664,-0.85257,-1.25882,-1.10093,-1.52198,-1.31146,-0.78514,-0.78514,-0.94304,-1.10093,0,-1.07333,1.07333,VIC,19.00000
3666,-0.26592,0.11979,0.30551,0.40551,0.34124,0.28409,0.19838,0.19838,-0.03019,0,0.17298,0.23878,VIC,70.00000
3669,-0.22869,-0.44297,0.09274,-0.33583,0.03917,-0.06797,-0.33583,0.09274,0.52131,0,-0.07393,0.23970,VIC,18.66667
3672,-0.39451,-0.27823,0.40781,0.36130,1.29153,1.01246,0.34967,1.04735,0.47758,0,0.47500,0.62450,VIC,86.00000
3673,-0.56099,-0.35410,0.02521,0.12866,0.43901,0.50797,0.64590,0.05970,0.54245,0,0.15931,0.36267,VIC,29.00000
3675,-0.28374,-0.40619,-0.06945,0.51218,0.66524,0.54279,0.32851,0.20606,0.26728,0,0.19585,0.36460,VIC,32.66667
3676,0.45723,0.24657,0.27138,-0.16949,-0.26949,0.93051,0.73051,0.03051,-0.16949,0,0.22869,0.36391,VIC,8.33333
3677,0.09157,-0.14270,0.59266,0.81392,1.32802,1.23691,0.89852,1.23691,1.21088,0,0.80741,0.83912,VIC,153.66667
3678,-0.18797,0.14029,0.35002,0.48680,1.01112,0.64638,0.67374,0.84699,0.50048,0,0.49643,0.53820,VIC,109.66667
3683,-0.65866,-0.94297,-0.91036,-0.77992,0.13312,-0.58427,-0.38862,-0.42123,-0.38862,0,-0.54906,0.57864,VIC,30.66667
3685,-0.22255,-0.62704,-0.26414,0.09877,0.87296,0.46167,0.14715,0.53425,0.17135,0,0.13027,0.37776,VIC,41.33333
3687,0.07244,-0.30637,0.64485,0.35209,0.49844,0.64478,0.35209,1.08380,0.71795,0,0.45112,0.51920,VIC,13.66667
3688,-0.39007,0.05769,-0.07664,0.60028,0.68983,0.77938,-0.11614,0.24207,0.55550,0,0.26021,0.38973,VIC,22.33333
3690,0.05108,0.06195,0.92427,0.73224,2.49150,1.81034,1.36107,1.62194,1.28136,1,1.14842,1.14842,VIC,276.00000
3691,-0.35946,-0.10446,0.51054,0.72054,1.59804,1.98804,0.98304,1.05804,1.26804,0,0.85137,0.95447,VIC,133.33333
3698,-0.28219,-0.29879,0.54496,0.91987,1.10737,1.48237,1.01362,1.95112,0.82612,0,0.80716,0.93627,VIC,10.66667
3700,-0.26289,-0.12653,0.41892,0.52521,0.38885,-0.02025,0.04794,0.25248,-0.19070,0,0.11478,0.24820,VIC,29.33333
3701,0.12734,-0.10171,0.34509,0.66421,0.47272,0.79187,0.44081,0.44081,0.28123,0,0.38471,0.40731,VIC,31.33333
3707,-1.06341,-1.13359,-0.74762,-0.76517,-0.54585,-0.33532,-0.37041,0.20853,-0.07217,0,-0.53611,0.58245,VIC,57.00000
3713,0.10855,0.04434,-0.06475,-0.14148,-0.25057,0.13124,0.34943,0.02215,-0.08694,0,0.01244,0.13327,VIC,18.33333
3714,0.04695,-0.25002,0.18574,-0.14946,0.33658,0.52093,0.26954,0.26954,-0.11594,0,0.12376,0.23830,VIC,59.66667
3717,0.06179,0.09005,0.33270,0.17829,0.37682,0.68564,0.48711,0.48711,0.04593,0,0.30505,0.30505,VIC,45.33333
3722,-0.37482,0.00669,0.59628,0.89108,1.43734,1.43734,0.89977,1.15988,0.70901,0,0.75140,0.83469,VIC,57.66667
3723,-0.94182,-0.89303,-0.47840,-0.33206,0.60699,0.48504,0.02162,0.16796,-0.00277,0,-0.15183,0.43663,VIC,41.00000
3730,-0.12869,-0.19766,0.45752,0.68165,0.96614,0.85407,0.49200,0.81959,0.98338,0,0.54755,0.62008,VIC,116.00000
3737,-0.13574,-0.08579,0.13319,0.43976,0.65874,1.07480,0.30837,0.92151,0.28647,0,0.40015,0.44937,VIC,45.66667
3740,-0.78620,-0.99550,-0.85596,-0.71643,-0.92573,-0.64666,-0.78620,0.74869,0.19055,0,-0.53038,0.73910,VIC,14.33333
3741,-0.00537,-0.37615,0.92114,0.13736,0.08331,0.84006,0.81304,0.62385,0.19141,0,0.35874,0.44352,VIC,37.00000
3747,-0.01689,0.22651,0.35327,0.64905,0.80398,1.01524,0.70538,1.07158,0.69130,0,0.61105,0.61480,VIC,71.00000
3749,-0.32773,2.54461,0.34248,0.59780,0.75738,0.53397,0.43823,0.37440,0.34248,0,0.62263,0.69545,VIC,31.33333
3750,-0.33116,0.07200,1.63722,3.06014,8.49097,8.81113,3.29730,4.73208,5.45540,1,3.91390,3.98749,VIC,84.33333
3752,-0.38708,-0.46971,0.07690,0.27394,1.11645,1.29442,0.71603,0.67154,0.76688,0,0.45104,0.64144,VIC,157.33333
3753,-0.51687,-1.15005,-0.08851,1.80380,3.60380,2.91149,1.24995,4.66534,7.66534,1,2.23826,2.62835,VIC,21.66667
3754,-0.66663,-0.73009,-0.12727,0.73290,1.63184,1.52256,0.51080,0.52138,0.40857,0,0.42267,0.76134,VIC,283.66667
3756,0.04542,-0.21428,0.05438,0.45736,1.60363,1.91706,0.76184,1.02154,1.35288,0,0.77776,0.82538,VIC,111.66667
3757,0.07916,0.01718,0.36428,0.32709,0.66801,0.90355,0.53165,0.60603,0.42008,0,0.43523,0.43523,VIC,80.66667
3758,-0.26866,-0.35438,0.24562,-0.22581,-0.01152,0.20276,-0.31152,0.11705,0.20276,0,-0.04485,0.21557,VIC,23.33333
3761,-0.48956,-0.48956,0.19615,-0.65090,0.37767,0.72053,0.29196,-0.39376,-0.90804,0,-0.14950,0.50201,VIC,11.66667
3763,-0.15087,-0.56625,-0.28933,-0.15087,-0.15087,-0.10472,0.03375,0.44913,-0.10472,0,-0.11497,0.22228,VIC,21.66667
3764,-0.14764,0.03033,0.50066,0.61507,1.14262,1.44771,0.71042,1.16805,0.69771,0,0.68499,0.71780,VIC,78.66667
3765,0.13387,-0.43656,-0.04425,0.44036,0.25575,0.53267,0.20959,0.53267,0.34805,0,0.21913,0.32598,VIC,43.33333
3770,-0.42383,0.73459,0.31875,0.28904,0.52667,0.61578,-0.21591,0.25934,0.31875,0,0.26924,0.41141,VIC,33.66667
3775,-1.01575,-0.91319,-0.47729,-0.81063,0.04837,-0.28496,-0.18240,-0.10547,-0.49009,0,-0.47016,0.48091,VIC,39.00000
3777,-0.46244,-0.44038,0.07800,-0.08744,0.13315,0.14418,0.13315,0.19932,0.07800,0,-0.02494,0.19512,VIC,90.66667
3781,-0.41075,-0.49075,0.10925,0.90925,0.34925,0.74925,0.34925,0.26925,0.02925,0,0.20702,0.40736,VIC,25.00000
3782,-0.71616,-0.57133,-0.11616,-0.07478,0.49420,0.43213,0.26662,0.43213,0.16317,0,0.03442,0.36297,VIC,48.33333
3783,-0.68446,-1.30638,-0.75708,-1.26413,-0.88385,0.00348,-0.63032,-1.01061,-0.96835,0,-0.83352,0.83430,VIC,23.66667
3793,-0.50122,-0.71839,-0.83232,-0.18675,-0.45257,0.23097,-0.18675,-0.07282,-0.83232,0,-0.39468,0.44601,VIC,26.33333
3795,0.01923,-0.18077,0.28590,-0.17292,-0.50626,0.36041,-0.43959,0.62708,-0.03959,0,-0.00517,0.29242,VIC,15.00000
3796,0.54514,0.12955,0.49541,0.22102,0.91614,0.89785,0.84297,0.97102,0.55029,0,0.61882,0.61882,VIC,54.66667
3797,-0.28330,-0.19216,-0.19216,-0.27549,-0.05327,-0.05327,-0.44216,-0.10882,-0.30327,0,-0.21154,0.21154,VIC,36.00000
3799,0.19273,0.26458,0.30837,0.19888,0.59304,0.85582,0.54925,0.35217,0.13319,0,0.38311,0.38311,VIC,45.66667
3802,-0.35805,-0.56022,-0.00587,0.43760,1.49775,1.65427,0.51297,0.74775,0.88471,0,0.53455,0.73991,VIC,153.33333
3803,-0.73660,-0.69910,-0.03660,0.31340,0.53840,1.16340,-0.19910,0.02590,-0.06160,0,0.03423,0.41934,VIC,80.00000
3804,-0.85038,-0.62065,-0.29633,-0.20173,0.06854,-0.05308,-0.45849,-0.16119,-0.14768,0,-0.30233,0.31756,VIC,74.00000
3805,-0.42982,-0.35665,0.00920,0.43170,0.92738,1.05956,0.13666,0.32549,0.26412,0,0.26307,0.43784,VIC,423.66667
3806,-0.84499,-0.60551,-0.18803,0.50776,0.95436,1.54012,0.39773,0.69870,0.87993,0,0.37112,0.73524,VIC,309.00000
3807,0.04063,-0.04326,0.70111,0.88156,0.97178,1.76126,0.70111,1.21990,0.76877,0,0.77809,0.78771,VIC,44.33333
3808,-0.65856,-0.38164,0.54144,0.31067,0.63375,1.00298,0.54144,0.49528,-0.01241,0,0.27477,0.50868,VIC,21.66667
3809,-0.03229,0.24771,3.64771,6.82771,9.35773,10.11577,6.05773,5.69773,7.03773,1,5.43973,5.44690,VIC,50.00000
3810,-0.35684,-0.33807,0.18471,0.34289,0.76380,1.09624,0.37506,0.54664,0.61367,0,0.35868,0.51310,VIC,373.00000
3812,-0.76186,-0.49715,-0.40892,-0.14421,-0.14421,0.29696,0.29696,-0.45304,-0.14421,0,-0.21774,0.34973,VIC,22.66667
3814,-0.51222,-0.60313,-0.10313,0.76051,0.39687,-0.10313,0.12414,0.03324,-0.10313,0,-0.01222,0.30439,VIC,22.00000
3815,-0.56292,-0.99695,-0.70065,-0.44140,0.26231,0.66972,-0.40436,-0.25621,-0.03399,0,-0.27383,0.48094,VIC,27.00000
3816,-0.41681,-0.43951,-0.31319,0.03418,-0.43951,-0.02898,-0.12372,-0.21845,-0.66056,0,-0.28961,0.29721,VIC,31.66667
3818,0.00829,0.25571,0.77375,0.79695,1.17581,1.11396,0.79695,0.97478,0.88200,0,0.75313,0.75313,VIC,129.33333
3820,-0.04859,0.31206,0.67272,0.89403,1.23829,1.34485,1.13174,1.54977,1.25469,0,0.92773,0.93853,VIC,122.00000
3821,-0.17742,-0.09251,0.38862,0.33201,0.33201,0.78484,0.50183,0.04900,0.21881,0,0.25969,0.31967,VIC,35.33333
3823,-0.69404,-0.23949,0.21505,-0.23949,0.71505,0.12414,1.16960,0.62414,-0.01222,0,0.18475,0.44814,VIC,22.00000
3824,-0.02569,0.06605,0.17319,0.28034,0.30176,0.23748,0.32319,0.51605,0.43034,0,0.25586,0.26157,VIC,46.66667
3825,-0.05742,0.20003,0.35765,0.58357,0.51526,0.78847,0.57831,0.63610,0.76745,0,0.48549,0.49825,VIC,190.33333
3831,-0.32068,-0.14421,0.29696,0.51755,0.16461,0.20873,0.07638,0.07638,-0.49715,0,0.04206,0.25585,VIC,22.66667
3840,-0.27923,0.13268,0.23372,0.18709,0.31144,0.63009,0.52906,0.51351,0.76999,0,0.33648,0.39853,VIC,128.66667
3842,-0.45712,-0.30756,-0.06947,0.02577,0.33529,0.24006,0.45434,0.31148,0.31148,0,0.09381,0.27918,VIC,42.00000
3844,-0.11608,0.13834,0.32915,0.80088,1.29146,1.42927,1.14835,1.21725,1.32326,0,0.84021,0.86600,VIC,188.66667
3847,-0.62198,-0.29385,0.78427,0.40927,0.12802,0.36240,-0.20010,0.87802,-0.05948,0,0.15407,0.41527,VIC,21.33333
3850,-0.64285,-0.01067,0.06979,0.10427,0.52956,0.36864,0.47209,0.61002,0.72496,0,0.24731,0.39254,VIC,87.00000
3851,-0.21814,-0.07751,0.28577,0.40296,1.01820,0.83070,0.20961,0.54945,0.16273,0,0.35153,0.41723,VIC,85.33333
3854,-1.44516,-0.77016,-1.07016,-0.77016,-0.47016,0.20484,-0.32016,-0.09516,-0.32016,0,-0.56183,0.60735,VIC,13.33333
3856,0.29239,0.01967,-0.32124,-0.31322,-0.24504,-0.51776,-0.38140,-0.24504,-0.72231,0,-0.27044,0.33978,VIC,14.66667
3858,0.06183,0.02611,0.84754,0.59754,1.70468,1.24040,0.63326,0.84754,0.24040,0,0.68881,0.68881,VIC,28.00000
3860,-0.41585,-0.25960,0.13102,0.16227,0.52948,0.21698,0.24823,0.46698,0.24823,0,0.14753,0.29763,VIC,64.00000
3862,0.08772,-0.22887,-0.02118,0.09421,0.32498,0.39421,0.02498,0.37113,0.39421,0,0.16015,0.21572,VIC,43.33333
3869,-0.94765,-0.01322,-0.35748,-0.11158,0.23268,0.03596,0.38022,-0.01322,-0.11158,0,-0.10065,0.24484,VIC,20.33333
3870,-1.30217,-0.99605,-0.87360,-0.50625,-0.81238,-0.38381,-0.38381,-0.75115,-0.93483,0,-0.77156,0.77156,VIC,16.33333
3871,-0.29340,0.19232,0.04946,0.36375,0.13518,0.76375,0.44946,0.04946,0.16375,0,0.20819,0.27339,VIC,35.00000
3875,-0.41019,-0.04458,0.40617,0.34107,1.02999,1.09510,0.93984,0.75453,0.56422,0,0.51957,0.62063,VIC,199.66667
3878,-0.19213,0.30721,0.17955,1.32842,1.64757,1.64757,0.69013,1.00927,0.69013,0,0.81197,0.85466,VIC,15.66667
3880,-0.08687,-0.01899,0.24998,0.51894,1.36722,0.93274,0.72584,0.70515,0.62239,0,0.55738,0.58090,VIC,48.33333
3882,-0.82930,-0.76680,-0.45430,-0.26680,0.10820,-0.07930,-0.20430,-0.45430,-0.20430,0,-0.35013,0.37418,VIC,16.00000
3885,-0.26167,-0.66759,-0.89099,-0.41227,-0.66759,-0.31652,-0.63567,-0.44418,-0.57184,0,-0.54092,0.54092,VIC,31.33333
3888,-0.13933,-0.07583,0.25321,-0.01776,0.34998,0.36934,-0.26937,0.00159,0.02095,0,0.05475,0.16637,VIC,51.66667
3892,-0.00164,-0.00164,1.22912,0.80585,1.34431,1.95970,1.57508,1.72893,2.65200,1,1.25463,1.25536,VIC,13.00000
3904,-0.27337,-1.06016,-0.52852,-0.14877,0.30692,0.04110,-0.45257,-0.26270,-0.26270,0,-0.29342,0.37076,VIC,26.33333
3909,-0.63972,-0.51691,-0.07832,-0.23621,0.20238,0.38660,0.01817,0.16730,-0.00814,0,-0.07832,0.25042,VIC,114.00000
3910,-0.57200,-0.45374,0.17489,0.15622,0.67005,0.99370,0.57047,0.83188,0.55180,0,0.32481,0.55275,VIC,160.66667
3911,-0.16592,-0.50801,0.09837,0.06646,0.09837,-0.28461,-0.25269,-0.22078,-0.44418,0,-0.17922,0.23771,VIC,31.33333
3912,-0.30910,-0.20290,0.09798,0.21303,0.35462,0.75285,0.37232,0.52276,0.01834,0,0.20221,0.31599,VIC,113.00000
3913,0.02521,-0.14720,-0.28513,0.54245,0.47349,0.78383,0.74935,0.50797,0.02521,0,0.29724,0.39332,VIC,29.00000
3915,-0.09273,0.01942,0.41195,0.60821,1.38626,1.04981,0.76944,0.78346,0.50308,0,0.60432,0.62493,VIC,71.33333
3916,-1.21613,-0.79613,-0.37613,-0.67613,0.04387,0.16387,-0.07613,0.28387,-0.07613,0,-0.30280,0.41204,VIC,16.66667
3918,-0.12230,-0.58013,-0.02673,2.41987,1.77910,0.41016,0.03152,0.14803,-0.11411,0,0.43838,0.62577,VIC,34.33333
3919,-0.64895,-0.73217,-0.42605,-0.33421,-0.21177,-0.33421,-0.42605,0.03313,-0.57911,0,-0.40660,0.41396,VIC,32.66667
3922,-0.19755,0.01867,0.85650,0.69434,1.44209,1.33398,0.91957,0.78443,0.47813,0,0.70335,0.74725,VIC,111.00000
3925,-0.22620,0.32170,0.78891,0.76432,1.62498,1.96924,1.32989,1.55120,1.01022,1,1.01492,1.06518,VIC,40.66667
3926,0.08846,-0.31319,0.00260,0.28681,0.69734,1.36049,0.57102,0.41313,-0.15529,0,0.32793,0.43204,VIC,31.66667
3927,-0.45584,-0.75093,0.72448,0.52776,0.42940,1.41301,0.28186,0.57694,0.82284,0,0.39662,0.66479,VIC,20.33333
3929,-0.69836,-0.75099,0.03848,-0.11941,0.56480,0.93322,0.56480,0.67006,1.09111,0,0.25486,0.60347,VIC,19.00000
3930,-0.25976,-0.07648,0.66629,0.85921,0.84957,0.99426,0.95568,1.17754,0.62770,0,0.64378,0.71850,VIC,103.66667
3931,-0.02596,0.11942,0.42338,0.84629,1.00488,1.24277,1.24277,0.90576,0.76699,0,0.72514,0.73091,VIC,151.33333
3934,-0.17991,0.11332,0.46671,0.69227,0.96295,1.10580,1.05317,0.82761,0.69227,0,0.63713,0.67711,VIC,133.00000
3936,-0.34112,-0.37421,-0.05435,0.05594,0.70668,0.67359,0.45300,0.62947,0.26550,0,0.22383,0.39487,VIC,90.66667
3937,-0.65546,-0.59163,-0.65546,-0.20865,0.55731,0.36582,0.81263,0.68497,0.74880,0,0.11759,0.58675,VIC,15.66667
3938,-0.25408,-0.38533,-0.52651,-0.20886,0.28526,0.17938,0.10879,-0.13827,0.81467,0,-0.01388,0.32235,VIC,28.33333
3939,-0.11848,0.08787,0.04025,0.41327,0.83390,0.79422,0.92121,0.77835,0.54819,0,0.47764,0.50397,VIC,126.00000
3940,-0.27258,-0.38508,-0.01008,0.40242,1.11492,1.18992,0.40242,0.21492,0.36492,0,0.33575,0.48414,VIC,26.66667
3941,-0.37672,-0.24124,0.50392,0.47489,0.89102,1.22005,1.22005,0.94908,0.68779,0,0.59209,0.72942,VIC,103.33333
3942,-0.61425,-0.67563,-0.24706,0.11008,0.61008,1.18151,0.36008,1.32437,0.86008,0,0.32325,0.66479,VIC,28.00000
3943,-0.54127,0.38520,0.38520,1.09108,1.00285,1.39990,1.09108,1.66461,1.84108,0,0.92441,1.04470,VIC,22.66667
3945,-0.10697,-0.10697,0.45553,0.77538,0.15038,0.15038,0.40038,-0.47462,-0.66212,0,0.06460,0.36475,VIC,16.00000
3950,-0.51336,-0.03510,-0.07857,-0.66553,-0.00247,-0.11116,0.38884,0.10623,0.10623,0,-0.08943,0.22305,VIC,46.00000
3953,-0.19250,0.27158,0.56993,0.47048,0.57823,0.67768,0.46221,0.57823,0.51193,0,0.43642,0.47920,VIC,60.33333
3956,-0.71164,-0.44218,-0.20864,-0.19068,-0.03797,0.44706,0.41113,0.03389,0.37521,0,-0.03598,0.31760,VIC,55.66667
3959,-0.87903,-0.08956,-0.12903,0.06834,0.66044,0.22623,-0.12903,0.18676,0.06834,0,-0.00184,0.27075,VIC,25.33333
3960,-0.16117,-0.19965,-0.26681,-0.08771,0.27050,0.04662,-0.15487,0.13617,-0.22204,0,-0.07100,0.17173,VIC,44.66667
3962,-0.45850,-0.24798,-0.14271,-0.29441,-0.03126,-0.34705,-0.39968,-0.45231,-0.08389,0,-0.27309,0.27309,VIC,19.00000
3971,-0.11409,-0.18253,-0.01689,0.31440,0.13035,0.25918,0.18556,0.40642,0.44323,0,0.15840,0.22807,VIC,54.33333
3975,-0.40788,-0.50362,0.26234,0.94532,2.06588,1.69567,0.64248,0.56588,0.84673,0,0.67920,0.88176,VIC,156.66667
3976,-0.30262,-0.43850,0.13641,0.44477,1.26301,1.35186,0.43200,0.59924,0.66719,0,0.46148,0.62618,VIC,191.33333
3977,0.44862,0.42987,1.12362,1.71112,2.03487,2.02237,1.01237,1.17237,1.33237,1,1.25418,1.25418,VIC,800.00000
3978,-0.07394,0.74035,6.01178,10.11577,10.11577,10.11577,8.02130,9.97130,10.11577,1,7.23710,7.25353,VIC,93.33333
3980,0.20628,-0.18557,0.11912,-0.11526,0.02537,0.07224,0.11912,0.18943,-0.34963,0,0.00901,0.15356,VIC,42.66667
3981,0.36967,0.13613,0.80578,0.40399,0.85935,1.28792,0.59149,0.77899,0.69863,0,0.65911,0.65911,VIC,37.33333
3984,-0.50481,-0.21268,-0.36998,-0.05537,0.65249,0.71991,0.45025,0.15811,0.24800,0,0.12066,0.37462,VIC,89.00000
3987,0.44617,0.88168,0.37104,0.40890,0.47273,-0.35705,0.08975,0.02592,0.15358,0,0.27697,0.35632,VIC,15.66667
3988,-0.36457,-0.61989,0.72054,-0.10174,-0.29322,-0.29322,-0.54854,-0.22940,-0.54854,0,-0.25318,0.41330,VIC,15.66667
3995,0.00919,0.09490,0.48062,0.61776,0.78919,1.12347,1.04633,0.96919,0.59204,0,0.63585,0.63585,VIC,116.66667
3996,-0.09775,0.09437,0.81851,0.53772,1.26926,0.88502,0.82591,1.07714,0.95891,0,0.70768,0.72940,VIC,67.66667
4000,-1.04257,-1.56972,-1.17628,-1.17628,-0.63530,-0.58611,-0.73366,-0.73366,-0.73366,0,-0.93191,0.93191,QLD,20.33333
4005,-0.05787,-0.10310,-0.05047,0.66006,0.81796,0.87059,0.68638,1.05480,0.66006,0,0.50427,0.55125,QLD,38.00000
4006,-0.43389,-0.13812,0.28442,1.12949,0.53794,0.41118,1.21399,0.79146,0.83371,0,0.51446,0.64158,QLD,23.66667
4007,0.34690,0.51755,1.38474,1.05662,1.05662,1.43162,1.33787,1.75974,1.22068,1,1.12359,1.12359,QLD,42.66667
4010,-0.58269,-0.52269,0.13731,-0.45563,0.68437,0.32437,0.20437,0.02437,0.44437,0,0.02868,0.37557,QLD,16.66667
4011,-0.48049,-0.17333,-0.19380,0.13384,0.68674,0.91200,0.50244,0.81985,0.53316,0,0.30449,0.49285,QLD,97.66667
4012,-0.11612,-0.11612,0.05566,0.40535,0.68756,0.77345,0.79185,0.91455,0.58326,0,0.44216,0.49377,QLD,163.00000
4013,-0.26151,-0.07481,-0.40815,0.41237,0.56621,0.25852,0.07903,0.41237,0.38673,0,0.15231,0.31774,QLD,39.00000
4014,-0.09997,0.01928,0.18874,0.41468,0.87911,0.86656,0.87911,0.63434,0.54020,0,0.48023,0.50244,QLD,159.33333
4017,-0.40599,-0.36562,-0.30909,-0.02039,0.38741,0.23196,0.12698,0.11487,0.05834,0,-0.02017,0.22452,QLD,495.33333
4018,-0.13918,0.58876,0.34612,1.28729,0.89023,0.44906,0.18435,0.36082,0.31670,0,0.47602,0.50695,QLD,136.00000
4019,-0.22174,-0.22588,0.00584,0.11757,0.46101,0.29550,0.28308,0.27067,0.12998,0,0.12400,0.22348,QLD,241.66667
4020,-0.11708,-0.08834,0.24938,0.49010,1.05417,0.92843,0.78471,0.66256,0.60507,0,0.50767,0.55332,QLD,278.33333
4021,-0.43110,-0.26128,-0.19760,-0.07732,0.07126,-0.00657,-0.02072,-0.16223,-0.02779,0,-0.12371,0.13954,QLD,141.33333
4022,-0.37347,-0.32671,-0.51373,-0.01502,0.28108,0.14861,-0.13970,-0.16308,0.09407,0,-0.11199,0.22838,QLD,128.33333
4025,-0.00056,-0.28817,-0.34373,-0.58855,-0.53299,-0.64410,-0.53299,-0.19966,-0.14410,0,-0.36387,0.36387,QLD,18.00000
4030,-0.54564,-0.19796,-0.21783,0.16959,0.54707,0.39807,0.33846,0.45767,0.23912,0,0.13206,0.34571,QLD,100.66667
4031,-0.03627,0.01390,0.27477,0.54567,1.21291,0.97211,0.85170,1.42361,0.82160,0,0.67556,0.68362,QLD,99.66667
4032,-0.54480,-0.38116,-0.35389,-0.15389,0.54611,0.24611,0.06429,0.13702,0.16429,0,-0.03066,0.28795,QLD,110.00000
4034,-0.33395,-0.32442,-0.21189,0.09517,0.35073,0.31258,0.08181,0.24774,0.27825,0,0.05511,0.24850,QLD,524.33333
4035,-0.59744,-0.36182,-0.32450,-0.00957,0.41034,0.11407,0.11640,-0.00490,-0.11921,0,-0.08629,0.22870,QLD,428.66667
4036,-0.27627,-0.25551,0.15971,0.27390,0.42443,0.56976,0.41405,0.64242,0.28948,0,0.24911,0.36728,QLD,96.33333
4037,-0.39479,-0.17774,-0.06921,-0.02270,0.35715,0.23312,0.03932,0.00831,0.00831,0,-0.00203,0.14563,QLD,129.00000
4051,-0.22166,-0.02717,0.12356,0.53199,0.87234,0.92096,0.64868,0.78482,0.50281,0,0.45959,0.51489,QLD,205.66667
4053,-0.53327,-0.30086,-0.29659,0.00618,0.32388,0.32814,0.19381,0.32174,0.40064,0,0.04930,0.30057,QLD,469.00000
4054,-0.16657,-0.08596,-0.06293,0.21347,0.42652,0.21347,0.42076,0.59926,0.24801,0,0.20067,0.27077,QLD,173.66667
4055,-0.12966,0.03737,0.21423,0.40746,0.77100,0.65309,0.39436,0.54502,0.40419,0,0.36634,0.39515,QLD,305.33333
4059,-0.60668,-0.02604,-0.41314,-0.05830,0.90139,0.86914,0.70785,0.86914,0.46591,0,0.30103,0.54640,QLD,62.00000
4060,-0.49791,-0.17430,0.11433,0.33299,0.58663,0.64786,0.50792,0.54290,0.34174,0,0.26691,0.41629,QLD,114.33333
4061,-0.34441,-0.00275,-0.23676,0.13765,0.40910,0.54015,0.52611,0.55887,0.07681,0,0.18497,0.31473,QLD,213.66667
4064,-0.43355,0.02099,0.17251,0.56645,1.43767,1.07404,0.84676,1.08919,0.75586,0,0.61444,0.71078,QLD,66.00000
4065,-0.25155,0.08629,0.28899,0.58629,1.25522,1.62009,1.09306,1.20117,1.05252,0,0.77023,0.82613,QLD,74.00000
4066,-0.34153,0.00514,0.12514,0.48514,1.03849,1.07849,0.79849,0.97182,0.63849,0,0.53330,0.60919,QLD,75.00000
4067,-0.26535,0.49276,-0.11301,0.81007,0.98314,0.55045,0.14661,0.63699,-0.02647,0,0.35724,0.44721,QLD,34.66667
4068,-0.23709,0.07479,0.39410,0.73568,0.76539,1.01786,0.72083,0.62430,0.88420,0,0.55334,0.60603,QLD,134.66667
4069,-0.38579,-0.13037,-0.16410,0.09132,0.35156,0.42867,0.12506,0.50096,0.30337,0,0.12452,0.27569,QLD,415.00000
4070,-0.43327,-0.29886,-0.15908,0.17426,0.73340,0.35705,0.13662,0.26028,0.07211,0,0.09361,0.29166,QLD,186.00000
4073,-0.34564,-0.15092,-0.24467,0.18081,0.47648,0.32504,0.27456,0.15196,0.07263,0,0.08225,0.24697,QLD,138.66667
4074,-0.06799,0.22234,0.13109,0.34676,0.74768,0.67303,0.42971,0.42141,0.44353,0,0.37195,0.38706,QLD,361.66667
4075,-0.28600,-0.04762,0.10530,0.34818,0.94188,0.76197,0.60905,0.68551,0.70350,0,0.42464,0.49878,QLD,222.33333
4076,-0.44882,-0.32497,-0.43506,-0.03598,0.28743,0.52137,0.14981,0.70027,0.27367,0,0.07641,0.35304,QLD,72.66667
4077,-0.11783,-0.03946,-0.00811,0.43076,0.94486,0.66587,0.55615,0.46524,0.70348,0,0.40011,0.43686,QLD,319.00000
4078,-0.11110,0.03023,0.08162,0.57306,0.94244,0.70475,0.39961,0.60196,0.56342,0,0.42067,0.44535,QLD,311.33333
4101,-0.22072,0.01643,-0.04286,0.25358,0.98284,0.89984,0.55597,0.71012,0.62711,0,0.42026,0.47883,QLD,84.33333
4102,-0.96033,-1.21418,-0.77572,-0.61418,0.22815,0.27430,-0.09493,-0.00262,0.06661,0,-0.34365,0.47011,QLD,43.33333
4103,-0.50280,-0.42780,-0.47066,-0.20280,0.36506,0.27934,0.30077,0.30077,-0.03137,0,-0.04328,0.32015,QLD,93.33333
4104,-0.13476,0.15396,0.28440,0.06701,0.58875,1.02353,0.50179,0.56701,0.24092,0,0.36584,0.39579,QLD,46.00000
4105,-0.38674,-0.24260,-0.39575,0.11776,0.41506,0.44209,0.46011,0.53218,0.48713,0,0.15881,0.38660,QLD,111.00000
4106,0.18703,0.31936,0.88186,1.05029,2.64404,1.51904,1.94091,0.25341,0.53466,1,1.03673,1.03673,QLD,21.33333
4107,-0.48983,-0.23511,0.30263,0.45829,1.00311,0.91821,0.59273,0.53613,0.25311,0,0.37103,0.53213,QLD,70.66667
4108,-0.32857,-0.22981,-0.27919,0.12822,0.71465,0.54181,0.38131,0.52946,0.48008,0,0.21533,0.40146,QLD,81.00000
4109,-0.47356,-0.44114,-0.44763,-0.19258,0.12082,0.11217,-0.10181,-0.07803,-0.07587,0,-0.17529,0.22707,QLD,462.66667
4110,-0.35108,0.11276,0.65141,2.28233,3.66637,3.27735,2.61151,2.80602,2.60403,1,1.96230,2.04032,QLD,133.66667
4111,-0.54636,-0.28973,-1.10791,-0.38073,-0.19891,0.34654,0.07381,0.07381,-0.10800,0,-0.23750,0.34731,QLD,11.00000
4112,-0.46683,-0.21359,-0.35969,-0.03826,0.52667,0.42927,-0.01878,-0.01878,-0.12592,0,-0.03177,0.24420,QLD,102.66667
4113,-0.11603,-0.04309,-0.10652,0.30257,0.71801,0.64190,0.43260,0.50236,0.39454,0,0.30293,0.36196,QLD,315.33333
4114,-0.34306,-0.38391,-0.30222,-0.09798,0.55104,0.28780,0.12441,0.14256,0.07449,0,0.00590,0.25639,QLD,220.33333
4115,-0.15945,-0.11765,-0.10800,0.32287,0.49650,0.63476,0.37753,0.41611,0.30357,0,0.24069,0.32627,QLD,311.00000
4116,-0.10761,0.01886,-0.03408,0.37474,0.98945,0.66003,0.38650,0.45709,0.46886,0,0.35709,0.38858,QLD,340.00000
4117,-0.52214,-0.36960,0.54565,1.30836,2.27447,0.95243,1.30836,1.25752,0.49481,0,0.80554,1.00371,QLD,19.66667
4118,-0.48828,-0.44043,-0.31603,0.01890,0.26052,0.54043,0.06196,0.12655,-0.11508,0,-0.03905,0.26313,QLD,418.00000
4119,-0.74932,-0.53096,-0.27463,-0.07527,0.28549,0.29499,-0.32210,-0.02780,-0.18919,0,-0.17653,0.30553,QLD,105.33333
4120,-0.16847,-0.08050,-0.12160,0.22772,0.53594,1.00854,0.65923,1.11128,0.67977,0,0.42799,0.51034,QLD,48.66667
4121,-0.13453,0.02969,-0.02238,0.44624,0.73463,0.64250,0.55038,0.68656,0.48630,0,0.37993,0.41480,QLD,249.66667
4122,-0.52716,-0.41868,-0.39875,-0.07550,0.28317,0.24775,0.12819,0.14590,0.04627,0,-0.06320,0.25237,QLD,451.66667
4123,-0.02277,0.11202,0.40234,0.84128,1.35281,1.13506,0.73069,0.78944,0.56824,0,0.65657,0.66163,QLD,289.33333
4124,0.08592,0.13431,0.53350,0.86919,1.50124,4.69782,1.40447,1.25629,1.52544,1,1.33424,1.33424,QLD,330.66667
4125,-0.46092,-0.34127,0.00061,0.55617,1.19720,3.19720,1.53908,1.54762,1.14591,0,0.93129,1.10955,QLD,117.00000
4127,0.01068,0.04826,0.09837,0.36455,0.64325,0.62446,0.47728,0.59002,0.42091,0,0.36420,0.36420,QLD,319.33333
4128,-0.27613,-0.11289,-0.04671,0.34593,0.58858,0.51799,0.26211,0.36358,0.10770,0,0.19446,0.29129,QLD,226.66667
4129,-0.24179,-0.04725,-0.11892,0.33159,0.70532,0.81795,0.80771,0.51078,0.44935,0,0.35720,0.44785,QLD,97.66667
4130,-0.20663,-0.00663,-0.04949,0.15051,0.42908,0.54337,0.24337,0.32908,0.27908,0,0.19020,0.24858,QLD,140.00000
4131,-0.51524,-0.62033,-0.33371,0.00069,0.26820,0.27776,0.47839,0.23954,-0.19995,0,-0.04496,0.32598,QLD,104.66667
4132,-0.19970,-0.23066,-0.06421,0.39643,0.74869,0.66740,0.41192,0.43901,0.74869,0,0.32417,0.43408,QLD,258.33333
4133,-0.32014,-0.32494,0.11736,0.71833,1.01159,1.70390,1.92025,1.71352,1.70390,0,0.91597,1.05933,QLD,208.00000
4151,-0.06772,0.09610,0.25992,0.72067,1.38109,1.03297,1.13536,0.98177,0.74628,0,0.69849,0.71354,QLD,97.66667
4152,-0.43061,-0.16854,-0.11740,0.08501,0.60064,0.63686,0.33643,0.41314,0.21924,0,0.17497,0.33421,QLD,469.33333
4153,-0.27592,-0.20724,-0.04681,0.40239,0.53073,0.65907,0.30613,0.37030,0.22592,0,0.21829,0.33606,QLD,62.33333
4154,-0.17751,-0.13302,0.07673,0.41359,0.75681,0.71868,0.77588,0.37546,0.33732,0,0.34933,0.41833,QLD,157.33333
4155,-0.51697,-0.47801,-0.24424,0.14537,0.37914,0.34018,-0.01047,0.37914,-0.01047,0,-0.00182,0.27822,QLD,25.66667
4156,0.14917,-0.04945,0.20479,0.00140,0.37428,0.20479,0.17089,-0.03250,-0.01555,0,0.11198,0.13365,QLD,59.00000
4157,-0.07966,0.13416,0.12120,0.29939,0.49053,0.61040,0.38038,0.34151,0.28967,0,0.28751,0.30521,QLD,308.66667
4158,-0.31426,-0.23614,-0.21233,-0.21233,0.21625,0.71625,0.38291,-0.16471,0.16863,0,0.03825,0.29153,QLD,42.00000
4159,-0.33874,-0.25958,-0.11315,0.04912,0.32221,0.40532,0.21931,0.25097,0.14015,0,0.07507,0.23317,QLD,252.66667
4160,-0.09477,-0.00858,0.10081,0.29308,0.65109,0.66766,0.60799,0.52844,0.31960,0,0.34059,0.36356,QLD,301.66667
4161,-0.25942,-0.18539,-0.10431,0.15656,0.38923,0.43153,0.25880,0.22707,0.04375,0,0.10643,0.22845,QLD,283.66667
4163,-0.37605,-0.18947,-0.23366,0.04621,0.52739,0.45374,0.25243,0.28680,0.07567,0,0.09367,0.27127,QLD,203.66667
4164,-0.14352,0.08470,0.40420,0.49548,0.91457,0.71955,0.74445,0.56187,0.54113,0,0.48027,0.51216,QLD,241.00000
4165,-0.19860,-0.01266,-0.00797,0.30609,0.59047,0.58265,0.54828,0.47328,0.74203,0,0.33595,0.38467,QLD,640.00000
4169,-0.13189,-0.01952,-0.08335,0.32090,0.61877,0.66133,0.25707,0.55494,0.23579,0,0.26823,0.32040,QLD,47.00000
4170,-0.33477,-0.22241,0.03602,0.62029,1.11467,1.19894,1.07535,0.91804,0.56973,0,0.55287,0.67669,QLD,178.00000
4171,-0.23204,-0.06359,0.18507,0.61020,0.85887,0.85887,0.89897,0.73052,0.69844,0,0.50503,0.57073,QLD,124.66667
4172,-1.13316,-0.86450,-0.75256,-0.19286,0.44522,0.64671,0.44522,0.24373,0.01985,0,-0.12693,0.52709,QLD,44.66667
4173,-0.36726,-0.34274,-0.39178,-0.09751,0.26217,0.10685,-0.00759,0.03329,-0.19560,0,-0.11113,0.20053,QLD,122.33333
4174,-0.47892,-0.65573,-0.41889,0.05480,0.47585,0.94953,0.55480,0.63375,0.34427,0,0.16216,0.50739,QLD,38.00000
4178,-0.11238,0.05814,0.00446,0.38341,0.74025,0.61393,0.72446,0.47498,0.45288,0,0.37112,0.39610,QLD,316.66667
4179,-0.25225,-0.09623,0.00184,0.30941,0.63928,0.59025,0.52338,0.34507,0.36290,0,0.26929,0.34674,QLD,224.33333
4183,-0.30542,-0.46139,-0.57048,-0.05230,0.19315,0.32952,-0.16139,-0.21594,0.08406,0,-0.12891,0.26374,QLD,36.66667
4184,-0.16006,0.02242,0.12461,0.44578,1.27060,1.30709,1.12461,0.63556,0.72315,0,0.61042,0.64599,QLD,137.00000
4205,-0.00294,0.14900,0.54801,0.88792,1.06526,1.12437,1.12437,1.39038,0.68102,0,0.77415,0.77481,QLD,67.66667
4207,0.02160,0.27100,0.51024,0.82199,1.25698,1.40633,1.09893,1.14388,1.13808,0,0.85212,0.85212,QLD,689.66667
4208,0.03895,0.33820,0.65615,1.24718,1.59506,1.65865,1.38184,0.90678,1.10877,1,0.99240,0.99240,QLD,267.33333
4209,-0.21116,0.22089,0.86592,1.65497,2.34056,2.55152,1.88823,1.24726,1.36693,1,1.32501,1.37194,QLD,493.00000
4210,0.12662,0.27680,0.49849,1.07418,1.35308,1.33520,0.79885,0.61291,1.15999,0,0.80401,0.80401,QLD,279.66667
4211,0.14760,0.30865,0.21548,0.72790,0.95018,0.77183,0.65470,0.55088,0.51229,0,0.53772,0.53772,QLD,751.33333
4212,-0.26414,-0.00026,0.12271,0.37122,0.82468,0.95277,0.61204,0.53262,0.56848,0,0.41335,0.47210,QLD,390.33333
4213,-0.51864,-0.21144,-0.22104,0.15816,0.44376,0.34056,0.12936,0.09336,0.18216,0,0.04402,0.25539,QLD,416.66667
4214,-0.37908,-0.21608,-0.13679,0.22224,0.59889,0.56806,0.22224,0.23326,0.10330,0,0.13512,0.29777,QLD,454.00000
4215,-0.22337,-0.02067,0.24960,0.78113,1.27212,1.14149,0.90726,0.87122,0.60095,0,0.61997,0.67420,QLD,222.00000
4216,-0.55991,-0.45606,-0.34933,-0.12722,0.48432,0.47567,0.17567,0.00548,0.13528,0,-0.02401,0.30766,QLD,346.66667
4217,-0.13249,0.11826,0.15856,0.64662,1.02274,0.76751,0.61080,0.63766,0.22125,0,0.45010,0.47954,QLD,223.33333
4218,0.03924,0.24276,0.28421,0.60457,0.80055,0.79678,0.60457,0.62718,0.46135,0,0.49569,0.49569,QLD,265.33333
4220,0.11246,0.12553,0.46867,0.62226,1.18762,0.95559,0.70069,0.67128,0.56344,0,0.60084,0.60084,QLD,306.00000
4221,-0.01641,0.17668,0.24462,0.49492,0.82030,0.81673,0.53067,0.63794,0.59861,0,0.47823,0.48188,QLD,279.66667
4223,-0.48083,-0.13252,-0.19432,-0.03140,0.26636,0.31692,0.01917,0.14276,0.13153,0,0.00419,0.19064,QLD,178.00000
4224,-0.21066,-0.20422,0.07059,0.52860,0.84921,1.35303,0.68891,0.68891,0.50570,0,0.47445,0.56665,QLD,43.66667
4225,-0.66344,-0.21344,0.03656,1.03656,0.33656,1.23656,0.33656,0.48656,0.98656,0,0.39767,0.59253,QLD,20.00000
4226,-0.71685,-0.47602,-0.44629,-0.05679,0.36243,0.26432,-0.05977,-0.09545,-0.14302,0,-0.15194,0.29122,QLD,336.33333
4227,-0.08267,-0.05775,0.04192,0.52531,0.81933,0.85421,0.43062,0.43561,0.32597,0,0.36584,0.39704,QLD,200.66667
4228,0.46194,0.40271,0.56589,0.49057,0.61610,1.00522,0.70396,0.76672,0.62865,0,0.62686,0.62686,QLD,79.66667
4270,-0.22110,0.00484,-0.09558,0.08015,0.37514,0.35004,0.11155,0.16176,0.63874,0,0.15617,0.22654,QLD,79.66667
4271,-0.79808,-1.04484,-1.24295,-1.15805,-1.21465,-1.18635,-1.24295,-1.27125,-1.27125,0,-1.15893,1.15893,QLD,35.33333
4272,-0.13905,0.18846,0.30636,0.68627,1.19065,1.67537,1.19065,1.20375,1.49196,0,0.86605,0.89695,QLD,76.33333
4275,0.10946,-0.09279,0.62419,0.85061,0.56759,0.85061,0.98269,0.37891,0.49212,0,0.52927,0.54988,QLD,53.00000
4280,0.11077,0.29424,0.65798,0.99596,1.17944,1.51420,1.08609,1.07643,1.63330,0,0.94982,0.94982,QLD,310.66667
4285,0.12498,0.10024,0.18375,0.68169,0.89509,1.07138,0.92292,0.80540,1.12395,0,0.65660,0.65660,QLD,323.33333
4300,-0.04823,0.15758,0.61577,1.04391,1.78302,3.24471,1.02889,1.06044,1.15808,1,1.11602,1.12674,QLD,665.66667
4301,-0.08557,0.12672,0.53043,1.02115,1.46663,1.46663,1.24041,1.57104,1.31350,0,0.96122,0.98023,QLD,287.33333
4303,0.39842,0.53959,0.64547,0.72022,1.03786,0.72022,0.75551,0.79081,0.57904,0,0.68746,0.68746,QLD,28.33333
4304,-0.11196,0.02849,0.21389,0.56782,0.81501,0.81501,0.85995,1.23636,0.68018,0,0.56720,0.59207,QLD,178.00000
4305,-0.18391,-0.00307,0.14715,0.44613,0.72907,0.69844,0.55843,0.79032,0.45488,0,0.40416,0.44571,QLD,685.66667
4306,-0.08458,0.13945,0.42029,0.77743,1.07289,1.74983,0.90081,0.95276,1.20438,0,0.79258,0.81138,QLD,616.00000
4307,-0.41630,-0.29468,-0.01090,-0.13252,0.31343,0.23234,0.19180,0.47559,-0.13252,0,0.02514,0.24445,QLD,24.66667
4309,-0.94256,-0.85805,-0.49890,-0.26650,0.65253,0.31450,0.33563,0.10324,-0.23479,0,-0.15499,0.46741,QLD,47.33333
4310,-0.14611,-0.15770,0.00447,0.47937,0.71683,0.45042,0.63575,0.55467,0.54309,0,0.34231,0.40982,QLD,86.33333
4311,-0.43822,-0.33785,-0.12596,0.13055,0.26995,0.68259,0.29226,0.41493,0.40378,0,0.14356,0.34401,QLD,179.33333
4312,-0.72023,-0.37286,-0.18339,0.14819,0.15610,0.29821,-0.00179,0.17189,-0.08074,0,-0.06496,0.23704,QLD,63.33333
4313,-0.43263,-0.28403,0.06290,-0.14118,0.04250,0.24658,-0.18199,-0.10036,-0.36567,0,-0.12821,0.20643,QLD,49.00000
4340,0.24185,0.09310,0.27677,1.02677,1.07269,4.16453,0.90432,1.24106,0.85840,1,1.09772,1.09772,QLD,65.33333
4341,-0.08426,0.09027,0.34713,0.48873,0.61716,0.64351,0.60728,0.72583,1.02880,0,0.49605,0.51478,QLD,303.66667
4342,-0.29581,-0.33162,-0.03995,-0.06078,0.35588,0.37672,-0.08162,-0.12328,0.56422,0,0.04042,0.24776,QLD,48.00000
4343,-0.25919,-0.06101,0.20550,0.57452,0.51985,1.00505,0.36268,0.62919,3.71803,0,0.74385,0.81500,QLD,146.33333
4344,-0.10005,0.25151,0.50932,0.34526,0.41557,0.48589,0.36870,1.00151,0.43901,0,0.41297,0.43520,QLD,42.66667
4346,-1.28459,-0.35126,0.11541,0.98208,0.71541,0.04874,-0.75126,-0.55126,-0.08459,0,-0.12903,0.54273,QLD,15.00000
4347,-0.63185,-0.20328,0.08244,-0.15566,0.74910,0.46339,-0.44137,-0.06042,0.27291,0,0.00836,0.34005,QLD,21.00000
4350,-0.08342,0.37473,0.71507,1.04470,1.13038,1.11491,0.93522,1.17679,1.16132,0,0.84108,0.85962,QLD,840.33333
4352,-0.57866,-0.37896,0.10535,0.36702,0.38309,0.38309,0.39227,0.68148,0.49326,0,0.20533,0.41813,QLD,435.66667
4354,0.09787,0.03998,0.77769,0.36424,0.75768,-0.22593,-0.12757,0.36424,0.26588,0,0.25712,0.33567,QLD,20.33333
4355,-0.57470,-0.34477,-0.28161,-0.25003,0.66576,-0.12372,0.41313,0.88681,0.72892,0,0.12442,0.47438,QLD,31.66667
4356,0.01134,-0.04129,0.19928,0.43984,0.43984,0.21343,0.19928,0.38324,0.69456,0,0.28217,0.29134,QLD,70.66667
4357,-0.38819,-0.05768,0.14571,0.17113,0.98469,0.06944,0.22198,0.42537,0.85757,0,0.27000,0.36908,QLD,39.33333
4358,-0.39272,-0.11749,0.02012,0.70820,0.46049,0.02012,0.70820,1.03847,0.48801,0,0.32593,0.43931,QLD,36.33333
4359,-0.69075,-0.25075,-0.37075,-0.25075,-0.01075,-0.09075,-0.17075,-0.01075,0.06925,0,-0.19742,0.21281,QLD,25.00000
4361,-0.17254,0.24031,0.26783,0.46049,0.10269,0.07517,0.51554,0.76324,0.29535,0,0.28312,0.32146,QLD,36.33333
4362,-0.23764,-0.32957,0.13797,-0.01788,-0.13476,-0.19320,-0.11528,0.06005,0.00160,0,-0.09208,0.13644,QLD,51.33333
4363,-0.47447,-0.56740,-0.48845,-0.01485,0.30094,0.22200,-0.09379,-0.25169,-0.09379,0,-0.16239,0.27860,QLD,12.66667
4370,-0.09344,0.27729,0.38809,0.55428,0.58837,0.64377,0.79292,1.14661,1.01025,0,0.58979,0.61056,QLD,234.66667
4371,-0.55884,-0.57119,-0.57119,0.26595,0.26595,0.54502,0.05665,-0.22242,0.40549,0,-0.04273,0.38474,QLD,14.33333
4373,-0.25063,-0.38669,-0.07419,0.23825,0.36325,0.67575,0.23825,0.55075,0.67575,0,0.22561,0.38372,QLD,16.00000
4380,-0.06583,0.13302,0.40103,0.34051,0.40536,0.56098,0.56962,0.75118,0.96732,0,0.45146,0.46609,QLD,115.66667
4385,0.28846,0.01573,-0.14790,-0.03239,0.07670,-0.35966,-0.14148,-0.03239,0.84034,0,0.05638,0.21501,QLD,18.33333
4387,-0.19228,-1.19228,-0.60405,-0.66287,-0.83934,-0.72170,-0.72170,-0.66287,-0.42758,0,-0.66941,0.66941,QLD,17.00000
4390,-0.44802,-0.47728,-0.03826,-0.12606,0.04224,0.17395,-0.13337,0.32029,0.49590,0,-0.02118,0.25060,QLD,68.33333
4400,-0.71451,-0.10685,-0.07957,-0.02503,-0.07957,-0.05230,-0.24321,-0.27048,-0.32503,0,-0.21073,0.21073,QLD,36.66667
4401,-0.54514,-0.44369,0.26646,-0.03789,0.41864,0.33169,0.17227,0.60705,0.67951,0,0.16099,0.38915,QLD,69.00000
4405,-0.14266,0.27909,0.48598,0.65309,0.97139,0.50190,0.80429,0.94752,1.19421,0,0.63276,0.66446,QLD,125.66667
4406,-0.88089,-0.41936,-0.47705,-0.24628,-0.76551,-0.13089,-0.47705,-0.59243,-0.47705,0,-0.49628,0.49628,QLD,17.33333
4410,-0.64219,-0.48430,-0.16851,-0.32640,-0.28693,-0.28693,-0.20798,-0.12903,-0.05009,0,-0.28693,0.28693,QLD,25.33333
4413,-0.40215,0.20950,0.22406,0.48620,0.93039,0.50806,0.98864,0.72650,1.62941,0,0.58896,0.67832,QLD,68.66667
4415,-0.61901,-0.05144,-0.01090,0.43505,0.31343,-0.01090,-0.37576,0.39451,0.39451,0,0.05216,0.28950,QLD,24.66667
4421,0.20352,0.25806,-0.06921,0.03988,1.78534,0.31261,0.14897,0.58534,1.23988,0,0.50049,0.51587,QLD,18.33333
4428,0.25723,0.44657,0.37138,0.83051,0.73051,1.43051,0.73051,0.23051,0.73051,0,0.63980,0.63980,QLD,5.66667
4454,-1.39447,-1.48019,-0.79447,-1.30876,-0.79447,-0.88019,-1.30876,-1.13733,-0.96590,0,-1.11828,1.11828,QLD,11.66667
4455,-0.67264,-0.36783,-0.31970,-0.07906,-0.12719,-0.38387,-0.62452,-0.48013,0.48244,0,-0.28583,0.39304,QLD,62.33333
4465,-0.64180,-0.76680,-0.89180,0.67070,-0.70430,-0.14180,-0.70430,-1.26680,-0.51680,0,-0.55152,0.70057,QLD,16.00000
4470,0.29082,-0.38499,-0.36658,-0.12732,-0.45861,-0.55063,0.33280,-0.18253,0.01992,0,-0.15857,0.30158,QLD,54.33333
4472,-0.03499,0.06337,-0.42844,0.11833,-0.02921,-0.37347,-0.07839,0.21670,0.21670,0,-0.03660,0.17329,QLD,20.33333
4487,0.05219,0.07130,0.12862,0.41525,0.14773,0.49168,0.03308,1.12225,0.77830,0,0.36004,0.36004,QLD,52.33333
4490,-0.30896,-0.20896,-0.44229,0.12437,-0.47563,-0.24229,-0.44229,-0.10896,-0.10896,0,-0.24600,0.27364,QLD,30.00000
4500,-0.03420,0.01263,0.01972,0.29219,0.57034,0.48661,0.24962,0.46107,0.29219,0,0.26113,0.26873,QLD,704.66667
4501,-0.58711,-0.66819,-0.55670,-0.33373,-0.25265,0.15276,-0.34387,-0.11076,-0.12089,0,-0.31346,0.34741,QLD,98.66667
4502,-0.20452,-0.20452,-0.14862,-0.11135,0.01908,0.10604,-0.01819,-0.03061,-0.09272,0,-0.07616,0.10396,QLD,161.00000
4503,-0.17735,-0.06382,0.08067,0.25957,0.66210,0.89604,0.46083,0.28882,0.28538,0,0.29914,0.35273,QLD,581.33333
4504,-0.08534,0.12063,0.23705,0.49078,0.77138,0.93854,0.87287,0.76242,0.91765,0,0.55844,0.57741,QLD,335.00000
4505,0.11397,0.22946,0.43219,0.62980,0.83254,1.02757,0.84537,0.89926,1.43818,0,0.71648,0.71648,QLD,389.66667
4506,-0.16762,-0.01409,0.21314,0.55398,0.81805,0.88253,0.66759,1.06984,1.29400,0,0.59082,0.63120,QLD,325.66667
4507,0.03773,0.35080,0.91614,1.24137,1.63651,1.73681,1.05596,1.01949,0.55444,0,0.94992,0.94992,QLD,329.00000
4508,-0.18434,-0.13230,-0.02821,0.10190,0.48480,0.30636,0.10190,0.32495,0.23201,0,0.13412,0.21075,QLD,269.00000
4509,-0.55350,-0.23872,-0.00978,0.27877,0.74856,0.58402,0.28354,0.23585,0.18338,0,0.16801,0.34624,QLD,419.33333
4510,-0.01998,0.33429,0.65030,0.92947,1.23415,1.16896,0.85862,0.79768,0.83453,0,0.75423,0.75867,QLD,705.66667
4511,-0.53175,-0.07152,0.18416,0.18416,0.40575,1.27507,0.25234,0.14438,-0.10562,0,0.19300,0.35053,QLD,176.00000
4512,-0.59713,-0.08682,-0.14868,-0.14868,0.41577,0.36938,0.15288,0.06010,0.83330,0,0.09446,0.31253,QLD,64.66667
4514,-0.28203,-0.14077,0.13501,0.29645,0.30990,0.78748,0.49151,0.70004,0.64622,0,0.32709,0.42105,QLD,148.66667
4515,0.17614,0.09078,0.38929,0.67287,1.03108,0.94153,0.56839,1.15048,0.67287,0,0.63260,0.63260,QLD,67.00000
4516,-0.28148,-0.01774,0.03720,0.14709,0.89985,0.49326,0.31743,0.30644,0.31743,0,0.24661,0.31310,QLD,91.00000
4517,-1.17742,-0.42742,0.39076,-1.17742,-0.49560,-0.56378,-0.83651,-0.90469,-1.31378,0,-0.72287,0.80971,QLD,14.66667
4518,-0.80732,-0.39773,-0.17633,-0.07670,1.20744,0.57644,0.32183,0.12257,-0.06562,0,0.07829,0.41689,QLD,90.33333
4519,-0.08237,0.13622,0.45280,0.36989,0.82969,0.70908,0.98044,0.73170,0.12868,0,0.47290,0.49121,QLD,132.66667
4520,-0.16562,0.01464,0.05327,0.16486,0.55971,0.52966,0.33653,0.61979,0.25499,0,0.26309,0.29990,QLD,233.00000
4521,-0.05146,-0.14068,-0.04031,0.26081,0.89093,0.99130,0.72364,0.56751,0.62327,0,0.42500,0.47666,QLD,89.66667
4550,-0.43655,-0.39759,-0.07291,0.39462,0.73879,0.85567,1.23229,0.97255,0.46606,0,0.41699,0.61856,QLD,77.00000
4551,0.11685,0.21312,0.50678,1.05512,1.57786,1.39996,1.11848,1.51450,1.20012,0,0.96698,0.96698,QLD,820.66667
4552,0.19195,0.16003,0.07705,0.29408,0.50471,0.71535,0.31322,0.55578,0.31961,0,0.34798,0.34798,QLD,156.66667
4553,-0.36080,-0.17104,0.42535,1.89824,3.78679,3.04583,2.76571,2.94643,1.91631,1,1.80587,1.92406,QLD,110.66667
4554,-0.26120,-0.30287,-0.09453,0.19713,0.65547,0.53047,0.15547,0.57213,-0.13620,0,0.14621,0.32283,QLD,24.00000
4555,0.10932,0.24616,0.16195,0.53037,1.13565,1.33565,1.88302,1.44091,0.94617,0,0.86547,0.86547,QLD,95.00000
4556,-0.11482,0.04744,0.12857,0.42134,0.85696,0.88871,0.86931,0.81111,0.65061,0,0.50658,0.53210,QLD,567.00000
4557,-0.16419,-0.04077,0.08265,0.37221,0.61430,0.38645,0.21556,0.52885,0.26303,0,0.25090,0.29644,QLD,210.66667
4558,-0.08871,0.21702,0.35078,0.75842,1.66925,1.91766,1.16606,0.70109,0.63103,0,0.81362,0.83334,QLD,157.00000
4559,-0.51759,-0.49553,-0.24185,0.43094,0.73976,0.44197,0.94932,0.61844,-0.09847,0,0.20300,0.50376,QLD,90.66667
4560,-0.18537,0.10589,0.06428,0.48661,0.60728,0.58231,0.49285,0.32018,0.16414,0,0.29313,0.33432,QLD,480.66667
4561,0.00057,0.06373,0.14267,0.60057,1.24004,0.66373,0.63215,0.64794,0.49794,0,0.49881,0.49881,QLD,126.66667
4562,-0.09893,0.06877,0.21163,0.55324,0.67125,0.80790,0.40417,0.44144,0.25510,0,0.36829,0.39027,QLD,161.00000
4563,-0.17339,0.92806,0.86284,1.03675,1.70342,0.92081,0.44980,0.51501,0.34110,0,0.73160,0.77013,QLD,138.00000
4564,-0.06769,0.23231,0.34140,0.58685,1.15958,1.01640,0.52549,0.64140,0.24594,0,0.52019,0.53523,QLD,146.66667
4565,-0.03619,0.13551,0.09258,0.41691,0.80324,1.02263,0.35014,0.30244,0.13074,0,0.35755,0.36560,QLD,209.66667
4566,0.09358,0.31063,0.51994,0.57420,1.15560,0.64397,0.56645,0.58970,0.00056,0,0.49496,0.49496,QLD,129.00000
4567,-0.04468,0.26436,0.45280,0.72416,1.41009,1.08597,0.88999,0.70908,0.33220,0,0.64711,0.65704,QLD,132.66667
4568,-0.43954,-0.45740,-0.11811,0.27474,0.48012,0.56940,0.26583,0.30154,0.26583,0,0.12693,0.35250,QLD,56.00000
4569,-0.21662,-0.91324,-0.99657,-0.32990,-0.20490,-0.20490,-0.62157,-0.70490,-0.99657,0,-0.57658,0.57658,QLD,24.00000
4570,-0.04119,0.24287,0.35649,1.00826,1.15344,0.96880,0.70684,0.93093,1.79731,0,0.79153,0.80068,QLD,633.66667
4571,-0.61014,-0.42832,-0.42832,0.12783,0.40056,0.49147,0.40056,-0.14490,-0.05399,0,-0.02725,0.34290,QLD,11.00000
4572,-0.12572,0.22043,0.25889,0.41274,1.02812,0.72043,0.33581,1.10505,0.06658,0,0.44693,0.47486,QLD,26.00000
4573,0.13436,0.53668,0.59053,1.11324,1.58209,1.27797,1.21461,1.33182,0.85980,0,0.96012,0.96012,QLD,315.66667
4574,0.19344,0.01697,0.36991,0.72977,1.55330,0.96507,0.78860,1.20036,0.02389,0,0.64903,0.64903,QLD,17.00000
4575,-0.71737,-0.37844,-0.36163,0.03053,0.29383,0.06134,-0.05351,-0.04790,-0.26079,0,-0.15933,0.24504,QLD,357.00000
4580,-0.00621,0.04430,0.31703,1.02410,0.76653,1.07966,0.91805,4.02916,0.90794,0,1.00895,1.01033,QLD,99.00000
4581,-0.77230,-0.82716,-0.50801,-0.47610,-0.28461,0.03454,-0.15695,-0.25269,-0.31652,0,-0.39553,0.40321,QLD,31.33333
4600,-0.59243,-0.76551,-0.53474,-0.65012,-0.24628,-0.24628,-0.70782,-0.30397,-0.53474,0,-0.50910,0.50910,QLD,17.33333
4601,-1.05728,-0.93483,-0.68993,-0.75115,-0.75115,-0.32258,-1.05728,-0.93483,0.22844,0,-0.69673,0.74750,QLD,16.33333
4605,-0.43283,-0.29824,0.15176,0.47319,0.10891,0.45176,0.02319,0.23748,0.55891,0,0.14157,0.30403,QLD,46.66667
4606,-0.63900,-0.31507,-0.65653,0.02640,-0.02238,-0.29067,-0.26628,-0.16872,0.05079,0,-0.25350,0.27065,QLD,41.00000
4608,-0.33654,-0.19368,0.44917,-0.11385,-0.32813,0.17187,-0.11385,-0.25670,0.10044,0,-0.06903,0.22936,QLD,14.00000
4610,-0.20284,0.07436,0.29613,0.73350,0.62878,0.74582,0.56102,0.62262,1.01071,0,0.49668,0.54175,QLD,162.33333
4614,-0.84318,-0.70472,-0.56625,-0.38164,0.12605,0.40298,-0.01241,-0.38164,-0.10472,0,-0.27395,0.39151,QLD,21.66667
4615,-0.62662,-0.12662,-0.10844,-0.05389,0.09156,0.15520,0.16429,0.29156,0.33702,0,0.01378,0.21724,QLD,110.00000
4621,-0.14229,-0.24229,-0.20896,0.05771,0.02437,0.02437,-0.24229,-0.07563,0.22437,0,-0.06452,0.13803,QLD,30.00000
4625,0.42410,0.48793,0.67942,0.49169,1.09807,0.58743,0.10871,0.65126,0.93849,0,0.60745,0.60745,QLD,31.33333
4626,-0.22389,-0.43817,-0.15246,-0.36674,0.13326,0.02611,-0.08103,0.06183,0.02611,0,-0.11278,0.16773,QLD,28.00000
4630,-0.51222,0.03324,0.12414,-0.05767,-0.23949,0.12414,0.26051,0.57869,0.21505,0,0.05849,0.23835,QLD,22.00000
4650,-0.53100,-0.18485,-0.05562,0.30438,0.39669,0.22361,0.16130,1.58284,1.72592,0,0.40259,0.57402,QLD,433.33333
4655,0.26301,0.58728,0.64844,0.99796,1.07757,1.04068,0.93194,0.99893,1.38340,0,0.88102,0.88102,QLD,1030.00000
4659,-0.09572,0.77095,0.84873,0.88206,1.00985,1.09874,0.86541,1.13207,1.25429,0,0.86293,0.88420,QLD,90.00000
4660,-0.35283,0.21429,0.15676,0.46086,0.61703,1.06908,1.10196,1.10196,0.86360,0,0.58141,0.65982,QLD,121.66667
4670,0.14388,0.52376,0.56973,0.86114,1.03634,0.99297,0.98777,1.12220,1.02420,0,0.80689,0.80689,QLD,1153.00000
4671,0.02742,0.18834,0.29179,0.70558,0.58490,0.81479,0.74582,1.06766,0.90674,0,0.59256,0.59256,QLD,87.00000
4674,0.54638,0.60520,0.66403,0.67095,1.08271,1.78860,0.90624,0.84742,0.72977,0,0.87126,0.87126,QLD,17.00000
4677,-0.60024,-0.31373,-0.11148,0.14133,1.00932,1.16101,1.12730,0.92505,1.49809,0,0.53741,0.76528,QLD,59.33333
4678,-0.00044,-0.18472,0.25645,0.10615,0.06204,0.15027,0.19439,-0.11443,0.15027,0,0.06889,0.13546,QLD,22.66667
4680,-0.25436,-0.04672,0.23967,0.59767,0.92524,0.82500,0.65674,0.90913,1.22416,0,0.56406,0.63096,QLD,558.66667
4695,0.21923,-0.18077,0.01923,-0.10626,0.02708,-0.03959,0.22708,0.76041,-0.17292,0,0.08372,0.19473,QLD,15.00000
4700,-0.14792,0.07143,0.46498,0.20692,0.82627,1.42627,0.75530,0.61982,0.84563,0,0.56319,0.59606,QLD,155.00000
4701,-0.58239,-0.22749,0.62783,0.04825,0.82697,1.41931,0.46442,0.41336,0.56144,0,0.39463,0.57461,QLD,391.66667
4702,0.37820,0.49870,0.72733,0.64700,0.64391,0.82928,0.66554,0.86636,0.97450,0,0.69231,0.69231,QLD,323.66667
4703,-0.13338,0.24316,0.61969,0.64834,2.05626,1.82297,1.96212,1.37686,1.27044,1,1.09627,1.12591,QLD,244.33333
4710,0.04063,0.20486,0.63344,0.34020,0.74622,1.10712,1.69359,1.78381,1.80637,0,0.92847,0.92847,QLD,44.33333
4711,-0.60949,0.13169,-0.15066,-0.25655,0.09639,-0.00949,-0.04478,0.13169,0.16698,0,-0.06047,0.17752,QLD,28.33333
4714,-0.26479,0.25319,0.08053,0.21003,0.59851,0.21003,0.55535,0.59851,0.81434,0,0.33952,0.39837,QLD,46.33333
4715,0.03820,-0.06706,0.61476,0.15112,0.32840,0.31476,0.83294,0.81930,0.71021,0,0.41585,0.43075,QLD,73.33333
4717,0.38254,0.19793,0.24408,0.71105,0.66490,0.48028,1.63413,1.81875,2.14182,0,0.91950,0.91950,QLD,21.66667
4718,0.15110,0.23681,0.40824,0.55446,0.29732,0.12589,0.41160,0.66875,0.69732,0,0.39461,0.39461,QLD,35.00000
4719,0.27218,-0.11929,0.31707,-0.14148,-0.63239,-0.57785,-0.68694,-0.35966,-0.03239,0,-0.21786,0.34881,QLD,18.33333
4720,0.02703,0.11995,0.06021,0.32570,0.74384,0.47172,0.50490,0.93632,0.63101,0,0.42452,0.42452,QLD,150.66667
4721,-0.13681,-0.05047,-0.52415,-0.57678,-0.44520,-0.65573,-0.36625,-0.49783,0.21269,0,-0.33784,0.38510,QLD,38.00000
4722,0.09033,0.40612,0.12981,0.01603,0.09498,-0.18134,-0.10239,0.37130,0.17393,0,0.11097,0.17402,QLD,25.33333
4725,-0.46676,-0.23949,-0.64858,-0.19404,-0.73949,-0.73949,-0.83040,-0.14858,0.53324,0,-0.38596,0.50445,QLD,22.00000
4730,-1.02275,-1.11875,-1.14275,-0.83075,-0.48272,-0.72272,-0.57872,-0.53072,-0.07472,0,-0.72273,0.72273,QLD,41.66667
4737,-0.46466,-0.24809,-0.19996,-0.07162,0.36956,0.47384,-0.03953,0.46582,0.69844,0,0.10931,0.33683,QLD,124.66667
4738,-0.70175,-0.60338,-0.30830,-0.11158,-0.30830,-0.20994,-0.35748,-0.40666,-0.11158,0,-0.34655,0.34655,QLD,20.33333
4740,0.12104,0.35065,0.68411,0.74296,0.98065,1.10527,0.98527,1.22065,1.68681,0,0.87527,0.87527,QLD,866.66667
4741,-0.44980,-0.31467,0.00966,0.23488,0.27092,0.02767,0.02767,0.19885,0.54119,0,0.06071,0.23059,QLD,111.00000
4744,0.53498,0.41810,-0.01047,0.69082,1.58693,1.19732,0.53498,1.35316,1.58693,0,0.87697,0.87930,QLD,25.66667
4750,-0.53760,-0.09255,0.15471,0.15471,0.82230,1.16846,1.11901,1.05307,1.77835,0,0.62450,0.76453,QLD,60.66667
4751,-0.14136,0.13935,0.00142,0.43245,0.65659,0.15659,0.26004,0.76004,0.84625,0,0.34571,0.37712,QLD,58.00000
4753,0.04775,0.13777,0.29118,0.54686,0.73436,0.78549,0.64913,0.83663,1.07527,0,0.56716,0.56716,QLD,58.66667
4754,-0.06545,-0.09429,0.25186,-0.00775,0.54032,0.36725,0.30955,0.71340,0.48263,0,0.27750,0.31472,QLD,34.66667
4799,-0.55480,-0.64251,-0.73928,-0.67476,-0.51347,-0.51347,-0.44896,-0.09412,-0.19089,0,-0.48581,0.48581,QLD,31.00000
4800,-0.31609,-0.06161,0.07053,0.18309,0.32991,0.27118,0.40332,0.29076,0.37885,0,0.17222,0.25615,QLD,204.33333
4802,-0.28507,0.04528,0.83993,0.57207,1.08100,1.33100,0.79528,1.08100,1.45600,0,0.76850,0.83185,QLD,112.00000
4804,-0.62042,-0.84947,-0.64492,-0.57674,-0.23583,0.20735,0.20735,-0.61083,0.58235,0,-0.28235,0.50392,QLD,29.33333
4805,-0.07391,0.45463,0.22386,0.11964,0.39508,0.61096,0.73006,0.78217,1.44470,0,0.52080,0.53722,QLD,134.33333
4806,-0.01998,0.15137,0.73471,0.93471,0.71804,1.70137,0.76804,1.21804,0.98471,0,0.79900,0.80344,QLD,60.00000
4807,0.06525,0.22998,0.49953,0.35976,0.47457,0.30485,0.22998,0.35976,0.61434,0,0.34867,0.34867,QLD,200.33333
4808,0.41055,0.15670,0.73204,0.89638,0.48542,0.60871,0.60871,0.36214,0.48542,0,0.52734,0.52734,QLD,24.33333
4809,-0.14790,0.17937,0.94301,1.33124,0.78579,0.29488,0.89488,0.07670,0.89488,0,0.58365,0.61652,QLD,18.33333
4810,-0.00460,0.22350,0.29788,0.36234,0.71441,0.57060,0.63507,0.81358,1.13093,0,0.52708,0.52810,QLD,201.66667
4811,-0.03460,0.08797,0.28641,0.35645,0.79419,0.50237,0.70665,0.62493,0.44400,0,0.41871,0.42640,QLD,171.33333
4812,-0.01816,0.22683,0.28693,0.51805,0.95257,0.47183,0.71682,0.80927,1.01266,0,0.55298,0.55701,QLD,216.33333
4814,-0.09610,0.22422,0.09414,0.24048,0.57544,0.32666,0.47138,0.46162,0.43886,0,0.30408,0.32544,QLD,615.00000
4815,0.02208,0.26935,0.32000,0.43618,0.61493,0.45406,0.52556,0.71324,0.46895,0,0.42493,0.42493,QLD,335.66667
4816,0.00743,0.01435,0.13214,0.32613,0.56863,0.45777,0.52706,0.81112,1.20604,0,0.45007,0.45007,QLD,144.33333
4817,-0.42437,-0.10522,0.05538,0.11715,0.36630,0.09862,0.31276,0.38689,0.29629,0,0.12265,0.24033,QLD,485.66667
4818,-0.40154,-0.12961,0.02609,0.35065,0.55241,0.65109,0.67741,0.87258,0.87697,0,0.38623,0.50426,QLD,456.00000
4819,-0.26674,0.15262,0.21713,1.05584,0.95907,1.12036,1.21713,1.57197,2.18488,0,0.91248,0.97175,QLD,31.00000
4820,-0.13653,0.00062,0.06062,-0.08510,0.08633,-0.17081,0.06062,0.31776,1.08062,0,0.13490,0.22211,QLD,116.66667
4821,-0.16150,-0.57376,-0.99683,-1.03530,-1.11222,-0.38145,-0.80453,-0.11222,-0.84299,0,-0.66898,0.66898,QLD,26.00000
4824,-0.59413,-0.41502,-0.59413,-0.45980,-0.32547,1.01781,-0.10159,0.07752,0.83871,0,-0.06179,0.49157,QLD,22.33333
4825,0.05273,-0.24046,-0.09910,0.23074,0.37210,0.64436,0.18886,0.34069,0.44017,0,0.21445,0.28991,QLD,191.00000
4849,0.29477,1.04477,0.24790,0.15966,0.67529,1.28466,0.81591,0.62841,1.05029,0,0.68907,0.68907,QLD,21.33333
4850,-0.12053,-0.00561,-0.06610,-0.01771,0.13955,0.16979,0.33914,0.36939,0.68390,0,0.16576,0.21241,QLD,165.33333
4852,-0.42697,-0.10611,0.21474,-0.04194,0.60780,0.20674,0.60780,0.73615,0.92866,0,0.30299,0.43077,QLD,62.33333
4854,-0.17029,-0.05799,-0.31467,-0.25050,0.22278,-0.01786,0.06235,0.19069,0.52759,0,0.02135,0.20163,QLD,62.33333
4858,-0.45103,-0.66921,0.20352,-0.34194,0.36715,-0.77830,-0.39648,-0.39648,0.03988,0,-0.26921,0.40489,QLD,18.33333
4860,-0.15084,0.42059,0.71929,0.49851,1.01151,0.72580,1.07645,0.92060,0.79073,0,0.66807,0.70159,QLD,77.00000
4865,-0.10843,0.33142,0.94044,0.69232,1.10398,1.23932,1.18293,1.52128,1.72428,0,0.95861,0.98271,QLD,88.66667
4868,-0.27536,0.14044,0.48470,0.51600,0.72166,0.74849,0.52941,0.79767,1.21346,0,0.54183,0.60302,QLD,223.66667
4869,-0.26756,0.14251,0.66049,0.79539,0.93567,1.24323,0.97344,1.07596,1.80438,0,0.81817,0.87763,QLD,185.33333
4870,-0.11033,0.28882,0.69116,0.58259,0.93384,0.86040,0.78696,0.77099,0.96578,0,0.64114,0.66565,QLD,626.33333
4871,-0.19286,0.78159,0.59546,0.50787,0.77613,0.81993,0.53525,0.42576,1.01701,0,0.58513,0.62798,QLD,91.33333
4872,-0.00514,0.80385,0.80385,0.46765,0.70041,0.33834,-0.02373,0.64868,0.90730,0,0.51569,0.52211,QLD,38.66667
4873,-0.24654,0.24293,0.65346,1.17451,1.04031,1.16663,0.99294,0.70873,1.30873,0,0.78241,0.83720,QLD,63.33333
4877,-0.02972,0.72105,1.19212,1.91113,1.21692,1.66320,1.48964,1.93593,1.83675,1,1.32634,1.33294,QLD,40.33333
4878,0.13191,0.25600,0.70125,0.90563,1.35089,1.62096,1.71585,1.49688,2.06622,1,1.13840,1.13840,QLD,137.00000
4879,0.01056,0.49231,0.60618,1.07042,1.29815,1.57845,1.51275,1.44706,1.55217,1,1.06312,1.06312,QLD,228.33333
4880,-0.09285,0.53381,0.58048,0.61381,0.52715,0.46048,0.25381,0.61381,0.96048,0,0.49455,0.51519,QLD,150.00000
4881,-0.16613,0.18652,0.32498,0.53267,0.60190,0.44036,1.22498,0.41728,1.06344,0,0.51400,0.55092,QLD,43.33333
4882,0.49818,0.90359,1.55223,1.11106,1.35430,0.66511,1.88133,1.23268,2.28674,1,1.27614,1.27614,QLD,24.66667
4883,0.25100,0.23691,1.04083,0.35456,0.53103,0.94279,1.78593,1.53103,1.66828,0,0.92693,0.92693,QLD,51.00000
4884,-0.53890,0.44934,0.02581,0.27286,0.09639,0.06110,0.27286,0.30816,0.62581,0,0.17483,0.29458,QLD,28.33333
4885,-0.27565,0.08331,1.02925,0.19141,0.16439,0.40763,0.48871,0.75898,0.89412,0,0.41580,0.47705,QLD,37.00000
4887,-1.03408,-0.29824,0.09799,-0.07182,0.04139,0.26780,0.43761,-0.35484,-0.29824,0,-0.13471,0.32245,QLD,17.66667
4888,0.22585,1.12149,2.19696,0.81544,1.49469,1.21167,1.60789,0.92865,1.15506,1,1.19530,1.19530,QLD,17.66667
4895,0.29696,0.38520,2.81167,0.87049,-0.05598,-0.01186,0.47343,0.03226,0.73814,0,0.61559,0.63067,QLD,22.66667
5000,-0.39216,1.74079,0.11073,0.78703,0.60497,0.57029,0.62231,0.60497,0.31017,0,0.55101,0.63816,SA,57.66667
5006,0.52440,0.68275,0.25418,0.32981,0.50628,0.38023,0.12813,0.15334,0.02729,0,0.33182,0.33182,SA,39.66667
5007,-0.14373,0.23566,0.42316,0.62629,1.42316,0.81379,1.29816,1.04816,1.87629,0,0.84455,0.87649,SA,64.00000
5008,-0.09072,0.02894,0.52466,0.98620,1.87937,1.59732,1.05886,0.98194,1.01612,0,0.88697,0.90713,SA,117.00000
5009,-0.08233,-0.15525,0.27612,0.68789,1.06044,0.98201,0.62907,0.70750,0.70750,0,0.53477,0.58757,SA,51.00000
5010,-0.06027,0.00118,0.40310,0.71889,1.32176,1.40788,0.53228,0.61841,0.93420,0,0.65305,0.66644,SA,69.66667
5011,0.05113,0.34543,0.90556,0.99100,2.16348,1.84069,1.29956,1.26158,1.14766,1,1.11179,1.11179,SA,105.33333
5012,-0.08606,-0.02931,0.24637,0.51394,1.10989,1.19908,0.72881,0.64773,1.18286,0,0.61259,0.63823,SA,123.33333
5013,-0.02235,0.20842,0.59304,0.80671,1.40074,1.33236,0.97339,1.07595,0.99903,0,0.81859,0.82356,SA,117.00000
5014,-0.38731,0.07821,0.19027,0.34545,0.94027,0.84545,0.54372,0.32821,0.25924,0,0.34928,0.43535,SA,116.00000
5015,0.14627,0.07654,0.47029,0.69529,1.37029,1.05154,1.23904,1.31404,1.35154,0,0.85721,0.85721,SA,53.33333
5016,-0.09978,0.13188,0.17821,0.61837,1.63189,1.21490,1.15699,0.86741,0.78633,0,0.72069,0.74286,SA,86.33333
5017,-0.17569,-0.01966,0.19462,0.77319,0.85891,0.92319,0.79462,0.75176,0.85891,0,0.55109,0.59451,SA,46.66667
5018,-0.31409,-0.28631,-0.24464,-0.06409,0.88731,0.49842,0.17898,0.38731,0.34565,0,0.15428,0.35631,SA,72.00000
5019,-0.19286,-0.09432,0.10276,0.51882,1.04985,0.84182,1.01701,0.86372,0.78708,0,0.54376,0.60758,SA,91.33333
5020,0.33535,0.05410,0.39785,0.52285,0.99160,0.92910,0.55410,0.96035,0.61660,0,0.59577,0.59577,SA,32.00000
5021,0.16617,0.32434,0.90896,0.61665,1.52434,1.27819,1.04742,0.77050,0.93973,0,0.84181,0.84181,SA,65.00000
5022,-0.10688,0.30123,0.58763,0.70219,1.57569,1.01006,0.98142,0.98858,1.25350,0,0.81038,0.83413,SA,139.66667
5023,-0.31368,0.21001,0.35216,0.59156,1.37710,1.48183,0.82348,1.16014,0.77111,0,0.71708,0.78679,SA,133.66667
5024,-0.31368,0.04543,0.45690,0.44942,1.18258,0.83096,0.92822,0.73370,0.60652,0,0.54667,0.61638,SA,133.66667
5025,-0.18663,-0.03125,0.31537,0.57831,1.44486,1.01458,0.96677,0.96677,0.82334,0,0.65468,0.70310,SA,83.66667
5031,-0.37173,0.41907,0.30609,0.60735,1.37933,1.27891,0.87724,1.12828,0.87724,0,0.72242,0.80503,SA,79.66667
5032,-0.00565,0.13238,0.75815,0.57410,1.91307,1.51736,1.02963,0.81797,0.79957,0,0.83740,0.83865,SA,108.66667
5033,0.16700,0.27003,0.75117,0.87852,1.35966,0.87852,0.85022,1.07664,0.90683,0,0.79318,0.79318,SA,70.66667
5034,-0.11385,0.28263,0.50730,0.66589,1.28044,1.01612,1.10863,1.26722,0.77824,0,0.75474,0.78003,SA,75.66667
5035,0.14169,0.00172,0.18922,0.64755,1.39755,0.81422,0.23088,0.68922,0.29338,0,0.48949,0.48949,SA,48.00000
5037,-0.11971,0.12841,0.46675,0.69232,1.40849,1.64534,0.92353,0.76564,0.76564,0,0.74182,0.76843,SA,88.66667
5038,0.18299,0.66528,0.93503,1.08217,1.67482,1.96092,1.21706,1.30697,1.05357,1,1.11987,1.11987,SA,122.33333
5039,-0.29497,0.20068,0.48764,0.70938,1.75939,1.83765,1.31591,1.45939,0.89852,0,0.93040,0.99595,SA,76.66667
5040,-0.61780,-0.31401,0.10372,0.40751,0.86321,0.25561,0.86321,0.40751,-0.08616,0,0.20920,0.43542,SA,26.33333
5041,-0.03475,0.36909,0.52294,1.12871,1.76814,1.54699,1.74891,1.42199,1.22968,1,1.07796,1.08569,SA,104.00000
5042,-0.06015,0.36842,0.50770,1.01127,1.72378,1.31664,1.10236,1.32736,0.81307,0,0.90116,0.91453,SA,93.33333
5043,-0.12092,0.07194,1.40051,1.09337,1.80051,1.77908,1.33623,1.08623,0.94337,1,1.04337,1.07024,SA,140.00000
5044,-0.02668,0.56516,1.10598,0.94271,1.76415,1.51925,1.25394,0.93762,1.08047,1,1.01584,1.02177,SA,98.00000
5045,0.13038,0.34466,0.75376,0.92908,2.08331,1.40149,1.35279,1.21643,1.16773,1,1.04218,1.04218,SA,102.66667
5046,-0.49237,-0.09144,0.42008,0.91777,1.69889,1.64359,0.98000,0.98000,1.38092,0,0.82638,0.95612,SA,72.33333
5047,-0.33265,0.06994,0.05696,0.92709,1.38814,1.46606,0.86866,0.80372,0.69982,0,0.66086,0.73478,SA,77.00000
5048,-0.07143,0.20915,0.61922,0.89260,1.36023,1.00052,0.97893,0.87102,0.81347,0,0.74152,0.75740,SA,139.00000
5049,-0.09768,0.17839,0.76735,0.61091,1.50816,1.11245,1.10325,1.16767,0.76276,0,0.79036,0.81207,SA,108.66667
5050,-0.04175,0.19144,0.55220,0.66612,1.06485,1.04587,0.98890,1.31169,0.78004,0,0.72882,0.73810,SA,52.66667
5051,0.05916,0.28090,0.63960,0.71786,1.41569,0.96569,1.18743,1.30482,0.71134,0,0.80916,0.80916,SA,153.33333
5052,-0.05887,0.38802,0.70090,0.79293,1.71317,1.25305,1.56593,1.47391,0.29599,0,0.90278,0.91586,SA,54.33333
5061,0.01599,0.38522,0.85830,0.89291,1.53331,1.10638,0.93331,0.92177,0.89869,0,0.83843,0.83843,SA,86.66667
5062,-0.21919,0.35747,0.46731,0.77624,1.35290,0.96846,1.50393,1.00965,0.86548,0,0.78692,0.83562,SA,145.66667
5063,-0.10967,0.41504,0.54052,0.85991,1.59566,1.24205,1.07095,1.28768,0.71734,0,0.84661,0.87098,SA,87.66667
5064,-0.39924,-0.00977,0.07444,0.62181,1.05339,0.80076,0.87444,0.62181,0.23234,0,0.43000,0.52089,SA,95.00000
5065,-0.15770,0.08555,0.51412,1.08169,1.59714,1.19174,1.19174,1.11065,0.83266,0,0.82751,0.86255,SA,86.33333
5066,-0.11396,0.03108,0.36696,0.80971,1.23719,0.85551,0.60360,0.60360,0.45856,0,0.53914,0.56446,SA,131.00000
5067,-0.36019,-0.04714,0.61807,0.95720,1.74635,1.08113,0.63765,0.85939,0.79417,0,0.69851,0.78903,SA,76.66667
5068,-0.08643,0.43531,0.59584,0.60588,1.57411,1.54401,1.17277,0.81157,0.62093,0,0.80822,0.82743,SA,99.66667
5069,-0.34614,0.15386,0.59980,0.62683,1.25522,0.89036,0.71468,0.90387,0.53901,0,0.59306,0.66998,SA,74.00000
5070,-0.39521,0.00057,0.25387,0.57841,1.41746,1.06917,0.81587,0.72880,0.82379,0,0.58808,0.67590,SA,126.33333
5072,-0.18841,0.20529,0.33915,0.66198,1.42576,1.24466,0.86671,0.89033,0.89820,0,0.70485,0.74672,SA,127.00000
5073,-0.01184,0.63363,0.90503,1.16175,2.00161,1.89892,1.89892,1.46616,1.46616,1,1.26893,1.27156,SA,136.33333
5074,-0.34585,-0.03582,0.27421,0.96722,1.51433,1.66935,1.25901,0.82132,0.83956,0,0.77371,0.85852,SA,109.66667
5075,-0.59926,-0.31995,0.12488,0.32143,1.15936,1.23178,0.40419,0.45592,0.09385,0,0.31913,0.52340,SA,96.66667
5076,-0.09572,0.08206,0.47095,0.72651,1.72096,1.55429,1.02096,1.14318,0.93207,0,0.83947,0.86075,SA,90.00000
5081,-0.09978,0.31721,0.51412,0.83844,1.82880,1.29598,1.09907,0.86741,0.75158,0,0.82365,0.84582,SA,86.33333
5082,-0.43154,0.10032,0.30808,0.84824,1.36348,1.08924,0.74852,0.81500,0.57400,0,0.60171,0.69760,SA,120.33333
5083,0.07811,0.41265,0.65923,1.33731,2.15923,1.54279,1.35786,0.88525,1.31676,1,1.08324,1.08324,SA,48.66667
5084,-0.40100,-0.31493,0.29982,0.55802,1.52319,1.31418,0.74860,0.85926,0.73631,0,0.59150,0.75059,SA,81.33333
5085,0.17496,0.48349,0.76766,1.06400,1.82539,1.56964,1.33013,1.26112,0.95665,1,1.04812,1.04812,SA,246.33333
5086,-0.13330,0.19809,0.72135,1.17484,1.37832,1.30274,0.93065,1.17484,0.80274,0,0.83892,0.86854,SA,172.00000
5087,-0.03509,0.44064,0.54743,0.99403,1.97948,1.92123,1.27074,1.12511,0.92123,1,1.01831,1.02611,SA,103.00000
5088,-0.35497,-0.37294,0.12706,0.57706,1.25206,0.80206,0.45206,0.40206,0.20206,0,0.34294,0.50470,SA,40.00000
5089,-0.14152,0.35511,0.37050,0.98588,1.38588,1.27819,1.37050,0.92434,0.63204,0,0.79566,0.82711,SA,65.00000
5090,0.08702,0.27123,0.55623,1.44123,1.44123,1.33623,1.03623,0.76623,0.61623,0,0.83910,0.83910,SA,66.66667
5091,-0.50808,-0.12651,0.42613,0.58402,1.35377,0.95903,1.41956,0.82745,0.74851,0,0.63154,0.77256,SA,76.00000
5092,-0.09411,0.21670,0.62886,0.96670,1.50724,1.61535,1.31805,0.99373,0.89238,0,0.89388,0.91479,SA,148.00000
5093,-0.32543,0.05918,0.02622,0.74050,1.00974,1.16359,1.27348,0.99875,0.97677,0,0.65809,0.73041,SA,91.00000
5094,-0.64573,-0.17204,0.35427,0.51217,0.61743,1.14375,-0.22468,-0.43520,-0.06678,0,0.12035,0.46356,SA,19.00000
5095,-0.25160,-0.13563,0.31311,0.70134,1.42515,1.19322,0.80498,0.70414,0.78986,0,0.61606,0.70212,SA,198.33333
5096,-0.04470,0.05208,0.40692,0.48433,0.96175,0.91659,0.61337,0.71014,0.62627,0,0.52519,0.53513,SA,155.00000
5097,-0.00504,0.34742,0.65070,0.82283,1.70399,1.58104,1.40071,1.35153,1.00727,0,0.98449,0.98561,SA,122.00000
5098,-0.31604,-0.25574,0.30205,0.62617,0.91260,0.91260,0.71662,0.67140,0.56587,0,0.45950,0.58657,SA,132.66667
5107,-0.11006,-0.10156,0.17039,0.65906,1.00137,1.00137,0.82715,0.46596,0.41921,0,0.48143,0.52846,SA,235.33333
5108,-0.47625,-0.38593,0.10716,0.54654,0.90048,0.61000,0.31464,0.17550,0.17795,0,0.21890,0.41049,SA,409.66667
5109,0.35595,0.33592,0.53625,0.89685,1.56797,1.25746,1.34260,1.08216,0.75662,0,0.90353,0.90353,SA,199.66667
5110,-0.47186,-0.42049,0.08293,0.54526,1.21307,0.66855,0.33978,0.05211,0.46307,0,0.27471,0.47301,SA,97.33333
5112,0.06670,0.04021,0.55677,0.74220,1.47067,1.12630,1.26538,0.75544,0.69584,0,0.74661,0.74661,SA,151.00000
5113,0.12114,0.22667,0.47542,0.93522,1.51562,1.59853,1.37240,1.36486,1.65130,1,1.02902,1.02902,SA,132.66667
5114,0.22753,0.40870,0.74954,1.36673,2.29270,1.62944,1.77376,1.40529,1.48819,1,1.26021,1.26021,SA,325.66667
5115,0.25632,0.41663,1.02350,1.67617,3.19336,2.99870,2.81549,3.21626,2.68954,1,2.03177,2.03177,SA,87.33333
5116,0.09457,0.34269,1.12089,0.97427,1.93857,2.13030,2.64910,2.35586,1.37466,1,1.44232,1.44232,SA,88.66667
5117,0.31978,0.03741,0.27094,1.25896,2.03142,3.09130,3.25298,4.52843,6.27094,1,2.34024,2.34024,SA,55.66667
5118,-0.11083,0.22745,0.51231,0.61469,1.46286,1.40944,1.31152,1.18244,1.21360,0,0.86927,0.89390,SA,224.66667
5120,0.06945,-0.04755,0.34915,1.51444,2.28303,1.71279,1.83675,3.82022,6.54750,1,2.00953,2.02010,SA,40.33333
5121,-0.19514,0.06412,1.32338,1.43449,3.69375,2.43449,1.54560,2.06412,2.02708,1,1.59910,1.64246,SA,27.00000
5125,0.01546,0.24701,0.49868,0.90640,1.22855,1.68660,1.25372,0.95674,0.63962,0,0.82587,0.82587,SA,198.66667
5126,-0.55315,-0.42080,0.19685,0.34391,1.38068,0.93951,1.07186,0.88068,0.57186,0,0.49015,0.70659,SA,68.00000
5127,-0.32260,-0.14350,0.06546,0.73710,1.19234,0.83413,1.35651,0.90875,0.49084,0,0.56878,0.67236,SA,67.00000
5131,-0.55342,-0.01477,0.22207,0.53779,0.45884,0.45884,0.61673,0.77463,0.30094,0,0.31130,0.43756,SA,12.66667
5141,0.25723,0.44657,1.27138,1.23051,1.53051,0.63051,0.83051,0.73051,0.63051,0,0.83980,0.83980,SA,9.66667
5152,-0.04646,0.25526,0.78343,0.82568,1.73413,0.80456,1.37498,1.20596,0.57216,0,0.83441,0.84474,SA,47.33333
5153,-0.00631,0.04506,0.17862,0.66150,1.14952,1.09815,0.71801,0.56390,0.55363,0,0.55134,0.55274,SA,97.33333
5154,-0.23963,0.02410,0.45268,0.65048,1.17795,0.88125,1.01312,1.21092,0.58454,0,0.63949,0.69274,SA,30.33333
5155,-0.43425,-0.36908,-0.14050,0.03092,1.08807,0.94521,0.54521,0.43092,0.00235,0,0.23321,0.44295,SA,35.00000
5157,0.27676,-0.04932,0.47242,0.55937,0.84198,0.79850,0.86372,0.86372,0.75503,0,0.59802,0.60898,SA,46.00000
5158,-0.07500,0.15426,0.38024,0.50142,1.21394,0.93228,0.85040,0.91918,0.58511,0,0.60687,0.62354,SA,305.33333
5159,0.06272,0.28127,0.53954,0.78363,1.54301,1.24784,1.11728,1.15985,0.81075,0,0.83843,0.83843,SA,352.33333
5161,-0.06571,0.05350,0.55019,0.42105,1.28033,1.14126,0.92271,0.84324,1.04192,0,0.68761,0.70221,SA,100.66667
5162,0.06905,0.25688,0.48439,1.12725,1.40385,1.24247,1.28216,1.16046,0.78216,0,0.86763,0.86763,SA,378.00000
5163,-0.07679,0.04553,0.11634,0.95969,1.42965,0.99832,0.92750,1.04982,0.33523,0,0.64281,0.65987,SA,155.33333
5164,-0.25066,-0.40927,0.02224,0.80306,0.51539,0.39210,0.22772,-0.16269,0.10443,0,0.13804,0.32084,SA,48.66667
5165,-0.18521,-0.13928,0.08219,0.20300,1.00837,0.74662,0.56542,0.50501,0.72649,0,0.39029,0.46240,SA,49.66667
5166,-0.05050,0.19065,-0.05935,0.27031,1.02031,0.77031,0.47031,0.22031,-0.02969,0,0.31140,0.34241,SA,20.00000
5167,-0.05515,-0.01582,0.26004,0.96694,2.01866,1.13935,1.00142,0.89797,1.36349,0,0.84188,0.85765,SA,58.00000
5168,-0.45328,-0.05532,0.00590,0.74060,0.56459,1.39112,1.42173,0.73296,-0.03235,0,0.47955,0.59976,SA,65.33333
5169,-0.20053,0.13280,0.48730,0.89471,2.40558,2.22040,1.63839,1.72833,1.20452,1,1.16794,1.21251,SA,189.00000
5170,0.24822,0.66488,1.24822,1.28967,1.78967,1.62300,1.12300,1.03967,2.12300,1,1.23882,1.23882,SA,12.00000
5171,-0.17728,0.10843,0.24177,0.29891,0.85606,0.99892,0.57987,0.45606,0.31320,0,0.40844,0.44783,SA,105.00000
5172,0.29554,-0.11817,0.56839,0.56839,0.98630,0.74750,0.35944,0.65795,0.50869,0,0.50823,0.53449,SA,67.00000
5173,0.09344,0.15739,0.29693,0.54693,1.26786,0.77367,0.68065,0.75623,0.61088,0,0.57600,0.57600,SA,172.00000
5174,0.08204,-0.01981,-0.25722,0.28235,0.88667,0.67084,0.23919,0.04494,-0.21405,0,0.19055,0.29968,SA,46.33333
5201,-0.23963,0.05707,0.18894,0.74938,1.67246,0.84828,0.74938,1.24388,1.21092,0,0.72008,0.77333,SA,30.33333
5202,-0.81238,-0.68993,-0.93483,0.28966,-0.01646,0.04477,-0.13891,-0.81238,-0.87360,0,-0.43823,0.51255,SA,16.33333
5203,-0.49144,-0.34329,-0.04699,0.43449,0.24930,0.39745,0.10115,0.43449,-0.00996,0,0.08058,0.27873,SA,27.00000
5204,-0.28155,-0.15236,0.43616,0.37874,1.63473,1.39072,1.00316,0.93139,0.35722,0,0.63313,0.72956,SA,69.66667
5210,-0.15618,-0.00984,0.09992,0.83163,0.50236,0.57553,0.42919,0.39260,-0.04642,0,0.29098,0.33819,SA,27.33333
5211,0.18046,0.29540,0.45632,0.75900,1.23623,1.00251,0.97569,0.97569,0.70749,0,0.73209,0.73209,SA,261.00000
5212,-0.00547,-0.65828,-0.21792,-0.35553,0.77291,0.05731,0.13988,-0.13535,-0.24544,0,-0.07199,0.28757,SA,36.33333
5213,0.13016,-0.32333,0.16504,0.23481,0.79295,0.54876,0.58365,0.51388,0.02551,0,0.29682,0.36868,SA,28.66667
5214,0.22498,0.36219,0.62415,1.02332,1.52851,1.15429,1.14806,0.86739,0.87987,0,0.86809,0.86809,SA,160.33333
5222,0.12978,0.05302,0.37910,0.09170,0.02649,-0.16916,1.13518,0.41779,0.41779,0,0.27574,0.31334,SA,15.33333
5223,0.36464,-0.22887,0.02498,-0.09041,0.60190,0.62498,0.83267,0.27882,0.39421,0,0.31144,0.38239,SA,43.33333
5231,-1.26680,-0.26680,-0.14180,-0.82930,0.23320,-0.20430,0.10820,-0.82930,-0.39180,0,-0.39875,0.47461,SA,16.00000
5233,-0.73804,-0.94494,0.03782,0.19299,0.34816,0.65851,0.19299,0.29644,-0.68632,0,-0.07138,0.45514,SA,19.33333
5234,-1.02914,-0.64204,-0.25494,-0.35172,0.13215,-0.10978,-0.06139,-0.01301,-0.35172,0,-0.29795,0.32732,SA,20.66667
5235,-0.27263,-0.00650,0.35640,0.62253,0.81608,0.42898,0.45317,0.86446,0.30801,0,0.39672,0.45875,SA,41.33333
5238,-0.11373,-0.07087,0.29342,0.45413,1.05950,0.79164,0.55593,0.73807,0.63093,0,0.48211,0.52313,SA,93.33333
5241,-0.51154,-0.50266,-0.43951,0.06576,0.66576,0.50786,-0.02898,0.38155,-0.47108,0,-0.03698,0.39719,SA,31.66667
5242,-0.63890,-0.32547,0.03274,-0.14637,0.07752,0.88349,0.30140,-0.23592,-0.14637,0,-0.02199,0.30980,SA,22.33333
5243,-0.90089,-0.28550,-0.36243,-0.12260,0.72355,-0.19953,-0.27645,0.03124,0.26201,0,-0.12562,0.35158,SA,13.00000
5244,0.08745,-0.01383,0.22737,0.31782,1.01129,0.80024,0.45350,0.75501,0.58918,0,0.46978,0.47286,SA,66.33333
5245,0.30260,0.92025,0.92025,1.39430,1.71783,1.54136,0.95312,0.68842,0.83547,1,1.03040,1.03040,SA,34.00000
5250,0.40155,0.61755,0.30555,0.80955,0.95355,1.24155,1.12155,1.60155,0.85755,0,0.87888,0.87888,SA,41.66667
5251,0.14890,0.56952,1.30560,1.61488,2.93859,3.06230,2.46849,2.79014,2.54890,1,1.93859,1.93859,SA,161.66667
5252,-0.32993,-0.03241,0.31470,0.30230,0.89115,0.70520,0.90355,0.74239,0.55644,0,0.45038,0.53090,SA,80.66667
5253,-0.10411,-0.01829,0.31380,0.52649,0.84200,0.87185,0.90170,1.03603,0.82707,0,0.57739,0.60459,SA,268.00000
5254,0.13025,0.10753,0.81207,1.03934,0.97116,0.97116,0.56207,0.33480,0.26662,0,0.57722,0.57722,SA,44.00000
5255,0.14193,-0.00729,0.47962,0.86444,1.27282,1.01365,1.09219,0.57386,0.77020,0,0.68905,0.69067,SA,127.33333
5256,-0.38996,0.44549,0.06574,0.86321,1.20498,0.82523,0.71131,0.02777,0.14169,0,0.43283,0.51949,SA,26.33333
5259,-0.50106,-0.85443,-0.62366,-0.42586,-0.52476,-0.59069,-0.35992,-0.32696,-0.59069,0,-0.53311,0.53311,SA,30.33333
5260,-0.25494,-0.44849,0.18054,-0.35172,0.27731,-0.10978,0.66441,0.08377,0.08377,0,0.01387,0.27275,SA,20.66667
5264,-0.86996,-1.08441,-0.67191,-0.89691,-0.78441,-0.89691,-0.89691,-0.74691,-0.74691,0,-0.84392,0.84392,SA,26.66667
5267,-0.22481,-0.07017,0.23911,0.11540,0.67210,0.20818,-0.28666,0.42468,-0.16295,0,0.10165,0.26712,SA,32.33333
5268,-0.81782,-0.68595,-0.33980,-0.12551,-0.00187,-0.15022,-0.31506,-0.16671,-0.16671,0,-0.30774,0.30774,SA,60.66667
5271,0.18372,0.28419,0.52849,0.51872,1.03664,0.88028,0.30374,0.46986,0.06921,0,0.47498,0.47498,SA,102.33333
5275,-0.19367,-0.42325,-0.28152,0.21454,0.16730,0.02557,-0.32876,-0.13979,-0.18703,0,-0.12740,0.21794,SA,42.33333
5276,-0.02809,-0.42282,0.36665,0.76603,1.27919,0.80551,0.64761,0.25287,-0.02344,0,0.40483,0.51025,SA,25.33333
5277,-0.21204,-0.54097,-0.02373,-0.33408,0.33834,-0.02373,-0.20477,-0.30822,-0.33408,0,-0.18259,0.25777,SA,38.66667
5280,0.09704,-0.01376,0.15670,0.18226,0.62119,0.63824,0.45074,0.28881,0.05017,0,0.27460,0.27765,SA,117.33333
5290,-0.04077,0.12362,0.53457,0.51174,1.00033,0.89531,0.64416,0.57567,0.48891,0,0.52595,0.53501,SA,219.00000
5291,-0.34783,-0.23735,0.32356,0.37455,0.33206,0.43404,0.19608,0.45953,0.08560,0,0.18003,0.31007,SA,117.66667
5302,-0.00075,-0.16403,-0.53903,0.13590,0.36090,0.36090,-0.16410,-0.01410,0.21090,0,0.02073,0.21673,SA,13.33333
5320,-0.56065,-0.47615,-0.34939,0.32667,1.00273,0.49568,-0.01136,-0.18037,0.24216,0,0.05437,0.40502,SA,23.66667
5322,0.49937,-0.01169,0.05081,0.36325,0.61325,0.42575,-0.44925,-0.13675,0.17575,0,0.17005,0.30287,SA,16.00000
5330,-0.09568,0.20397,0.20397,0.42483,0.42483,0.09354,-0.10891,-0.29296,-0.23775,0,0.06842,0.23183,SA,54.33333
5333,-0.46624,-0.21552,-0.26739,-0.09448,0.07843,-0.12906,-0.11177,-0.24145,-0.35385,0,-0.20015,0.21758,SA,115.66667
5340,0.02675,-0.48544,0.06334,-0.26593,0.17309,0.20968,-0.08301,-0.44886,-0.08301,0,-0.09927,0.20434,SA,27.33333
5341,-0.21013,-0.03580,0.15306,0.32740,0.75597,0.34919,0.08769,-0.05033,0.01505,0,0.15468,0.22051,SA,137.66667
5342,-0.52651,-0.45755,-0.52651,-0.04375,0.05970,-0.18168,-0.31961,-0.21617,-0.31961,0,-0.28130,0.29457,SA,29.00000
5343,-0.24598,-0.12098,0.02485,0.08735,0.32173,0.30090,0.22798,-0.04285,-0.06368,0,0.05437,0.15959,SA,96.00000
5344,-0.67469,-0.87808,-0.77638,-0.36960,-0.77638,-0.62384,-0.36960,-0.52214,-0.72553,0,-0.63514,0.63514,SA,19.66667
5345,-0.44001,-0.37645,-0.14764,-0.02052,0.18924,0.15110,0.06212,-0.00144,-0.02687,0,-0.06783,0.15727,SA,78.66667
5351,-0.29518,-0.00768,0.46732,0.42982,0.96108,0.68608,0.74858,0.46108,0.58608,0,0.44858,0.51588,SA,80.00000
5352,-0.37122,-0.15383,0.28095,0.59979,0.96937,0.75198,0.62154,0.47662,0.52009,0,0.41059,0.52727,SA,69.00000
5353,-0.00353,-0.01629,0.14347,0.80028,1.08430,0.74702,0.69377,0.71152,0.26773,0,0.49203,0.49644,SA,56.33333
5354,-0.30100,-0.51871,-0.71871,0.68120,0.68120,-0.01880,-0.51880,-0.11880,0.18120,0,-0.07236,0.41538,SA,8.33333
5355,0.29553,0.20920,0.86747,1.18042,1.82252,1.15345,1.09949,0.98079,0.94842,0,0.95081,0.95081,SA,92.66667
5356,-0.22024,-0.45271,-0.67222,0.05941,0.49844,0.13258,0.57161,0.42527,0.13258,0,0.05275,0.35167,SA,13.66667
5357,-0.60100,0.08129,0.68129,0.68120,1.08120,0.38120,0.38120,0.48120,0.88120,0,0.44986,0.58342,SA,8.33333
5360,-0.34159,-0.08094,0.66906,0.66900,0.53263,1.14627,1.00991,0.80536,0.32809,0,0.52642,0.62032,SA,14.66667
5371,-0.10964,0.37161,0.53525,0.75338,1.02611,0.91702,0.91702,2.06247,3.09883,1,1.06356,1.08793,SA,18.33333
5372,0.02763,-0.68682,0.14077,0.31318,1.65801,0.76146,0.07180,0.38215,0.48560,0,0.35042,0.50305,SA,29.00000
5373,-0.18037,-0.15525,-0.03760,0.53103,0.57024,0.57024,0.13887,0.35456,0.45259,0,0.24937,0.33231,SA,51.00000
5374,-0.87268,-1.31444,-1.31444,-0.85989,1.00374,-0.22353,-1.35989,-1.08717,-0.95080,0,-0.77546,0.99851,SA,22.00000
5400,0.65531,-0.11129,0.45121,0.91987,2.13862,1.38862,1.20112,0.63862,2.51362,1,1.08841,1.11314,SA,10.66667
5412,0.65152,-0.14263,0.57476,-0.01226,1.09643,0.83556,0.77035,0.50948,0.83556,0,0.56875,0.60317,SA,15.33333
5413,0.17559,0.07173,0.24820,-0.75828,0.30054,-0.58181,-0.49358,-0.22887,-0.40534,0,-0.18576,0.36266,SA,11.33333
5417,-0.54611,-0.84299,-0.34299,-0.38145,-0.65068,-0.72760,-0.76606,-0.76606,-0.65068,0,-0.63051,0.63051,SA,26.00000
5422,0.11540,-0.41038,-0.19388,-0.00831,0.05354,-0.10110,0.02261,0.20818,-0.10110,0,-0.04611,0.13494,SA,32.33333
5431,-0.00061,-0.44002,0.11100,0.66196,0.72318,0.41706,0.04971,0.23339,0.04971,0,0.20060,0.29852,SA,16.33333
5433,-0.43817,-0.43817,-0.22389,-0.15246,-0.15246,-0.29532,0.13326,-0.25960,-0.47389,0,-0.25563,0.28525,SA,28.00000
5451,-0.24551,-0.37880,-0.13390,-0.13396,0.53951,0.17216,0.41706,0.53951,0.35583,0,0.12577,0.32403,SA,16.33333
5453,-0.28151,-0.04499,-0.03254,0.22887,0.63344,0.70813,0.42182,0.39693,0.35958,0,0.26553,0.34531,SA,80.33333
5460,0.18091,-0.65337,0.52845,0.07381,-0.10800,0.43745,0.34654,0.07381,0.07381,0,0.10594,0.27513,SA,11.00000
5461,-0.15346,-0.03696,0.74945,0.51644,0.80770,0.98246,0.37081,0.42906,0.83683,0,0.50026,0.54258,SA,34.33333
5473,-0.56426,-1.07646,-0.34475,-0.18979,0.02972,-0.55565,0.02972,-0.55565,-0.40931,0,-0.40405,0.41726,SA,13.66667
5480,-0.62038,-0.88125,-0.83778,-0.75082,-0.66386,-0.62038,-0.35951,-0.92473,-0.75082,0,-0.71217,0.71217,SA,23.00000
5481,-0.07974,-0.33056,-0.33056,-0.33063,0.85358,0.69568,0.14305,-0.40958,-0.17274,0,0.00428,0.37179,SA,12.66667
5482,0.53925,-0.05170,-0.02770,0.02953,0.99727,0.61017,0.61017,0.31985,0.99727,0,0.44712,0.46477,SA,10.33333
5485,-0.50100,-0.61871,-0.81871,-0.21880,1.08120,0.18120,0.88120,0.08120,0.08120,0,0.01653,0.49591,SA,10.00000
5491,-0.27261,-0.00791,-0.03732,0.40386,1.16856,0.25680,-0.18438,-0.18438,-0.24320,0,0.09994,0.30656,SA,34.00000
5495,0.37437,-0.07419,-0.01169,0.42575,0.48825,0.67575,-0.01175,-0.13675,0.67575,0,0.26728,0.31936,SA,16.00000
5501,0.19327,0.30897,0.63955,0.87096,2.23873,1.46187,1.80071,1.28005,1.53625,1,1.14782,1.14782,SA,121.00000
5502,0.22343,0.48416,0.66327,0.28684,0.86893,0.55550,0.24207,0.19729,0.95848,0,0.49777,0.49777,SA,22.33333
5522,-0.06582,0.03486,-0.02555,0.13553,0.45767,0.05499,0.17580,0.29660,0.05499,0,0.12434,0.14464,SA,49.66667
5523,-0.22481,-0.25574,-0.19388,0.27004,0.05354,0.11540,-0.07017,0.02261,-0.25574,0,-0.05986,0.16244,SA,32.33333
5540,-0.16647,-0.31083,-0.03564,0.44255,0.74280,0.61198,0.25108,0.30972,0.33679,0,0.24244,0.35643,SA,221.66667
5550,-0.27977,-0.15259,0.12648,0.82409,0.96363,0.61479,0.12642,0.54502,-0.08289,0,0.29835,0.41285,SA,14.33333
5554,-0.35808,-0.08911,-0.01670,-0.12015,0.62986,0.73331,0.36089,0.51607,0.29883,0,0.21721,0.34700,SA,96.66667
5555,0.09471,-0.00207,0.48180,0.62671,0.43317,0.33639,-0.14748,0.04607,0.43317,0,0.25583,0.28906,SA,10.33333
5556,0.34931,0.33919,0.62088,0.69130,1.52229,1.69130,1.07158,1.24060,0.94482,0,0.94125,0.94125,SA,71.00000
5558,-0.03555,-0.14375,0.40707,0.71199,1.16938,1.00216,0.82511,0.75626,0.83495,0,0.61418,0.65402,SA,101.66667
5570,-0.35382,-0.36945,-0.01651,0.33635,1.13047,0.60106,0.07164,1.74811,-0.10483,0,0.33811,0.52580,SA,11.33333
5571,-0.18083,-0.38275,0.42494,0.25186,0.74225,0.79994,1.17494,0.88648,0.56917,0,0.47622,0.60146,SA,34.66667
5573,-0.05276,-0.14579,0.38910,0.45886,0.87747,0.69142,0.62166,0.34259,0.20305,0,0.37618,0.42030,SA,43.00000
5575,-0.03625,0.05081,0.03432,0.44641,0.74312,0.26509,0.42993,0.36399,0.21564,0,0.27923,0.28728,SA,60.66667
5576,-0.67947,-0.63185,-0.10804,-0.25090,-0.10804,0.03482,-0.44137,-0.29852,-0.67947,0,-0.35143,0.35916,SA,21.00000
5577,-1.76069,-1.52122,-1.52122,-1.12649,0.05772,-0.33701,-1.28438,-0.88964,-1.44228,0,-1.09169,1.10452,SA,12.66667
5581,-0.00059,-0.42277,0.22429,0.14154,0.72977,0.37683,0.08271,0.08271,0.31801,0,0.17028,0.26436,SA,17.00000
5582,-1.01581,-1.13346,-0.60405,-0.48640,-0.25111,-0.48640,-0.48640,-0.83934,-0.66287,0,-0.66287,0.66287,SA,17.00000
5583,-0.24833,-0.20485,-0.07442,0.14809,0.75679,0.27853,0.93070,0.23505,0.40896,0,0.24784,0.36508,SA,23.00000
5600,-0.53058,-0.53058,-0.49470,-0.26503,0.15123,-0.01384,-0.32963,-0.22197,-0.35116,0,-0.28736,0.32097,SA,139.33333
5602,-0.56324,-0.60272,-0.20798,0.06834,0.06834,0.34465,-0.05009,-0.05009,-0.20798,0,-0.13342,0.24038,SA,25.33333
5605,-0.08756,-0.27506,-0.06077,0.01959,0.74280,0.28744,-0.08756,-0.08756,-0.35541,0,0.01066,0.22264,SA,37.33333
5606,-0.14371,-0.17459,-0.03565,0.31426,0.88030,0.45320,0.30912,0.28339,-0.06138,0,0.20277,0.29507,SA,194.33333
5607,-0.09466,-0.11664,-0.03972,0.49874,0.99875,0.60315,0.38337,0.29546,0.17458,0,0.30034,0.35612,SA,91.00000
5608,-0.17577,-0.20780,-0.18111,0.13384,0.37939,0.27263,0.19255,0.20857,0.05910,0,0.07571,0.20120,SA,187.33333
5609,-0.62158,-0.58932,-0.71835,-0.04093,-0.07319,0.02359,0.02359,0.05584,-0.16996,0,-0.23448,0.25737,SA,31.00000
5631,-0.32930,-1.01680,-0.57930,-0.76680,0.60820,-0.95430,-0.89180,-1.45430,-1.32930,0,-0.74597,0.88112,SA,16.00000
5640,0.26544,-0.19698,-0.04508,0.25868,0.44856,0.41058,0.37261,0.29666,0.18273,0,0.22147,0.27526,SA,26.33333
5641,-0.55342,-0.40950,-0.72529,1.64305,2.19568,0.77463,-0.09379,0.14305,0.06410,0,0.33761,0.73361,SA,12.66667
5680,-0.00355,-0.14139,0.00147,0.01933,0.30504,0.00147,-0.14139,-0.10567,-0.17710,0,-0.02687,0.09960,SA,56.00000
5690,-0.04487,-0.46771,-0.16159,-0.03914,0.53229,0.06290,-0.03914,-0.26363,-0.12077,0,-0.06018,0.19245,SA,49.00000
5700,-0.09673,-0.21819,-0.15746,0.15226,0.46197,0.55307,-0.02385,-0.03600,0.00044,0,0.07061,0.18889,SA,164.66667
5710,-0.19216,-0.51370,-0.37307,0.33005,-0.18557,-0.02151,-0.41995,-0.30276,-0.18557,0,-0.20714,0.28048,SA,42.66667
5725,-1.10481,-1.26410,-1.23755,-1.58268,-1.19770,-0.77293,-0.98531,-0.71983,-0.79947,0,-1.07382,1.07382,SA,37.66667
6000,3.30855,5.06942,0.69986,0.56942,0.04769,1.80855,1.09116,0.11290,0.24334,1,1.43899,1.43899,WA,15.33333
6006,2.07571,0.54277,1.00223,0.81304,1.97520,2.35358,1.67790,1.59682,1.29952,1,1.48186,1.48186,WA,37.00000
6007,-0.96779,-0.84534,0.07303,-0.50861,0.45571,0.94550,0.54755,1.40469,0.14959,0,0.13937,0.65531,WA,32.66667
6008,0.23328,0.84950,0.57382,0.65490,1.71708,2.15492,1.44140,1.74951,1.27924,1,1.18374,1.18374,WA,61.66667
6009,0.12968,1.10822,0.60608,0.38719,0.90221,1.30135,1.10822,0.91509,0.72196,0,0.79778,0.79778,WA,77.66667
6010,0.07940,0.70890,0.89579,0.46300,1.20071,1.30890,1.34825,0.91546,0.79743,0,0.85754,0.85754,WA,101.66667
6011,-0.33828,0.53550,0.91414,-0.13440,1.65689,1.77339,1.59864,1.19087,1.10349,0,0.92225,1.02729,WA,34.33333
6012,0.63593,0.79698,0.66878,0.77134,2.33544,2.46365,1.77134,0.89955,1.59185,1,1.32610,1.32610,WA,39.00000
6014,0.49904,0.81429,0.84480,0.98717,1.87192,2.18717,1.59734,1.28209,0.94649,1,1.22559,1.22559,WA,98.33333
6015,-0.45264,0.17044,0.49351,0.28582,1.26661,1.42815,1.33584,0.80507,0.92046,0,0.69481,0.79539,WA,43.33333
6016,0.28282,0.36463,0.76590,0.86145,1.54934,1.83597,1.37737,1.01431,1.43469,1,1.05405,1.05405,WA,52.33333
6017,0.20475,-0.06768,0.28526,-0.17356,0.32055,0.70879,-0.52651,0.21467,-0.10298,0,0.09592,0.28942,WA,28.33333
6018,0.44110,0.95381,1.02161,1.21652,2.21888,2.37566,1.75701,1.50701,1.51125,1,1.44476,1.44476,WA,236.00000
6019,-0.10599,0.39579,0.42781,0.92959,1.92248,1.68760,1.32461,1.29258,0.82283,0,0.96637,0.98992,WA,93.66667
6020,0.08961,0.82987,0.46252,0.82430,1.81812,1.49530,1.37285,0.88305,0.73277,0,0.94538,0.94538,WA,179.66667
6021,-0.22381,0.16394,0.25238,0.60612,1.52827,1.83439,1.09289,0.80037,0.71194,0,0.75183,0.80157,WA,147.00000
6022,-0.69832,0.06638,-0.07087,-0.34538,0.76248,0.72326,0.13503,0.31150,0.68405,0,0.17424,0.42192,WA,51.00000
6023,0.07043,0.44806,0.45505,0.82568,1.87463,1.37113,1.27323,0.62987,0.51799,0,0.82956,0.82956,WA,143.00000
6024,0.05175,0.62277,0.56311,0.69095,1.50914,1.31311,0.89550,0.54607,0.78470,0,0.77523,0.77523,WA,117.33333
6025,0.34023,0.94717,0.93329,1.00266,1.95487,1.67395,1.43811,0.93869,0.93869,1,1.12974,1.12974,WA,288.33333
6026,0.03630,0.78231,0.70651,0.67460,1.67815,1.49463,1.12761,0.72070,0.66086,0,0.87574,0.87574,WA,250.66667
6027,-0.21652,0.45684,0.63202,0.51706,1.19589,0.90301,0.56085,0.20775,0.01888,0,0.47509,0.52320,WA,365.33333
6028,0.38944,0.93890,0.87072,0.94692,2.01600,1.73926,1.32215,0.90503,0.64033,1,1.08542,1.08542,WA,249.33333
6029,-0.01367,-0.31875,-0.06452,0.08803,1.00328,0.74904,0.64735,1.00328,0.54565,0,0.40441,0.49262,WA,19.66667
6030,-0.11241,0.29331,0.54391,0.40787,0.92577,0.88759,0.49140,0.28377,0.20501,0,0.43625,0.46123,WA,419.00000
6031,0.19513,0.54026,0.68628,0.69955,1.76839,1.54272,1.11794,1.04272,0.89228,0,0.94281,0.94281,WA,226.00000
6035,-0.00631,0.09182,0.11285,0.56845,1.29431,1.11207,0.72655,0.90880,0.78964,0,0.62202,0.62342,WA,142.66667
6036,-0.01900,0.47227,0.53777,0.76703,1.74010,1.81215,1.11783,1.19643,1.20298,0,0.98084,0.98506,WA,152.66667
6037,-0.54499,-0.01307,0.39118,0.24225,1.29546,1.50822,0.40184,0.59333,0.93376,0,0.53422,0.65823,WA,47.00000
6038,-0.59632,-1.28173,-1.13938,-1.07611,-0.90739,-0.80194,-0.80722,-0.80194,-0.46451,0,-0.87517,0.87517,WA,189.66667
6041,-0.06945,-0.10007,0.05300,0.14483,0.38973,0.84891,0.08361,0.02238,0.29789,0,0.18565,0.22332,WA,32.66667
6044,-0.62870,0.35089,-0.68993,-0.44503,0.77946,0.84068,-0.32258,-0.20013,0.22844,0,-0.00966,0.49843,WA,16.33333
6050,-0.21635,0.11698,0.55177,0.10249,1.13148,1.39235,0.85611,0.71119,0.49380,0,0.57109,0.61917,WA,69.00000
6051,-0.66545,-0.36313,-0.50266,0.14850,1.67178,1.32294,1.04387,0.81131,0.99736,0,0.49606,0.83633,WA,43.00000
6052,-0.27645,0.40672,0.52553,0.91167,1.51317,1.97356,1.52802,0.91911,0.80029,0,0.92240,0.98383,WA,67.33333
6053,-0.05831,0.59087,0.51218,0.65972,1.52530,1.41710,0.97448,0.63022,0.63022,0,0.76464,0.77760,WA,101.66667
6054,0.27976,0.62162,0.40534,0.42627,1.56736,1.83945,1.22550,1.00922,0.96038,0,0.92610,0.92610,WA,143.33333
6055,-0.26550,0.28292,1.23087,1.77203,2.35314,2.16428,1.62675,1.67033,2.29866,1,1.45928,1.51828,WA,275.33333
6056,-0.17584,0.02985,0.13520,0.52650,1.03319,0.69456,0.61931,0.37600,0.47884,0,0.41307,0.45214,WA,398.66667
6057,-0.18766,0.29210,0.32247,0.24959,1.13353,1.50398,0.86025,0.65378,0.61127,0,0.60437,0.64607,WA,164.66667
6058,-0.05020,0.55125,0.86284,0.95704,1.07298,1.32661,0.60922,0.51501,0.55125,0,0.71067,0.72182,WA,138.00000
6059,0.22790,0.99634,0.87339,0.81192,1.65413,1.77093,1.44511,1.38979,0.94102,1,1.12339,1.12339,WA,162.66667
6060,-0.10382,0.33805,0.44270,0.60549,1.68688,2.29153,1.66363,1.36130,1.27991,1,1.06285,1.08592,WA,86.00000
6061,-0.20312,0.18770,0.25376,0.60055,1.98526,2.17792,1.34122,1.25315,1.35223,0,0.99430,1.03943,WA,181.66667
6062,0.07209,0.66761,0.62283,1.09746,2.12084,2.12084,1.41786,1.26562,1.00144,1,1.15407,1.15407,WA,223.33333
6063,-0.01425,0.40694,0.79117,1.10891,1.60398,1.71482,1.10152,0.84290,0.79856,0,0.92828,0.93145,WA,135.33333
6064,0.00041,0.50804,0.53301,0.83259,1.89177,1.75446,0.81826,0.92644,0.85155,0,0.90184,0.90184,WA,240.33333
6065,0.38850,0.83997,0.98491,1.04775,1.61081,1.50179,1.00286,0.69119,0.66297,0,0.97008,0.97008,WA,779.66667
6066,-0.15848,0.26554,0.20194,0.59417,1.71019,1.23845,0.89393,0.73492,0.45400,0,0.65941,0.69463,WA,188.66667
6069,0.34366,0.63111,0.67841,0.93493,1.43159,1.20600,0.98405,0.77119,0.84396,0,0.86943,0.86943,WA,549.66667
6070,0.05810,0.09943,0.22846,0.06717,0.87362,0.61556,0.84137,0.74459,-0.15863,0,0.37441,0.40966,WA,31.00000
6071,0.01986,-0.19631,-0.22110,0.00204,0.32436,0.32436,0.34915,0.00204,0.02683,0,0.07014,0.16289,WA,40.33333
6072,-0.00100,-0.01871,-0.11871,0.18120,0.38120,0.68120,0.18120,0.38120,0.48120,0,0.23875,0.26951,WA,9.33333
6073,-0.05736,-0.05003,-0.05003,0.21084,0.54997,0.52389,0.18476,-0.07611,-0.02394,0,0.13467,0.19188,WA,38.33333
6074,-1.32837,-1.32837,-0.71299,-0.55914,-0.78991,-0.86683,-0.17453,-0.32837,-1.17453,0,-0.80700,0.80700,WA,13.00000
6076,0.13219,0.73219,0.46878,0.85414,1.47637,1.39832,0.91051,0.97881,0.81783,0,0.86324,0.86324,WA,205.00000
6081,-0.38143,-0.20496,-0.08143,0.04210,0.49211,0.38623,0.54506,0.03329,0.24506,0,0.11956,0.26796,WA,56.66667
6082,0.27480,-0.02573,-0.36218,0.28268,0.22661,0.75932,0.33876,0.08642,0.28268,0,0.20704,0.29324,WA,35.66667
6083,-0.49259,-0.53105,-0.43489,0.04588,0.22859,0.51705,0.65166,0.20936,0.09397,0,0.03200,0.35611,WA,52.00000
6084,-0.52861,-0.32808,0.15320,-0.05535,0.87156,1.12023,0.72718,0.91969,1.16836,0,0.44980,0.65247,WA,124.66667
6100,0.22834,0.29183,0.52993,0.59342,1.96645,1.83947,1.10931,1.09344,1.61725,1,1.02994,1.02994,WA,63.00000
6101,-0.16885,-0.02044,0.20218,0.33998,1.18804,1.55907,0.97603,0.74281,0.60500,0,0.60265,0.64471,WA,94.33333
6102,-0.04310,-0.02661,-0.07606,-0.01013,1.06956,1.79483,0.67395,0.72340,0.88824,0,0.55490,0.58954,WA,60.66667
6103,-1.11114,-0.93553,-0.74529,-0.81846,-0.55505,-0.14529,-0.40870,-0.68675,-0.26236,0,-0.62984,0.62984,WA,68.33333
6104,-0.27291,0.10445,0.17992,0.38747,0.67049,1.07615,0.57615,0.31200,0.24596,0,0.36441,0.42506,WA,106.00000
6105,-0.14259,0.00079,-0.06538,0.47506,1.18094,1.18094,0.62947,0.76182,0.55226,0,0.50815,0.55436,WA,90.66667
6107,-0.30499,0.12437,0.19085,0.38476,0.97202,0.99695,0.31828,0.17146,0.26011,0,0.34598,0.41375,WA,361.00000
6108,0.09433,0.43860,0.46095,0.58167,1.43810,1.50516,0.83899,0.73169,0.74063,0,0.75890,0.75890,WA,223.66667
6109,0.10467,0.64224,0.31276,1.22317,1.11912,1.49195,0.67692,0.42548,0.25207,0,0.69426,0.69426,WA,115.33333
6110,0.07618,0.35258,0.33011,0.60876,1.06719,0.95483,0.33011,0.42000,0.40651,0,0.50514,0.50514,WA,445.00000
6111,0.27820,0.42350,0.56025,0.76111,1.33186,1.37459,1.04553,1.01562,1.09254,0,0.87591,0.87591,WA,234.00000
6112,0.59456,0.99545,1.16872,1.50940,1.96461,1.72232,1.24361,1.26123,1.27151,1,1.30349,1.30349,WA,681.00000
6121,0.32919,0.50172,0.58505,-0.03995,0.85588,0.46005,-0.18578,0.14755,0.25172,0,0.32282,0.37299,WA,48.00000
6122,-0.26834,0.13761,0.19444,0.42584,0.43396,0.40148,0.06860,0.06454,0.58010,0,0.22647,0.28610,WA,246.33333
6123,0.21505,1.85142,1.39687,1.35142,1.57869,1.26051,0.62414,0.48778,0.98778,1,1.08374,1.08374,WA,22.00000
6124,-0.68993,-0.38381,-0.62870,-0.68993,-0.26136,-0.01646,-0.38381,-0.62870,-0.99605,0,-0.51986,0.51986,WA,16.33333
6125,-0.02414,0.24327,0.26340,0.32381,0.60568,0.66609,0.58555,0.06206,0.58555,0,0.36792,0.37328,WA,49.66667
6147,-0.10619,0.27660,0.35672,0.59708,1.23803,1.27364,0.73951,0.65939,0.59708,0,0.62576,0.64936,WA,112.33333
6148,-0.21598,0.43391,0.26980,0.50612,1.54697,1.46820,0.94960,0.81830,1.09402,0,0.76344,0.81143,WA,152.33333
6149,0.27734,0.77349,0.83118,1.15426,1.58118,1.73695,0.83695,0.68118,0.87157,0,0.97157,0.97157,WA,173.33333
6150,-0.03126,0.45984,0.50255,0.26767,1.62354,1.71963,0.52390,0.29970,0.23564,0,0.62236,0.62930,WA,93.66667
6151,0.42398,0.78678,0.92631,0.77282,2.17516,1.89609,1.14260,1.10074,1.25423,1,1.16430,1.16430,WA,71.66667
6152,0.22993,0.46560,0.31910,0.25541,1.47551,1.60290,1.15067,0.98506,0.92137,0,0.82284,0.82284,WA,157.00000
6153,-0.08744,0.46604,0.55427,0.47406,1.81809,2.28333,1.60953,1.07210,1.22451,1,1.04605,1.06549,WA,124.66667
6154,-0.25694,0.21817,0.19102,0.48966,1.01908,0.93763,0.54396,0.40822,0.20460,0,0.41727,0.47436,WA,73.66667
6155,0.05585,0.45484,0.38862,0.67385,1.27657,1.15433,0.41239,0.29015,0.33599,0,0.56029,0.56029,WA,589.00000
6156,-0.04008,1.02114,0.81706,1.07216,1.74563,2.08237,1.56196,1.07216,0.90890,1,1.13792,1.14683,WA,98.00000
6157,-0.36587,0.43326,0.24985,0.15815,1.32409,1.11448,0.70837,0.60356,0.19745,0,0.49148,0.57278,WA,76.33333
6158,-0.68610,0.06390,0.27818,-0.12360,1.44339,1.57732,1.12196,0.53267,1.22910,0,0.60409,0.78403,WA,37.33333
6159,-1.27457,-0.43736,-0.29783,-0.57689,0.33008,0.74869,-0.01876,-0.01876,0.53938,0,-0.11178,0.47137,WA,14.33333
6160,-0.27451,-0.04175,-0.55899,-0.35210,0.48844,0.92810,0.69534,0.64362,0.56603,0,0.23269,0.50543,WA,38.66667
6162,-0.34479,0.11200,0.03792,0.14904,0.51941,0.86508,0.82805,0.59348,0.13669,0,0.32188,0.39850,WA,81.00000
6163,0.00433,0.47237,0.43127,0.43356,1.14132,1.03858,0.73264,0.51803,0.49064,0,0.58475,0.58475,WA,438.00000
6164,0.35167,0.79146,0.93754,1.05220,1.73701,1.82340,1.06476,0.94225,1.26738,1,1.10752,1.10752,WA,636.66667
6166,0.05434,0.60077,0.77220,0.54720,1.09363,0.96506,0.66506,0.44006,0.86863,0,0.66744,0.66744,WA,93.33333
6167,-0.65223,-0.20713,-0.23867,-0.07746,0.30105,0.56390,0.14333,0.08025,0.15034,0,0.00704,0.26826,WA,285.33333
6168,0.15184,0.40559,0.61432,0.70436,1.24279,1.14866,0.84988,0.65343,0.57158,0,0.70472,0.70472,WA,244.33333
6169,-0.10399,0.20503,0.20052,0.18248,0.41255,0.81631,0.16894,-0.06113,-0.27091,0,0.17220,0.26910,WA,443.33333
6170,0.06709,0.54399,0.62162,1.14288,2.31602,1.85021,1.44541,1.14596,1.38441,1,1.16862,1.16862,WA,180.33333
6171,0.15727,0.22572,0.31985,0.72544,0.94278,0.98728,0.67410,0.60051,0.67752,0,0.59005,0.59005,WA,584.33333
6172,-0.06101,-0.01623,0.16847,0.35877,0.99434,1.17344,0.59695,0.44583,0.33389,0,0.44383,0.46099,WA,178.66667
6173,-0.06870,0.12668,-0.00568,0.29054,1.12598,1.45371,0.60287,0.37598,0.15539,0,0.45075,0.46728,WA,158.66667
6174,-0.10331,0.16535,0.56833,1.32953,1.96761,2.37059,1.45268,1.56462,1.13925,1,1.16163,1.18459,WA,44.66667
6175,-0.10105,-0.23243,-0.07915,-0.01345,0.91722,0.74204,0.32598,0.36978,0.12890,0,0.22865,0.32333,WA,45.66667
6180,-0.25729,0.10830,0.02228,0.67819,0.95776,0.94701,0.40938,0.63518,0.59217,0,0.45478,0.51195,WA,93.00000
6207,-1.01243,-1.76069,-0.43235,-0.74485,0.50515,-0.55735,-0.43235,-0.30735,1.13015,0,-0.40134,0.76474,WA,16.00000
6208,0.11446,0.16871,0.23924,0.29891,1.32724,1.53339,0.79017,0.91495,0.91495,0,0.70022,0.70022,WA,184.33333
6209,-0.35879,-0.52699,-0.46817,-0.23287,-0.40934,-0.40934,-0.23287,-0.55640,-0.46817,0,-0.40699,0.40699,WA,34.00000
6210,0.51350,0.73700,0.78320,0.88098,1.32045,1.49559,0.91107,0.93256,0.69079,0,0.91835,0.91835,WA,930.66667
6211,-0.40382,-0.20147,-0.06071,-0.13989,1.22864,1.50136,0.70078,0.85034,0.70958,0,0.46498,0.64406,WA,113.66667
6215,-0.20258,0.09393,0.00673,-0.18514,0.81779,0.39918,0.15500,0.41662,0.39918,0,0.21119,0.29735,WA,57.33333
6220,-0.15754,-0.07478,0.25625,-0.05409,0.59765,0.80455,0.28731,-0.27131,0.12179,0,0.16776,0.29170,WA,48.33333
6225,-0.30357,-0.16226,-0.20574,0.12035,0.29426,0.60948,0.18556,-0.04270,0.31600,0,0.09015,0.24888,WA,92.00000
6230,-0.12881,-0.03887,0.07355,0.37226,0.75449,1.17847,0.66456,0.32730,0.62922,0,0.42580,0.46306,WA,311.33333
6232,0.23072,0.14709,0.82654,0.82654,1.07741,1.69413,1.30737,0.60702,0.83699,0,0.83931,0.83931,WA,95.66667
6233,0.34976,0.37368,0.66076,0.66076,1.33806,1.72562,1.42419,0.83567,1.35242,0,0.96899,0.96899,WA,209.00000
6236,-0.41913,-0.16100,-0.57196,-0.07881,0.24996,0.53763,0.00338,-0.28429,-0.32538,0,-0.11662,0.29239,WA,24.33333
6237,0.20475,0.03820,-0.35004,-0.56180,0.84996,0.35585,0.28526,-0.06768,-0.59709,0,0.01749,0.36785,WA,28.33333
6239,-0.25790,-0.08143,-0.25790,0.14798,0.42153,1.10976,0.88035,0.77447,0.42153,0,0.35093,0.48365,WA,56.66667
6244,-0.01833,-0.63197,-0.76833,-0.76833,-0.08651,-0.29106,-0.35924,-0.97287,-0.83651,0,-0.52590,0.52590,WA,14.66667
6253,-0.18844,-0.76754,-0.20504,-0.43067,-0.80567,-0.33692,0.03808,-0.71192,-0.33692,0,-0.41612,0.42458,WA,10.66667
6255,-0.64678,-0.20312,-0.11861,-0.39326,0.16662,0.69478,0.82155,0.37788,0.35676,0,0.11731,0.41993,WA,47.33333
6258,0.57764,0.76304,0.33766,0.29289,0.42722,0.09140,0.49438,-0.02054,0.24811,0,0.35687,0.36143,WA,44.66667
6271,-0.83588,-0.59143,-0.56921,-0.43588,0.30859,0.73081,0.33081,0.08637,0.44192,0,-0.05932,0.48121,WA,45.00000
6275,-0.10978,-0.15817,-0.06139,-0.30333,0.18054,0.32570,0.66441,-0.25494,0.08377,0,0.04076,0.23800,WA,20.66667
6280,-0.59342,-0.11465,-0.12343,0.17964,0.81654,1.00980,0.50028,0.16207,0.58374,0,0.26895,0.45373,WA,227.66667
6281,-0.37583,0.09537,0.78647,0.50375,1.94877,2.04301,1.85453,1.06919,1.85453,1,1.08664,1.17016,WA,63.66667
6282,-0.07182,0.21120,0.49422,0.60742,1.68290,1.85271,1.51309,1.56969,0.32441,0,0.90931,0.92527,WA,17.66667
6284,-1.02240,1.47760,1.22760,0.97760,2.81093,3.31093,3.22760,1.81093,1.56093,1,1.70908,1.93628,WA,12.00000
6285,0.03954,0.28816,1.28263,0.66937,1.93735,2.15281,2.06994,1.72188,1.04232,1,1.24489,1.24489,WA,60.33333
6290,0.48290,0.36899,0.94964,1.68447,1.87801,1.49092,1.20059,0.23285,0.32963,0,0.95756,0.95756,WA,10.33333
6302,-0.63708,-0.08493,-0.04812,0.11753,-0.11252,0.32920,0.14515,0.29239,0.38441,0,0.04289,0.23904,WA,54.33333
6304,0.02584,-0.57799,-0.73928,-0.86831,-0.19089,-0.22315,-0.64251,-0.38444,-0.61025,0,-0.46789,0.47363,WA,31.00000
6308,0.69443,0.31261,-0.45103,-0.17830,0.31261,0.47625,-0.28739,-0.50557,-0.45103,0,-0.00860,0.40769,WA,18.33333
6312,-1.15819,-1.21340,-1.59990,-1.21340,-1.28702,-0.99254,-1.10297,-1.13978,-1.37905,0,-1.23181,1.23181,WA,54.33333
6315,-0.00775,-0.42536,-1.20458,-0.81497,-0.58121,-0.93186,-1.20458,-1.12666,-1.04874,0,-0.81619,0.81619,WA,25.66667
6317,2.20425,-0.40793,-0.40793,-0.50266,-0.47108,0.03418,-1.00793,-0.31319,0.00260,0,-0.09663,0.59464,WA,31.66667
6324,0.34842,-0.67476,-0.12638,-0.15863,-0.41670,-0.35218,-0.15863,-0.12638,-0.70702,0,-0.26359,0.34101,WA,31.00000
6330,-0.00395,0.34254,0.43465,0.64079,1.17393,1.07305,1.17393,1.02480,0.63884,0,0.72206,0.72294,WA,228.00000
6333,-0.33641,-0.19183,-0.08339,-0.28219,0.54012,0.30518,0.55819,0.25096,-0.03820,0,0.08027,0.28738,WA,55.33333
6375,0.78815,-0.08282,-0.13120,-0.51261,-0.56099,-0.07712,0.16481,-0.27067,-0.36744,0,-0.11665,0.32842,WA,20.66667
6383,-0.71643,-1.41410,-1.41410,-1.20480,-1.34434,-1.27457,-0.57689,-1.41410,-1.41410,0,-1.19705,1.19705,WA,14.33333
6390,1.13317,-0.02068,-0.40529,1.13317,0.13317,0.59471,-0.25145,0.74855,-0.02068,0,0.33830,0.49343,WA,13.00000
6395,-0.53471,-1.75550,-1.42941,-1.76069,-1.76069,-1.76069,-1.62507,-1.76069,-1.76069,0,-1.57202,1.57202,WA,15.33333
6401,0.30371,0.36864,0.92709,0.30371,0.85567,0.81671,0.79073,0.73879,0.60892,0,0.63488,0.63488,WA,77.00000
6415,0.99314,-0.47992,-0.51440,-0.58337,-0.44544,0.41663,-0.61785,-0.44544,-0.51440,0,-0.24345,0.55673,WA,29.00000
6430,0.27521,0.07914,0.53992,0.65757,0.81443,1.52031,1.32423,0.97129,0.32423,0,0.72293,0.72293,WA,102.00000
6432,1.15769,0.07349,-0.06768,0.84996,1.06173,1.34408,0.63820,1.83820,0.77938,0,0.85278,0.86782,WA,28.33333
6437,-0.04277,-0.25343,-0.22862,-1.76069,-1.76069,-1.66692,-1.76069,-1.76069,-1.76069,0,-1.22169,1.22169,WA,0.00000
6450,-0.01813,-0.00038,0.01737,1.25105,2.99070,1.21555,1.55283,0.31023,2.47591,1,1.08835,1.09246,WA,56.33333
6501,-0.41144,-0.97748,-0.07182,0.32441,-0.18503,-0.12842,-0.35484,-0.69446,-0.63786,0,-0.34855,0.42064,WA,17.66667
6502,-0.62198,-0.24698,-0.24698,-0.05948,-0.01260,0.12802,0.03427,0.31552,0.59677,0,-0.01260,0.25140,WA,21.33333
6503,-1.05037,-0.40382,-0.61072,-0.74003,0.07465,-0.10638,-0.23569,-0.20983,0.30741,0,-0.33053,0.41543,WA,38.66667
6510,0.24006,-1.34588,-1.39588,-1.49588,-1.09588,-1.54588,-0.49588,-0.89588,-1.44588,0,-1.05300,1.10635,WA,20.00000
6516,0.38905,0.06865,0.49722,0.29942,0.26645,0.95876,0.13458,-0.06322,0.23348,0,0.30938,0.32343,WA,30.33333
6525,-0.65529,-0.12857,-0.01407,0.30654,0.40961,0.13481,-0.14000,-0.09420,-0.20871,0,-0.04332,0.23242,WA,43.66667
6530,0.33768,0.49198,0.90107,1.21686,1.43058,1.27986,1.16862,1.01431,0.79900,0,0.96000,0.96000,WA,278.66667
6532,-0.51827,0.02271,0.87517,0.80960,1.37519,1.32601,0.53912,1.04732,0.70306,0,0.68666,0.80183,WA,61.00000
6535,-0.01833,-0.42742,0.39076,0.18622,-0.08651,0.45894,0.79985,-0.15469,-0.15469,0,0.11046,0.29749,WA,14.66667
6536,-0.59027,-1.06053,-0.28634,-1.20569,-0.72182,-0.09279,-1.01215,-0.57666,-1.49602,0,-0.78247,0.78247,WA,20.66667
6556,-0.42201,0.56429,0.03005,0.07114,0.68758,-0.13434,0.31772,0.52320,0.27662,0,0.21270,0.33633,WA,24.33333
6560,-1.06101,-0.73492,-0.47405,-0.66971,-0.08275,0.11290,0.50421,-0.27840,-0.27840,0,-0.32913,0.46626,WA,15.33333
6562,-0.77833,-1.13180,-0.68585,-1.29396,-0.52369,-0.23991,-0.56423,-0.23991,-0.68585,0,-0.68261,0.68261,WA,24.66667
6566,-0.59626,-0.27412,-0.17344,-0.39492,0.54134,0.17892,0.46080,0.36013,0.50107,0,0.06706,0.38678,WA,49.66667
6701,-0.50214,-0.10214,-0.10214,3.24760,8.84760,0.34760,2.34760,0.14760,5.64760,1,2.20880,2.36578,WA,1.66667
6707,-0.04277,0.04657,-0.22862,4.03051,0.03051,1.43051,6.23051,3.63051,4.63051,1,2.19536,2.25567,WA,0.66667
6714,-0.53678,-1.36409,2.42539,2.63591,6.47802,7.00433,3.26749,2.42539,-0.04830,1,2.47637,2.90952,WA,19.00000
6722,0.15094,0.35771,0.66396,0.43543,1.70303,3.43543,1.02698,1.40726,1.32275,1,1.16705,1.16705,WA,23.66667
6725,-0.50100,-0.61871,-0.41871,4.44061,0.84061,9.84061,6.44061,0.04061,10.11577,1,3.35338,3.69525,WA,5.33333
6726,-0.04277,-0.25343,-0.32862,1.43308,-1.66692,3.53308,-0.06692,-1.26692,3.83308,0,0.57485,1.38054,WA,0.00000
6728,-0.40214,-0.50214,-0.60214,1.34760,2.44760,3.24760,0.24760,2.04760,1.94760,1,1.08658,1.42134,WA,1.33333
6743,-1.76069,-1.76069,-1.76069,-0.12688,2.17312,0.57312,0.67312,-0.82688,2.97312,0,0.01740,1.40315,WA,9.33333
7000,0.11724,0.31001,0.16544,0.28592,0.40640,0.56303,0.62327,1.00881,1.02086,0,0.50011,0.50011,TAS,83.00000
7004,0.12492,0.00681,0.38477,0.26944,0.38755,0.69463,0.55290,1.23794,1.23794,0,0.54410,0.54410,TAS,42.33333
7005,-0.03966,-0.20972,0.07540,0.07540,0.10019,0.38532,0.21176,0.49689,0.73243,0,0.20311,0.25853,TAS,80.66667
7007,-0.22245,0.00832,-0.04937,0.04056,-0.10367,0.15595,0.44441,0.76172,0.53095,0,0.17405,0.25749,TAS,34.66667
7008,0.02069,0.05655,0.14021,0.11631,0.23583,0.48683,0.57049,1.27567,0.88125,0,0.42043,0.42043,TAS,83.66667
7009,-0.07683,-0.16134,-0.07267,-0.04312,-0.16134,0.10466,0.17856,0.88792,0.51846,0,0.13048,0.24499,TAS,67.66667
7010,0.07988,-0.02987,-0.07083,0.07252,0.17490,0.46159,0.30801,0.72781,0.64589,0,0.26332,0.28570,TAS,97.66667
7011,0.01743,-0.10565,-0.14436,0.13628,0.11693,0.48467,0.47499,0.73628,0.85241,0,0.28544,0.34100,TAS,103.33333
7015,-0.00251,-0.08720,-0.01157,0.02625,0.02625,0.37919,0.39179,0.87079,1.03465,0,0.29196,0.31447,TAS,79.33333
7017,0.15642,0.11642,0.15642,0.12975,0.31642,0.86308,0.62308,0.75642,0.38308,0,0.38901,0.38901,TAS,75.00000
7018,-0.05117,0.12704,0.03793,0.04387,0.36170,0.59933,0.68249,1.47853,1.27061,0,0.50559,0.51697,TAS,168.33333
7019,0.08432,0.08432,0.13560,0.21554,0.62580,0.95913,1.57452,1.70272,2.44631,0,0.86981,0.86981,TAS,39.00000
7020,-0.12421,-0.05422,-0.00464,0.20842,0.28280,0.05966,0.20842,0.53073,0.40676,0,0.16819,0.20887,TAS,40.33333
7021,-0.07444,-0.34026,-0.08100,0.17822,-0.04400,0.65970,0.25229,0.95600,0.73378,0,0.24892,0.36886,TAS,27.00000
7025,-0.17237,-0.31872,-0.20896,-0.35099,-0.05831,0.01486,0.34413,0.05144,0.19779,0,-0.05568,0.19084,TAS,27.33333
7030,0.01688,-0.00435,-0.06803,0.07348,0.29637,0.69259,0.60769,0.63599,0.57231,0,0.31366,0.32974,TAS,141.33333
7050,-0.22535,-0.21655,-0.11978,0.01219,0.35971,0.65003,0.34211,0.79959,0.79959,0,0.26684,0.39165,TAS,113.66667
7052,0.28358,-0.07235,0.47002,0.06324,0.55477,0.57171,0.47002,0.85985,0.75816,0,0.43989,0.45597,TAS,59.00000
7053,0.19117,-0.10171,0.12169,0.24932,0.44081,0.69613,0.75996,0.85570,0.98336,0,0.46627,0.48887,TAS,31.33333
7054,0.05490,-0.07493,0.25630,0.15220,0.09542,0.13327,0.31308,0.72949,0.40772,0,0.22972,0.24637,TAS,105.66667
7109,0.23193,0.27747,0.29875,0.18173,0.33066,0.54343,0.54343,1.00088,0.47960,0,0.43199,0.43199,TAS,94.00000
7112,-0.08454,-0.08454,-0.03281,-0.11040,0.04477,0.53615,0.07063,0.61374,0.63960,0,0.17696,0.24635,TAS,38.66667
7116,0.38922,-0.04625,0.30440,0.18748,0.46021,0.65501,0.88878,0.88878,0.88878,0,0.51293,0.52321,TAS,25.66667
7120,0.11056,-0.51039,-0.51039,-0.36633,-0.42188,-0.03299,-0.19966,0.07812,-0.58855,0,-0.27128,0.31321,TAS,18.00000
7140,0.17874,0.07534,-0.09487,0.16045,0.04343,0.52215,0.37322,0.68173,0.68173,0,0.29132,0.31241,TAS,94.00000
7150,-0.03070,0.45317,0.01769,-0.12747,0.13866,0.09027,0.21124,0.35640,0.28382,0,0.15479,0.18994,TAS,41.33333
7155,-0.00070,-0.57119,-0.36189,-0.08289,0.19618,-0.01312,0.26595,0.68456,0.05665,0,0.01928,0.24812,TAS,14.33333
7170,-0.25169,-0.37928,0.00120,-0.07197,0.07438,-0.02806,0.26462,0.48413,0.80608,0,0.09993,0.26238,TAS,68.33333
7171,0.16176,-0.00758,0.07350,0.31670,0.39778,0.80319,1.04643,0.80319,1.93832,0,0.61481,0.61649,TAS,24.66667
7172,-0.00714,-0.29917,-0.32572,-0.06023,-0.03369,0.41764,0.23180,0.41764,0.92207,0,0.14036,0.30168,TAS,37.66667
7173,0.07735,-0.03890,-0.09224,0.09443,0.44110,0.56110,0.38776,0.57443,0.74776,0,0.30587,0.33501,TAS,75.00000
7190,-0.12133,0.05286,0.07222,0.16899,0.43996,0.71093,0.38189,0.26576,0.65286,0,0.29157,0.31853,TAS,51.66667
7212,-0.17398,-0.31460,-0.12710,-0.16846,-0.16846,0.01904,-0.21534,-0.49659,0.30029,0,-0.14947,0.22043,TAS,21.33333
7215,-0.05453,-0.25428,-0.23723,-0.03269,0.17186,0.17186,0.27413,0.39345,0.44459,0,0.09746,0.22607,TAS,58.66667
7216,0.01154,-0.03582,0.13786,0.46944,0.31154,0.56418,0.37470,0.40628,0.31154,0,0.28347,0.29144,TAS,63.33333
7248,-0.03228,-0.15573,-0.24215,-0.03228,0.17144,0.40601,0.33193,0.76403,0.73934,0,0.21670,0.31947,TAS,81.00000
7249,0.14596,-0.03943,0.21733,0.39300,0.20382,0.69030,0.50111,1.09571,0.85246,0,0.45114,0.45990,TAS,74.00000
7250,0.02498,0.22260,0.18143,0.17319,0.44645,0.68798,0.55075,0.98716,0.80875,0,0.45370,0.45370,TAS,364.33333
7252,-0.07908,-0.07908,0.04188,0.04188,0.06608,0.23543,0.25963,0.64672,0.21124,0,0.14941,0.18456,TAS,41.33333
7253,0.04857,-0.20666,-0.05060,-0.15464,0.10547,-0.08528,-0.05060,0.33091,0.15750,0,0.01052,0.13225,TAS,57.66667
7255,-1.22304,-1.13733,-0.62304,-1.56590,-1.76069,-1.30876,-0.53733,-1.13733,-1.13733,0,-1.15897,1.15897,TAS,11.66667
7256,-1.48610,-1.15005,-1.10389,-1.76069,-1.76069,-1.05774,-1.42697,-1.61158,-1.76069,0,-1.45760,1.45760,TAS,21.66667
7260,-0.09919,-0.65947,-0.77758,-0.49412,-0.42325,-0.61223,-0.68309,-0.39963,-0.37601,0,-0.50273,0.50273,TAS,42.33333
7262,-0.04329,-0.09373,-0.30802,-0.06831,-0.28259,0.10312,0.14598,0.14598,0.01741,0,-0.04261,0.13427,TAS,23.33333
7270,0.22533,-0.15086,-0.13820,-0.02427,0.01370,0.15294,0.06433,0.29218,0.05168,0,0.05409,0.12372,TAS,79.00000
7275,0.26839,0.08579,0.42492,0.48016,0.40190,0.50625,0.37581,0.79320,0.71494,0,0.45015,0.45015,TAS,38.33333
7277,0.09446,0.43170,0.20948,0.15392,0.22337,0.25114,0.15392,0.51503,0.36225,0,0.26614,0.26614,TAS,72.00000
7290,-0.64204,-0.83559,-0.98075,-0.54527,-0.25494,-0.40010,-0.10978,0.27731,0.13215,0,-0.37322,0.46422,TAS,20.66667
7300,-0.33623,-0.45882,-1.01926,-0.82146,-0.32696,-0.12915,-0.19509,0.06865,-0.22806,0,-0.38293,0.39819,TAS,30.33333
7301,-0.18920,-0.36733,-0.22887,-0.09041,0.04805,-0.18272,-0.11348,0.07113,0.32498,0,-0.08087,0.17957,TAS,43.33333
7303,-0.12082,-0.29063,-0.29063,-0.06421,-0.31893,0.16220,-0.03591,-0.00761,-0.03591,0,-0.11138,0.14743,TAS,35.33333
7304,0.28631,-0.05966,-0.04443,0.22968,0.12308,0.03171,-0.05966,0.22968,0.33628,0,0.11922,0.15561,TAS,65.66667
7306,-0.08687,-0.53623,-0.20519,-0.24657,-0.10174,-0.22588,-0.18450,0.02239,-0.12243,0,-0.18745,0.19243,TAS,48.33333
7307,-0.12192,-0.04132,-0.01446,0.02136,0.41988,0.36615,0.45570,0.66167,0.75122,0,0.27759,0.31708,TAS,111.66667
7310,-0.01698,0.00031,-0.07750,0.01760,0.07812,0.24671,0.37207,0.67899,0.68331,0,0.22029,0.24129,TAS,231.33333
7315,0.13278,-0.05215,0.12593,0.11223,0.23895,0.39648,0.43073,0.69100,0.58141,0,0.29526,0.30685,TAS,146.00000
7316,0.14136,-0.30170,-0.18631,-0.25843,-0.05650,0.14542,0.00119,0.50600,0.30407,0,0.03279,0.21122,TAS,69.33333
7320,0.01287,-0.22862,-0.21004,-0.23790,0.23114,0.24043,0.52836,0.90916,0.66768,0,0.21256,0.36291,TAS,107.66667
7321,-0.12565,-0.50509,-0.28211,-0.40374,0.12329,-0.24157,-0.09968,0.12329,0.14356,0,-0.14086,0.22755,TAS,49.33333
7322,-0.06023,-0.35227,-0.21953,-0.29917,-0.16643,-0.08678,-0.19298,0.12561,0.07251,0,-0.13103,0.17506,TAS,37.66667
7325,-0.11134,-0.34211,-0.14281,-0.30015,-0.03266,-0.04315,0.05126,0.36594,0.27154,0,-0.03150,0.18455,TAS,95.33333
7330,-0.65659,-0.90521,-0.75604,-0.60687,0.36276,-0.43282,-0.33337,-0.30022,0.18044,0,-0.38310,0.50381,TAS,60.33333
