postcode,cluster,mean_rel_residual,mean_abs_rel_residual,Tot_P_P,Median_age_persons,Median_tot_hhd_inc_weekly,Average_household_size,Median_mortgage_repay_monthly,Median_rent_weekly,OPDs_Separate_house_Dwellings,OPDs_SD_r_t_h_th_Tot_Dwgs,OPDs_Flt_apart_Tot_Dwgs,OPDs_Tot_OPDs_Dwellings,Total_PDs_Dwellings,O_OR_Total,O_MTG_Total,R_Tot_Total,G37_Total_dwellings,state_abs,cross_border_flag,area_sqkm,pop_density_per_sqkm,detached_share,semidetached_share,apartment_share,unoccupied_share,owner_occupied_share,rented_share,small_pop_flag,adoption_rate,dwellings_opd_2021
0810,1,1.201610,1.201610,34330.000000,34.000000,2199.000000,2.700000,2058.000000,345.000000,7414.000000,1320.000000,2827.000000,11637.000000,12613.000000,2329.000000,3664.000000,5312.000000,11637.000000,NT,0.000000,24.428300,1405.337252,0.637106,0.113431,0.242932,0.077380,0.514995,0.456475,0.000000,0.354645,11637.000000
0812,0,0.871220,0.979010,18634.000000,37.000000,2046.000000,2.800000,1998.000000,360.000000,4799.000000,562.000000,774.000000,6211.000000,6623.000000,1436.000000,2487.000000,2102.000000,6211.000000,NT,0.000000,35.889900,519.198995,0.772661,0.090485,0.124618,0.062207,0.631621,0.338432,0.000000,0.364032,6211.000000
0820,1,1.654950,1.654950,19920.000000,35.000000,2308.000000,2.400000,2037.000000,400.000000,2466.000000,1668.000000,3367.000000,7581.000000,8510.000000,1262.000000,1783.000000,4296.000000,7581.000000,NT,0.000000,39.064200,509.929808,0.325287,0.220024,0.444137,0.109166,0.401662,0.566680,0.000000,0.196412,7581.000000
0822,1,1.659980,1.659980,25304.000000,30.000000,1347.000000,3.800000,2000.000000,80.000000,4708.000000,329.000000,86.000000,5402.000000,6681.000000,797.000000,843.000000,2997.000000,5402.000000,NT,0.000000,150775.803000,0.167825,0.871529,0.060903,0.015920,0.191438,0.303591,0.554795,0.000000,0.235653,5402.000000
0830,1,1.143110,1.143110,18501.000000,33.000000,2027.000000,2.700000,1950.000000,370.000000,4775.000000,457.000000,951.000000,6194.000000,6805.000000,757.000000,2505.000000,2751.000000,6194.000000,NT,0.000000,235.004000,78.726320,0.770907,0.073781,0.153536,0.089787,0.526639,0.444139,0.000000,0.405069,6194.000000
0832,1,2.558870,2.558870,18727.000000,30.000000,2352.000000,2.900000,2167.000000,420.000000,4571.000000,703.000000,840.000000,6116.000000,6633.000000,419.000000,2766.000000,2781.000000,6116.000000,NT,0.000000,19.727200,949.298431,0.747384,0.114944,0.137345,0.077944,0.520765,0.454709,0.000000,0.518640,6116.000000
0835,0,0.217490,0.679210,3153.000000,43.000000,2560.000000,2.900000,2388.000000,400.000000,962.000000,14.000000,3.000000,1016.000000,1098.000000,339.000000,475.000000,162.000000,1016.000000,NT,0.000000,76.840300,41.033156,0.946850,0.013780,0.002953,0.074681,0.801181,0.159449,0.000000,0.598425,1016.000000
0836,1,0.930650,0.930650,7597.000000,39.000000,2593.000000,3.000000,2300.000000,400.000000,2304.000000,43.000000,6.000000,2369.000000,2761.000000,537.000000,1406.000000,334.000000,2369.000000,NT,0.000000,130.930500,58.023150,0.972562,0.018151,0.002533,0.141978,0.820177,0.140988,0.000000,0.622626,2369.000000
0850,0,-0.528520,0.992380,7873.000000,33.000000,2027.000000,2.700000,1625.000000,330.000000,1828.000000,428.000000,53.000000,2438.000000,2876.000000,383.000000,631.000000,1247.000000,2438.000000,NT,0.000000,551.150800,14.284657,0.749795,0.175554,0.021739,0.152295,0.415915,0.511485,0.000000,0.393765,2438.000000
0870,0,-1.019450,1.019450,20341.000000,34.000000,2174.000000,2.600000,1741.000000,390.000000,4511.000000,2080.000000,256.000000,7028.000000,7938.000000,1095.000000,2557.000000,3052.000000,7028.000000,NT,0.000000,59.612100,341.222671,0.641861,0.295959,0.036426,0.114638,0.519636,0.434263,0.000000,0.430990,7028.000000
2015,0,0.695080,1.013740,11422.000000,34.000000,2607.000000,2.100000,2770.000000,558.000000,293.000000,1555.000000,3340.000000,5248.000000,5861.000000,646.000000,1755.000000,2775.000000,5248.000000,NSW,0.000000,4.215700,2709.395830,0.055831,0.296303,0.636433,0.104590,0.457508,0.528773,0.000000,0.083651,5248.000000
2018,1,1.873510,2.233820,19878.000000,34.000000,2017.000000,2.300000,2500.000000,520.000000,2018.000000,319.000000,5741.000000,8159.000000,9121.000000,1752.000000,2033.000000,4121.000000,8159.000000,NSW,0.000000,3.930500,5057.371836,0.247334,0.039098,0.703640,0.105471,0.463905,0.505086,0.000000,0.078441,8159.000000
2019,1,1.512170,1.822550,13467.000000,36.000000,2363.000000,2.600000,2773.000000,550.000000,1324.000000,1018.000000,2565.000000,4957.000000,5423.000000,986.000000,1981.000000,1893.000000,4957.000000,NSW,0.000000,7.369100,1827.495895,0.267097,0.205366,0.517450,0.085930,0.598548,0.381884,0.000000,0.139802,4957.000000
2020,1,1.673830,1.673830,21591.000000,30.000000,2254.000000,2.500000,2600.000000,600.000000,1704.000000,320.000000,6026.000000,8105.000000,9146.000000,1310.000000,1978.000000,4597.000000,8105.000000,NSW,0.000000,11.960700,1805.161905,0.210241,0.039482,0.743492,0.113820,0.405676,0.567181,0.000000,0.070450,8105.000000
2022,0,0.590090,1.091000,13509.000000,36.000000,2484.000000,2.200000,3467.000000,660.000000,647.000000,1481.000000,3155.000000,5559.000000,6332.000000,1508.000000,1195.000000,2695.000000,5559.000000,NSW,0.000000,1.922800,7025.691700,0.116388,0.266415,0.567548,0.122078,0.486239,0.484799,0.000000,0.081130,5559.000000
2024,0,0.451670,0.875180,11380.000000,38.000000,3197.000000,2.400000,3900.000000,655.000000,1083.000000,908.000000,2164.000000,4212.000000,4638.000000,1206.000000,1171.000000,1691.000000,4212.000000,NSW,0.000000,1.932100,5889.964288,0.257123,0.215575,0.513770,0.091850,0.564340,0.401472,0.000000,0.151709,4212.000000
2026,1,1.547440,1.600400,32693.000000,34.000000,2896.000000,2.200000,3400.000000,680.000000,1283.000000,2083.000000,10129.000000,13603.000000,15716.000000,2690.000000,2876.000000,7662.000000,13603.000000,NSW,0.000000,3.647700,8962.633989,0.094317,0.153128,0.744615,0.134449,0.409174,0.563258,0.000000,0.073807,13603.000000
2030,0,0.969720,1.154070,14434.000000,42.000000,3481.000000,2.800000,4329.000000,715.000000,2596.000000,469.000000,1705.000000,4881.000000,5399.000000,1970.000000,1586.000000,1130.000000,4881.000000,NSW,0.000000,4.663600,3095.033879,0.531858,0.096087,0.349314,0.095944,0.728539,0.231510,0.000000,0.167589,4881.000000
2031,1,1.977480,2.027210,33830.000000,36.000000,2514.000000,2.300000,3163.000000,580.000000,2081.000000,2366.000000,8892.000000,13615.000000,15296.000000,3336.000000,3297.000000,6630.000000,13615.000000,NSW,0.000000,6.094000,5551.361995,0.152846,0.173779,0.653103,0.109898,0.487183,0.486963,0.000000,0.088946,13615.000000
2032,1,1.837540,2.135190,14643.000000,35.000000,1746.000000,2.400000,3000.000000,450.000000,1901.000000,1031.000000,2621.000000,5599.000000,6195.000000,1397.000000,1045.000000,2978.000000,5599.000000,NSW,0.000000,2.475000,5916.363636,0.339525,0.184140,0.468119,0.096207,0.436149,0.531881,0.000000,0.120021,5599.000000
2033,0,0.102690,1.206740,11927.000000,32.000000,2118.000000,2.300000,2760.000000,500.000000,915.000000,304.000000,3110.000000,4354.000000,5284.000000,1060.000000,812.000000,2388.000000,4354.000000,NSW,0.000000,2.669100,4468.547450,0.210152,0.069821,0.714286,0.176003,0.429949,0.548461,0.000000,0.081305,4354.000000
2034,1,1.039470,1.411070,20249.000000,36.000000,2796.000000,2.300000,3400.000000,615.000000,1454.000000,928.000000,5829.000000,8258.000000,9353.000000,1936.000000,1768.000000,4331.000000,8258.000000,NSW,0.000000,3.049700,6639.669476,0.176072,0.112376,0.705861,0.117075,0.448535,0.524461,0.000000,0.095907,8258.000000
2035,1,1.896490,2.150420,34602.000000,40.000000,2151.000000,2.500000,3000.000000,540.000000,4535.000000,2653.000000,5978.000000,13296.000000,14423.000000,4059.000000,3334.000000,5427.000000,13296.000000,NSW,0.000000,8.120700,4260.962725,0.341080,0.199534,0.449609,0.078139,0.556032,0.408168,0.000000,0.148014,13296.000000
2036,1,1.149800,1.652110,33767.000000,39.000000,2050.000000,2.600000,2760.000000,520.000000,4305.000000,2052.000000,5611.000000,12002.000000,13130.000000,3266.000000,3356.000000,5034.000000,12002.000000,NSW,0.000000,15.713100,2148.971241,0.358690,0.170972,0.467505,0.085910,0.551741,0.419430,0.000000,0.183969,12002.000000
2037,0,0.423870,0.718210,16641.000000,36.000000,2011.000000,2.000000,3000.000000,495.000000,337.000000,3264.000000,3820.000000,7533.000000,8720.000000,1396.000000,1271.000000,4611.000000,7533.000000,NSW,0.000000,2.137400,7785.627398,0.044736,0.433294,0.507102,0.136124,0.354042,0.612107,0.000000,0.059604,7533.000000
2038,1,1.063870,1.204370,9487.000000,38.000000,2683.000000,2.300000,3467.000000,570.000000,864.000000,1790.000000,1093.000000,3794.000000,4248.000000,976.000000,1164.000000,1584.000000,3794.000000,NSW,0.000000,1.493100,6353.894582,0.227728,0.471798,0.288086,0.106874,0.564048,0.417501,0.000000,0.148392,3794.000000
2039,0,0.347200,0.887660,8553.000000,40.000000,3196.000000,2.300000,3500.000000,650.000000,884.000000,1397.000000,1258.000000,3603.000000,4027.000000,941.000000,1170.000000,1428.000000,3603.000000,NSW,0.000000,1.833700,4664.339859,0.245351,0.387732,0.349153,0.105289,0.585901,0.396336,0.000000,0.114349,3603.000000
2040,1,1.027510,1.274270,22803.000000,38.000000,2727.000000,2.400000,3467.000000,580.000000,3626.000000,2664.000000,2515.000000,8865.000000,9785.000000,2242.000000,3024.000000,3451.000000,8865.000000,NSW,0.000000,4.754000,4796.592343,0.409024,0.300508,0.283700,0.094021,0.594021,0.389284,0.000000,0.158376,8865.000000
2041,0,0.581290,0.794290,15584.000000,43.000000,3147.000000,2.200000,4000.000000,640.000000,1459.000000,2831.000000,2220.000000,6544.000000,7428.000000,2075.000000,1828.000000,2529.000000,6544.000000,NSW,0.000000,2.466600,6318.008595,0.222952,0.432610,0.339242,0.119009,0.596424,0.386461,0.000000,0.119499,6544.000000
2042,0,0.618060,0.665480,18673.000000,34.000000,2328.000000,2.100000,3000.000000,540.000000,620.000000,4165.000000,3121.000000,8179.000000,9194.000000,1437.000000,2019.000000,4568.000000,8179.000000,NSW,0.000000,2.044600,9132.837719,0.075804,0.509231,0.381587,0.110398,0.422546,0.558503,0.000000,0.099768,8179.000000
2044,0,0.954300,1.005230,8278.000000,36.000000,2619.000000,2.500000,2900.000000,630.000000,1325.000000,1124.000000,683.000000,3176.000000,3484.000000,768.000000,1189.000000,1153.000000,3176.000000,NSW,0.000000,3.853900,2147.954021,0.417191,0.353904,0.215050,0.088404,0.616184,0.363035,0.000000,0.215680,3176.000000
2046,1,1.471190,1.840320,27288.000000,42.000000,2393.000000,2.500000,3014.000000,570.000000,4854.000000,1303.000000,4341.000000,10643.000000,11527.000000,3653.000000,3164.000000,3576.000000,10643.000000,NSW,0.000000,6.014800,4536.809204,0.456074,0.122428,0.407874,0.076690,0.640515,0.335995,0.000000,0.142911,10643.000000
2047,1,1.248470,1.808390,12011.000000,42.000000,2776.000000,2.300000,3200.000000,600.000000,1496.000000,533.000000,2810.000000,4919.000000,5527.000000,1650.000000,1398.000000,1762.000000,4919.000000,NSW,0.000000,2.310100,5199.342020,0.304127,0.108355,0.571254,0.110005,0.619638,0.358203,0.000000,0.104289,4919.000000
2048,1,1.403360,1.679430,7619.000000,36.000000,2395.000000,2.300000,3000.000000,490.000000,587.000000,1258.000000,1202.000000,3127.000000,3487.000000,730.000000,919.000000,1411.000000,3127.000000,NSW,0.000000,1.218000,6255.336617,0.187720,0.402303,0.384394,0.103241,0.527343,0.451231,0.000000,0.123761,3127.000000
2049,1,1.808880,1.808880,12258.000000,35.000000,2284.000000,2.200000,2850.000000,480.000000,1252.000000,1123.000000,2571.000000,5099.000000,5733.000000,988.000000,1501.000000,2521.000000,5099.000000,NSW,0.000000,1.929000,6354.587869,0.245538,0.220239,0.504217,0.110588,0.488135,0.494411,0.000000,0.112179,5099.000000
2063,0,0.554370,1.059560,6493.000000,44.000000,3874.000000,2.900000,4649.000000,740.000000,1588.000000,136.000000,412.000000,2142.000000,2283.000000,1032.000000,644.000000,421.000000,2142.000000,NSW,0.000000,2.728100,2380.044720,0.741363,0.063492,0.192344,0.061761,0.782446,0.196545,0.000000,0.309057,2142.000000
2064,0,0.551670,0.807350,9417.000000,37.000000,2420.000000,2.500000,2772.000000,525.000000,820.000000,320.000000,2483.000000,3629.000000,3948.000000,897.000000,830.000000,1811.000000,3629.000000,NSW,0.000000,2.534800,3715.086003,0.225958,0.088179,0.684211,0.080800,0.475889,0.499036,0.000000,0.113530,3629.000000
2065,1,1.307980,1.415870,31698.000000,37.000000,2743.000000,2.100000,3000.000000,580.000000,2607.000000,1732.000000,9837.000000,14244.000000,15854.000000,3445.000000,3410.000000,7089.000000,14244.000000,NSW,0.000000,5.678100,5582.501189,0.183024,0.121595,0.690607,0.101552,0.481255,0.497683,0.000000,0.074628,14244.000000
2066,1,1.823160,1.917500,33844.000000,38.000000,2754.000000,2.500000,3000.000000,520.000000,5186.000000,781.000000,7004.000000,13006.000000,14088.000000,3646.000000,4552.000000,4491.000000,13006.000000,NSW,0.000000,9.578600,3533.292966,0.398739,0.060049,0.538521,0.076803,0.630324,0.345302,0.000000,0.169383,13006.000000
2067,1,1.310810,1.344950,27078.000000,38.000000,2185.000000,2.500000,3000.000000,580.000000,3130.000000,444.000000,6440.000000,10028.000000,11302.000000,2710.000000,2092.000000,4849.000000,10028.000000,NSW,0.000000,5.819600,4652.897106,0.312126,0.044276,0.642202,0.112723,0.478859,0.483546,0.000000,0.105106,10028.000000
2068,1,1.734490,2.208830,17450.000000,42.000000,3232.000000,2.800000,3900.000000,640.000000,4068.000000,574.000000,1244.000000,5940.000000,6382.000000,2318.000000,2036.000000,1469.000000,5940.000000,NSW,0.000000,5.665500,3080.045892,0.684848,0.096633,0.209428,0.069257,0.732997,0.247306,0.000000,0.257407,5940.000000
2069,1,1.283740,1.823960,14604.000000,41.000000,3310.000000,2.900000,3800.000000,633.000000,3664.000000,166.000000,1014.000000,4848.000000,5192.000000,2005.000000,1658.000000,1036.000000,4848.000000,NSW,0.000000,7.530200,1939.390720,0.755776,0.034241,0.209158,0.066256,0.755569,0.213696,0.000000,0.272071,4848.000000
2070,1,2.228980,2.368950,14648.000000,41.000000,2970.000000,2.800000,3500.000000,630.000000,3023.000000,129.000000,1840.000000,5003.000000,5482.000000,1960.000000,1631.000000,1226.000000,5003.000000,NSW,0.000000,7.461700,1963.091521,0.604237,0.025785,0.367779,0.087377,0.717769,0.245053,0.000000,0.232860,5003.000000
2071,1,1.724930,1.941680,13510.000000,42.000000,2839.000000,2.900000,3467.000000,650.000000,2893.000000,107.000000,1575.000000,4578.000000,5023.000000,1874.000000,1535.000000,1046.000000,4578.000000,NSW,0.000000,7.822100,1727.157669,0.631935,0.023373,0.344037,0.088592,0.744648,0.228484,0.000000,0.230887,4578.000000
2072,1,1.060930,1.422740,8795.000000,39.000000,2460.000000,2.700000,3033.000000,577.000000,1448.000000,111.000000,1546.000000,3199.000000,3539.000000,1033.000000,978.000000,1129.000000,3199.000000,NSW,0.000000,3.788500,2321.499274,0.452641,0.034698,0.483276,0.096072,0.628634,0.352923,0.000000,0.148796,3199.000000
2073,1,1.523740,1.779280,17221.000000,41.000000,3414.000000,3.000000,3500.000000,650.000000,4458.000000,136.000000,995.000000,5595.000000,5963.000000,2172.000000,2330.000000,974.000000,5595.000000,NSW,0.000000,10.251500,1679.851729,0.796783,0.024307,0.177837,0.061714,0.804647,0.174084,0.000000,0.263271,5595.000000
2074,1,1.968010,2.066270,23423.000000,44.000000,3004.000000,2.800000,3500.000000,617.000000,5776.000000,358.000000,1870.000000,8022.000000,8610.000000,3409.000000,3023.000000,1238.000000,8022.000000,NSW,0.000000,22.015100,1063.951561,0.720020,0.044627,0.233109,0.068293,0.801795,0.154326,0.000000,0.269384,8022.000000
2075,1,2.777710,3.006930,21665.000000,43.000000,2965.000000,2.900000,3500.000000,700.000000,5120.000000,503.000000,1664.000000,7291.000000,7706.000000,3065.000000,2993.000000,1117.000000,7291.000000,NSW,0.000000,17.742500,1221.079329,0.702236,0.068989,0.228227,0.053854,0.830887,0.153203,0.000000,0.269648,7291.000000
2076,1,1.596450,1.730580,25340.000000,43.000000,2923.000000,2.900000,3250.000000,600.000000,6329.000000,632.000000,1245.000000,8218.000000,8728.000000,3140.000000,3364.000000,1406.000000,8218.000000,NSW,0.000000,15.848400,1598.899573,0.770139,0.076904,0.151497,0.058433,0.791433,0.171088,0.000000,0.255780,8218.000000
2077,1,1.896620,1.942010,42819.000000,38.000000,2108.000000,2.600000,2350.000000,460.000000,6292.000000,756.000000,8961.000000,16044.000000,17173.000000,3855.000000,5618.000000,6244.000000,16044.000000,NSW,0.000000,22.866400,1872.572858,0.392172,0.047120,0.558527,0.065743,0.590439,0.389180,0.000000,0.154513,16044.000000
2079,1,1.059510,1.356080,7816.000000,40.000000,2505.000000,2.900000,2544.000000,525.000000,2236.000000,100.000000,328.000000,2664.000000,2768.000000,880.000000,1289.000000,473.000000,2664.000000,NSW,0.000000,11.062300,706.543847,0.839339,0.037538,0.123123,0.037572,0.814189,0.177553,0.000000,0.342718,2664.000000
2081,0,0.934800,1.262870,5394.000000,41.000000,2698.000000,3.000000,2600.000000,575.000000,1675.000000,80.000000,10.000000,1769.000000,1831.000000,678.000000,866.000000,209.000000,1769.000000,NSW,0.000000,40.193900,134.199468,0.946863,0.045223,0.005653,0.033861,0.872809,0.118146,0.000000,0.479367,1769.000000
2082,1,0.992450,1.296710,5458.000000,42.000000,2449.000000,2.900000,2500.000000,580.000000,1734.000000,79.000000,19.000000,1838.000000,1954.000000,762.000000,870.000000,198.000000,1838.000000,NSW,0.000000,9.687600,563.400636,0.943417,0.042982,0.010337,0.059365,0.887922,0.107726,0.000000,0.466268,1838.000000
2083,0,0.117160,0.454850,1665.000000,51.000000,1950.000000,2.300000,2290.000000,429.000000,627.000000,9.000000,25.000000,679.000000,885.000000,260.000000,255.000000,141.000000,679.000000,NSW,0.000000,45.774000,36.374361,0.923417,0.013255,0.036819,0.232768,0.758468,0.207658,0.000000,0.405007,679.000000
2084,0,0.678120,1.023140,3759.000000,47.000000,2882.000000,3.000000,3200.000000,600.000000,1047.000000,39.000000,66.000000,1192.000000,1258.000000,551.000000,444.000000,179.000000,1192.000000,NSW,0.000000,107.373100,35.008768,0.878356,0.032718,0.055369,0.052464,0.834732,0.150168,0.000000,0.419463,1192.000000
2085,1,1.238380,1.519860,11452.000000,46.000000,2770.000000,2.900000,3335.000000,900.000000,3167.000000,289.000000,328.000000,3780.000000,3977.000000,1659.000000,1582.000000,393.000000,3780.000000,NSW,0.000000,16.051300,713.462461,0.837831,0.076455,0.086772,0.049535,0.857407,0.103968,0.000000,0.418783,3780.000000
2086,1,2.081000,2.182470,14214.000000,40.000000,3107.000000,3.200000,3467.000000,800.000000,4070.000000,184.000000,136.000000,4401.000000,4527.000000,1614.000000,2034.000000,683.000000,4401.000000,NSW,0.000000,8.074200,1760.422085,0.924790,0.041809,0.030902,0.027833,0.828903,0.155192,0.000000,0.355828,4401.000000
2087,1,1.691690,1.739930,13161.000000,43.000000,2794.000000,3.000000,3400.000000,720.000000,3673.000000,423.000000,208.000000,4307.000000,4496.000000,1810.000000,1616.000000,737.000000,4307.000000,NSW,0.000000,8.931100,1473.614672,0.852798,0.098212,0.048293,0.042037,0.795449,0.171117,0.000000,0.345484,4307.000000
2088,1,1.441370,1.809110,28329.000000,45.000000,2892.000000,2.300000,3870.000000,590.000000,4028.000000,1389.000000,6001.000000,11544.000000,13019.000000,4422.000000,2980.000000,3822.000000,11544.000000,NSW,0.000000,8.650300,3274.915321,0.348926,0.120322,0.519837,0.113296,0.641199,0.331081,0.000000,0.121708,11544.000000
2090,1,1.619660,1.669120,13533.000000,41.000000,2537.000000,2.100000,3153.000000,600.000000,1018.000000,641.000000,4496.000000,6169.000000,6992.000000,1890.000000,1382.000000,2778.000000,6169.000000,NSW,0.000000,2.065400,6552.241697,0.165019,0.103907,0.728805,0.117706,0.530394,0.450316,0.000000,0.059005,6169.000000
2092,1,2.022100,2.074800,7384.000000,42.000000,4184.000000,3.100000,4333.000000,875.000000,1964.000000,182.000000,116.000000,2267.000000,2395.000000,876.000000,988.000000,367.000000,2267.000000,NSW,0.000000,3.107900,2375.880820,0.866343,0.080282,0.051169,0.053445,0.822232,0.161888,0.000000,0.340097,2267.000000
2093,1,2.035400,2.296530,23555.000000,40.000000,2954.000000,2.700000,3467.000000,600.000000,4499.000000,934.000000,2882.000000,8394.000000,8899.000000,2854.000000,3117.000000,2277.000000,8394.000000,NSW,0.000000,7.529000,3128.569531,0.535978,0.111270,0.343340,0.056748,0.711341,0.271265,0.000000,0.229330,8394.000000
2095,1,1.082230,1.341130,16296.000000,38.000000,3164.000000,2.200000,3467.000000,725.000000,790.000000,799.000000,5352.000000,6973.000000,8337.000000,1950.000000,1265.000000,3585.000000,6973.000000,NSW,0.000000,5.566800,2927.355033,0.113294,0.114585,0.767532,0.163608,0.461064,0.514126,0.000000,0.080310,6973.000000
2096,1,1.405180,1.587210,14955.000000,37.000000,2901.000000,2.500000,3207.000000,620.000000,2304.000000,265.000000,3215.000000,5811.000000,6325.000000,1649.000000,1883.000000,2149.000000,5811.000000,NSW,0.000000,3.453200,4330.765667,0.396489,0.045603,0.553261,0.081265,0.607813,0.369816,0.000000,0.176734,5811.000000
2097,1,2.153840,2.198160,15991.000000,41.000000,2702.000000,2.800000,3033.000000,623.000000,3510.000000,184.000000,1695.000000,5413.000000,5730.000000,1978.000000,2085.000000,1216.000000,5413.000000,NSW,0.000000,4.750800,3365.959417,0.648439,0.033992,0.313135,0.055323,0.750600,0.224644,0.000000,0.261592,5413.000000
2099,1,2.212240,2.289020,42917.000000,38.000000,2187.000000,2.500000,2700.000000,550.000000,6505.000000,1063.000000,8681.000000,16318.000000,17471.000000,4282.000000,5259.000000,6070.000000,16318.000000,NSW,0.000000,18.714900,2293.199536,0.398640,0.065143,0.531989,0.065995,0.584692,0.371982,0.000000,0.156698,16318.000000
2100,1,2.163510,2.325950,21973.000000,40.000000,2719.000000,2.900000,3142.000000,600.000000,5318.000000,511.000000,1351.000000,7211.000000,7546.000000,2311.000000,3039.000000,1680.000000,7211.000000,NSW,0.000000,13.469800,1631.278861,0.737484,0.070864,0.187353,0.044394,0.741922,0.232977,0.000000,0.312717,7211.000000
2101,0,0.951930,1.415100,19885.000000,43.000000,2231.000000,2.500000,3000.000000,600.000000,3920.000000,755.000000,2595.000000,7328.000000,7807.000000,2496.000000,2333.000000,1997.000000,7328.000000,NSW,0.000000,26.669400,745.611075,0.534934,0.103029,0.354121,0.061355,0.658979,0.272516,0.000000,0.195961,7328.000000
2102,0,-0.057440,1.085630,8379.000000,41.000000,2598.000000,2.900000,3077.000000,750.000000,1418.000000,681.000000,602.000000,2712.000000,2848.000000,859.000000,1252.000000,486.000000,2712.000000,NSW,0.000000,4.136000,2025.870406,0.522861,0.251106,0.221976,0.047753,0.778392,0.179204,0.000000,0.302729,2712.000000
2103,1,1.467850,1.742890,10877.000000,46.000000,2296.000000,2.600000,3033.000000,650.000000,2129.000000,636.000000,1158.000000,3974.000000,4243.000000,1792.000000,1192.000000,872.000000,3974.000000,NSW,0.000000,4.664600,2331.818377,0.535732,0.160040,0.291394,0.063399,0.750881,0.219426,0.000000,0.252894,3974.000000
2104,1,1.292250,1.323870,3807.000000,58.000000,1885.000000,2.300000,3691.000000,850.000000,878.000000,359.000000,301.000000,1544.000000,1707.000000,736.000000,378.000000,107.000000,1544.000000,NSW,0.000000,3.716300,1024.405995,0.568653,0.232513,0.194948,0.095489,0.721503,0.069301,0.000000,0.238990,1544.000000
2106,1,3.593350,3.606910,9659.000000,46.000000,2479.000000,2.600000,3000.000000,600.000000,2271.000000,274.000000,974.000000,3584.000000,3870.000000,1425.000000,1288.000000,816.000000,3584.000000,NSW,0.000000,3.811900,2533.906976,0.633650,0.076451,0.271763,0.073902,0.756975,0.227679,0.000000,0.200056,3584.000000
2107,1,1.868130,1.868130,15422.000000,47.000000,2627.000000,2.800000,3297.000000,750.000000,4616.000000,168.000000,515.000000,5316.000000,5833.000000,2434.000000,2062.000000,734.000000,5316.000000,NSW,0.000000,7.875600,1958.200010,0.868322,0.031603,0.096877,0.088634,0.845749,0.138074,0.000000,0.255643,5316.000000
2110,0,0.941900,1.336930,9846.000000,46.000000,3368.000000,2.700000,4333.000000,540.000000,2251.000000,361.000000,581.000000,3206.000000,3529.000000,1380.000000,1040.000000,663.000000,3206.000000,NSW,0.000000,4.330400,2273.692961,0.702121,0.112601,0.181223,0.091527,0.754835,0.206800,0.000000,0.222396,3206.000000
2111,1,1.604720,1.673010,15456.000000,40.000000,2315.000000,2.400000,3000.000000,460.000000,2799.000000,799.000000,2558.000000,6165.000000,6721.000000,1824.000000,1992.000000,2228.000000,6165.000000,NSW,0.000000,4.716200,3277.214707,0.454015,0.129603,0.414923,0.082726,0.618978,0.361395,0.000000,0.181184,6165.000000
2112,1,2.410200,2.630380,38026.000000,37.000000,2094.000000,2.500000,2600.000000,472.000000,6065.000000,1461.000000,6822.000000,14376.000000,15735.000000,3677.000000,4424.000000,5883.000000,14376.000000,NSW,0.000000,9.301800,4088.025973,0.421884,0.101628,0.474541,0.086368,0.563509,0.409224,0.000000,0.157415,14376.000000
2113,1,1.669570,1.998310,27637.000000,34.000000,2156.000000,2.400000,2600.000000,480.000000,3671.000000,1094.000000,5797.000000,10611.000000,12035.000000,2293.000000,2958.000000,5080.000000,10611.000000,NSW,0.000000,13.215900,2091.193184,0.345962,0.103101,0.546320,0.118322,0.494864,0.478748,0.000000,0.148619,10611.000000
2114,1,1.633510,1.691650,25267.000000,37.000000,2089.000000,2.500000,2480.000000,430.000000,3877.000000,840.000000,5041.000000,9823.000000,10745.000000,2524.000000,2939.000000,4128.000000,9823.000000,NSW,0.000000,7.363900,3431.198142,0.394686,0.085514,0.513183,0.085807,0.556144,0.420238,0.000000,0.147816,9823.000000
2115,1,1.250890,1.715310,12686.000000,37.000000,1993.000000,2.800000,2600.000000,420.000000,2579.000000,904.000000,767.000000,4274.000000,4590.000000,937.000000,1414.000000,1828.000000,4274.000000,NSW,0.000000,3.934700,3224.133987,0.603416,0.211511,0.179457,0.068845,0.550070,0.427702,0.000000,0.227188,4274.000000
2116,1,3.155780,3.155780,7274.000000,37.000000,1871.000000,2.800000,2500.000000,430.000000,1339.000000,822.000000,348.000000,2524.000000,2703.000000,554.000000,862.000000,1057.000000,2524.000000,NSW,0.000000,3.797500,1915.470704,0.530507,0.325674,0.137876,0.066223,0.561014,0.418780,0.000000,0.217908,2524.000000
2117,1,2.116830,2.137890,22185.000000,39.000000,1861.000000,2.800000,2600.000000,417.000000,4018.000000,2529.000000,999.000000,7568.000000,8264.000000,2000.000000,2613.000000,2736.000000,7568.000000,NSW,0.000000,7.126800,3112.897794,0.530920,0.334170,0.132003,0.084221,0.609540,0.361522,0.000000,0.223573,7568.000000
2118,1,2.196290,2.361720,27888.000000,38.000000,2084.000000,3.000000,2500.000000,500.000000,5243.000000,1120.000000,2676.000000,9049.000000,9866.000000,2746.000000,3053.000000,2974.000000,9049.000000,NSW,0.000000,8.506800,3278.318522,0.579401,0.123771,0.295723,0.082810,0.640844,0.328655,0.000000,0.273400,9049.000000
2119,1,2.243770,2.400280,12458.000000,44.000000,3070.000000,3.000000,3467.000000,600.000000,3402.000000,201.000000,440.000000,4058.000000,4254.000000,1814.000000,1529.000000,637.000000,4058.000000,NSW,0.000000,6.740700,1848.176005,0.838344,0.049532,0.108428,0.046074,0.823805,0.156974,0.000000,0.293001,4058.000000
2120,1,1.666620,1.801510,20988.000000,42.000000,2643.000000,2.900000,2817.000000,520.000000,5648.000000,805.000000,625.000000,7092.000000,7435.000000,2602.000000,2920.000000,1413.000000,7092.000000,NSW,0.000000,13.813700,1519.361214,0.796390,0.113508,0.088127,0.046133,0.778624,0.199239,0.000000,0.296813,7092.000000
2121,1,2.403570,2.581480,34209.000000,37.000000,2304.000000,2.800000,2612.000000,500.000000,5783.000000,1092.000000,4943.000000,11837.000000,12802.000000,3489.000000,3561.000000,4495.000000,11837.000000,NSW,0.000000,9.201500,3717.763408,0.488553,0.092253,0.417589,0.075379,0.595590,0.379741,0.000000,0.204951,11837.000000
2122,1,1.549090,1.857760,31187.000000,39.000000,1944.000000,2.600000,2500.000000,460.000000,4946.000000,3376.000000,2868.000000,11255.000000,12165.000000,3368.000000,3142.000000,4290.000000,11255.000000,NSW,0.000000,9.057600,3443.185833,0.439449,0.299956,0.254820,0.074805,0.578410,0.381164,0.000000,0.193425,11255.000000
2125,1,1.980660,2.123160,16620.000000,43.000000,3078.000000,3.100000,3033.000000,641.000000,4772.000000,343.000000,147.000000,5258.000000,5443.000000,2319.000000,2187.000000,643.000000,5258.000000,NSW,0.000000,9.291600,1788.712385,0.907569,0.065234,0.027957,0.033989,0.856980,0.122290,0.000000,0.482122,5258.000000
2126,1,2.155040,2.246350,19082.000000,43.000000,2924.000000,3.100000,3000.000000,695.000000,4841.000000,1023.000000,74.000000,5942.000000,6139.000000,2347.000000,2549.000000,881.000000,5942.000000,NSW,0.000000,8.260300,2310.085590,0.814709,0.172164,0.012454,0.032090,0.823965,0.148267,0.000000,0.456244,5942.000000
2131,1,1.287530,1.491700,23012.000000,36.000000,1888.000000,2.300000,2210.000000,440.000000,2047.000000,682.000000,6474.000000,9266.000000,10368.000000,2069.000000,2114.000000,4683.000000,9266.000000,NSW,0.000000,3.414400,6739.690722,0.220915,0.073602,0.698683,0.106289,0.451435,0.505396,0.000000,0.079862,9266.000000
2132,1,1.289660,1.528270,10755.000000,42.000000,2157.000000,2.700000,2700.000000,480.000000,2032.000000,636.000000,997.000000,3691.000000,3921.000000,1279.000000,1160.000000,1087.000000,3691.000000,NSW,0.000000,2.435400,4416.112343,0.550528,0.172311,0.270116,0.058659,0.660797,0.294500,0.000000,0.178271,3691.000000
2133,1,1.573830,2.135410,10929.000000,41.000000,1843.000000,2.700000,2522.000000,410.000000,1885.000000,1110.000000,952.000000,3966.000000,4260.000000,1358.000000,1253.000000,1263.000000,3966.000000,NSW,0.000000,2.550300,4285.378191,0.475290,0.279879,0.240040,0.069014,0.658346,0.318457,0.000000,0.165406,3966.000000
2134,1,1.195630,1.536390,18224.000000,32.000000,1671.000000,2.500000,2449.000000,500.000000,1427.000000,629.000000,4536.000000,6721.000000,7487.000000,1338.000000,1139.000000,3967.000000,6721.000000,NSW,0.000000,2.445600,7451.750082,0.212320,0.093587,0.674900,0.102311,0.368546,0.590240,0.000000,0.074989,6721.000000
2135,1,1.414950,1.884510,25915.000000,32.000000,2262.000000,2.800000,2765.000000,480.000000,3893.000000,394.000000,4227.000000,8581.000000,9522.000000,2463.000000,2030.000000,3768.000000,8581.000000,NSW,0.000000,6.537500,3964.053537,0.453677,0.045915,0.492600,0.098824,0.523599,0.439110,0.000000,0.172241,8581.000000
2136,1,1.617970,1.727760,7763.000000,39.000000,1943.000000,2.700000,2375.000000,460.000000,1327.000000,563.000000,826.000000,2732.000000,2908.000000,850.000000,901.000000,901.000000,2732.000000,NSW,0.000000,3.463800,2241.180207,0.485725,0.206076,0.302343,0.060523,0.640922,0.329795,0.000000,0.184846,2732.000000
2137,1,2.585770,2.653940,27726.000000,41.000000,2377.000000,2.600000,3000.000000,560.000000,4484.000000,977.000000,4659.000000,10281.000000,11190.000000,3799.000000,2911.000000,3349.000000,10281.000000,NSW,0.000000,7.355700,3769.321750,0.436144,0.095030,0.453166,0.081233,0.652660,0.325747,0.000000,0.156989,10281.000000
2138,1,1.703140,1.945460,19686.000000,34.000000,2248.000000,2.400000,2573.000000,550.000000,1848.000000,451.000000,5456.000000,7793.000000,8618.000000,1565.000000,2291.000000,3743.000000,7793.000000,NSW,0.000000,3.781100,5206.421412,0.237136,0.057872,0.700115,0.095730,0.494803,0.480303,0.000000,0.092262,7793.000000
2140,1,1.094310,1.276460,20766.000000,31.000000,2042.000000,2.600000,2119.000000,450.000000,697.000000,272.000000,6593.000000,7641.000000,8701.000000,754.000000,2201.000000,4463.000000,7641.000000,NSW,0.000000,3.748700,5539.520367,0.091218,0.035597,0.862845,0.121825,0.386729,0.584086,0.000000,0.040963,7641.000000
2141,1,1.313080,1.511980,32425.000000,34.000000,1801.000000,2.900000,2253.000000,468.000000,4690.000000,1591.000000,4186.000000,10538.000000,11627.000000,2503.000000,3185.000000,4507.000000,10538.000000,NSW,0.000000,11.935900,2716.594475,0.445056,0.150977,0.397229,0.093661,0.539761,0.427690,0.000000,0.196337,10538.000000
2142,0,0.575430,1.290290,27993.000000,31.000000,1547.000000,2.800000,2000.000000,400.000000,3348.000000,984.000000,4591.000000,8990.000000,10327.000000,1511.000000,2149.000000,4970.000000,8990.000000,NSW,0.000000,10.983300,2548.687553,0.372414,0.109455,0.510679,0.129466,0.407119,0.552836,0.000000,0.140601,8990.000000
2143,0,0.416490,0.869780,9774.000000,35.000000,1561.000000,3.100000,2167.000000,400.000000,2012.000000,206.000000,728.000000,2969.000000,3188.000000,825.000000,855.000000,1183.000000,2969.000000,NSW,0.000000,4.310400,2267.538976,0.677669,0.069384,0.245200,0.068695,0.565847,0.398451,0.000000,0.265409,2969.000000
2144,1,1.124470,1.395900,39333.000000,31.000000,1533.000000,3.300000,2000.000000,410.000000,4615.000000,1102.000000,5189.000000,10982.000000,12132.000000,2382.000000,2563.000000,5477.000000,10982.000000,NSW,0.000000,8.563700,4592.991347,0.420233,0.100346,0.472500,0.094791,0.450282,0.498725,0.000000,0.169732,10982.000000
2145,1,2.181670,2.231310,87531.000000,35.000000,2090.000000,2.900000,2239.000000,425.000000,14510.000000,5401.000000,8536.000000,28521.000000,31174.000000,6517.000000,9222.000000,11930.000000,28521.000000,NSW,0.000000,27.567100,3175.197971,0.508748,0.189369,0.299288,0.085103,0.551839,0.418288,0.000000,0.258967,28521.000000
2146,1,1.817510,2.025750,19456.000000,36.000000,2116.000000,2.900000,2167.000000,425.000000,4016.000000,1277.000000,1046.000000,6354.000000,6748.000000,1637.000000,2472.000000,2090.000000,6354.000000,NSW,0.000000,6.007700,3238.510578,0.632043,0.200976,0.164621,0.058388,0.646679,0.328927,0.000000,0.330500,6354.000000
2147,1,1.410120,1.560850,37285.000000,38.000000,1925.000000,2.800000,2209.000000,390.000000,11196.000000,847.000000,623.000000,12716.000000,13433.000000,3688.000000,4708.000000,3990.000000,12716.000000,NSW,0.000000,15.997300,2330.705807,0.880466,0.066609,0.048993,0.053376,0.660271,0.313778,0.000000,0.388566,12716.000000
2148,1,1.896100,1.896100,67483.000000,35.000000,1800.000000,2.900000,2142.000000,400.000000,15644.000000,3457.000000,2895.000000,22040.000000,23572.000000,5125.000000,7422.000000,8856.000000,22040.000000,NSW,0.000000,37.681700,1790.869308,0.709800,0.156851,0.131352,0.064992,0.569283,0.401815,0.000000,0.337432,22040.000000
2150,1,1.505260,1.546920,35254.000000,32.000000,2055.000000,2.400000,2002.000000,425.000000,1063.000000,726.000000,11650.000000,13624.000000,15639.000000,1301.000000,2400.000000,9591.000000,13624.000000,NSW,0.000000,5.868700,6007.122531,0.078024,0.053288,0.855109,0.128845,0.271653,0.703978,0.000000,0.033324,13624.000000
2151,1,2.546150,2.546150,21204.000000,38.000000,1957.000000,2.600000,2376.000000,420.000000,3489.000000,1039.000000,3142.000000,7680.000000,8339.000000,1864.000000,2358.000000,3223.000000,7680.000000,NSW,0.000000,10.733400,1975.515680,0.454297,0.135286,0.409115,0.079026,0.549740,0.419661,0.000000,0.202734,7680.000000
2152,1,1.049810,1.259660,11261.000000,39.000000,1924.000000,2.500000,2300.000000,420.000000,2131.000000,844.000000,1369.000000,4351.000000,4775.000000,1125.000000,1531.000000,1400.000000,4351.000000,NSW,0.000000,4.285700,2627.575425,0.489772,0.193978,0.314640,0.088796,0.610434,0.321765,0.000000,0.214663,4351.000000
2153,1,2.189310,2.192220,62610.000000,39.000000,2496.000000,3.000000,2759.000000,540.000000,15540.000000,2354.000000,2667.000000,20591.000000,21802.000000,6988.000000,8739.000000,4280.000000,20591.000000,NSW,0.000000,25.585200,2447.117865,0.754699,0.114322,0.129523,0.055545,0.763780,0.207858,0.000000,0.410568,20591.000000
2154,1,2.464750,2.490170,40874.000000,42.000000,2551.000000,3.000000,3000.000000,560.000000,9748.000000,1436.000000,2026.000000,13224.000000,14059.000000,4632.000000,4940.000000,3032.000000,13224.000000,NSW,0.000000,18.810200,2172.969984,0.737145,0.108590,0.153206,0.059393,0.723835,0.229280,0.000000,0.391636,13224.000000
2155,1,2.703460,2.706330,75699.000000,35.000000,3042.000000,3.300000,3000.000000,600.000000,18502.000000,1532.000000,2455.000000,22542.000000,23583.000000,4428.000000,12090.000000,5590.000000,22542.000000,NSW,0.000000,36.388000,2080.328680,0.820779,0.067962,0.108908,0.044142,0.732766,0.247982,0.000000,0.571112,22542.000000
2156,1,1.261870,1.261870,13403.000000,46.000000,2756.000000,3.100000,3200.000000,600.000000,3567.000000,567.000000,68.000000,4208.000000,4393.000000,1885.000000,1605.000000,341.000000,4208.000000,NSW,0.000000,62.954800,212.898778,0.847671,0.134743,0.016160,0.042112,0.829373,0.081036,0.000000,0.535409,4208.000000
2157,1,1.612900,1.645780,4042.000000,42.000000,2493.000000,3.200000,3000.000000,525.000000,1192.000000,9.000000,7.000000,1209.000000,1302.000000,470.000000,516.000000,182.000000,1209.000000,NSW,0.000000,148.485800,27.221458,0.985939,0.007444,0.005790,0.071429,0.815550,0.150538,0.000000,0.527709,1209.000000
2158,1,1.602290,1.602290,8937.000000,45.000000,2548.000000,3.000000,3074.000000,600.000000,2301.000000,230.000000,196.000000,2794.000000,2968.000000,1265.000000,1013.000000,394.000000,2794.000000,NSW,0.000000,41.794800,213.830429,0.823550,0.082319,0.070150,0.058625,0.815319,0.141016,0.000000,0.410880,2794.000000
2159,1,1.078360,1.432030,5148.000000,46.000000,2400.000000,2.900000,2817.000000,480.000000,1473.000000,71.000000,100.000000,1658.000000,1740.000000,737.000000,599.000000,211.000000,1658.000000,NSW,0.000000,127.446400,40.393452,0.888420,0.042823,0.060314,0.047126,0.805790,0.127262,0.000000,0.480700,1658.000000
2160,1,1.819230,1.956690,39388.000000,33.000000,1455.000000,3.000000,2051.000000,400.000000,5937.000000,1740.000000,4355.000000,12139.000000,13326.000000,2787.000000,3234.000000,5578.000000,12139.000000,NSW,0.000000,8.434600,4669.812439,0.489085,0.143340,0.358761,0.089074,0.496005,0.459511,0.000000,0.182223,12139.000000
2161,1,1.138440,1.335610,34379.000000,32.000000,1347.000000,3.200000,2152.000000,380.000000,5925.000000,1593.000000,2194.000000,9770.000000,10674.000000,2178.000000,2872.000000,4334.000000,9770.000000,NSW,0.000000,11.212200,3066.213589,0.606448,0.163050,0.224565,0.084692,0.516888,0.443603,0.000000,0.245138,9770.000000
2162,0,0.854240,1.188940,20306.000000,34.000000,1404.000000,3.200000,2167.000000,400.000000,4194.000000,802.000000,760.000000,5787.000000,6184.000000,1609.000000,1714.000000,2207.000000,5787.000000,NSW,0.000000,5.790800,3506.596671,0.724728,0.138586,0.131329,0.064198,0.574218,0.381372,0.000000,0.274408,5787.000000
2163,1,1.230070,1.470010,10544.000000,36.000000,993.000000,2.800000,1920.000000,250.000000,1925.000000,177.000000,996.000000,3160.000000,3480.000000,583.000000,727.000000,1704.000000,3160.000000,NSW,0.000000,6.353300,1659.609966,0.609177,0.056013,0.315190,0.091954,0.414557,0.539241,0.000000,0.216139,3160.000000
2164,0,0.922750,0.988770,21273.000000,38.000000,1401.000000,3.100000,2167.000000,420.000000,5274.000000,662.000000,456.000000,6473.000000,6823.000000,2066.000000,1856.000000,2346.000000,6473.000000,NSW,0.000000,20.515900,1036.903085,0.814769,0.102271,0.070446,0.051297,0.605901,0.362429,0.000000,0.415109,6473.000000
2165,1,1.216370,1.300120,45046.000000,38.000000,1225.000000,3.200000,1950.000000,400.000000,7859.000000,2064.000000,3299.000000,13296.000000,14207.000000,3394.000000,2989.000000,6457.000000,13296.000000,NSW,0.000000,11.120000,4050.899281,0.591080,0.155235,0.248120,0.064123,0.480069,0.485635,0.000000,0.255490,13296.000000
2166,1,1.143160,1.232370,54184.000000,39.000000,1325.000000,3.200000,1733.000000,350.000000,9230.000000,2836.000000,3609.000000,15757.000000,16836.000000,4618.000000,3877.000000,6608.000000,15757.000000,NSW,0.000000,15.254300,3552.047619,0.585771,0.179983,0.229041,0.064089,0.539125,0.419369,0.000000,0.276131,15757.000000
2167,1,1.084290,1.147280,10536.000000,36.000000,2070.000000,3.000000,2167.000000,420.000000,2233.000000,907.000000,75.000000,3228.000000,3378.000000,715.000000,1336.000000,1093.000000,3228.000000,NSW,0.000000,6.994600,1506.304864,0.691760,0.280979,0.023234,0.044405,0.635378,0.338600,0.000000,0.434015,3228.000000
2168,1,1.668070,1.732910,45023.000000,35.000000,1387.000000,3.300000,2000.000000,350.000000,10504.000000,1243.000000,1143.000000,12916.000000,13703.000000,3196.000000,4164.000000,5111.000000,12916.000000,NSW,0.000000,12.868400,3498.725560,0.813255,0.096237,0.088495,0.057433,0.569836,0.395711,0.000000,0.370548,12916.000000
2170,1,1.780290,1.796130,114479.000000,35.000000,1566.000000,2.900000,2165.000000,395.000000,21382.000000,4796.000000,9791.000000,36089.000000,39025.000000,8238.000000,11968.000000,14622.000000,36089.000000,NSW,0.000000,54.319000,2107.531435,0.592480,0.132894,0.271302,0.075234,0.559894,0.405165,0.000000,0.317853,36089.000000
2171,1,1.721240,1.763350,38882.000000,33.000000,2379.000000,3.600000,2383.000000,530.000000,9630.000000,613.000000,55.000000,10309.000000,10560.000000,2336.000000,5744.000000,2004.000000,10309.000000,NSW,0.000000,21.533100,1805.685201,0.934135,0.059463,0.005335,0.023769,0.783781,0.194393,0.000000,0.522650,10309.000000
2172,0,-0.212680,0.844440,2892.000000,38.000000,3185.000000,3.200000,2708.000000,369.000000,829.000000,36.000000,10.000000,879.000000,897.000000,288.000000,426.000000,143.000000,879.000000,NSW,0.000000,3.678700,786.147280,0.943117,0.040956,0.011377,0.020067,0.812287,0.162685,0.000000,0.576792,879.000000
2173,1,1.413810,1.703940,14544.000000,33.000000,2495.000000,3.200000,2200.000000,500.000000,3949.000000,363.000000,14.000000,4329.000000,4469.000000,1012.000000,1934.000000,1325.000000,4329.000000,NSW,0.000000,192.868300,75.408971,0.912220,0.083853,0.003234,0.031327,0.680527,0.306075,0.000000,0.437052,4329.000000
2176,1,1.490960,1.615700,50022.000000,41.000000,1664.000000,3.300000,2167.000000,460.000000,12986.000000,968.000000,379.000000,14360.000000,14822.000000,5795.000000,4400.000000,3763.000000,14360.000000,NSW,0.000000,19.846800,2520.406312,0.904318,0.067409,0.026393,0.031170,0.709958,0.262047,0.000000,0.414485,14360.000000
2177,1,1.460670,1.761490,17154.000000,38.000000,1571.000000,3.300000,2000.000000,400.000000,4018.000000,624.000000,205.000000,4862.000000,5073.000000,1508.000000,1561.000000,1644.000000,4862.000000,NSW,0.000000,5.195900,3301.449220,0.826409,0.128342,0.042164,0.041593,0.631222,0.338132,0.000000,0.417935,4862.000000
2178,0,0.654450,0.753500,4170.000000,43.000000,2214.000000,3.400000,2200.000000,470.000000,1071.000000,21.000000,27.000000,1126.000000,1182.000000,536.000000,301.000000,220.000000,1126.000000,NSW,0.000000,54.324100,76.761511,0.951155,0.018650,0.023979,0.047377,0.743339,0.195382,0.000000,0.494671,1126.000000
2179,1,6.820550,7.168200,16262.000000,32.000000,2224.000000,3.200000,2600.000000,540.000000,4492.000000,140.000000,56.000000,4861.000000,5176.000000,977.000000,2439.000000,1253.000000,4861.000000,NSW,0.000000,36.530000,445.168355,0.924090,0.028801,0.011520,0.060858,0.702736,0.257766,0.000000,0.867928,4861.000000
2190,0,0.476070,1.110660,27559.000000,34.000000,1453.000000,3.400000,2300.000000,420.000000,4804.000000,2139.000000,500.000000,7478.000000,8022.000000,2261.000000,2476.000000,2413.000000,7478.000000,NSW,0.000000,9.777200,2818.700650,0.642418,0.286039,0.066863,0.067814,0.633458,0.322680,0.000000,0.265980,7478.000000
2191,1,1.206400,1.350990,6555.000000,40.000000,1727.000000,2.900000,2500.000000,460.000000,1460.000000,517.000000,195.000000,2184.000000,2325.000000,697.000000,748.000000,662.000000,2184.000000,NSW,0.000000,1.782600,3677.213060,0.668498,0.236722,0.089286,0.060645,0.661630,0.303114,0.000000,0.184524,2184.000000
2192,1,1.167390,1.519420,13781.000000,38.000000,1456.000000,2.600000,2156.000000,380.000000,2085.000000,453.000000,2195.000000,4760.000000,5217.000000,1262.000000,1259.000000,2049.000000,4760.000000,NSW,0.000000,2.731000,5046.136946,0.438025,0.095168,0.461134,0.087598,0.529622,0.430462,0.000000,0.127311,4760.000000
2193,1,1.118580,1.361220,17778.000000,37.000000,2022.000000,2.500000,2403.000000,470.000000,3097.000000,563.000000,2894.000000,6667.000000,7293.000000,2003.000000,2042.000000,2501.000000,6667.000000,NSW,0.000000,4.196300,4236.589376,0.464527,0.084446,0.434078,0.085836,0.606720,0.375131,0.000000,0.155542,6667.000000
2194,0,0.875610,1.452510,26132.000000,36.000000,1497.000000,2.600000,2000.000000,400.000000,1970.000000,962.000000,6074.000000,9058.000000,9974.000000,1843.000000,2099.000000,4783.000000,9058.000000,NSW,0.000000,3.373400,7746.487224,0.217487,0.106204,0.670567,0.091839,0.435195,0.528042,0.000000,0.072643,9058.000000
2195,0,0.354690,1.193600,27103.000000,32.000000,1234.000000,3.100000,1700.000000,350.000000,2146.000000,362.000000,5460.000000,8013.000000,8849.000000,1603.000000,1592.000000,4553.000000,8013.000000,NSW,0.000000,3.548800,7637.229486,0.267815,0.045177,0.681393,0.094474,0.398727,0.568202,0.000000,0.095595,8013.000000
2196,1,1.718700,1.825420,33743.000000,35.000000,1479.000000,3.100000,2167.000000,400.000000,5848.000000,1762.000000,2288.000000,10006.000000,10858.000000,2889.000000,3224.000000,3534.000000,10006.000000,NSW,0.000000,7.067900,4774.119611,0.584449,0.176094,0.228663,0.078467,0.610933,0.353188,0.000000,0.210374,10006.000000
2197,0,0.795190,0.979450,10121.000000,34.000000,1409.000000,3.300000,2383.000000,450.000000,1975.000000,558.000000,202.000000,2754.000000,2948.000000,825.000000,900.000000,911.000000,2754.000000,NSW,0.000000,2.928600,3455.917503,0.717139,0.202614,0.073348,0.065807,0.626362,0.330792,0.000000,0.315904,2754.000000
2198,1,1.019380,1.134220,9843.000000,36.000000,1779.000000,3.200000,2500.000000,520.000000,2343.000000,297.000000,81.000000,2739.000000,2844.000000,1077.000000,1040.000000,520.000000,2739.000000,NSW,0.000000,3.323300,2961.815063,0.855422,0.108434,0.029573,0.036920,0.772910,0.189850,0.000000,0.296459,2739.000000
2199,1,1.174080,1.334660,19651.000000,34.000000,1438.000000,3.200000,2167.000000,400.000000,3682.000000,860.000000,1131.000000,5700.000000,6079.000000,1561.000000,1751.000000,2137.000000,5700.000000,NSW,0.000000,4.618100,4255.213183,0.645965,0.150877,0.198421,0.062346,0.581053,0.374912,0.000000,0.241930,5700.000000
2200,0,0.713450,0.970100,48003.000000,34.000000,1392.000000,3.000000,1973.000000,410.000000,5618.000000,2202.000000,6485.000000,14480.000000,15873.000000,3535.000000,3895.000000,6511.000000,14480.000000,NSW,0.000000,13.979200,3433.887490,0.387983,0.152072,0.447859,0.087759,0.513122,0.449655,0.000000,0.174378,14480.000000
2203,1,1.367780,1.534910,13946.000000,38.000000,2096.000000,2.200000,2500.000000,470.000000,1722.000000,650.000000,3420.000000,5990.000000,6616.000000,1496.000000,1633.000000,2759.000000,5990.000000,NSW,0.000000,2.092900,6663.481294,0.287479,0.108514,0.570952,0.094619,0.522371,0.460601,0.000000,0.118531,5990.000000
2204,1,1.121150,1.353520,26567.000000,37.000000,2166.000000,2.300000,2600.000000,480.000000,3400.000000,1941.000000,5014.000000,10610.000000,11658.000000,2517.000000,2910.000000,4950.000000,10610.000000,NSW,0.000000,5.790400,4588.111357,0.320452,0.182941,0.472573,0.089895,0.511499,0.466541,0.000000,0.145052,10610.000000
2205,1,1.466530,1.695190,25338.000000,32.000000,2117.000000,2.500000,2383.000000,520.000000,2063.000000,513.000000,6874.000000,9524.000000,10637.000000,1488.000000,2823.000000,4902.000000,9524.000000,NSW,0.000000,4.244000,5970.311027,0.216611,0.053864,0.721756,0.104635,0.452646,0.514700,0.000000,0.072659,9524.000000
2206,1,2.089060,2.089060,19730.000000,44.000000,2139.000000,2.800000,2800.000000,550.000000,5328.000000,606.000000,726.000000,6666.000000,7104.000000,2919.000000,2177.000000,1397.000000,6666.000000,NSW,0.000000,5.978600,3300.103703,0.799280,0.090909,0.108911,0.061655,0.764476,0.209571,0.000000,0.231473,6666.000000
2207,1,2.103740,2.103740,28382.000000,40.000000,1938.000000,2.800000,2421.000000,480.000000,5640.000000,2058.000000,1564.000000,9367.000000,10025.000000,3496.000000,3246.000000,2364.000000,9367.000000,NSW,0.000000,7.185200,3950.064020,0.602114,0.219707,0.166969,0.065636,0.719761,0.252375,0.000000,0.194513,9367.000000
2208,1,1.843700,1.972790,12881.000000,42.000000,1898.000000,2.900000,2600.000000,500.000000,3520.000000,343.000000,380.000000,4292.000000,4559.000000,1755.000000,1307.000000,1108.000000,4292.000000,NSW,0.000000,4.459000,2888.764297,0.820130,0.079916,0.088537,0.058565,0.713420,0.258155,0.000000,0.247670,4292.000000
2209,1,2.015170,2.139730,15825.000000,40.000000,1697.000000,2.800000,2300.000000,420.000000,3333.000000,945.000000,1148.000000,5474.000000,5842.000000,1810.000000,1594.000000,1906.000000,5474.000000,NSW,0.000000,4.250200,3723.354195,0.608878,0.172634,0.209719,0.062992,0.621849,0.348191,0.000000,0.243149,5474.000000
2210,1,1.416920,1.626050,33262.000000,41.000000,1691.000000,2.700000,2500.000000,370.000000,6688.000000,1795.000000,3097.000000,11674.000000,12433.000000,3569.000000,3752.000000,3997.000000,11674.000000,NSW,0.000000,11.096300,2997.575768,0.572897,0.153760,0.265290,0.061047,0.627120,0.342385,0.000000,0.236251,11674.000000
2211,1,1.777700,2.229530,17610.000000,40.000000,1898.000000,2.800000,2443.000000,470.000000,4143.000000,1422.000000,455.000000,6037.000000,6372.000000,2019.000000,2054.000000,1729.000000,6037.000000,NSW,0.000000,7.332300,2401.702058,0.686268,0.235547,0.075369,0.052574,0.674673,0.286401,0.000000,0.278450,6037.000000
2212,1,1.583270,2.017910,17184.000000,38.000000,1941.000000,2.900000,2500.000000,460.000000,3577.000000,1614.000000,357.000000,5588.000000,5920.000000,1661.000000,1871.000000,1906.000000,5588.000000,NSW,0.000000,6.408800,2681.313194,0.640122,0.288833,0.063887,0.056081,0.632069,0.341088,0.000000,0.294560,5588.000000
2213,1,2.399950,2.539610,23290.000000,39.000000,2116.000000,2.900000,2600.000000,470.000000,5553.000000,1874.000000,356.000000,7844.000000,8256.000000,2616.000000,3006.000000,2049.000000,7844.000000,NSW,0.000000,10.036900,2320.437585,0.707930,0.238909,0.045385,0.049903,0.716726,0.261219,0.000000,0.317185,7844.000000
2214,0,0.346560,1.024350,4074.000000,39.000000,2117.000000,3.000000,2600.000000,538.000000,1254.000000,70.000000,3.000000,1330.000000,1371.000000,556.000000,606.000000,146.000000,1330.000000,NSW,0.000000,5.371100,758.503845,0.942857,0.052632,0.002256,0.029905,0.873684,0.109774,0.000000,0.496241,1330.000000
2216,0,0.475560,1.452770,28027.000000,37.000000,1792.000000,2.500000,2218.000000,460.000000,3528.000000,706.000000,6126.000000,10516.000000,11640.000000,2907.000000,2842.000000,4439.000000,10516.000000,NSW,0.000000,5.596200,5008.219863,0.335489,0.067136,0.582541,0.096564,0.546691,0.422119,0.000000,0.099372,10516.000000
2217,1,1.239940,1.399170,28673.000000,38.000000,1900.000000,2.500000,2333.000000,460.000000,3690.000000,1180.000000,5701.000000,10663.000000,11792.000000,3082.000000,3043.000000,4237.000000,10663.000000,NSW,0.000000,6.248700,4588.634436,0.346056,0.110663,0.534653,0.095743,0.574416,0.397355,0.000000,0.112726,10663.000000
2218,1,1.355440,1.788460,16182.000000,37.000000,1833.000000,2.600000,2167.000000,440.000000,2159.000000,321.000000,3289.000000,5853.000000,6344.000000,1701.000000,1618.000000,2358.000000,5853.000000,NSW,0.000000,2.661500,6080.030058,0.368871,0.054844,0.561934,0.077396,0.567060,0.402870,0.000000,0.125577,5853.000000
2219,0,0.771670,1.066240,13771.000000,45.000000,1856.000000,2.400000,2600.000000,500.000000,2433.000000,1393.000000,1488.000000,5351.000000,5754.000000,2097.000000,1581.000000,1509.000000,5351.000000,NSW,0.000000,3.780700,3642.447166,0.454681,0.260325,0.278079,0.070038,0.687348,0.282003,0.000000,0.162400,5351.000000
2220,1,2.284160,2.402720,33761.000000,34.000000,1841.000000,2.900000,2200.000000,470.000000,3874.000000,932.000000,6491.000000,11338.000000,12436.000000,2881.000000,2967.000000,5114.000000,11338.000000,NSW,0.000000,5.144000,6563.180404,0.341683,0.082201,0.572500,0.088292,0.515788,0.451050,0.000000,0.132387,11338.000000
2221,1,2.183370,2.258780,17065.000000,42.000000,2261.000000,3.000000,3000.000000,520.000000,4124.000000,712.000000,620.000000,5472.000000,5837.000000,2304.000000,2019.000000,1000.000000,5472.000000,NSW,0.000000,5.379600,3172.168934,0.753655,0.130117,0.113304,0.062532,0.790022,0.182749,0.000000,0.260599,5472.000000
2222,1,2.705260,2.708830,12660.000000,38.000000,1840.000000,2.600000,2168.000000,400.000000,1880.000000,609.000000,2090.000000,4599.000000,4903.000000,1390.000000,1401.000000,1691.000000,4599.000000,NSW,0.000000,2.545700,4973.091880,0.408785,0.132420,0.454447,0.062003,0.606871,0.367689,0.000000,0.138726,4599.000000
2223,1,1.533270,1.827820,21403.000000,40.000000,2229.000000,2.700000,2600.000000,440.000000,4331.000000,1061.000000,2229.000000,7679.000000,8188.000000,2868.000000,2442.000000,2207.000000,7679.000000,NSW,0.000000,7.253000,2950.916862,0.564006,0.138169,0.290272,0.062164,0.691496,0.287407,0.000000,0.222815,7679.000000
2224,1,1.874840,1.955130,14559.000000,45.000000,2085.000000,2.700000,2817.000000,550.000000,3360.000000,1164.000000,589.000000,5136.000000,5542.000000,2146.000000,1814.000000,978.000000,5136.000000,NSW,0.000000,4.688200,3105.456252,0.654206,0.226636,0.114681,0.073259,0.771028,0.190421,0.000000,0.230724,5136.000000
2225,1,2.195340,2.607290,5560.000000,40.000000,3204.000000,3.100000,3165.000000,655.000000,1436.000000,268.000000,37.000000,1750.000000,1811.000000,690.000000,889.000000,143.000000,1750.000000,NSW,0.000000,2.102200,2644.848254,0.820571,0.153143,0.021143,0.033683,0.902286,0.081714,0.000000,0.332571,1750.000000
2226,1,1.928200,1.956190,13054.000000,40.000000,2569.000000,2.800000,2800.000000,460.000000,3164.000000,762.000000,575.000000,4515.000000,4743.000000,1575.000000,1977.000000,895.000000,4515.000000,NSW,0.000000,5.222200,2499.712765,0.700775,0.168771,0.127353,0.048071,0.786711,0.198228,0.000000,0.306977,4515.000000
2227,1,2.006080,2.232050,15364.000000,40.000000,2338.000000,2.700000,2817.000000,525.000000,3469.000000,940.000000,1047.000000,5477.000000,5746.000000,2046.000000,2146.000000,1201.000000,5477.000000,NSW,0.000000,4.597600,3341.743518,0.633376,0.171627,0.191163,0.046815,0.765383,0.219281,0.000000,0.221472,5477.000000
2228,1,2.913330,2.999400,21001.000000,40.000000,2009.000000,2.500000,2600.000000,490.000000,3686.000000,1274.000000,2945.000000,7990.000000,8564.000000,2454.000000,2696.000000,2486.000000,7990.000000,NSW,0.000000,5.946400,3531.716669,0.461327,0.159449,0.368586,0.067025,0.644556,0.311139,0.000000,0.179599,7990.000000
2229,1,1.492440,1.780140,30943.000000,41.000000,2235.000000,2.600000,3000.000000,500.000000,6126.000000,2622.000000,2622.000000,11383.000000,12138.000000,4211.000000,4151.000000,2654.000000,11383.000000,NSW,0.000000,10.780500,2870.275034,0.538171,0.230343,0.230343,0.062201,0.734604,0.233155,0.000000,0.219011,11383.000000
2230,1,2.378020,2.488150,30690.000000,42.000000,2199.000000,2.300000,2600.000000,500.000000,4895.000000,953.000000,6662.000000,12608.000000,14055.000000,4442.000000,3777.000000,4151.000000,12608.000000,NSW,0.000000,9.044900,3393.072339,0.388246,0.075587,0.528395,0.102953,0.651888,0.329235,0.000000,0.173779,12608.000000
2232,1,1.410530,1.601650,35304.000000,39.000000,2157.000000,2.500000,2500.000000,460.000000,6914.000000,1673.000000,4905.000000,13544.000000,14498.000000,4240.000000,5176.000000,3762.000000,13544.000000,NSW,0.000000,153.569300,229.889698,0.510484,0.123523,0.362153,0.065802,0.695216,0.277761,0.000000,0.208063,13544.000000
2233,1,1.480360,1.631860,29960.000000,40.000000,2385.000000,2.900000,2600.000000,500.000000,8251.000000,759.000000,1046.000000,10120.000000,10481.000000,3961.000000,4750.000000,1168.000000,10120.000000,NSW,0.000000,40.831000,733.756215,0.815316,0.075000,0.103360,0.034443,0.860771,0.115415,0.000000,0.345158,10120.000000
2234,1,2.312460,2.383500,30648.000000,41.000000,2743.000000,3.100000,2700.000000,600.000000,8425.000000,1123.000000,222.000000,9779.000000,10054.000000,4238.000000,4466.000000,946.000000,9779.000000,NSW,0.000000,39.724800,771.507975,0.861540,0.114838,0.022702,0.027352,0.890071,0.096738,0.000000,0.442479,9779.000000
2250,1,1.604450,1.604450,71168.000000,41.000000,1630.000000,2.500000,2000.000000,400.000000,18857.000000,3763.000000,4350.000000,27093.000000,29012.000000,8066.000000,9573.000000,8113.000000,27093.000000,NSW,0.000000,691.634200,102.898324,0.696010,0.138892,0.160558,0.066145,0.651054,0.299450,0.000000,0.339350,27093.000000
2251,1,1.926680,2.043490,33721.000000,46.000000,1717.000000,2.600000,2167.000000,450.000000,10443.000000,1310.000000,691.000000,12605.000000,14431.000000,4964.000000,4722.000000,2090.000000,12605.000000,NSW,0.000000,43.544400,774.404975,0.828481,0.103927,0.054820,0.126533,0.768425,0.165807,0.000000,0.386831,12605.000000
2256,1,1.486590,1.570770,16039.000000,48.000000,1293.000000,2.200000,2000.000000,380.000000,4689.000000,1589.000000,394.000000,6802.000000,7821.000000,2464.000000,1802.000000,2278.000000,6802.000000,NSW,0.000000,72.764800,220.422512,0.689356,0.233608,0.057924,0.130290,0.627168,0.334901,0.000000,0.318142,6802.000000
2257,1,1.687210,1.689060,30403.000000,47.000000,1390.000000,2.300000,2140.000000,400.000000,9116.000000,2157.000000,819.000000,12410.000000,14316.000000,4828.000000,3422.000000,3716.000000,12410.000000,NSW,0.000000,29.379500,1034.837216,0.734569,0.173811,0.065995,0.133138,0.664786,0.299436,0.000000,0.315552,12410.000000
2258,0,0.826200,0.826200,5253.000000,41.000000,1960.000000,2.800000,2000.000000,400.000000,1479.000000,323.000000,9.000000,1836.000000,1930.000000,656.000000,761.000000,367.000000,1836.000000,NSW,0.000000,121.256800,43.321282,0.805556,0.175926,0.004902,0.048705,0.771786,0.199891,0.000000,0.441721,1836.000000
2259,1,1.935670,1.935670,66236.000000,41.000000,1532.000000,2.700000,1950.000000,410.000000,21224.000000,1518.000000,553.000000,23528.000000,25188.000000,8091.000000,8582.000000,6103.000000,23528.000000,NSW,0.000000,524.734800,126.227572,0.902074,0.064519,0.023504,0.065904,0.708645,0.259393,0.000000,0.527584,23528.000000
2260,1,3.151470,3.151470,25845.000000,42.000000,2161.000000,2.700000,2492.000000,510.000000,7206.000000,719.000000,1246.000000,9197.000000,10507.000000,3480.000000,3514.000000,1839.000000,9197.000000,NSW,0.000000,23.620700,1094.167404,0.783516,0.078178,0.135479,0.124679,0.760465,0.199957,0.000000,0.376318,9197.000000
2261,1,2.560510,2.560510,55129.000000,42.000000,1455.000000,2.400000,2000.000000,385.000000,15515.000000,3270.000000,2189.000000,21164.000000,24350.000000,7077.000000,7172.000000,6084.000000,21164.000000,NSW,0.000000,51.459100,1071.316832,0.733084,0.154508,0.103430,0.130842,0.673266,0.287469,0.000000,0.333491,21164.000000
2262,0,0.972150,1.137010,21411.000000,39.000000,1350.000000,2.500000,1733.000000,385.000000,7586.000000,174.000000,186.000000,8068.000000,8714.000000,2802.000000,2860.000000,2189.000000,8068.000000,NSW,0.000000,33.771700,633.992366,0.940258,0.021567,0.023054,0.074134,0.701785,0.271319,0.000000,0.419931,8068.000000
2263,1,1.138630,1.244800,24554.000000,44.000000,1157.000000,2.300000,1733.000000,350.000000,7900.000000,1017.000000,1044.000000,10010.000000,10939.000000,3427.000000,2747.000000,3504.000000,10010.000000,NSW,0.000000,22.394200,1096.444615,0.789211,0.101598,0.104296,0.084925,0.616783,0.350050,0.000000,0.365634,10010.000000
2264,1,1.621050,1.621050,16162.000000,47.000000,1344.000000,2.400000,1759.000000,395.000000,5672.000000,472.000000,108.000000,6276.000000,7004.000000,2577.000000,1763.000000,1613.000000,6276.000000,NSW,0.000000,115.194200,140.302203,0.903760,0.075207,0.017208,0.103941,0.691523,0.257011,0.000000,0.514181,6276.000000
2265,1,2.196650,2.303830,7464.000000,40.000000,1648.000000,2.700000,2072.000000,380.000000,2275.000000,256.000000,93.000000,2640.000000,2825.000000,795.000000,1069.000000,551.000000,2640.000000,NSW,0.000000,136.001800,54.881627,0.861742,0.096970,0.035227,0.065487,0.706061,0.208712,0.000000,0.701136,2640.000000
2267,1,1.579690,1.579690,2920.000000,54.000000,1339.000000,2.300000,1830.000000,340.000000,1049.000000,74.000000,55.000000,1199.000000,1359.000000,542.000000,360.000000,252.000000,1199.000000,NSW,0.000000,3.655600,798.774483,0.874896,0.061718,0.045872,0.117734,0.752294,0.210175,0.000000,0.432861,1199.000000
2278,0,0.888270,0.892160,2565.000000,39.000000,1892.000000,2.800000,1750.000000,360.000000,878.000000,4.000000,4.000000,881.000000,911.000000,311.000000,457.000000,99.000000,881.000000,NSW,0.000000,45.056800,56.928144,0.996595,0.004540,0.004540,0.032931,0.871737,0.112372,0.000000,0.597049,881.000000
2280,1,1.867680,1.867680,27183.000000,45.000000,1598.000000,2.500000,2000.000000,360.000000,8442.000000,1166.000000,780.000000,10509.000000,11094.000000,4229.000000,3689.000000,2296.000000,10509.000000,NSW,0.000000,27.927000,973.359115,0.803311,0.110953,0.074222,0.052731,0.753449,0.218479,0.000000,0.412504,10509.000000
2281,1,2.956140,2.973720,15323.000000,49.000000,1400.000000,2.400000,2000.000000,370.000000,4966.000000,497.000000,573.000000,6081.000000,6964.000000,2714.000000,1859.000000,1287.000000,6081.000000,NSW,0.000000,30.907800,495.764823,0.816642,0.081730,0.094228,0.126795,0.752014,0.211643,0.000000,0.462588,6081.000000
2282,1,2.006560,2.015190,16146.000000,45.000000,1825.000000,2.500000,2167.000000,430.000000,4823.000000,1018.000000,339.000000,6190.000000,6481.000000,2825.000000,2108.000000,1071.000000,6190.000000,NSW,0.000000,11.226100,1438.255494,0.779160,0.164459,0.054766,0.044900,0.796931,0.173021,0.000000,0.429725,6190.000000
2283,1,1.778700,1.778700,24419.000000,47.000000,1441.000000,2.400000,1748.000000,345.000000,8256.000000,824.000000,299.000000,9425.000000,10097.000000,3803.000000,3153.000000,2186.000000,9425.000000,NSW,0.000000,59.249600,412.137803,0.875968,0.087427,0.031724,0.066554,0.738037,0.231936,0.000000,0.455703,9425.000000
2284,1,2.427620,2.459550,12612.000000,42.000000,1611.000000,2.500000,1907.000000,365.000000,4082.000000,490.000000,113.000000,4758.000000,5041.000000,1546.000000,1786.000000,1239.000000,4758.000000,NSW,0.000000,24.272600,519.598230,0.857923,0.102984,0.023749,0.056140,0.700294,0.260404,0.000000,0.491383,4758.000000
2285,1,1.920210,1.940650,33869.000000,36.000000,1859.000000,2.700000,1928.000000,400.000000,11028.000000,810.000000,433.000000,12288.000000,12775.000000,3503.000000,5432.000000,3035.000000,12288.000000,NSW,0.000000,32.391800,1045.604134,0.897461,0.065918,0.035238,0.038121,0.727132,0.246989,0.000000,0.460693,12288.000000
2286,0,0.835350,0.922350,4690.000000,37.000000,1695.000000,2.700000,1800.000000,400.000000,1646.000000,36.000000,8.000000,1699.000000,1760.000000,515.000000,798.000000,289.000000,1699.000000,NSW,0.000000,25.235300,185.850773,0.968805,0.021189,0.004709,0.034659,0.772808,0.170100,0.000000,0.462036,1699.000000
2287,1,1.751190,1.760960,40845.000000,36.000000,1746.000000,2.600000,1928.000000,400.000000,12487.000000,1885.000000,405.000000,14815.000000,15530.000000,4255.000000,5637.000000,4465.000000,14815.000000,NSW,0.000000,38.074100,1072.776507,0.842862,0.127236,0.027337,0.046040,0.667702,0.301384,0.000000,0.402767,14815.000000
2289,1,2.079500,2.142430,20257.000000,38.000000,2115.000000,2.600000,2167.000000,420.000000,6331.000000,687.000000,430.000000,7457.000000,7853.000000,2631.000000,2852.000000,1843.000000,7457.000000,NSW,0.000000,11.413000,1774.905809,0.849001,0.092128,0.057664,0.050427,0.735282,0.247150,0.000000,0.327343,7457.000000
2290,1,1.789490,1.789490,34912.000000,40.000000,1771.000000,2.500000,1993.000000,390.000000,10833.000000,1780.000000,648.000000,13282.000000,13963.000000,4847.000000,4930.000000,3206.000000,13282.000000,NSW,0.000000,35.699800,977.932649,0.815615,0.134016,0.048788,0.048772,0.736109,0.241379,0.000000,0.343548,13282.000000
2291,1,1.757750,1.967270,14279.000000,40.000000,2302.000000,2.500000,2500.000000,430.000000,3480.000000,1027.000000,966.000000,5475.000000,5942.000000,2001.000000,1671.000000,1701.000000,5475.000000,NSW,0.000000,7.194200,1984.793306,0.635616,0.187580,0.176438,0.078593,0.670685,0.310685,0.000000,0.325114,5475.000000
2292,0,-0.030440,0.847220,2622.000000,35.000000,1761.000000,2.300000,1961.000000,400.000000,811.000000,159.000000,97.000000,1078.000000,1184.000000,278.000000,345.000000,434.000000,1078.000000,NSW,0.000000,2.873000,912.634876,0.752319,0.147495,0.089981,0.089527,0.577922,0.402597,0.000000,0.322820,1078.000000
2295,1,2.391690,2.393700,8091.000000,45.000000,1481.000000,2.300000,2167.000000,430.000000,2918.000000,135.000000,169.000000,3243.000000,3473.000000,1353.000000,921.000000,874.000000,3243.000000,NSW,0.000000,11.976800,675.556075,0.899784,0.041628,0.052112,0.066225,0.701203,0.269504,0.000000,0.359544,3243.000000
2298,1,1.526520,1.543510,10141.000000,36.000000,1617.000000,2.300000,1896.000000,380.000000,2936.000000,520.000000,471.000000,3953.000000,4242.000000,933.000000,1231.000000,1661.000000,3953.000000,NSW,0.000000,4.031100,2515.690506,0.742727,0.131546,0.119150,0.068128,0.547432,0.420187,0.000000,0.253478,3953.000000
2299,1,1.226380,1.233210,11905.000000,34.000000,1486.000000,2.400000,1950.000000,370.000000,3214.000000,744.000000,548.000000,4520.000000,4814.000000,1203.000000,1197.000000,2019.000000,4520.000000,NSW,0.000000,5.231900,2275.463981,0.711062,0.164602,0.121239,0.061072,0.530973,0.446681,0.000000,0.281416,4520.000000
2300,0,0.373440,0.717010,12058.000000,38.000000,1933.000000,1.900000,2225.000000,435.000000,723.000000,1469.000000,3460.000000,5703.000000,6941.000000,1453.000000,1112.000000,3045.000000,5703.000000,NSW,0.000000,3.455700,3489.307521,0.126775,0.257584,0.606698,0.178360,0.449763,0.533930,0.000000,0.125373,5703.000000
2303,1,1.144870,1.192860,9710.000000,42.000000,1654.000000,2.200000,2167.000000,360.000000,2448.000000,711.000000,771.000000,3970.000000,4390.000000,1247.000000,949.000000,1657.000000,3970.000000,NSW,0.000000,3.040100,3193.973882,0.616625,0.179093,0.194207,0.095672,0.553149,0.417380,0.000000,0.284383,3970.000000
2304,1,1.186620,1.272770,15807.000000,37.000000,1591.000000,2.200000,1875.000000,380.000000,4842.000000,1135.000000,372.000000,6431.000000,6889.000000,1584.000000,2132.000000,2538.000000,6431.000000,NSW,0.000000,39.389100,401.303914,0.752916,0.176489,0.057845,0.066483,0.577826,0.394651,0.000000,0.293578,6431.000000
2305,1,1.422000,1.590970,13108.000000,41.000000,1992.000000,2.500000,2167.000000,400.000000,4074.000000,585.000000,346.000000,5017.000000,5304.000000,1804.000000,1747.000000,1370.000000,5017.000000,NSW,0.000000,8.894000,1473.802564,0.812039,0.116604,0.068966,0.054110,0.707794,0.273072,0.000000,0.345426,5017.000000
2307,1,1.247090,1.605510,4537.000000,33.000000,1344.000000,2.300000,1679.000000,377.000000,1301.000000,527.000000,33.000000,1866.000000,1978.000000,461.000000,577.000000,671.000000,1866.000000,NSW,0.000000,6.558200,691.805678,0.697213,0.282422,0.017685,0.056623,0.556270,0.359593,0.000000,0.322615,1866.000000
2312,0,0.022520,0.388250,1500.000000,49.000000,1266.000000,2.600000,1517.000000,330.000000,537.000000,0.000000,0.000000,541.000000,602.000000,254.000000,199.000000,71.000000,541.000000,NSW,0.000000,181.207100,8.277821,0.992606,0.000000,0.000000,0.101329,0.837338,0.131238,0.000000,0.689464,541.000000
2315,1,1.548690,1.593850,15287.000000,54.000000,1310.000000,2.200000,1887.000000,390.000000,3940.000000,1641.000000,674.000000,6297.000000,9283.000000,2871.000000,1463.000000,1681.000000,6297.000000,NSW,0.000000,32.344600,472.629125,0.625695,0.260600,0.107035,0.321663,0.688264,0.266953,0.000000,0.439257,6297.000000
2316,1,2.334770,2.404540,6577.000000,52.000000,1287.000000,2.400000,1842.000000,395.000000,2224.000000,279.000000,14.000000,2570.000000,2982.000000,1342.000000,724.000000,418.000000,2570.000000,NSW,0.000000,73.927100,88.966022,0.865370,0.108560,0.005447,0.138162,0.803891,0.162646,0.000000,0.583658,2570.000000
2317,0,0.606980,0.843370,6553.000000,57.000000,1169.000000,2.200000,1840.000000,380.000000,1695.000000,774.000000,252.000000,2828.000000,3496.000000,1381.000000,647.000000,633.000000,2828.000000,NSW,0.000000,9.734000,673.207315,0.599364,0.273692,0.089109,0.191076,0.717115,0.223833,0.000000,0.437765,2828.000000
2318,1,2.010640,2.081800,13667.000000,40.000000,1844.000000,2.800000,1950.000000,420.000000,4458.000000,156.000000,20.000000,4650.000000,4946.000000,1700.000000,1969.000000,892.000000,4650.000000,NSW,0.000000,259.524400,52.661715,0.958710,0.033548,0.004301,0.059846,0.789032,0.191828,0.000000,0.732688,4650.000000
2319,1,1.358970,1.358970,6887.000000,50.000000,1111.000000,2.300000,1517.000000,365.000000,2523.000000,212.000000,15.000000,2766.000000,3072.000000,1192.000000,790.000000,715.000000,2766.000000,NSW,0.000000,29.640600,232.350222,0.912148,0.076645,0.005423,0.099609,0.716558,0.258496,0.000000,0.507592,2766.000000
2320,1,2.126510,2.126510,39163.000000,37.000000,1807.000000,2.700000,1850.000000,373.000000,12412.000000,1121.000000,218.000000,13871.000000,14843.000000,4042.000000,5680.000000,3680.000000,13871.000000,NSW,0.000000,403.874200,96.968313,0.894817,0.080816,0.015716,0.065485,0.700887,0.265302,0.000000,0.534064,13871.000000
2321,1,2.742690,2.766890,19857.000000,34.000000,1963.000000,2.800000,1950.000000,427.000000,6253.000000,537.000000,42.000000,6972.000000,7387.000000,1960.000000,2942.000000,1767.000000,6972.000000,NSW,0.000000,361.628800,54.909897,0.896873,0.077022,0.006024,0.056180,0.703098,0.253442,0.000000,0.622490,6972.000000
2322,1,2.042380,2.077890,24373.000000,34.000000,1811.000000,2.700000,1800.000000,370.000000,8083.000000,428.000000,69.000000,8656.000000,9074.000000,2419.000000,3515.000000,2548.000000,8656.000000,NSW,0.000000,168.209100,144.897036,0.933803,0.049445,0.007971,0.046066,0.685536,0.294362,0.000000,0.584681,8656.000000
2323,1,1.420350,1.420350,26051.000000,39.000000,1541.000000,2.500000,1733.000000,350.000000,8237.000000,1306.000000,464.000000,10034.000000,10589.000000,3107.000000,3420.000000,3233.000000,10034.000000,NSW,0.000000,207.946700,125.277295,0.820909,0.130157,0.046243,0.052413,0.650488,0.322205,0.000000,0.414590,10034.000000
2324,1,1.516130,1.540650,25443.000000,47.000000,1254.000000,2.400000,1560.000000,330.000000,8427.000000,1033.000000,128.000000,9852.000000,11534.000000,3695.000000,2831.000000,2769.000000,9852.000000,NSW,0.000000,627.161100,40.568524,0.855359,0.104852,0.012992,0.145830,0.662404,0.281060,0.000000,0.569428,9852.000000
2325,1,1.677930,1.705850,31073.000000,39.000000,1360.000000,2.500000,1530.000000,320.000000,9646.000000,999.000000,142.000000,10862.000000,12075.000000,3664.000000,3769.000000,3077.000000,10862.000000,NSW,0.000000,1605.064800,19.359343,0.888050,0.091972,0.013073,0.100455,0.684312,0.283281,0.000000,0.495673,10862.000000
2326,1,1.025420,1.168160,7871.000000,38.000000,1373.000000,2.700000,1517.000000,315.000000,2685.000000,84.000000,21.000000,2804.000000,2935.000000,994.000000,1149.000000,587.000000,2804.000000,NSW,0.000000,80.906800,97.284777,0.957561,0.029957,0.007489,0.044634,0.764265,0.209344,0.000000,0.520328,2804.000000
2327,1,1.124260,1.150920,7830.000000,39.000000,1248.000000,2.400000,1430.000000,320.000000,2610.000000,347.000000,113.000000,3073.000000,3255.000000,967.000000,1055.000000,979.000000,3073.000000,NSW,0.000000,15.069400,519.596002,0.849333,0.112919,0.036772,0.055914,0.657989,0.318581,0.000000,0.387895,3073.000000
2328,0,0.193930,0.495650,2506.000000,42.000000,1473.000000,2.400000,1733.000000,280.000000,843.000000,76.000000,25.000000,967.000000,1078.000000,347.000000,322.000000,216.000000,967.000000,NSW,0.000000,1634.850800,1.532862,0.871768,0.078594,0.025853,0.102968,0.691830,0.223371,0.000000,0.439504,967.000000
2329,0,0.231670,0.315570,2138.000000,45.000000,1224.000000,2.400000,1224.000000,240.000000,739.000000,24.000000,4.000000,775.000000,965.000000,342.000000,191.000000,173.000000,775.000000,NSW,0.000000,3056.204500,0.699561,0.953548,0.030968,0.005161,0.196891,0.687742,0.223226,0.000000,0.495484,775.000000
2330,1,1.053300,1.149370,21445.000000,37.000000,1952.000000,2.600000,1820.000000,335.000000,6647.000000,609.000000,231.000000,7601.000000,8315.000000,2355.000000,3001.000000,2026.000000,7601.000000,NSW,0.000000,4730.894900,4.532969,0.874490,0.080121,0.030391,0.085869,0.704644,0.266544,0.000000,0.526904,7601.000000
2333,0,0.730430,0.856000,13795.000000,36.000000,1640.000000,2.500000,1517.000000,300.000000,4474.000000,522.000000,36.000000,5072.000000,5758.000000,1382.000000,1687.000000,1834.000000,5072.000000,NSW,0.000000,1691.390700,8.156010,0.882098,0.102918,0.007098,0.119139,0.605087,0.361593,0.000000,0.430008,5072.000000
2334,1,1.880130,2.043940,3349.000000,33.000000,1929.000000,2.800000,1755.000000,360.000000,1110.000000,42.000000,3.000000,1157.000000,1243.000000,287.000000,620.000000,229.000000,1157.000000,NSW,0.000000,20.707300,161.730404,0.959378,0.036301,0.002593,0.069187,0.783924,0.197926,0.000000,0.605013,1157.000000
2335,1,2.864930,2.865860,8124.000000,34.000000,2207.000000,2.900000,1963.000000,415.000000,2564.000000,167.000000,15.000000,2749.000000,2969.000000,710.000000,1335.000000,646.000000,2749.000000,NSW,0.000000,268.437200,30.264062,0.932703,0.060749,0.005457,0.074099,0.743907,0.234995,0.000000,0.721353,2749.000000
2336,0,0.608990,0.763220,2589.000000,42.000000,1505.000000,2.400000,1602.000000,270.000000,943.000000,42.000000,0.000000,1027.000000,1136.000000,386.000000,342.000000,236.000000,1027.000000,NSW,0.000000,888.971700,2.912354,0.918208,0.040896,0.000000,0.095951,0.708861,0.229796,0.000000,0.496592,1027.000000
2337,0,0.622900,0.727150,8060.000000,40.000000,1561.000000,2.400000,1668.000000,290.000000,2721.000000,313.000000,32.000000,3093.000000,3510.000000,1031.000000,1026.000000,805.000000,3093.000000,NSW,0.000000,3331.726800,2.419166,0.879728,0.101196,0.010346,0.118803,0.665050,0.260265,0.000000,0.415454,3093.000000
2340,1,1.184830,1.184830,52436.000000,38.000000,1468.000000,2.500000,1517.000000,300.000000,16828.000000,2077.000000,380.000000,19464.000000,21166.000000,6129.000000,6069.000000,6526.000000,19464.000000,NSW,0.000000,3352.998300,15.638541,0.864570,0.106710,0.019523,0.080412,0.626695,0.335286,0.000000,0.461519,19464.000000
2343,0,0.126610,0.437530,4858.000000,46.000000,1229.000000,2.300000,1138.000000,240.000000,1708.000000,58.000000,25.000000,1796.000000,2094.000000,762.000000,439.000000,469.000000,1796.000000,NSW,0.000000,3352.892600,1.448898,0.951002,0.032294,0.013920,0.142311,0.668708,0.261136,0.000000,0.507795,1796.000000
2346,0,0.146330,0.247570,3033.000000,48.000000,1083.000000,2.300000,1170.000000,260.000000,1135.000000,40.000000,0.000000,1196.000000,1379.000000,522.000000,319.000000,275.000000,1196.000000,NSW,0.000000,1967.802800,1.541313,0.948997,0.033445,0.000000,0.132705,0.703177,0.229933,0.000000,0.544314,1196.000000
2347,0,-0.486270,0.486270,1865.000000,55.000000,852.000000,2.000000,758.000000,187.000000,780.000000,9.000000,10.000000,807.000000,1008.000000,426.000000,160.000000,156.000000,807.000000,NSW,0.000000,3035.485100,0.614399,0.966543,0.011152,0.012392,0.199405,0.726146,0.193309,0.000000,0.498141,807.000000
2350,1,1.009580,1.086440,26911.000000,36.000000,1459.000000,2.300000,1500.000000,290.000000,8238.000000,1081.000000,455.000000,9848.000000,11039.000000,3299.000000,2756.000000,3445.000000,9848.000000,NSW,0.000000,4543.227400,5.923322,0.836515,0.109768,0.046202,0.107890,0.614846,0.349817,0.000000,0.464561,9848.000000
2352,0,0.468200,0.504640,2950.000000,40.000000,1396.000000,2.500000,1400.000000,320.000000,1062.000000,28.000000,9.000000,1094.000000,1181.000000,422.000000,401.000000,243.000000,1094.000000,NSW,0.000000,434.270800,6.792996,0.970750,0.025594,0.008227,0.073666,0.752285,0.222121,0.000000,0.500000,1094.000000
2353,0,-0.616130,0.625880,1201.000000,50.000000,1354.000000,2.400000,1484.000000,220.000000,382.000000,0.000000,28.000000,428.000000,454.000000,163.000000,172.000000,71.000000,428.000000,NSW,0.000000,198.899500,6.038225,0.892523,0.000000,0.065421,0.057269,0.782710,0.165888,0.000000,0.616822,428.000000
2354,0,-0.097380,0.319330,3484.000000,50.000000,1242.000000,2.200000,1083.000000,200.000000,1293.000000,3.000000,39.000000,1363.000000,1713.000000,639.000000,321.000000,255.000000,1363.000000,NSW,0.000000,7142.149100,0.487808,0.948643,0.002201,0.028613,0.204320,0.704329,0.187087,0.000000,0.422597,1363.000000
2357,0,0.777320,0.777320,4069.000000,50.000000,1145.000000,2.300000,1000.000000,206.000000,1368.000000,6.000000,64.000000,1454.000000,1704.000000,699.000000,356.000000,327.000000,1454.000000,NSW,0.000000,3305.541800,1.230963,0.940853,0.004127,0.044017,0.146714,0.725585,0.224897,0.000000,0.982118,1454.000000
2358,0,0.414160,0.510140,3727.000000,47.000000,1213.000000,2.300000,1300.000000,250.000000,1365.000000,52.000000,19.000000,1473.000000,1672.000000,616.000000,460.000000,323.000000,1473.000000,NSW,0.000000,1905.543300,1.955873,0.926680,0.035302,0.012899,0.119019,0.730482,0.219280,0.000000,0.538357,1473.000000
2360,0,0.382000,0.444530,14995.000000,42.000000,1212.000000,2.400000,1261.000000,270.000000,4969.000000,468.000000,61.000000,5562.000000,6133.000000,2044.000000,1608.000000,1629.000000,5562.000000,NSW,0.000000,3385.297800,4.429448,0.893384,0.084142,0.010967,0.093103,0.656598,0.292880,0.000000,0.521395,5562.000000
2361,0,-0.980180,0.980180,927.000000,52.000000,917.000000,2.200000,658.000000,185.000000,355.000000,9.000000,5.000000,370.000000,449.000000,193.000000,81.000000,63.000000,370.000000,NSW,0.000000,1963.150200,0.472200,0.959459,0.024324,0.013514,0.175947,0.740541,0.170270,0.000000,0.740541,370.000000
2365,0,0.421000,0.421000,3762.000000,45.000000,1146.000000,2.400000,1192.000000,250.000000,1304.000000,24.000000,16.000000,1372.000000,1643.000000,622.000000,331.000000,292.000000,1372.000000,NSW,0.000000,3804.668700,0.988785,0.950437,0.017493,0.011662,0.164942,0.694606,0.212828,0.000000,0.542274,1372.000000
2370,0,-0.137410,0.199790,7785.000000,48.000000,955.000000,2.200000,1083.000000,225.000000,2858.000000,158.000000,70.000000,3120.000000,3562.000000,1369.000000,764.000000,827.000000,3120.000000,NSW,0.000000,4769.422300,1.632273,0.916026,0.050641,0.022436,0.124088,0.683654,0.265064,0.000000,0.463782,3120.000000
2371,0,-0.335630,0.441980,1158.000000,57.000000,765.000000,2.000000,867.000000,163.000000,485.000000,0.000000,4.000000,498.000000,671.000000,301.000000,107.000000,56.000000,498.000000,NSW,0.000000,1900.602800,0.609280,0.973896,0.000000,0.008032,0.257824,0.819277,0.112450,0.000000,0.660643,498.000000
2372,0,-0.414540,0.414540,4789.000000,56.000000,933.000000,2.100000,1159.000000,250.000000,1935.000000,24.000000,62.000000,2054.000000,2489.000000,1084.000000,437.000000,401.000000,2054.000000,NSW,0.000000,4894.786100,0.978388,0.942064,0.011685,0.030185,0.174769,0.740506,0.195229,0.000000,0.587634,2054.000000
2380,1,1.013310,1.013310,11118.000000,37.000000,1590.000000,2.500000,1517.000000,300.000000,3591.000000,354.000000,82.000000,4050.000000,4533.000000,1313.000000,1354.000000,1205.000000,4050.000000,NSW,0.000000,2089.189700,5.321680,0.886667,0.087407,0.020247,0.106552,0.658519,0.297531,0.000000,0.516049,4050.000000
2381,0,-1.550850,1.550850,1302.000000,42.000000,1284.000000,2.500000,968.000000,250.000000,458.000000,0.000000,0.000000,460.000000,571.000000,206.000000,116.000000,97.000000,460.000000,NSW,0.000000,2052.317400,0.634405,0.995652,0.000000,0.000000,0.194396,0.700000,0.210870,0.000000,0.613043,460.000000
2388,0,0.184890,0.482070,2554.000000,40.000000,1292.000000,2.400000,1040.000000,200.000000,796.000000,57.000000,3.000000,875.000000,1042.000000,317.000000,218.000000,260.000000,875.000000,NSW,0.000000,6699.087100,0.381246,0.909714,0.065143,0.003429,0.160269,0.611429,0.297143,0.000000,0.933714,875.000000
2390,0,0.109440,0.329120,8540.000000,40.000000,1604.000000,2.500000,1454.000000,260.000000,2756.000000,314.000000,22.000000,3111.000000,3532.000000,1055.000000,984.000000,911.000000,3111.000000,NSW,0.000000,4217.107200,2.025085,0.885889,0.100932,0.007072,0.119196,0.655416,0.292832,0.000000,0.917711,3111.000000
2396,0,0.161860,0.677310,834.000000,50.000000,1033.000000,2.200000,672.000000,157.000000,289.000000,0.000000,4.000000,312.000000,338.000000,157.000000,70.000000,65.000000,312.000000,NSW,0.000000,1826.750300,0.456548,0.926282,0.000000,0.012821,0.076923,0.727564,0.208333,0.000000,1.060897,312.000000
2400,0,0.296110,0.474690,9708.000000,38.000000,1592.000000,2.400000,1300.000000,230.000000,2660.000000,409.000000,67.000000,3184.000000,3820.000000,985.000000,820.000000,1137.000000,3184.000000,NSW,0.000000,7569.008800,1.282599,0.835427,0.128455,0.021043,0.166492,0.566897,0.357098,0.000000,0.895101,3184.000000
2402,0,-0.270990,0.356190,1745.000000,49.000000,972.000000,2.200000,1000.000000,228.000000,663.000000,11.000000,10.000000,688.000000,782.000000,344.000000,158.000000,134.000000,688.000000,NSW,0.000000,1631.006400,1.069892,0.963663,0.015988,0.014535,0.120205,0.729651,0.194767,0.000000,0.687500,688.000000
2404,0,-0.335640,0.335640,1676.000000,57.000000,889.000000,2.100000,1083.000000,200.000000,679.000000,14.000000,0.000000,720.000000,872.000000,407.000000,134.000000,129.000000,720.000000,NSW,0.000000,1992.454600,0.841173,0.943056,0.019444,0.000000,0.174312,0.751389,0.179167,0.000000,0.636111,720.000000
2420,0,0.626080,0.632020,4016.000000,50.000000,1235.000000,2.300000,1600.000000,300.000000,1542.000000,46.000000,4.000000,1616.000000,1831.000000,717.000000,495.000000,327.000000,1616.000000,NSW,0.000000,1023.512800,3.923742,0.954208,0.028465,0.002475,0.117422,0.750000,0.202351,0.000000,0.527847,1616.000000
2421,1,1.448680,1.448680,2069.000000,42.000000,1867.000000,2.700000,2167.000000,300.000000,708.000000,0.000000,0.000000,713.000000,774.000000,275.000000,328.000000,75.000000,713.000000,NSW,0.000000,244.745700,8.453673,0.992987,0.000000,0.000000,0.078811,0.845722,0.105189,0.000000,0.720898,713.000000
2422,0,0.555520,0.613380,5608.000000,55.000000,1053.000000,2.200000,1300.000000,275.000000,2196.000000,82.000000,36.000000,2342.000000,2762.000000,1251.000000,492.000000,487.000000,2342.000000,NSW,0.000000,3212.591600,1.745631,0.937660,0.035013,0.015371,0.152064,0.744236,0.207942,0.000000,0.620410,2342.000000
2423,0,0.401090,0.410230,3297.000000,55.000000,1040.000000,2.300000,1300.000000,300.000000,1257.000000,8.000000,3.000000,1288.000000,1612.000000,660.000000,362.000000,201.000000,1288.000000,NSW,0.000000,1346.228400,2.449064,0.975932,0.006211,0.002329,0.200993,0.793478,0.156056,0.000000,0.687112,1288.000000
2425,0,0.953340,0.981880,2018.000000,47.000000,1366.000000,2.500000,1733.000000,310.000000,700.000000,3.000000,0.000000,717.000000,846.000000,298.000000,287.000000,92.000000,717.000000,NSW,0.000000,518.009900,3.895678,0.976290,0.004184,0.000000,0.152482,0.815900,0.128312,0.000000,0.785216,717.000000
2427,0,0.556280,0.829650,3463.000000,64.000000,889.000000,2.000000,1517.000000,340.000000,1327.000000,120.000000,74.000000,1629.000000,1961.000000,1057.000000,235.000000,296.000000,1629.000000,NSW,0.000000,39.868200,86.861208,0.814610,0.073665,0.045427,0.169301,0.793125,0.181707,0.000000,0.763659,1629.000000
2428,1,1.224980,1.261510,25187.000000,58.000000,980.000000,2.100000,1517.000000,330.000000,7378.000000,1702.000000,1742.000000,11086.000000,14388.000000,5524.000000,2245.000000,2733.000000,11086.000000,NSW,0.000000,320.940100,78.478819,0.665524,0.153527,0.157135,0.229497,0.700794,0.246527,0.000000,0.482500,11086.000000
2429,0,0.569230,0.696760,9650.000000,51.000000,1126.000000,2.400000,1387.000000,300.000000,3600.000000,94.000000,61.000000,3789.000000,4148.000000,1852.000000,1126.000000,635.000000,3789.000000,NSW,0.000000,1799.900800,5.361407,0.950119,0.024809,0.016099,0.086548,0.785959,0.167590,0.000000,0.632885,3789.000000
2430,1,1.060340,1.060340,36841.000000,49.000000,1107.000000,2.300000,1500.000000,305.000000,12220.000000,1250.000000,777.000000,14527.000000,15936.000000,6277.000000,3687.000000,3829.000000,14527.000000,NSW,0.000000,843.481600,43.677301,0.841192,0.086047,0.053487,0.088416,0.685895,0.263578,0.000000,0.552764,14527.000000
2431,1,1.504630,1.504630,5628.000000,58.000000,997.000000,2.100000,1517.000000,330.000000,2006.000000,116.000000,272.000000,2421.000000,3066.000000,1307.000000,496.000000,555.000000,2421.000000,NSW,0.000000,45.967300,122.434861,0.828583,0.047914,0.112350,0.210372,0.744734,0.229244,0.000000,0.652623,2421.000000
2439,1,2.189500,2.191020,4031.000000,54.000000,1242.000000,2.400000,1600.000000,350.000000,1534.000000,22.000000,3.000000,1566.000000,1694.000000,826.000000,432.000000,188.000000,1566.000000,NSW,0.000000,362.422900,11.122366,0.979566,0.014049,0.001916,0.075561,0.803321,0.120051,0.000000,0.825032,1566.000000
2440,0,0.958580,1.025830,23166.000000,45.000000,1126.000000,2.400000,1300.000000,295.000000,7479.000000,175.000000,368.000000,8170.000000,9100.000000,3466.000000,2347.000000,2010.000000,8170.000000,NSW,0.000000,3604.239600,6.427431,0.915422,0.021420,0.045043,0.102198,0.711506,0.246022,0.000000,0.547980,8170.000000
2441,0,0.262500,0.652720,4288.000000,50.000000,1123.000000,2.500000,1500.000000,290.000000,1554.000000,0.000000,21.000000,1595.000000,1862.000000,741.000000,517.000000,262.000000,1595.000000,NSW,0.000000,992.784900,4.319163,0.974295,0.000000,0.013166,0.143394,0.788715,0.164263,0.000000,0.778056,1595.000000
2443,0,0.352170,0.414650,8739.000000,61.000000,913.000000,2.000000,1517.000000,330.000000,2923.000000,566.000000,224.000000,3949.000000,4475.000000,2081.000000,728.000000,765.000000,3949.000000,NSW,0.000000,312.537400,27.961454,0.740187,0.143327,0.056723,0.117542,0.711319,0.193720,0.000000,0.681438,3949.000000
2444,1,1.621320,1.628890,51117.000000,47.000000,1306.000000,2.300000,1800.000000,385.000000,14082.000000,3618.000000,3012.000000,20893.000000,22966.000000,8085.000000,5331.000000,6433.000000,20893.000000,NSW,0.000000,222.449100,229.791894,0.674006,0.173168,0.144163,0.090264,0.642129,0.307902,0.000000,0.511894,20893.000000
2445,1,1.432250,1.482990,7350.000000,52.000000,1330.000000,2.400000,1842.000000,410.000000,2705.000000,109.000000,60.000000,2883.000000,3152.000000,1485.000000,824.000000,489.000000,2883.000000,NSW,0.000000,76.810600,95.689918,0.938259,0.037808,0.020812,0.085343,0.800902,0.169615,0.000000,0.709331,2883.000000
2446,1,1.193090,1.223260,15054.000000,44.000000,1347.000000,2.600000,1733.000000,350.000000,5009.000000,335.000000,47.000000,5426.000000,5732.000000,2282.000000,1806.000000,1157.000000,5426.000000,NSW,0.000000,2233.160700,6.741118,0.923148,0.061740,0.008662,0.053385,0.753410,0.213233,0.000000,0.665868,5426.000000
2447,0,0.951600,0.984580,7809.000000,50.000000,1048.000000,2.400000,1400.000000,320.000000,2774.000000,90.000000,48.000000,2998.000000,3338.000000,1507.000000,838.000000,531.000000,2998.000000,NSW,0.000000,566.644200,13.781135,0.925284,0.030020,0.016011,0.101857,0.782188,0.177118,0.000000,0.639093,2998.000000
2448,0,0.630360,0.630360,9618.000000,55.000000,931.000000,2.100000,1495.000000,297.000000,3266.000000,421.000000,334.000000,4144.000000,4580.000000,1959.000000,845.000000,1177.000000,4144.000000,NSW,0.000000,115.067600,83.585649,0.788127,0.101593,0.080598,0.095197,0.676641,0.284025,0.000000,0.547056,4144.000000
2449,0,-0.208490,0.590750,2165.000000,48.000000,965.000000,2.400000,1083.000000,250.000000,776.000000,13.000000,11.000000,815.000000,903.000000,382.000000,230.000000,160.000000,815.000000,NSW,0.000000,570.734400,3.793358,0.952147,0.015951,0.013497,0.097453,0.750920,0.196319,0.000000,0.679755,815.000000
2450,1,1.151100,1.151100,47335.000000,44.000000,1386.000000,2.400000,1733.000000,370.000000,12706.000000,2164.000000,2372.000000,17675.000000,19276.000000,6497.000000,5199.000000,5402.000000,17675.000000,NSW,0.000000,1019.718000,46.419696,0.718868,0.122433,0.134201,0.083057,0.661726,0.305629,0.000000,0.520736,17675.000000
2452,0,0.845780,0.908970,15260.000000,45.000000,1260.000000,2.300000,1603.000000,370.000000,4452.000000,967.000000,591.000000,6085.000000,6558.000000,2113.000000,1801.000000,1856.000000,6085.000000,NSW,0.000000,12.776400,1194.389656,0.731635,0.158915,0.097124,0.072126,0.643221,0.305012,0.000000,0.493837,6085.000000
2453,0,-0.490820,0.588180,2787.000000,55.000000,965.000000,2.100000,1220.000000,280.000000,1132.000000,22.000000,10.000000,1187.000000,1446.000000,655.000000,244.000000,219.000000,1187.000000,NSW,0.000000,2157.995100,1.291477,0.953665,0.018534,0.008425,0.179115,0.757372,0.184499,0.000000,0.612468,1187.000000
2454,0,0.302120,0.395470,7953.000000,47.000000,1327.000000,2.500000,1517.000000,370.000000,2740.000000,97.000000,17.000000,2914.000000,3263.000000,1330.000000,893.000000,600.000000,2914.000000,NSW,0.000000,975.604600,8.151868,0.940288,0.033288,0.005834,0.106957,0.762869,0.205903,0.000000,0.721002,2914.000000
2455,0,0.282050,0.441230,3185.000000,55.000000,1071.000000,2.200000,1647.000000,340.000000,1085.000000,77.000000,135.000000,1341.000000,1475.000000,648.000000,289.000000,363.000000,1341.000000,NSW,0.000000,48.055100,66.278085,0.809098,0.057420,0.100671,0.090847,0.698732,0.270694,0.000000,0.560030,1341.000000
2456,1,1.120810,1.120810,17141.000000,43.000000,1404.000000,2.600000,1798.000000,395.000000,5672.000000,378.000000,112.000000,6304.000000,6970.000000,2600.000000,1946.000000,1531.000000,6304.000000,NSW,0.000000,205.444300,83.433807,0.899746,0.059962,0.017766,0.095552,0.721129,0.242862,0.000000,0.604695,6304.000000
2460,0,0.752410,0.796410,31079.000000,45.000000,1165.000000,2.400000,1300.000000,300.000000,10088.000000,595.000000,631.000000,11563.000000,12595.000000,4734.000000,3520.000000,2906.000000,11563.000000,NSW,0.000000,6630.349500,4.687385,0.872438,0.051457,0.054571,0.081937,0.713829,0.251319,0.000000,0.602785,11563.000000
2462,0,0.059000,0.209190,2529.000000,53.000000,944.000000,2.300000,1200.000000,280.000000,916.000000,19.000000,20.000000,1030.000000,1400.000000,544.000000,238.000000,206.000000,1030.000000,NSW,0.000000,470.532000,5.374767,0.889320,0.018447,0.019417,0.264286,0.759223,0.200000,0.000000,0.665049,1030.000000
2463,0,0.594970,0.770180,8304.000000,52.000000,1129.000000,2.400000,1517.000000,340.000000,2958.000000,112.000000,57.000000,3215.000000,3583.000000,1581.000000,909.000000,601.000000,3215.000000,NSW,0.000000,549.292500,15.117629,0.920062,0.034837,0.017729,0.102707,0.774495,0.186936,0.000000,0.670295,3215.000000
2464,1,1.164910,1.242620,7058.000000,56.000000,1141.000000,2.100000,1608.000000,400.000000,2327.000000,487.000000,166.000000,3042.000000,3993.000000,1542.000000,599.000000,798.000000,3042.000000,NSW,0.000000,102.853300,68.622008,0.764957,0.160092,0.054569,0.238167,0.703813,0.262327,0.000000,0.676529,3042.000000
2466,1,1.345550,1.369480,1765.000000,62.000000,834.000000,1.900000,1300.000000,300.000000,613.000000,126.000000,37.000000,854.000000,1157.000000,455.000000,108.000000,256.000000,854.000000,NSW,0.000000,14.356100,122.944254,0.717799,0.147541,0.043326,0.261884,0.659251,0.299766,0.000000,0.655738,854.000000
2469,0,0.834480,0.834480,4359.000000,54.000000,847.000000,2.200000,1065.000000,240.000000,1571.000000,5.000000,9.000000,1696.000000,1991.000000,918.000000,387.000000,261.000000,1696.000000,NSW,0.000000,3813.374700,1.143082,0.926297,0.002948,0.005307,0.148167,0.769458,0.153892,0.000000,0.641509,1696.000000
2470,0,0.921080,1.021080,15477.000000,44.000000,1145.000000,2.400000,1300.000000,280.000000,5110.000000,348.000000,229.000000,5773.000000,6180.000000,2247.000000,1794.000000,1491.000000,5773.000000,NSW,0.000000,1256.515900,12.317393,0.885155,0.060281,0.039667,0.065858,0.699983,0.258271,0.000000,0.671055,5773.000000
2471,0,0.096440,0.413630,2821.000000,44.000000,1258.000000,2.600000,1517.000000,300.000000,871.000000,18.000000,4.000000,907.000000,984.000000,383.000000,338.000000,141.000000,907.000000,NSW,0.000000,442.150600,6.380179,0.960309,0.019846,0.004410,0.078252,0.794928,0.155458,0.000000,0.734289,907.000000
2472,0,0.494810,0.644740,1987.000000,45.000000,1218.000000,2.400000,1517.000000,300.000000,637.000000,22.000000,0.000000,740.000000,807.000000,284.000000,268.000000,154.000000,740.000000,NSW,0.000000,466.407600,4.260222,0.860811,0.029730,0.000000,0.083024,0.745946,0.208108,0.000000,0.795946,740.000000
2473,1,1.300700,1.419060,3203.000000,54.000000,1058.000000,2.100000,1601.000000,320.000000,828.000000,428.000000,90.000000,1390.000000,1687.000000,619.000000,244.000000,474.000000,1390.000000,NSW,0.000000,31.366000,102.116942,0.595683,0.307914,0.064748,0.176052,0.620863,0.341007,0.000000,0.712950,1390.000000
2474,0,0.663260,0.663260,6492.000000,51.000000,1003.000000,2.200000,1300.000000,280.000000,2467.000000,10.000000,87.000000,2611.000000,2972.000000,1278.000000,664.000000,521.000000,2611.000000,NSW,0.000000,1537.593900,4.222181,0.944849,0.003830,0.033321,0.121467,0.743776,0.199540,0.000000,0.736499,2611.000000
2477,0,0.937160,0.989710,12899.000000,47.000000,1451.000000,2.400000,1733.000000,390.000000,4123.000000,665.000000,143.000000,4988.000000,5295.000000,2150.000000,1466.000000,1132.000000,4988.000000,NSW,0.000000,227.642000,56.663533,0.826584,0.133320,0.028669,0.057979,0.724940,0.226945,0.000000,0.736969,4988.000000
2478,1,1.701880,1.701880,32053.000000,48.000000,1403.000000,2.300000,2000.000000,430.000000,8537.000000,3108.000000,774.000000,12824.000000,13875.000000,5191.000000,3347.000000,3635.000000,12824.000000,NSW,0.000000,185.680400,172.624574,0.665705,0.242358,0.060356,0.075748,0.665783,0.283453,0.000000,0.659389,12824.000000
2479,0,0.917990,0.993080,5780.000000,43.000000,2048.000000,2.700000,2315.000000,550.000000,1847.000000,28.000000,23.000000,1923.000000,2148.000000,760.000000,626.000000,462.000000,1923.000000,NSW,0.000000,164.570900,35.121641,0.960478,0.014561,0.011960,0.104749,0.720749,0.240250,0.000000,0.849194,1923.000000
2480,1,1.217960,1.217980,45938.000000,44.000000,1326.000000,2.400000,1517.000000,310.000000,14877.000000,1706.000000,816.000000,17725.000000,19091.000000,6701.000000,5629.000000,4752.000000,17725.000000,NSW,0.000000,1369.456500,33.544695,0.839323,0.096248,0.046037,0.071552,0.695628,0.268096,0.000000,0.679041,17725.000000
2481,0,0.754670,0.860110,13659.000000,40.000000,1792.000000,2.400000,2383.000000,600.000000,3282.000000,1003.000000,320.000000,4831.000000,6161.000000,1730.000000,1197.000000,1703.000000,4831.000000,NSW,0.000000,131.029000,104.244099,0.679362,0.207617,0.066239,0.215874,0.605879,0.352515,0.000000,0.708135,4831.000000
2482,0,0.327210,0.442140,6967.000000,46.000000,1333.000000,2.500000,1950.000000,460.000000,2229.000000,66.000000,96.000000,2439.000000,2709.000000,1002.000000,679.000000,661.000000,2439.000000,NSW,0.000000,180.268100,38.647992,0.913899,0.027060,0.039360,0.099668,0.689217,0.271013,0.000000,0.887659,2439.000000
2483,0,0.819890,0.865570,11616.000000,44.000000,1442.000000,2.400000,1898.000000,480.000000,3603.000000,273.000000,343.000000,4356.000000,4967.000000,1623.000000,1344.000000,1221.000000,4356.000000,NSW,0.000000,182.731400,63.568713,0.827135,0.062672,0.078742,0.123012,0.681129,0.280303,0.000000,0.735767,4356.000000
2484,0,0.854290,0.860120,20083.000000,47.000000,1263.000000,2.500000,1733.000000,350.000000,6393.000000,237.000000,515.000000,7250.000000,7905.000000,2962.000000,2312.000000,1622.000000,7250.000000,NSW,0.000000,972.298300,20.655184,0.881793,0.032690,0.071034,0.082859,0.727448,0.223724,0.000000,0.764552,7250.000000
2485,0,0.816720,0.825810,15349.000000,52.000000,1096.000000,2.000000,1700.000000,380.000000,2531.000000,1835.000000,2389.000000,6799.000000,7694.000000,2752.000000,1570.000000,2200.000000,6799.000000,NSW,0.000000,13.730000,1117.916970,0.372261,0.269893,0.351375,0.116324,0.635682,0.323577,0.000000,0.422562,6799.000000
2486,1,1.268510,1.268510,32838.000000,48.000000,1278.000000,2.400000,1891.000000,420.000000,8474.000000,3440.000000,784.000000,12816.000000,13602.000000,5545.000000,4074.000000,2638.000000,12816.000000,NSW,0.000000,100.378100,327.143072,0.661205,0.268414,0.061174,0.057786,0.750546,0.205836,0.000000,0.722924,12816.000000
2487,1,1.153950,1.235720,15090.000000,46.000000,1542.000000,2.400000,2230.000000,480.000000,3623.000000,812.000000,819.000000,5711.000000,6669.000000,2500.000000,1609.000000,1445.000000,5711.000000,NSW,0.000000,66.606600,226.554125,0.634390,0.142182,0.143407,0.143650,0.719489,0.253020,0.000000,0.699877,5711.000000
2488,0,0.745970,0.832780,3523.000000,41.000000,1610.000000,2.500000,1860.000000,450.000000,817.000000,321.000000,122.000000,1261.000000,1457.000000,384.000000,445.000000,405.000000,1261.000000,NSW,0.000000,13.626000,258.549831,0.647898,0.254560,0.096749,0.134523,0.657415,0.321174,0.000000,0.709754,1261.000000
2489,0,0.446290,0.576160,7894.000000,43.000000,1430.000000,2.600000,2036.000000,500.000000,2098.000000,469.000000,207.000000,2850.000000,3158.000000,1131.000000,990.000000,633.000000,2850.000000,NSW,0.000000,14.541900,542.845158,0.736140,0.164561,0.072632,0.097530,0.744211,0.222105,0.000000,0.792982,2850.000000
2500,0,0.855650,1.029960,43472.000000,34.000000,1621.000000,2.200000,2056.000000,400.000000,6346.000000,1891.000000,9398.000000,17838.000000,19777.000000,4846.000000,3955.000000,8470.000000,17838.000000,NSW,0.000000,27.158200,1600.695186,0.355757,0.106010,0.526853,0.098043,0.493385,0.474829,0.000000,0.142224,17838.000000
2502,1,1.295760,1.446230,12551.000000,39.000000,1138.000000,2.500000,1755.000000,330.000000,3595.000000,409.000000,618.000000,4637.000000,5091.000000,1716.000000,1080.000000,1666.000000,4637.000000,NSW,0.000000,9.160100,1370.181548,0.775286,0.088204,0.133276,0.089177,0.602976,0.359284,0.000000,0.284882,4637.000000
2505,1,1.582080,1.949580,5088.000000,42.000000,1308.000000,2.400000,1950.000000,340.000000,1540.000000,133.000000,316.000000,2008.000000,2176.000000,757.000000,519.000000,675.000000,2008.000000,NSW,0.000000,13.826600,367.986345,0.766932,0.066235,0.157371,0.077206,0.635458,0.336155,0.000000,0.316235,2008.000000
2506,0,0.937310,1.391330,7798.000000,40.000000,1217.000000,2.500000,1733.000000,290.000000,2553.000000,79.000000,243.000000,2875.000000,2993.000000,904.000000,782.000000,1085.000000,2875.000000,NSW,0.000000,7.320700,1065.198683,0.888000,0.027478,0.084522,0.039425,0.586435,0.377391,0.000000,0.289391,2875.000000
2508,0,0.760930,1.382580,9346.000000,39.000000,2548.000000,2.900000,2540.000000,530.000000,2610.000000,96.000000,327.000000,3066.000000,3240.000000,1016.000000,1511.000000,464.000000,3066.000000,NSW,0.000000,162.241000,57.605661,0.851272,0.031311,0.106654,0.053704,0.824201,0.151337,0.000000,0.387802,3066.000000
2515,1,1.125810,1.235430,11745.000000,42.000000,2418.000000,2.700000,2600.000000,550.000000,3367.000000,417.000000,337.000000,4146.000000,4570.000000,1736.000000,1540.000000,777.000000,4146.000000,NSW,0.000000,14.226800,825.554587,0.812108,0.100579,0.081283,0.092779,0.790159,0.187410,0.000000,0.448866,4146.000000
2516,1,1.160700,1.409020,6798.000000,40.000000,2331.000000,2.800000,2525.000000,370.000000,1892.000000,216.000000,231.000000,2354.000000,2458.000000,823.000000,1001.000000,498.000000,2354.000000,NSW,0.000000,8.661500,784.852508,0.803738,0.091759,0.098131,0.042311,0.774851,0.211555,0.000000,0.410790,2354.000000
2517,1,1.938990,1.962890,13959.000000,42.000000,1806.000000,2.500000,2167.000000,400.000000,3388.000000,879.000000,916.000000,5213.000000,5494.000000,1923.000000,1897.000000,1272.000000,5213.000000,NSW,0.000000,9.009900,1549.295775,0.649914,0.168617,0.175715,0.051147,0.732783,0.244005,0.000000,0.339152,5213.000000
2518,1,1.668470,1.796670,19864.000000,41.000000,1434.000000,2.300000,2167.000000,340.000000,4653.000000,2255.000000,1059.000000,8036.000000,8486.000000,2507.000000,2245.000000,2971.000000,8036.000000,NSW,0.000000,12.719300,1561.721164,0.579019,0.280612,0.131782,0.053029,0.591339,0.369711,0.000000,0.269039,8036.000000
2519,1,1.219890,1.392500,17227.000000,41.000000,1685.000000,2.500000,2240.000000,400.000000,4518.000000,1261.000000,763.000000,6592.000000,6942.000000,2591.000000,1825.000000,2031.000000,6592.000000,NSW,0.000000,9.281600,1856.037752,0.685376,0.191292,0.115746,0.050418,0.669903,0.308101,0.000000,0.283677,6592.000000
2525,1,1.519310,1.737550,12335.000000,40.000000,2042.000000,2.800000,2229.000000,430.000000,3535.000000,417.000000,181.000000,4290.000000,4436.000000,1747.000000,1695.000000,748.000000,4290.000000,NSW,0.000000,8.559500,1441.088849,0.824009,0.097203,0.042191,0.032913,0.802331,0.174359,0.000000,0.377622,4290.000000
2526,1,1.901580,1.985610,16736.000000,39.000000,2000.000000,2.700000,2167.000000,370.000000,5169.000000,372.000000,271.000000,5834.000000,6053.000000,2026.000000,2267.000000,1358.000000,5834.000000,NSW,0.000000,132.294700,126.505446,0.886013,0.063764,0.046452,0.036180,0.735859,0.232773,0.000000,0.443606,5834.000000
2527,1,2.597600,2.678440,26072.000000,35.000000,1884.000000,2.800000,2167.000000,450.000000,7636.000000,1305.000000,60.000000,9018.000000,9366.000000,2693.000000,4295.000000,1847.000000,9018.000000,NSW,0.000000,96.064600,271.400703,0.846751,0.144711,0.006653,0.037156,0.774895,0.204813,0.000000,0.546574,9018.000000
2528,1,1.523040,1.570770,23735.000000,45.000000,1166.000000,2.400000,1842.000000,350.000000,7372.000000,914.000000,783.000000,9443.000000,10106.000000,3577.000000,2351.000000,3214.000000,9443.000000,NSW,0.000000,11.280500,2104.073401,0.780684,0.096791,0.082919,0.065605,0.627767,0.340358,0.000000,0.294610,9443.000000
2529,1,1.925610,1.997740,29134.000000,40.000000,1878.000000,2.700000,2167.000000,470.000000,7930.000000,1826.000000,501.000000,10287.000000,10793.000000,3711.000000,3728.000000,2558.000000,10287.000000,NSW,0.000000,40.451300,720.224072,0.770876,0.177506,0.048702,0.046882,0.723146,0.248663,0.000000,0.429474,10287.000000
2530,1,2.058660,2.116770,35038.000000,39.000000,1653.000000,2.700000,2000.000000,410.000000,11085.000000,1279.000000,223.000000,12603.000000,13050.000000,4375.000000,5206.000000,2726.000000,12603.000000,NSW,0.000000,88.367200,396.504585,0.879552,0.101484,0.017694,0.034253,0.760216,0.216298,0.000000,0.506149,12603.000000
2533,1,2.212850,2.248180,17177.000000,48.000000,1805.000000,2.500000,2240.000000,480.000000,4786.000000,964.000000,670.000000,6464.000000,7434.000000,3070.000000,1984.000000,1126.000000,6464.000000,NSW,0.000000,106.403900,161.432053,0.740408,0.149134,0.103651,0.130482,0.781869,0.174196,0.000000,0.475557,6464.000000
2534,0,0.955180,1.047950,5767.000000,47.000000,1925.000000,2.500000,2167.000000,500.000000,1720.000000,270.000000,87.000000,2099.000000,2813.000000,985.000000,616.000000,398.000000,2099.000000,NSW,0.000000,76.228700,75.653920,0.819438,0.128633,0.041448,0.253822,0.762744,0.189614,0.000000,0.545498,2099.000000
2535,1,1.314390,1.357740,7993.000000,57.000000,1384.000000,2.200000,2167.000000,400.000000,2636.000000,375.000000,27.000000,3305.000000,3872.000000,1817.000000,801.000000,464.000000,3305.000000,NSW,0.000000,247.975300,32.233049,0.797579,0.113464,0.008169,0.146436,0.792133,0.140393,0.000000,0.580938,3305.000000
2536,1,1.530730,1.530730,19333.000000,53.000000,1184.000000,2.200000,1550.000000,350.000000,6216.000000,747.000000,726.000000,7833.000000,11105.000000,3600.000000,1855.000000,2067.000000,7833.000000,NSW,0.000000,974.837700,19.832019,0.793566,0.095366,0.092685,0.294642,0.696413,0.263884,0.000000,0.522150,7833.000000
2537,1,1.144590,1.165700,12981.000000,55.000000,1222.000000,2.200000,1517.000000,320.000000,4716.000000,406.000000,60.000000,5322.000000,7282.000000,2694.000000,1359.000000,993.000000,5322.000000,NSW,0.000000,1167.023400,11.123170,0.886133,0.076287,0.011274,0.269157,0.761556,0.186584,0.000000,0.599587,5322.000000
2538,1,1.247310,1.484970,2580.000000,54.000000,1353.000000,2.400000,1733.000000,380.000000,856.000000,30.000000,20.000000,925.000000,1060.000000,495.000000,266.000000,116.000000,925.000000,NSW,0.000000,390.494000,6.607016,0.925405,0.032432,0.021622,0.127358,0.822703,0.125405,0.000000,0.682162,925.000000
2539,1,2.292970,2.317040,20305.000000,53.000000,1141.000000,2.200000,1625.000000,350.000000,7398.000000,527.000000,143.000000,8411.000000,12022.000000,4427.000000,2034.000000,1701.000000,8411.000000,NSW,0.000000,686.028900,29.597878,0.879562,0.062656,0.017002,0.300366,0.768161,0.202235,0.000000,0.575556,8411.000000
2540,1,2.237530,2.237530,48267.000000,49.000000,1275.000000,2.300000,1733.000000,360.000000,16797.000000,1170.000000,315.000000,18694.000000,26054.000000,8495.000000,5226.000000,4074.000000,18694.000000,NSW,1.000000,1900.665500,25.394789,0.898524,0.062587,0.016850,0.282490,0.733979,0.217931,0.000000,0.550818,18694.000000
2541,1,1.608410,1.750560,28038.000000,40.000000,1235.000000,2.400000,1692.000000,320.000000,9038.000000,1348.000000,364.000000,10785.000000,11559.000000,3471.000000,3042.000000,3962.000000,10785.000000,NSW,0.000000,45.432000,617.142102,0.838016,0.124988,0.033751,0.066961,0.603894,0.367362,0.000000,0.433936,10785.000000
2545,0,-0.595160,0.595160,1117.000000,55.000000,1187.000000,2.200000,1300.000000,300.000000,425.000000,0.000000,0.000000,433.000000,581.000000,235.000000,115.000000,61.000000,433.000000,NSW,0.000000,876.546800,1.274319,0.981524,0.000000,0.000000,0.254733,0.808314,0.140878,0.000000,0.665127,433.000000
2546,0,0.490680,0.702530,10066.000000,59.000000,1019.000000,2.100000,1473.000000,290.000000,3558.000000,303.000000,240.000000,4270.000000,5639.000000,2409.000000,854.000000,850.000000,4270.000000,NSW,0.000000,911.267300,11.046155,0.833255,0.070960,0.056206,0.242774,0.764169,0.199063,0.000000,0.523888,4270.000000
2548,0,0.120730,0.296440,8419.000000,55.000000,1228.000000,2.100000,1625.000000,343.000000,2542.000000,568.000000,487.000000,3642.000000,4577.000000,1762.000000,874.000000,857.000000,3642.000000,NSW,0.000000,120.117900,70.089470,0.697968,0.155958,0.133718,0.204282,0.723778,0.235310,0.000000,0.462658,3642.000000
2549,0,0.535920,0.543120,4101.000000,51.000000,1307.000000,2.400000,1517.000000,330.000000,1404.000000,127.000000,27.000000,1574.000000,1874.000000,818.000000,490.000000,218.000000,1574.000000,NSW,0.000000,222.951100,18.394168,0.891995,0.080686,0.017154,0.160085,0.831004,0.138501,0.000000,0.573062,1574.000000
2550,0,0.713500,0.752660,16936.000000,49.000000,1245.000000,2.300000,1421.000000,300.000000,6171.000000,334.000000,85.000000,6700.000000,7615.000000,3165.000000,1944.000000,1295.000000,6700.000000,NSW,0.000000,3966.659100,4.269588,0.921045,0.049851,0.012687,0.120158,0.762537,0.193284,0.000000,0.634328,6700.000000
2551,0,0.198320,0.334530,3718.000000,53.000000,1015.000000,2.200000,1517.000000,270.000000,1208.000000,169.000000,49.000000,1501.000000,1819.000000,688.000000,309.000000,423.000000,1501.000000,NSW,0.000000,1397.768100,2.659955,0.804797,0.112592,0.032645,0.174821,0.664224,0.281812,0.000000,0.490340,1501.000000
2557,1,6.277050,6.383980,20103.000000,31.000000,2453.000000,3.200000,2600.000000,530.000000,5807.000000,132.000000,33.000000,5991.000000,6236.000000,930.000000,3289.000000,1643.000000,5991.000000,NSW,0.000000,37.120500,541.560593,0.969287,0.022033,0.005508,0.039288,0.704223,0.274245,0.000000,0.611584,5991.000000
2558,1,1.236900,1.450670,11099.000000,36.000000,1878.000000,3.000000,1950.000000,400.000000,3268.000000,249.000000,19.000000,3535.000000,3650.000000,937.000000,1780.000000,769.000000,3535.000000,NSW,0.000000,7.603900,1459.645708,0.924470,0.070438,0.005375,0.031507,0.768600,0.217539,0.000000,0.523338,3535.000000
2560,1,1.783540,1.812980,82543.000000,35.000000,1609.000000,2.800000,2000.000000,380.000000,21834.000000,3175.000000,2802.000000,27861.000000,29399.000000,6668.000000,10170.000000,9903.000000,27861.000000,NSW,0.000000,411.313600,200.681427,0.783676,0.113959,0.100571,0.052315,0.604357,0.355443,0.000000,0.416676,27861.000000
2564,1,1.414810,1.759380,14198.000000,36.000000,1378.000000,2.900000,1800.000000,340.000000,3262.000000,1300.000000,57.000000,4623.000000,4845.000000,993.000000,1542.000000,1960.000000,4623.000000,NSW,0.000000,9.023600,1573.429673,0.705602,0.281203,0.012330,0.045820,0.548345,0.423967,0.000000,0.385897,4623.000000
2565,1,3.909650,4.003000,31588.000000,34.000000,2025.000000,3.000000,2470.000000,420.000000,7477.000000,1832.000000,482.000000,9825.000000,10294.000000,2012.000000,4657.000000,2819.000000,9825.000000,NSW,0.000000,29.700900,1063.536795,0.761018,0.186463,0.049059,0.045561,0.678779,0.286921,0.000000,0.530382,9825.000000
2566,1,1.443440,1.550470,27796.000000,35.000000,1772.000000,3.100000,2000.000000,380.000000,7508.000000,882.000000,219.000000,8615.000000,8933.000000,2107.000000,3816.000000,2505.000000,8615.000000,NSW,0.000000,28.301900,982.124875,0.871503,0.102380,0.025421,0.035598,0.687522,0.290772,0.000000,0.560302,8615.000000
2567,1,1.815050,1.827370,40951.000000,34.000000,2423.000000,3.200000,2379.000000,470.000000,12088.000000,437.000000,46.000000,12584.000000,12892.000000,2978.000000,6824.000000,2603.000000,12584.000000,NSW,0.000000,31.155700,1314.398328,0.960585,0.034727,0.003655,0.023891,0.778926,0.206850,0.000000,0.532581,12584.000000
2568,0,0.578360,1.098030,1252.000000,54.000000,1476.000000,2.600000,2500.000000,450.000000,356.000000,37.000000,0.000000,401.000000,418.000000,135.000000,131.000000,32.000000,401.000000,NSW,0.000000,34.093600,36.722435,0.887781,0.092269,0.000000,0.040670,0.663342,0.079800,0.000000,0.780549,401.000000
2569,0,-0.653500,0.682350,1386.000000,42.000000,2250.000000,3.100000,2368.000000,446.000000,411.000000,15.000000,3.000000,427.000000,443.000000,173.000000,202.000000,38.000000,427.000000,NSW,0.000000,26.770700,51.773021,0.962529,0.035129,0.007026,0.036117,0.878220,0.088993,0.000000,0.660422,427.000000
2570,1,4.126120,4.126120,63663.000000,33.000000,2281.000000,3.000000,2513.000000,500.000000,18188.000000,1628.000000,297.000000,20245.000000,21121.000000,4515.000000,10184.000000,4836.000000,20245.000000,NSW,0.000000,469.077500,135.719577,0.898395,0.080415,0.014670,0.041475,0.726056,0.238874,0.000000,0.498740,20245.000000
2571,1,1.278580,1.448590,13174.000000,36.000000,2326.000000,3.000000,2400.000000,415.000000,4004.000000,94.000000,71.000000,4205.000000,4453.000000,1200.000000,2282.000000,625.000000,4205.000000,NSW,0.000000,250.284200,52.636163,0.952200,0.022354,0.016885,0.055693,0.828062,0.148633,0.000000,0.674911,4205.000000
2572,1,1.144270,1.323080,5484.000000,39.000000,1756.000000,2.700000,2318.000000,420.000000,1725.000000,164.000000,7.000000,1902.000000,2021.000000,579.000000,758.000000,409.000000,1902.000000,NSW,0.000000,106.173400,51.651355,0.906940,0.086225,0.003680,0.058882,0.702944,0.215037,0.000000,0.480547,1902.000000
2573,1,3.455260,3.548690,5777.000000,34.000000,1739.000000,2.700000,2167.000000,410.000000,1836.000000,156.000000,17.000000,2023.000000,2146.000000,518.000000,820.000000,638.000000,2023.000000,NSW,0.000000,16.978400,340.255854,0.907563,0.077113,0.008403,0.057316,0.661394,0.315373,0.000000,0.540781,2023.000000
2574,1,1.113330,1.120050,5934.000000,40.000000,1841.000000,2.900000,2167.000000,415.000000,1805.000000,98.000000,27.000000,1983.000000,2081.000000,660.000000,904.000000,313.000000,1983.000000,NSW,0.000000,350.230000,16.943152,0.910237,0.049420,0.013616,0.047093,0.788704,0.157842,0.000000,0.587998,1983.000000
2575,1,1.680840,1.734190,17846.000000,42.000000,1772.000000,2.600000,2167.000000,430.000000,6057.000000,192.000000,196.000000,6505.000000,6996.000000,2369.000000,2551.000000,1376.000000,6505.000000,NSW,0.000000,981.474300,18.182850,0.931130,0.029516,0.030131,0.070183,0.756341,0.211530,0.000000,0.509762,6505.000000
2576,0,0.768630,0.930190,14189.000000,56.000000,1677.000000,2.300000,2370.000000,495.000000,4822.000000,771.000000,133.000000,5749.000000,6417.000000,3057.000000,1440.000000,970.000000,5749.000000,NSW,0.000000,174.244200,81.431692,0.838755,0.134110,0.023134,0.104098,0.782223,0.168725,0.000000,0.404418,5749.000000
2577,1,1.607390,1.607390,16724.000000,47.000000,1667.000000,2.400000,2004.000000,400.000000,5811.000000,310.000000,116.000000,6344.000000,7344.000000,2720.000000,2085.000000,1348.000000,6344.000000,NSW,0.000000,1312.519000,12.741911,0.915984,0.048865,0.018285,0.136166,0.757409,0.212484,0.000000,0.569515,6344.000000
2578,1,1.047660,1.158190,2846.000000,59.000000,1289.000000,2.200000,1820.000000,400.000000,1167.000000,17.000000,21.000000,1209.000000,1394.000000,712.000000,303.000000,157.000000,1209.000000,NSW,0.000000,47.922300,59.387801,0.965261,0.014061,0.017370,0.132712,0.839537,0.129859,0.000000,0.580645,1209.000000
2579,0,0.466610,0.710360,4646.000000,46.000000,1589.000000,2.500000,2000.000000,380.000000,1670.000000,5.000000,0.000000,1687.000000,2070.000000,743.000000,634.000000,224.000000,1687.000000,NSW,0.000000,860.117000,5.401591,0.989923,0.002964,0.000000,0.185024,0.816242,0.132780,0.000000,0.684647,1687.000000
2580,1,1.441490,1.471780,31629.000000,42.000000,1470.000000,2.400000,1700.000000,320.000000,10469.000000,1031.000000,360.000000,11981.000000,14018.000000,4315.000000,3819.000000,3420.000000,11981.000000,NSW,0.000000,5512.665500,5.737515,0.873800,0.086053,0.030048,0.145313,0.678908,0.285452,0.000000,0.422085,11981.000000
2581,0,-0.008140,0.221260,2507.000000,42.000000,2118.000000,2.700000,1885.000000,300.000000,835.000000,10.000000,3.000000,862.000000,978.000000,308.000000,408.000000,112.000000,862.000000,NSW,0.000000,2106.607500,1.190065,0.968677,0.011601,0.003480,0.118609,0.830626,0.129930,0.000000,0.679814,862.000000
2582,0,0.800170,0.817060,13693.000000,42.000000,2175.000000,2.700000,2100.000000,350.000000,4463.000000,194.000000,86.000000,4774.000000,5213.000000,1605.000000,2220.000000,770.000000,4774.000000,NSW,0.000000,3130.118400,4.374595,0.934855,0.040637,0.018014,0.084213,0.801215,0.161290,0.000000,0.646837,4774.000000
2583,0,0.492620,0.492620,4604.000000,52.000000,1267.000000,2.300000,1300.000000,270.000000,1774.000000,53.000000,7.000000,1855.000000,2332.000000,1024.000000,457.000000,249.000000,1855.000000,NSW,0.000000,3382.689100,1.361047,0.956334,0.028571,0.003774,0.204545,0.798383,0.134232,0.000000,0.514286,1855.000000
2586,0,-0.302900,0.306500,2871.000000,50.000000,1232.000000,2.300000,1300.000000,240.000000,1014.000000,28.000000,7.000000,1069.000000,1286.000000,527.000000,278.000000,176.000000,1069.000000,NSW,0.000000,2323.250300,1.235769,0.948550,0.026193,0.006548,0.168740,0.753040,0.164640,0.000000,0.653882,1069.000000
2587,0,0.217000,0.361170,2932.000000,49.000000,1126.000000,2.200000,1027.000000,220.000000,1134.000000,25.000000,19.000000,1198.000000,1427.000000,552.000000,328.000000,231.000000,1198.000000,NSW,0.000000,921.858700,3.180531,0.946578,0.020868,0.015860,0.160477,0.734558,0.192821,0.000000,0.623539,1198.000000
2590,0,0.654290,0.778310,7153.000000,51.000000,1035.000000,2.200000,1128.000000,220.000000,2717.000000,204.000000,22.000000,2964.000000,3320.000000,1395.000000,723.000000,679.000000,2964.000000,NSW,0.000000,1320.463700,5.417036,0.916667,0.068826,0.007422,0.107229,0.714575,0.229082,0.000000,0.536437,2964.000000
2594,0,0.317440,0.434940,12150.000000,42.000000,1186.000000,2.400000,1300.000000,250.000000,4090.000000,372.000000,115.000000,4608.000000,5183.000000,1781.000000,1312.000000,1270.000000,4608.000000,NSW,0.000000,2418.715500,5.023327,0.887587,0.080729,0.024957,0.110940,0.671224,0.275608,0.000000,0.470703,4608.000000
2600,1,2.187590,2.200610,8255.000000,45.000000,3016.000000,2.200000,2819.000000,540.000000,1693.000000,579.000000,1117.000000,3392.000000,3746.000000,1344.000000,946.000000,986.000000,3392.000000,ACT,0.000000,23.345000,353.608910,0.499116,0.170696,0.329304,0.094501,0.675118,0.290684,0.000000,0.283903,3392.000000
2602,1,1.420660,1.484110,34540.000000,36.000000,2337.000000,2.400000,2167.000000,436.000000,7590.000000,3122.000000,2953.000000,13683.000000,14780.000000,3660.000000,4522.000000,5133.000000,13683.000000,ACT,0.000000,21.972300,1571.979265,0.554703,0.228166,0.215815,0.074222,0.597968,0.375137,0.000000,0.288460,13683.000000
2603,1,2.037130,2.124490,10306.000000,41.000000,2991.000000,2.300000,2500.000000,481.000000,1917.000000,452.000000,1740.000000,4119.000000,4678.000000,1268.000000,1336.000000,1399.000000,4119.000000,ACT,0.000000,9.206600,1119.414333,0.465404,0.109735,0.422433,0.119496,0.632192,0.339646,0.000000,0.249575,4119.000000
2604,1,2.215650,2.378040,13034.000000,37.000000,2434.000000,2.000000,2150.000000,500.000000,1771.000000,524.000000,3451.000000,5745.000000,6400.000000,1222.000000,1810.000000,2555.000000,5745.000000,ACT,0.000000,5.494600,2372.147199,0.308268,0.091210,0.600696,0.102344,0.527763,0.444735,0.000000,0.163272,5745.000000
2605,1,1.765990,1.800720,12488.000000,41.000000,2894.000000,2.600000,2650.000000,490.000000,3289.000000,529.000000,585.000000,4411.000000,4709.000000,1682.000000,1475.000000,1134.000000,4411.000000,ACT,0.000000,9.293800,1343.691493,0.745636,0.119927,0.132623,0.063283,0.715711,0.257085,0.000000,0.348674,4411.000000
2606,1,1.373270,1.373270,12071.000000,34.000000,2156.000000,2.200000,1800.000000,430.000000,1733.000000,1416.000000,2194.000000,5347.000000,5887.000000,1236.000000,1708.000000,2242.000000,5347.000000,ACT,0.000000,9.032500,1336.396347,0.324107,0.264821,0.410324,0.091728,0.550589,0.419301,0.000000,0.196746,5347.000000
2607,1,1.606830,1.617610,14717.000000,42.000000,2418.000000,2.500000,2383.000000,440.000000,3907.000000,1173.000000,485.000000,5570.000000,5958.000000,2117.000000,1892.000000,1345.000000,5570.000000,ACT,0.000000,10.274100,1432.436904,0.701436,0.210592,0.087074,0.065123,0.719749,0.241472,0.000000,0.359964,5570.000000
2611,1,3.126670,3.128120,36535.000000,36.000000,2482.000000,2.600000,2167.000000,450.000000,9309.000000,2275.000000,1864.000000,13463.000000,14246.000000,3806.000000,6367.000000,3005.000000,13463.000000,ACT,1.000000,1558.631200,23.440439,0.691451,0.168982,0.138454,0.054963,0.755627,0.223204,0.000000,0.479908,13463.000000
2612,1,1.929830,2.026300,18965.000000,30.000000,2371.000000,2.000000,1987.000000,490.000000,1697.000000,1138.000000,5332.000000,8191.000000,9622.000000,1554.000000,2206.000000,4281.000000,8191.000000,ACT,0.000000,9.453200,2006.198959,0.207179,0.138933,0.650958,0.148722,0.459040,0.522647,0.000000,0.101941,8191.000000
2614,1,1.779360,1.809940,20595.000000,39.000000,2250.000000,2.500000,2102.000000,418.000000,5689.000000,1394.000000,738.000000,7830.000000,8342.000000,2960.000000,2608.000000,2060.000000,7830.000000,ACT,0.000000,11.134500,1849.656473,0.726564,0.178033,0.094253,0.061376,0.711111,0.263091,0.000000,0.388123,7830.000000
2615,1,2.950210,2.974020,47356.000000,36.000000,2262.000000,2.700000,2000.000000,420.000000,14580.000000,2289.000000,279.000000,17164.000000,18026.000000,4756.000000,8253.000000,3849.000000,17164.000000,ACT,0.000000,36.998400,1279.947241,0.849452,0.133361,0.016255,0.047820,0.757924,0.224248,0.000000,0.468481,17164.000000
2617,1,2.311150,2.325110,38073.000000,32.000000,2177.000000,2.400000,1950.000000,440.000000,7134.000000,3166.000000,4196.000000,14514.000000,15570.000000,3614.000000,4644.000000,5860.000000,14514.000000,ACT,0.000000,37.011500,1028.680275,0.491525,0.218134,0.289100,0.067823,0.568968,0.403748,0.000000,0.281590,14514.000000
2618,0,-0.287960,0.560010,1397.000000,44.000000,2878.000000,3.000000,2899.000000,449.000000,409.000000,19.000000,0.000000,434.000000,496.000000,201.000000,137.000000,73.000000,434.000000,ACT,1.000000,216.629500,6.448799,0.942396,0.043779,0.000000,0.125000,0.778802,0.168203,0.000000,0.739631,434.000000
2619,0,0.855970,1.050160,9601.000000,38.000000,3403.000000,3.000000,2405.000000,490.000000,2695.000000,427.000000,0.000000,3121.000000,3233.000000,942.000000,1551.000000,591.000000,3121.000000,NSW,0.000000,11.331600,847.276642,0.863505,0.136815,0.000000,0.034643,0.798782,0.189362,0.000000,0.438641,3121.000000
2620,1,1.807060,1.807060,45604.000000,37.000000,2181.000000,2.500000,2167.000000,340.000000,11288.000000,2735.000000,2694.000000,16796.000000,18057.000000,4249.000000,7035.000000,5114.000000,16796.000000,NSW,1.000000,2869.820100,15.890892,0.672065,0.162836,0.160395,0.069834,0.671827,0.304477,0.000000,0.431769,16796.000000
2621,0,0.792050,0.869770,6688.000000,40.000000,2939.000000,2.900000,2383.000000,500.000000,2137.000000,61.000000,23.000000,2230.000000,2396.000000,650.000000,1250.000000,284.000000,2230.000000,NSW,0.000000,853.251200,7.838254,0.958296,0.027354,0.010314,0.069282,0.852018,0.127354,0.000000,0.690135,2230.000000
2622,1,1.153150,1.153150,4141.000000,50.000000,1428.000000,2.200000,1733.000000,350.000000,1547.000000,63.000000,3.000000,1642.000000,2265.000000,808.000000,511.000000,245.000000,1642.000000,NSW,0.000000,4256.114500,0.972953,0.942144,0.038368,0.001827,0.275055,0.803289,0.149208,0.000000,0.713764,1642.000000
2627,1,1.331310,1.511960,5263.000000,35.000000,2124.000000,2.600000,1800.000000,410.000000,1246.000000,152.000000,357.000000,1784.000000,2617.000000,542.000000,573.000000,600.000000,1784.000000,NSW,0.000000,1994.611200,2.638609,0.698430,0.085202,0.200112,0.318303,0.625000,0.336323,0.000000,0.554933,1784.000000
2628,0,-0.578170,0.578170,2176.000000,45.000000,1531.000000,2.400000,1336.000000,280.000000,769.000000,38.000000,13.000000,838.000000,1095.000000,369.000000,262.000000,163.000000,838.000000,NSW,0.000000,2337.009400,0.931105,0.917661,0.045346,0.015513,0.234703,0.752983,0.194511,0.000000,0.494033,838.000000
2630,0,-0.205560,0.275090,8876.000000,46.000000,1446.000000,2.300000,1300.000000,290.000000,3163.000000,171.000000,121.000000,3496.000000,4086.000000,1429.000000,1064.000000,855.000000,3496.000000,NSW,0.000000,4206.354800,2.110141,0.904748,0.048913,0.034611,0.144395,0.713101,0.244565,0.000000,0.425057,3496.000000
2632,0,-0.264180,0.550780,1892.000000,47.000000,1307.000000,2.200000,1083.000000,200.000000,724.000000,15.000000,10.000000,763.000000,930.000000,353.000000,204.000000,158.000000,763.000000,NSW,0.000000,1824.987900,1.036719,0.948886,0.019659,0.013106,0.179570,0.730013,0.207077,0.000000,0.442988,763.000000
2640,1,1.091420,1.134270,39879.000000,39.000000,1570.000000,2.400000,1517.000000,280.000000,12683.000000,2553.000000,239.000000,15527.000000,16945.000000,4840.000000,5155.000000,4949.000000,15527.000000,NSW,0.000000,1029.404200,38.739885,0.816835,0.164423,0.015393,0.083683,0.643717,0.318735,0.000000,0.520641,15527.000000
2641,0,0.687000,0.777520,16550.000000,39.000000,1172.000000,2.300000,1300.000000,250.000000,5310.000000,1322.000000,89.000000,6766.000000,7314.000000,2006.000000,1948.000000,2548.000000,6766.000000,NSW,0.000000,33.538400,493.464208,0.784806,0.195389,0.013154,0.074925,0.584393,0.376589,0.000000,0.415312,6766.000000
2642,0,-0.212330,0.314480,5476.000000,41.000000,1786.000000,2.800000,1473.000000,256.000000,1711.000000,21.000000,0.000000,1744.000000,1935.000000,724.000000,713.000000,229.000000,1744.000000,NSW,0.000000,4076.800000,1.343210,0.981078,0.012041,0.000000,0.098708,0.823968,0.131307,0.000000,0.778096,1744.000000
2643,0,0.138800,0.321170,2997.000000,49.000000,1293.000000,2.300000,1300.000000,290.000000,1114.000000,60.000000,3.000000,1198.000000,1285.000000,519.000000,427.000000,219.000000,1198.000000,NSW,0.000000,156.402400,19.162110,0.929883,0.050083,0.002504,0.067704,0.789649,0.182805,0.000000,0.691987,1198.000000
2644,0,-0.041770,0.255970,2442.000000,49.000000,1301.000000,2.300000,1250.000000,200.000000,916.000000,34.000000,0.000000,953.000000,1118.000000,421.000000,284.000000,178.000000,953.000000,NSW,0.000000,2157.736500,1.131742,0.961175,0.035677,0.000000,0.147585,0.739769,0.186779,0.000000,0.652676,953.000000
2646,0,-0.082750,0.208590,6841.000000,51.000000,1165.000000,2.200000,1192.000000,220.000000,2433.000000,358.000000,3.000000,2836.000000,3269.000000,1323.000000,743.000000,625.000000,2836.000000,NSW,0.000000,2895.454900,2.362668,0.857898,0.126234,0.001058,0.132456,0.728491,0.220381,0.000000,0.620945,2836.000000
2647,0,0.206830,0.518130,2557.000000,53.000000,1185.000000,2.300000,1509.000000,270.000000,859.000000,113.000000,13.000000,988.000000,1338.000000,441.000000,300.000000,180.000000,988.000000,NSW,0.000000,357.350100,7.155448,0.869433,0.114372,0.013158,0.261584,0.750000,0.182186,0.000000,0.782389,988.000000
2648,0,-0.383400,0.543250,2671.000000,51.000000,1066.000000,2.200000,910.000000,200.000000,854.000000,35.000000,20.000000,944.000000,1132.000000,433.000000,232.000000,175.000000,944.000000,NSW,0.000000,23909.728100,0.111712,0.904661,0.037076,0.021186,0.166078,0.704449,0.185381,0.000000,0.659958,944.000000
2650,1,1.429300,1.454780,61511.000000,36.000000,1629.000000,2.500000,1517.000000,300.000000,19632.000000,1169.000000,2209.000000,23133.000000,25017.000000,6858.000000,7758.000000,7674.000000,23133.000000,NSW,0.000000,4061.238000,15.145874,0.848658,0.050534,0.095491,0.075309,0.631825,0.331734,0.000000,0.433753,23133.000000
2652,0,0.251080,0.570000,4757.000000,42.000000,1504.000000,2.600000,1257.000000,225.000000,1654.000000,4.000000,0.000000,1676.000000,1892.000000,714.000000,588.000000,229.000000,1676.000000,NSW,0.000000,6116.113700,0.777781,0.986874,0.002387,0.000000,0.114165,0.776850,0.136635,0.000000,0.606802,1676.000000
2653,0,-0.606140,0.611510,2636.000000,46.000000,1304.000000,2.300000,1146.000000,220.000000,936.000000,22.000000,0.000000,965.000000,1134.000000,452.000000,254.000000,211.000000,965.000000,NSW,0.000000,1228.820500,2.145147,0.969948,0.022798,0.000000,0.149030,0.731606,0.218653,0.000000,0.625907,965.000000
2655,0,-1.027060,1.027060,1416.000000,42.000000,1382.000000,2.600000,1300.000000,245.000000,482.000000,0.000000,5.000000,491.000000,525.000000,207.000000,196.000000,69.000000,491.000000,NSW,0.000000,427.276300,3.314015,0.981670,0.000000,0.010183,0.064762,0.820774,0.140530,0.000000,0.688391,491.000000
2656,0,-0.831460,0.831460,1327.000000,49.000000,1184.000000,2.300000,867.000000,194.000000,496.000000,8.000000,7.000000,524.000000,582.000000,286.000000,110.000000,92.000000,524.000000,NSW,0.000000,1497.136800,0.886359,0.946565,0.015267,0.013359,0.099656,0.755725,0.175573,0.000000,0.603053,524.000000
2658,0,-0.641330,0.641330,1488.000000,49.000000,1069.000000,2.300000,997.000000,200.000000,548.000000,16.000000,0.000000,572.000000,659.000000,292.000000,136.000000,95.000000,572.000000,NSW,0.000000,748.054500,1.989160,0.958042,0.027972,0.000000,0.132018,0.748252,0.166084,0.000000,0.666084,572.000000
2659,0,-0.795510,0.795510,871.000000,45.000000,1209.000000,2.300000,953.000000,230.000000,311.000000,0.000000,0.000000,317.000000,377.000000,146.000000,107.000000,45.000000,317.000000,NSW,0.000000,367.544500,2.369781,0.981073,0.000000,0.000000,0.159151,0.798107,0.141956,0.000000,0.675079,317.000000
2660,0,-0.451020,0.451600,1607.000000,44.000000,1190.000000,2.500000,1021.000000,203.000000,586.000000,16.000000,0.000000,606.000000,677.000000,260.000000,198.000000,106.000000,606.000000,NSW,0.000000,451.279300,3.560988,0.966997,0.026403,0.000000,0.104874,0.755776,0.174917,0.000000,0.706271,606.000000
2663,0,-0.083930,0.495360,5281.000000,39.000000,1375.000000,2.400000,1250.000000,260.000000,1561.000000,35.000000,63.000000,1681.000000,1869.000000,626.000000,520.000000,475.000000,1681.000000,NSW,0.000000,492.642900,10.719732,0.928614,0.020821,0.037478,0.100589,0.681737,0.282570,0.000000,0.483046,1681.000000
2665,0,-1.096350,1.096350,2017.000000,48.000000,1087.000000,2.300000,700.000000,150.000000,779.000000,16.000000,0.000000,804.000000,985.000000,457.000000,151.000000,112.000000,804.000000,NSW,0.000000,4109.627400,0.490799,0.968905,0.019900,0.000000,0.183756,0.756219,0.139303,0.000000,0.533582,804.000000
2666,0,0.302810,0.587930,5636.000000,47.000000,1231.000000,2.300000,1183.000000,230.000000,2039.000000,135.000000,13.000000,2223.000000,2585.000000,1046.000000,565.000000,509.000000,2223.000000,NSW,0.000000,2462.585500,2.288652,0.917229,0.060729,0.005848,0.140039,0.724696,0.228970,0.000000,0.498426,2223.000000
2669,0,-0.810690,0.810690,1539.000000,43.000000,1167.000000,2.400000,520.000000,100.000000,558.000000,3.000000,0.000000,571.000000,850.000000,323.000000,102.000000,86.000000,571.000000,NSW,0.000000,6295.346000,0.244466,0.977233,0.005254,0.000000,0.328235,0.744308,0.150613,0.000000,0.595447,571.000000
2671,0,0.070780,0.387740,3969.000000,42.000000,1432.000000,2.300000,1200.000000,225.000000,1380.000000,80.000000,41.000000,1544.000000,1875.000000,674.000000,453.000000,324.000000,1544.000000,NSW,0.000000,3297.735100,1.203553,0.893782,0.051813,0.026554,0.176533,0.729922,0.209845,0.000000,0.592617,1544.000000
2672,0,-0.303010,0.661120,1511.000000,40.000000,1116.000000,2.400000,867.000000,160.000000,495.000000,3.000000,44.000000,545.000000,645.000000,229.000000,112.000000,179.000000,545.000000,NSW,0.000000,1794.238900,0.842140,0.908257,0.005505,0.080734,0.155039,0.625688,0.328440,0.000000,0.798165,545.000000
2675,0,-0.139400,0.534560,1659.000000,36.000000,1506.000000,2.400000,884.000000,220.000000,513.000000,0.000000,23.000000,562.000000,639.000000,198.000000,113.000000,186.000000,562.000000,NSW,0.000000,8518.558300,0.194751,0.912811,0.000000,0.040925,0.120501,0.553381,0.330961,0.000000,0.599644,562.000000
2680,1,1.117300,1.181630,25339.000000,37.000000,1743.000000,2.700000,1500.000000,300.000000,7198.000000,420.000000,901.000000,8641.000000,9350.000000,2873.000000,2464.000000,2871.000000,8641.000000,NSW,0.000000,1894.451300,13.375377,0.833005,0.048605,0.104270,0.075829,0.617637,0.332253,0.000000,0.476681,8641.000000
2681,0,-0.324400,0.386130,1793.000000,40.000000,1685.000000,2.700000,1300.000000,250.000000,597.000000,10.000000,29.000000,634.000000,686.000000,234.000000,239.000000,137.000000,634.000000,NSW,0.000000,471.758700,3.800672,0.941640,0.015773,0.045741,0.075802,0.746057,0.216088,0.000000,0.492114,634.000000
2700,0,-0.486260,0.566230,4873.000000,44.000000,1164.000000,2.300000,1083.000000,209.000000,1694.000000,38.000000,51.000000,1813.000000,2070.000000,706.000000,547.000000,476.000000,1813.000000,NSW,0.000000,3016.298300,1.615556,0.934363,0.020960,0.028130,0.124155,0.691120,0.262548,0.000000,0.578047,1813.000000
2701,0,0.599920,0.838340,2492.000000,42.000000,1444.000000,2.600000,1498.000000,265.000000,873.000000,18.000000,9.000000,911.000000,1007.000000,370.000000,339.000000,159.000000,911.000000,NSW,0.000000,852.115800,2.924485,0.958288,0.019759,0.009879,0.095333,0.778266,0.174533,0.000000,0.597146,911.000000
2705,0,0.024520,0.657270,10687.000000,38.000000,1429.000000,2.500000,1300.000000,250.000000,3257.000000,113.000000,319.000000,3765.000000,4098.000000,1335.000000,1217.000000,1072.000000,3765.000000,NSW,0.000000,1129.152900,9.464617,0.865073,0.030013,0.084728,0.081259,0.677822,0.284728,0.000000,0.488977,3765.000000
2706,0,-1.609410,1.609410,1030.000000,44.000000,1312.000000,2.300000,1083.000000,200.000000,384.000000,3.000000,11.000000,406.000000,456.000000,131.000000,110.000000,111.000000,406.000000,NSW,0.000000,725.401600,1.419903,0.945813,0.007389,0.027094,0.109649,0.593596,0.273399,0.000000,0.650246,406.000000
2710,0,0.318870,0.409290,9743.000000,47.000000,1211.000000,2.200000,1083.000000,220.000000,3467.000000,298.000000,21.000000,3842.000000,4447.000000,1642.000000,1096.000000,893.000000,3842.000000,NSW,0.000000,10466.163100,0.930905,0.902395,0.077564,0.005466,0.136047,0.712650,0.232431,0.000000,0.599167,3842.000000
2711,0,0.483360,0.748010,3197.000000,47.000000,1269.000000,2.300000,884.000000,175.000000,1140.000000,80.000000,12.000000,1241.000000,1517.000000,537.000000,269.000000,318.000000,1241.000000,NSW,0.000000,24180.255000,0.132215,0.918614,0.064464,0.009670,0.181938,0.649476,0.256245,0.000000,0.622079,1241.000000
2712,0,-0.444110,0.535210,1375.000000,53.000000,1020.000000,2.300000,943.000000,178.000000,485.000000,49.000000,0.000000,542.000000,668.000000,256.000000,135.000000,109.000000,542.000000,NSW,0.000000,966.510200,1.422644,0.894834,0.090406,0.000000,0.188623,0.721402,0.201107,0.000000,0.706642,542.000000
2713,0,-0.265980,0.287020,2746.000000,49.000000,1085.000000,2.200000,953.000000,168.000000,966.000000,69.000000,8.000000,1046.000000,1184.000000,463.000000,304.000000,227.000000,1046.000000,NSW,0.000000,970.310000,2.830023,0.923518,0.065966,0.007648,0.116554,0.733270,0.217017,0.000000,0.686424,1046.000000
2714,0,-0.192940,0.297180,2921.000000,59.000000,1069.000000,2.200000,1300.000000,250.000000,1029.000000,64.000000,11.000000,1136.000000,1322.000000,587.000000,283.000000,187.000000,1136.000000,NSW,0.000000,708.970600,4.120058,0.905810,0.056338,0.009683,0.140696,0.765845,0.164613,0.000000,0.732394,1136.000000
2716,0,-0.293610,0.457790,988.000000,50.000000,1239.000000,2.200000,842.000000,175.000000,359.000000,15.000000,10.000000,385.000000,457.000000,188.000000,91.000000,72.000000,385.000000,NSW,0.000000,2861.827100,0.345234,0.932468,0.038961,0.025974,0.157549,0.724675,0.187013,0.000000,0.864935,385.000000
2720,0,0.152760,0.327950,8501.000000,43.000000,1336.000000,2.400000,1387.000000,250.000000,2845.000000,311.000000,50.000000,3231.000000,3651.000000,1263.000000,965.000000,903.000000,3231.000000,NSW,0.000000,2485.654800,3.420024,0.880532,0.096255,0.015475,0.115037,0.689570,0.279480,0.000000,0.519963,3231.000000
2722,0,0.132590,0.237280,3418.000000,44.000000,1327.000000,2.400000,1213.000000,220.000000,1125.000000,13.000000,69.000000,1231.000000,1447.000000,549.000000,336.000000,266.000000,1231.000000,NSW,0.000000,1576.137300,2.168593,0.913891,0.010561,0.056052,0.149274,0.718928,0.216084,0.000000,0.569456,1231.000000
2729,0,0.330790,0.595110,1622.000000,47.000000,1345.000000,2.400000,1240.000000,200.000000,607.000000,11.000000,3.000000,638.000000,703.000000,299.000000,182.000000,91.000000,638.000000,NSW,0.000000,933.120200,1.738254,0.951411,0.017241,0.004702,0.092461,0.753918,0.142633,0.000000,0.664577,638.000000
2730,0,0.201440,0.333810,1335.000000,50.000000,1049.000000,2.200000,867.000000,180.000000,515.000000,16.000000,0.000000,532.000000,603.000000,270.000000,139.000000,102.000000,532.000000,NSW,0.000000,420.485600,3.174901,0.968045,0.030075,0.000000,0.117745,0.768797,0.191729,0.000000,0.584586,532.000000
2731,0,-0.138060,0.608610,7446.000000,49.000000,1347.000000,2.400000,1625.000000,311.000000,2448.000000,304.000000,7.000000,2802.000000,3235.000000,1229.000000,867.000000,554.000000,2802.000000,NSW,0.000000,1428.166100,5.213679,0.873662,0.108494,0.002498,0.133849,0.748037,0.197716,0.000000,0.617416,2802.000000
2732,0,-0.525850,0.649770,1877.000000,56.000000,1058.000000,2.100000,1102.000000,180.000000,678.000000,72.000000,16.000000,778.000000,986.000000,402.000000,165.000000,162.000000,778.000000,NSW,0.000000,1849.826300,1.014690,0.871465,0.092545,0.020566,0.210953,0.728792,0.208226,0.000000,0.643959,778.000000
2745,1,1.563780,1.614320,31847.000000,35.000000,2498.000000,3.200000,2429.000000,480.000000,9002.000000,585.000000,210.000000,9844.000000,10160.000000,2552.000000,5013.000000,2125.000000,9844.000000,NSW,0.000000,168.760800,188.710885,0.914466,0.059427,0.021333,0.031102,0.768488,0.215868,0.000000,0.520114,9844.000000
2747,1,2.366910,2.366910,54397.000000,33.000000,1925.000000,2.800000,2200.000000,400.000000,13840.000000,2854.000000,1417.000000,18147.000000,19112.000000,3596.000000,7675.000000,6385.000000,18147.000000,NSW,0.000000,55.066700,987.838385,0.762660,0.157271,0.078085,0.050492,0.621094,0.351849,0.000000,0.421392,18147.000000
2748,0,0.194830,0.432120,1798.000000,47.000000,2279.000000,3.100000,2550.000000,450.000000,540.000000,12.000000,6.000000,558.000000,591.000000,318.000000,138.000000,78.000000,558.000000,NSW,0.000000,43.073400,41.742700,0.967742,0.021505,0.010753,0.055838,0.817204,0.139785,0.000000,0.550179,558.000000
2749,1,1.566080,1.598080,17029.000000,34.000000,2118.000000,3.000000,2167.000000,410.000000,4923.000000,506.000000,20.000000,5463.000000,5693.000000,1334.000000,2613.000000,1406.000000,5463.000000,NSW,0.000000,47.093600,361.599028,0.901153,0.092623,0.003661,0.040400,0.722497,0.257368,0.000000,0.458905,5463.000000
2750,1,1.540070,1.577120,49204.000000,37.000000,1654.000000,2.400000,2079.000000,390.000000,12492.000000,2527.000000,4058.000000,19199.000000,20661.000000,5040.000000,5903.000000,7742.000000,19199.000000,NSW,0.000000,35.370500,1391.102755,0.650659,0.131621,0.211365,0.070761,0.569978,0.403250,0.000000,0.300849,19199.000000
2752,1,3.164870,3.297670,5747.000000,35.000000,2335.000000,3.100000,2383.000000,410.000000,1789.000000,13.000000,5.000000,1811.000000,1887.000000,529.000000,1026.000000,225.000000,1811.000000,NSW,0.000000,53.568800,107.282597,0.987852,0.007178,0.002761,0.040276,0.858642,0.124241,0.000000,0.693539,1811.000000
2753,0,0.622790,0.757800,17587.000000,39.000000,1848.000000,2.700000,2167.000000,400.000000,4973.000000,688.000000,331.000000,6037.000000,6408.000000,2014.000000,2096.000000,1731.000000,6037.000000,NSW,0.000000,169.441900,103.793690,0.823754,0.113964,0.054829,0.057896,0.680802,0.286732,0.000000,0.381647,6037.000000
2754,1,3.097430,3.118370,7065.000000,39.000000,1764.000000,2.600000,2372.000000,410.000000,2120.000000,424.000000,34.000000,2596.000000,2717.000000,843.000000,941.000000,672.000000,2596.000000,NSW,0.000000,34.325100,205.826057,0.816641,0.163328,0.013097,0.044534,0.687211,0.258860,0.000000,0.499230,2596.000000
2756,1,1.626690,1.657230,35328.000000,36.000000,2055.000000,2.900000,2200.000000,400.000000,10415.000000,1082.000000,187.000000,11777.000000,12384.000000,3290.000000,5223.000000,2976.000000,11777.000000,NSW,0.000000,1486.870900,23.759965,0.884351,0.091874,0.015878,0.049015,0.722850,0.252696,0.000000,0.430840,11777.000000
2758,1,1.341600,1.498420,8848.000000,43.000000,2386.000000,3.000000,2530.000000,440.000000,2858.000000,15.000000,17.000000,2910.000000,3111.000000,1130.000000,1482.000000,229.000000,2910.000000,NSW,0.000000,572.144300,15.464630,0.982131,0.005155,0.005842,0.064609,0.897595,0.078694,0.000000,0.530928,2910.000000
2759,1,1.752930,1.752930,26434.000000,36.000000,2134.000000,3.100000,2167.000000,440.000000,8164.000000,90.000000,47.000000,8302.000000,8536.000000,2528.000000,3871.000000,1726.000000,8302.000000,NSW,0.000000,15.597900,1694.715314,0.983377,0.010841,0.005661,0.027413,0.770778,0.207902,0.000000,0.512045,8302.000000
2760,1,1.174200,1.320150,37632.000000,34.000000,1575.000000,2.800000,2000.000000,380.000000,8735.000000,2620.000000,1087.000000,12481.000000,13239.000000,2333.000000,4390.000000,5337.000000,12481.000000,NSW,0.000000,19.930800,1888.132940,0.699864,0.209919,0.087092,0.057255,0.538659,0.427610,0.000000,0.322090,12481.000000
2761,1,1.993550,1.993550,34702.000000,33.000000,2223.000000,3.400000,2167.000000,430.000000,9030.000000,650.000000,84.000000,9782.000000,10051.000000,1819.000000,5103.000000,2610.000000,9782.000000,NSW,0.000000,14.764800,2350.319679,0.923124,0.066449,0.008587,0.026764,0.707626,0.266817,0.000000,0.605091,9782.000000
2762,1,7.959050,7.959050,21780.000000,31.000000,2716.000000,3.200000,2757.000000,550.000000,5485.000000,318.000000,704.000000,6533.000000,6922.000000,474.000000,3758.000000,2189.000000,6533.000000,NSW,0.000000,12.517100,1740.019653,0.839584,0.048676,0.107761,0.056198,0.647788,0.335068,0.000000,0.576152,6533.000000
2763,1,2.130550,2.162120,33197.000000,35.000000,2369.000000,3.100000,2383.000000,450.000000,7442.000000,2382.000000,428.000000,10301.000000,10690.000000,2199.000000,4880.000000,3051.000000,10301.000000,NSW,0.000000,13.015700,2550.535123,0.722454,0.231240,0.041549,0.036389,0.687215,0.296185,0.000000,0.486361,10301.000000
2765,1,7.332900,7.353240,45613.000000,33.000000,2572.000000,3.200000,2817.000000,540.000000,12874.000000,257.000000,167.000000,13386.000000,13946.000000,2291.000000,7591.000000,3207.000000,13386.000000,NSW,0.000000,127.527100,357.672997,0.961751,0.019199,0.012476,0.040155,0.738234,0.239579,0.000000,0.936127,13386.000000
2766,1,1.521930,1.654640,17047.000000,37.000000,1996.000000,3.200000,2167.000000,420.000000,3745.000000,911.000000,157.000000,4834.000000,5095.000000,1164.000000,1949.000000,1570.000000,4834.000000,NSW,0.000000,27.238300,625.846694,0.774721,0.188457,0.032478,0.051227,0.643980,0.324783,0.000000,0.442077,4834.000000
2767,0,-0.035630,0.325600,23384.000000,36.000000,2004.000000,3.100000,2200.000000,380.000000,6167.000000,779.000000,103.000000,7054.000000,7324.000000,1572.000000,2805.000000,2484.000000,7054.000000,NSW,0.000000,10.108800,2313.232035,0.874256,0.110434,0.014602,0.036865,0.620499,0.352141,0.000000,0.574993,7054.000000
2768,1,1.734870,1.739280,28864.000000,37.000000,2981.000000,3.400000,2600.000000,580.000000,7421.000000,661.000000,8.000000,8087.000000,8299.000000,1912.000000,4421.000000,1618.000000,8087.000000,NSW,0.000000,9.019400,3200.212874,0.917646,0.081736,0.000989,0.025545,0.783109,0.200074,0.000000,0.636083,8087.000000
2769,1,1.515100,1.744000,16315.000000,35.000000,3285.000000,3.500000,3000.000000,643.000000,3778.000000,708.000000,0.000000,4513.000000,4673.000000,542.000000,2810.000000,990.000000,4513.000000,NSW,0.000000,4.653400,3506.038595,0.837137,0.156880,0.000000,0.034239,0.742743,0.219366,0.000000,0.783957,4513.000000
2770,1,1.969930,2.004960,61494.000000,33.000000,1326.000000,3.000000,1800.000000,320.000000,14384.000000,2395.000000,1923.000000,18740.000000,20074.000000,3766.000000,5153.000000,9238.000000,18740.000000,NSW,0.000000,24.730300,2486.585282,0.767556,0.127801,0.102615,0.066454,0.475934,0.492956,0.000000,0.364301,18740.000000
2773,0,0.375300,0.896880,5978.000000,45.000000,2472.000000,2.800000,2500.000000,480.000000,1998.000000,84.000000,23.000000,2096.000000,2205.000000,990.000000,822.000000,260.000000,2096.000000,NSW,0.000000,8.393600,712.209302,0.953244,0.040076,0.010973,0.049433,0.864504,0.124046,0.000000,0.514790,2096.000000
2774,0,0.360200,0.530330,13010.000000,40.000000,2228.000000,2.700000,2214.000000,420.000000,4409.000000,221.000000,15.000000,4654.000000,4842.000000,1831.000000,2031.000000,729.000000,4654.000000,NSW,0.000000,21.299900,610.800990,0.947357,0.047486,0.003223,0.038827,0.829824,0.156639,0.000000,0.457886,4654.000000
2775,0,-0.390850,0.522050,1518.000000,53.000000,1188.000000,2.000000,1684.000000,295.000000,623.000000,3.000000,3.000000,652.000000,963.000000,279.000000,241.000000,97.000000,652.000000,NSW,0.000000,833.140200,1.822022,0.955521,0.004601,0.004601,0.322949,0.797546,0.148773,0.000000,0.478528,652.000000
2776,0,-0.538530,0.773930,4156.000000,40.000000,2152.000000,2.700000,2077.000000,420.000000,1449.000000,18.000000,8.000000,1483.000000,1550.000000,553.000000,715.000000,187.000000,1483.000000,NSW,0.000000,14.932000,278.328422,0.977073,0.012138,0.005394,0.043226,0.855024,0.126096,0.000000,0.511126,1483.000000
2777,0,0.862020,0.886470,17816.000000,44.000000,2014.000000,2.600000,2167.000000,425.000000,5921.000000,442.000000,206.000000,6578.000000,6868.000000,2586.000000,2831.000000,923.000000,6578.000000,NSW,0.000000,54.732700,325.509248,0.900122,0.067194,0.031317,0.042225,0.823503,0.140316,0.000000,0.459258,6578.000000
2778,0,-0.459890,0.580830,2425.000000,45.000000,1942.000000,2.500000,2000.000000,420.000000,932.000000,6.000000,7.000000,949.000000,1005.000000,371.000000,464.000000,98.000000,949.000000,NSW,0.000000,20.960200,115.695461,0.982086,0.006322,0.007376,0.055721,0.879874,0.103267,0.000000,0.551106,949.000000
2779,0,-0.333420,0.765700,5077.000000,41.000000,1794.000000,2.600000,1950.000000,400.000000,1830.000000,50.000000,9.000000,1896.000000,2022.000000,690.000000,887.000000,281.000000,1896.000000,NSW,0.000000,12.499500,406.176247,0.965190,0.026371,0.004747,0.062315,0.831751,0.148207,0.000000,0.433544,1896.000000
2780,0,0.488290,0.695850,13348.000000,50.000000,1238.000000,2.100000,1733.000000,380.000000,5030.000000,376.000000,570.000000,6040.000000,7334.000000,2403.000000,1716.000000,1720.000000,6040.000000,NSW,0.000000,38.460300,347.059175,0.832781,0.062252,0.094371,0.176439,0.681954,0.284768,0.000000,0.344868,6040.000000
2782,1,1.150360,1.158110,6428.000000,50.000000,1528.000000,2.300000,2080.000000,430.000000,2463.000000,86.000000,24.000000,2576.000000,2947.000000,1211.000000,871.000000,448.000000,2576.000000,NSW,0.000000,21.035800,305.574307,0.956134,0.033385,0.009317,0.125891,0.808230,0.173913,0.000000,0.446040,2576.000000
2783,0,0.139780,0.599620,2651.000000,45.000000,1519.000000,2.400000,1849.000000,387.000000,1019.000000,12.000000,46.000000,1083.000000,1170.000000,400.000000,468.000000,194.000000,1083.000000,NSW,0.000000,7.288700,363.713694,0.940905,0.011080,0.042475,0.074359,0.801477,0.179132,0.000000,0.431210,1083.000000
2784,0,0.383200,0.565350,1300.000000,45.000000,1765.000000,2.500000,1900.000000,400.000000,491.000000,3.000000,5.000000,499.000000,560.000000,191.000000,235.000000,75.000000,499.000000,NSW,0.000000,6.138900,211.764323,0.983968,0.006012,0.010020,0.108929,0.853707,0.150301,0.000000,0.486974,499.000000
2785,0,0.886750,0.911480,4822.000000,53.000000,1343.000000,2.100000,1733.000000,380.000000,2081.000000,43.000000,30.000000,2168.000000,2828.000000,1019.000000,639.000000,451.000000,2168.000000,NSW,0.000000,128.644700,37.483083,0.959871,0.019834,0.013838,0.233380,0.764760,0.208026,0.000000,0.441882,2168.000000
2787,0,0.492440,0.540750,4605.000000,48.000000,1380.000000,2.300000,1517.000000,280.000000,1613.000000,82.000000,26.000000,1731.000000,2130.000000,740.000000,522.000000,392.000000,1731.000000,NSW,0.000000,4632.781800,0.994003,0.931831,0.047371,0.015020,0.187324,0.729058,0.226459,0.000000,0.487002,1731.000000
2790,0,0.899400,1.157070,15452.000000,47.000000,1184.000000,2.200000,1517.000000,270.000000,5467.000000,606.000000,126.000000,6254.000000,7115.000000,2556.000000,1766.000000,1631.000000,6254.000000,NSW,0.000000,2481.323100,6.227323,0.874161,0.096898,0.020147,0.121012,0.691078,0.260793,0.000000,0.400224,6254.000000
2794,0,0.606370,0.691180,10504.000000,46.000000,1115.000000,2.300000,1231.000000,230.000000,3831.000000,273.000000,90.000000,4226.000000,4699.000000,1762.000000,1128.000000,1160.000000,4226.000000,NSW,0.000000,1408.265800,7.458819,0.906531,0.064600,0.021297,0.100660,0.683862,0.274491,0.000000,0.521297,4226.000000
2795,1,1.108610,1.130740,45077.000000,39.000000,1593.000000,2.500000,1733.000000,320.000000,14003.000000,1633.000000,699.000000,16417.000000,18040.000000,5631.000000,5431.000000,4870.000000,16417.000000,NSW,0.000000,5307.524800,8.493036,0.852957,0.099470,0.042578,0.089967,0.673814,0.296644,0.000000,0.465067,16417.000000
2798,0,0.206390,0.553960,2193.000000,44.000000,2074.000000,2.700000,1993.000000,320.000000,708.000000,9.000000,9.000000,734.000000,797.000000,330.000000,295.000000,91.000000,734.000000,NSW,0.000000,268.708900,8.161248,0.964578,0.012262,0.012262,0.079046,0.851499,0.123978,0.000000,0.594005,734.000000
2799,0,0.302460,0.529750,4156.000000,40.000000,1426.000000,2.500000,1408.000000,260.000000,1483.000000,72.000000,17.000000,1591.000000,1732.000000,585.000000,529.000000,433.000000,1591.000000,NSW,0.000000,630.799800,6.588461,0.932118,0.045255,0.010685,0.081409,0.700189,0.272156,0.000000,0.426776,1591.000000
2800,1,1.144490,1.199330,48283.000000,37.000000,1713.000000,2.500000,1733.000000,330.000000,15483.000000,1562.000000,560.000000,17761.000000,19349.000000,5656.000000,6133.000000,5423.000000,17761.000000,NSW,0.000000,1993.951100,24.214736,0.871741,0.087945,0.031530,0.082071,0.663758,0.305332,0.000000,0.469061,17761.000000
2804,0,0.247540,0.496460,2832.000000,48.000000,1164.000000,2.300000,1206.000000,220.000000,1024.000000,28.000000,12.000000,1074.000000,1229.000000,494.000000,296.000000,214.000000,1074.000000,NSW,0.000000,878.049800,3.225330,0.953445,0.026071,0.011173,0.126119,0.735568,0.199255,0.000000,0.687151,1074.000000
2810,0,-0.176710,0.607170,3132.000000,52.000000,1048.000000,2.200000,1033.000000,200.000000,1224.000000,35.000000,46.000000,1320.000000,1526.000000,668.000000,321.000000,253.000000,1320.000000,NSW,0.000000,2658.971000,1.177899,0.927273,0.026515,0.034848,0.134993,0.749242,0.191667,0.000000,0.568939,1320.000000
2820,0,0.547950,0.802200,7378.000000,41.000000,1122.000000,2.300000,1083.000000,230.000000,2242.000000,100.000000,51.000000,2441.000000,2853.000000,954.000000,679.000000,676.000000,2441.000000,NSW,0.000000,2438.751000,3.025319,0.918476,0.040967,0.020893,0.144409,0.668988,0.276936,0.000000,0.525195,2441.000000
2821,0,0.346690,0.414620,4778.000000,39.000000,1318.000000,2.500000,1213.000000,250.000000,1545.000000,85.000000,21.000000,1664.000000,1881.000000,672.000000,515.000000,393.000000,1664.000000,NSW,0.000000,2339.860300,2.042002,0.928486,0.051082,0.012620,0.115364,0.713341,0.236178,0.000000,0.778846,1664.000000
2823,0,-0.588290,0.656520,1340.000000,43.000000,1306.000000,2.300000,1056.000000,180.000000,438.000000,0.000000,26.000000,473.000000,547.000000,212.000000,101.000000,135.000000,473.000000,NSW,0.000000,2782.357700,0.481606,0.926004,0.000000,0.054968,0.135283,0.661734,0.285412,0.000000,0.883721,473.000000
2824,0,0.066210,0.420820,2055.000000,46.000000,1276.000000,2.300000,1050.000000,200.000000,709.000000,44.000000,14.000000,782.000000,955.000000,329.000000,179.000000,199.000000,782.000000,NSW,0.000000,4843.600000,0.424271,0.906650,0.056266,0.017903,0.181152,0.649616,0.254476,0.000000,0.842711,782.000000
2825,0,-0.145430,0.833500,2202.000000,41.000000,1451.000000,2.400000,1083.000000,200.000000,769.000000,47.000000,6.000000,849.000000,1080.000000,331.000000,202.000000,241.000000,849.000000,NSW,0.000000,7188.407300,0.306327,0.905771,0.055359,0.007067,0.213889,0.627797,0.283863,0.000000,0.637220,849.000000
2827,0,0.749100,0.767270,3678.000000,46.000000,1133.000000,2.300000,1083.000000,200.000000,1269.000000,35.000000,51.000000,1372.000000,1623.000000,558.000000,339.000000,361.000000,1372.000000,NSW,0.000000,2964.688500,1.240603,0.924927,0.025510,0.037172,0.154652,0.653790,0.263120,0.000000,0.739796,1372.000000
2829,0,0.581780,0.781040,2965.000000,38.000000,1279.000000,2.400000,906.000000,190.000000,947.000000,22.000000,44.000000,1024.000000,1243.000000,377.000000,247.000000,317.000000,1024.000000,NSW,0.000000,6318.829400,0.469232,0.924805,0.021484,0.042969,0.176187,0.609375,0.309570,0.000000,0.845703,1024.000000
2830,1,1.563720,1.563720,44963.000000,36.000000,1695.000000,2.500000,1582.000000,310.000000,13346.000000,1401.000000,1106.000000,15961.000000,17076.000000,4533.000000,5514.000000,5268.000000,15961.000000,NSW,0.000000,3017.493800,14.900776,0.836163,0.087776,0.069294,0.065296,0.629472,0.330055,0.000000,0.724328,15961.000000
2831,0,-0.383100,0.484690,1845.000000,41.000000,1528.000000,2.700000,1300.000000,250.000000,575.000000,0.000000,3.000000,591.000000,705.000000,260.000000,203.000000,69.000000,591.000000,NSW,0.000000,22389.364900,0.082405,0.972927,0.000000,0.005076,0.161702,0.783418,0.116751,0.000000,1.096447,591.000000
2832,0,-0.323320,1.218920,2149.000000,38.000000,1359.000000,2.400000,867.000000,175.000000,454.000000,20.000000,14.000000,564.000000,688.000000,192.000000,92.000000,195.000000,564.000000,NSW,0.000000,9695.064300,0.221659,0.804965,0.035461,0.024823,0.180233,0.503546,0.345745,0.000000,1.186170,564.000000
2834,0,0.226780,0.982960,1984.000000,53.000000,793.000000,2.000000,867.000000,195.000000,458.000000,33.000000,13.000000,743.000000,891.000000,365.000000,92.000000,213.000000,743.000000,NSW,0.000000,2828.007000,0.701554,0.616420,0.044415,0.017497,0.166105,0.615074,0.286676,0.000000,1.009421,743.000000
2835,0,0.348940,0.572460,3793.000000,36.000000,1811.000000,2.300000,1159.000000,200.000000,1179.000000,44.000000,67.000000,1314.000000,1826.000000,451.000000,369.000000,429.000000,1314.000000,NSW,0.000000,29975.182600,0.126538,0.897260,0.033486,0.050989,0.280394,0.624049,0.326484,0.000000,0.877473,1314.000000
2840,0,-0.923830,0.949780,2389.000000,36.000000,1536.000000,2.500000,940.000000,180.000000,729.000000,10.000000,15.000000,787.000000,1121.000000,255.000000,171.000000,264.000000,787.000000,NSW,0.000000,62474.602200,0.038240,0.926302,0.012706,0.019060,0.297948,0.541296,0.335451,0.000000,1.055909,787.000000
2844,0,0.188770,0.383910,1312.000000,51.000000,1020.000000,2.200000,1083.000000,200.000000,509.000000,12.000000,0.000000,523.000000,644.000000,255.000000,108.000000,123.000000,523.000000,NSW,0.000000,1821.565800,0.720259,0.973231,0.022945,0.000000,0.187888,0.694073,0.235182,0.000000,0.722753,523.000000
2845,0,-0.695660,0.959760,2019.000000,39.000000,1424.000000,2.600000,1517.000000,275.000000,699.000000,27.000000,4.000000,744.000000,824.000000,260.000000,278.000000,189.000000,744.000000,NSW,0.000000,67.070500,30.102653,0.939516,0.036290,0.005376,0.097087,0.723118,0.254032,0.000000,0.494624,744.000000
2847,0,0.208150,0.330010,2447.000000,46.000000,1150.000000,2.300000,1272.000000,250.000000,926.000000,6.000000,0.000000,949.000000,1071.000000,457.000000,320.000000,143.000000,949.000000,NSW,0.000000,98.897000,24.742914,0.975764,0.006322,0.000000,0.113912,0.818757,0.150685,0.000000,0.513172,949.000000
2849,0,0.242040,0.389070,1610.000000,52.000000,1172.000000,2.200000,1394.000000,270.000000,620.000000,7.000000,3.000000,640.000000,807.000000,336.000000,151.000000,103.000000,640.000000,NSW,0.000000,2801.040500,0.574786,0.968750,0.010937,0.004687,0.206939,0.760938,0.160938,0.000000,0.650000,640.000000
2850,0,0.901380,0.940490,19146.000000,40.000000,1671.000000,2.500000,1733.000000,360.000000,6316.000000,558.000000,47.000000,7033.000000,8378.000000,2559.000000,2382.000000,1801.000000,7033.000000,NSW,0.000000,6005.375800,3.188144,0.898052,0.079340,0.006683,0.160540,0.702545,0.256078,0.000000,0.539741,7033.000000
2852,0,-0.311190,0.646260,3734.000000,42.000000,1365.000000,2.500000,1517.000000,300.000000,1313.000000,23.000000,22.000000,1377.000000,1560.000000,564.000000,485.000000,274.000000,1377.000000,NSW,0.000000,1240.991000,3.008886,0.953522,0.016703,0.015977,0.117308,0.761801,0.198983,0.000000,0.513435,1377.000000
2865,0,-0.826270,0.826270,927.000000,44.000000,1434.000000,2.500000,1300.000000,210.000000,331.000000,0.000000,7.000000,349.000000,411.000000,152.000000,126.000000,48.000000,349.000000,NSW,0.000000,620.174500,1.494741,0.948424,0.000000,0.020057,0.150852,0.796562,0.137536,0.000000,0.733524,349.000000
2866,0,-0.054140,0.223850,3112.000000,42.000000,1397.000000,2.500000,1621.000000,270.000000,951.000000,27.000000,26.000000,1124.000000,1272.000000,466.000000,369.000000,231.000000,1124.000000,NSW,0.000000,1198.708900,2.596127,0.846085,0.024021,0.023132,0.116352,0.742883,0.205516,0.000000,0.536477,1124.000000
2869,0,-0.501880,0.571890,1528.000000,49.000000,1056.000000,2.200000,975.000000,195.000000,525.000000,16.000000,7.000000,571.000000,670.000000,273.000000,113.000000,136.000000,571.000000,NSW,0.000000,2103.797800,0.726306,0.919440,0.028021,0.012259,0.147761,0.676007,0.238179,0.000000,0.690018,571.000000
2870,0,0.327800,0.412880,12036.000000,39.000000,1405.000000,2.400000,1300.000000,260.000000,4033.000000,168.000000,282.000000,4533.000000,5143.000000,1567.000000,1479.000000,1280.000000,4533.000000,NSW,0.000000,2453.999500,4.904646,0.889698,0.037062,0.062210,0.118608,0.671961,0.282374,0.000000,0.553497,4533.000000
2871,0,0.144700,0.500070,8965.000000,42.000000,1249.000000,2.300000,1257.000000,230.000000,3063.000000,156.000000,162.000000,3434.000000,3860.000000,1290.000000,1017.000000,932.000000,3434.000000,NSW,0.000000,3837.853200,2.335941,0.891963,0.045428,0.047175,0.110363,0.671811,0.271404,0.000000,0.502038,3434.000000
2877,0,0.085510,0.259420,3575.000000,39.000000,1282.000000,2.400000,952.000000,200.000000,1214.000000,37.000000,11.000000,1275.000000,1580.000000,491.000000,339.000000,354.000000,1275.000000,NSW,0.000000,15332.160300,0.233170,0.952157,0.029020,0.008627,0.193038,0.650980,0.277647,0.000000,0.763922,1275.000000
2880,1,1.072750,1.072750,18097.000000,44.000000,1182.000000,2.200000,867.000000,220.000000,7050.000000,177.000000,186.000000,7467.000000,9015.000000,3155.000000,2224.000000,1759.000000,7467.000000,NSW,0.000000,66191.407700,0.273404,0.944154,0.023704,0.024910,0.171714,0.720370,0.235570,0.000000,0.873309,7467.000000
2899,0,0.791100,2.607740,2188.000000,50.000000,1184.000000,2.100000,1300.000000,240.000000,858.000000,11.000000,10.000000,898.000000,1081.000000,369.000000,213.000000,260.000000,898.000000,OT,0.000000,38.651000,56.609143,0.955457,0.012249,0.011136,0.169288,0.648107,0.289532,0.000000,0.870824,898.000000
2902,1,2.134030,2.143720,15670.000000,41.000000,2207.000000,2.600000,2000.000000,400.000000,4953.000000,777.000000,114.000000,5852.000000,6138.000000,2085.000000,2387.000000,1234.000000,5852.000000,ACT,0.000000,11.336100,1382.309613,0.846377,0.132775,0.019481,0.046595,0.764183,0.210868,0.000000,0.456083,5852.000000
2903,1,1.670410,1.727840,9588.000000,39.000000,2311.000000,2.600000,2100.000000,400.000000,3159.000000,319.000000,23.000000,3505.000000,3670.000000,1239.000000,1455.000000,746.000000,3505.000000,ACT,0.000000,6.484000,1478.716841,0.901284,0.091013,0.006562,0.044959,0.768616,0.212839,0.000000,0.433096,3505.000000
2904,1,2.647280,2.668410,13196.000000,41.000000,2577.000000,2.700000,2167.000000,462.000000,4398.000000,305.000000,50.000000,4757.000000,4961.000000,1820.000000,2059.000000,691.000000,4757.000000,ACT,0.000000,9.751400,1353.241586,0.924532,0.064116,0.010511,0.041121,0.815430,0.145260,0.000000,0.537734,4757.000000
2905,1,2.328980,2.328980,28731.000000,37.000000,2311.000000,2.700000,2000.000000,430.000000,8800.000000,1263.000000,240.000000,10307.000000,10741.000000,2945.000000,5035.000000,2122.000000,10307.000000,ACT,0.000000,19.814100,1450.028010,0.853789,0.122538,0.023285,0.040406,0.774231,0.205879,0.000000,0.448142,10307.000000
2906,1,2.108630,2.227910,18107.000000,37.000000,2410.000000,2.700000,2000.000000,410.000000,4802.000000,1332.000000,257.000000,6393.000000,6607.000000,1612.000000,3481.000000,1177.000000,6393.000000,ACT,0.000000,11.218600,1614.016009,0.751134,0.208353,0.040200,0.032390,0.796653,0.184108,0.000000,0.434851,6393.000000
2911,0,0.833170,1.088590,4804.000000,34.000000,2807.000000,2.800000,2400.000000,460.000000,1170.000000,261.000000,250.000000,1689.000000,1757.000000,225.000000,806.000000,571.000000,1689.000000,ACT,0.000000,5.053600,950.609467,0.692718,0.154529,0.148017,0.038702,0.610420,0.338070,0.000000,0.422143,1689.000000
2912,1,1.343470,1.760610,8604.000000,31.000000,2208.000000,2.600000,1801.000000,450.000000,1142.000000,559.000000,1498.000000,3225.000000,3534.000000,428.000000,1038.000000,1695.000000,3225.000000,ACT,0.000000,31.918800,269.559006,0.354109,0.173333,0.464496,0.087436,0.454574,0.525581,0.000000,0.190078,3225.000000
2913,1,3.170350,3.230670,39396.000000,34.000000,2429.000000,2.800000,2000.000000,460.000000,9482.000000,3305.000000,1007.000000,13809.000000,14426.000000,2906.000000,6610.000000,3977.000000,13809.000000,ACT,0.000000,21.810000,1806.327373,0.686654,0.239337,0.072923,0.042770,0.689116,0.288001,0.000000,0.429792,13809.000000
2914,1,3.095640,3.095640,34576.000000,31.000000,2841.000000,3.100000,2167.000000,480.000000,7765.000000,1957.000000,1119.000000,10857.000000,11233.000000,1312.000000,5915.000000,3452.000000,10857.000000,ACT,0.000000,16.483200,2097.650942,0.715207,0.180252,0.103067,0.033473,0.665653,0.317952,0.000000,0.424058,10857.000000
3011,0,0.296030,0.679730,22278.000000,34.000000,1896.000000,2.100000,2000.000000,369.000000,3724.000000,1445.000000,4200.000000,9450.000000,11680.000000,1525.000000,2739.000000,4945.000000,9450.000000,VIC,0.000000,5.966400,3733.909895,0.394074,0.152910,0.444444,0.190925,0.451217,0.523280,0.000000,0.128148,9450.000000
3012,0,0.211170,0.602140,27023.000000,35.000000,1987.000000,2.400000,2100.000000,370.000000,5798.000000,2803.000000,1892.000000,10550.000000,11768.000000,2220.000000,3751.000000,4289.000000,10550.000000,VIC,0.000000,15.258000,1771.070914,0.549573,0.265687,0.179336,0.103501,0.565972,0.406540,0.000000,0.181232,10550.000000
3013,0,0.335100,0.575060,15636.000000,37.000000,2485.000000,2.500000,2500.000000,462.000000,4346.000000,981.000000,661.000000,6060.000000,6629.000000,1608.000000,2323.000000,2011.000000,6060.000000,VIC,0.000000,5.658700,2763.178822,0.717162,0.161881,0.109076,0.085835,0.648680,0.331848,0.000000,0.211551,6060.000000
3015,0,0.686510,0.688380,18634.000000,38.000000,2556.000000,2.600000,2500.000000,460.000000,4373.000000,2042.000000,452.000000,6897.000000,7525.000000,1887.000000,2798.000000,2087.000000,6897.000000,VIC,0.000000,8.805900,2116.081264,0.634044,0.296071,0.065536,0.083455,0.679281,0.302595,0.000000,0.225460,6897.000000
3016,0,0.904460,0.904460,16025.000000,45.000000,2382.000000,2.500000,2600.000000,450.000000,3321.000000,1926.000000,839.000000,6118.000000,6897.000000,2352.000000,2052.000000,1570.000000,6118.000000,VIC,0.000000,7.372900,2173.500251,0.542824,0.314809,0.137136,0.112948,0.719843,0.256620,0.000000,0.253351,6118.000000
3018,0,0.639800,0.759450,13556.000000,42.000000,1861.000000,2.300000,2200.000000,390.000000,3573.000000,1578.000000,423.000000,5591.000000,6091.000000,2080.000000,1694.000000,1662.000000,5591.000000,VIC,0.000000,17.682600,766.629342,0.639063,0.282239,0.075657,0.082088,0.675013,0.297263,0.000000,0.291719,5591.000000
3019,0,0.809560,0.902430,9682.000000,34.000000,1451.000000,2.700000,1859.000000,312.000000,1604.000000,1654.000000,131.000000,3412.000000,3722.000000,641.000000,1010.000000,1620.000000,3412.000000,VIC,0.000000,4.324600,2238.819775,0.470106,0.484760,0.038394,0.083289,0.483880,0.474795,0.000000,0.216002,3412.000000
3020,0,0.645160,0.855140,44372.000000,37.000000,1428.000000,2.700000,1733.000000,340.000000,11614.000000,2459.000000,1098.000000,15211.000000,16707.000000,5224.000000,4353.000000,5011.000000,15211.000000,VIC,0.000000,25.106200,1767.372203,0.763526,0.161659,0.072185,0.089543,0.629610,0.329433,0.000000,0.272369,15211.000000
3021,0,0.688040,0.716240,55112.000000,37.000000,1238.000000,2.800000,1500.000000,325.000000,14505.000000,2151.000000,1227.000000,17935.000000,19243.000000,6477.000000,4983.000000,5674.000000,17935.000000,VIC,0.000000,19.498500,2826.473831,0.808754,0.119933,0.068414,0.067973,0.638974,0.316365,0.000000,0.270588,17935.000000
3022,0,0.853250,0.920390,3170.000000,37.000000,1452.000000,2.400000,1700.000000,340.000000,876.000000,229.000000,7.000000,1143.000000,1238.000000,342.000000,372.000000,393.000000,1143.000000,VIC,0.000000,2.130700,1487.773971,0.766404,0.200350,0.006124,0.076737,0.624672,0.343832,0.000000,0.237095,1143.000000
3023,0,0.150990,0.483630,67146.000000,35.000000,1905.000000,3.200000,1869.000000,381.000000,17430.000000,1894.000000,353.000000,19696.000000,20753.000000,5300.000000,9397.000000,4291.000000,19696.000000,VIC,0.000000,39.515600,1699.227647,0.884951,0.096162,0.017922,0.050932,0.746192,0.217861,0.000000,0.414348,19696.000000
3024,1,2.177950,2.310520,34004.000000,31.000000,1995.000000,3.100000,1800.000000,350.000000,10022.000000,451.000000,10.000000,10489.000000,11120.000000,1443.000000,5717.000000,3086.000000,10489.000000,VIC,0.000000,143.881200,236.333864,0.955477,0.042997,0.000953,0.056745,0.682620,0.294213,0.000000,0.585184,10489.000000
3025,1,2.084700,2.173500,12962.000000,37.000000,1695.000000,2.600000,2167.000000,400.000000,3233.000000,1280.000000,159.000000,4697.000000,5079.000000,1674.000000,1429.000000,1443.000000,4697.000000,VIC,0.000000,14.038700,923.304864,0.688312,0.272514,0.033851,0.075212,0.660634,0.307217,0.000000,0.305514,4697.000000
3027,1,1.245710,1.245710,9448.000000,31.000000,2582.000000,3.200000,2167.000000,420.000000,2507.000000,156.000000,155.000000,2823.000000,3054.000000,278.000000,1365.000000,1108.000000,2823.000000,VIC,0.000000,3.832400,2465.295898,0.888062,0.055260,0.054906,0.075639,0.582005,0.392490,0.000000,0.451647,2823.000000
3028,0,0.492310,0.521750,28191.000000,38.000000,1634.000000,2.500000,1733.000000,341.000000,9016.000000,1062.000000,431.000000,10524.000000,11250.000000,3639.000000,3567.000000,3069.000000,10524.000000,VIC,0.000000,15.921500,1770.624627,0.856708,0.100912,0.040954,0.064533,0.684721,0.291619,0.000000,0.292569,10524.000000
3029,1,2.140360,2.140360,129888.000000,31.000000,1960.000000,3.200000,1900.000000,371.000000,33516.000000,3435.000000,985.000000,37971.000000,40167.000000,6596.000000,19206.000000,10926.000000,37971.000000,VIC,0.000000,117.795100,1102.660467,0.882674,0.090464,0.025941,0.054672,0.679519,0.287746,0.000000,0.615048,37971.000000
3030,1,1.222070,1.223450,119201.000000,34.000000,2057.000000,2.900000,2000.000000,371.000000,33400.000000,4370.000000,892.000000,38707.000000,41811.000000,7835.000000,17227.000000,12577.000000,38707.000000,VIC,0.000000,240.144900,496.371149,0.862893,0.112899,0.023045,0.074239,0.647480,0.324928,0.000000,0.426615,38707.000000
3031,0,-0.054910,0.466490,17772.000000,35.000000,1947.000000,2.100000,2119.000000,361.000000,1491.000000,3238.000000,3075.000000,7842.000000,8994.000000,1318.000000,2138.000000,4214.000000,7842.000000,VIC,0.000000,5.016300,3542.850308,0.190130,0.412905,0.392119,0.128085,0.440704,0.537363,0.000000,0.119612,7842.000000
3032,0,0.145950,0.357340,29874.000000,36.000000,2057.000000,2.300000,2167.000000,381.000000,4607.000000,3050.000000,4387.000000,12080.000000,13738.000000,3085.000000,3944.000000,4755.000000,12080.000000,VIC,0.000000,9.750300,3063.905726,0.381374,0.252483,0.363162,0.120687,0.581871,0.393626,0.000000,0.154222,12080.000000
3033,0,0.162960,0.366950,15078.000000,43.000000,1911.000000,2.600000,2167.000000,406.000000,4390.000000,1003.000000,46.000000,5447.000000,5800.000000,2505.000000,1769.000000,1022.000000,5447.000000,VIC,0.000000,9.069400,1662.513507,0.805948,0.184138,0.008445,0.060862,0.784652,0.187626,0.000000,0.228383,5447.000000
3034,0,-0.191140,0.443990,12388.000000,45.000000,1587.000000,2.600000,2167.000000,400.000000,3449.000000,996.000000,21.000000,4491.000000,4765.000000,2115.000000,1291.000000,887.000000,4491.000000,VIC,0.000000,5.408700,2290.384011,0.767980,0.221777,0.004676,0.057503,0.758406,0.197506,0.000000,0.201959,4491.000000
3036,0,-0.044220,0.192330,5974.000000,46.000000,2043.000000,2.700000,2167.000000,400.000000,1877.000000,274.000000,0.000000,2156.000000,2293.000000,1036.000000,778.000000,196.000000,2156.000000,VIC,0.000000,18.153100,329.089797,0.870594,0.127087,0.000000,0.059747,0.841373,0.090909,0.000000,0.293135,2156.000000
3037,0,-0.261750,0.457210,51402.000000,36.000000,2047.000000,3.100000,1838.000000,370.000000,12656.000000,2841.000000,298.000000,15793.000000,16380.000000,4749.000000,7687.000000,2881.000000,15793.000000,VIC,0.000000,22.546600,2279.811590,0.801368,0.179890,0.018869,0.035836,0.787437,0.182423,0.000000,0.373140,15793.000000
3038,0,0.456340,0.559710,26703.000000,44.000000,1922.000000,2.900000,1800.000000,381.000000,7902.000000,976.000000,48.000000,8933.000000,9300.000000,4425.000000,3035.000000,1170.000000,8933.000000,VIC,0.000000,13.350900,2000.089882,0.884585,0.109258,0.005373,0.039462,0.835106,0.130975,0.000000,0.338744,8933.000000
3039,0,-0.101400,0.519710,16224.000000,38.000000,2111.000000,2.200000,2167.000000,400.000000,3064.000000,1076.000000,2697.000000,6862.000000,7855.000000,2058.000000,1986.000000,2648.000000,6862.000000,VIC,0.000000,4.355100,3725.287594,0.446517,0.156806,0.393034,0.126416,0.589333,0.385893,0.000000,0.131740,6862.000000
3040,0,0.015980,0.325200,26722.000000,39.000000,2199.000000,2.400000,2383.000000,385.000000,5318.000000,2112.000000,3002.000000,10466.000000,11807.000000,3507.000000,3246.000000,3473.000000,10466.000000,VIC,0.000000,8.736400,3058.696946,0.508122,0.201796,0.286834,0.113577,0.645232,0.331836,0.000000,0.163004,10466.000000
3041,0,0.013640,0.486570,13111.000000,40.000000,2191.000000,2.600000,2383.000000,391.000000,3092.000000,891.000000,814.000000,4811.000000,5258.000000,1816.000000,1699.000000,1202.000000,4811.000000,VIC,0.000000,8.231700,1592.745119,0.642694,0.185201,0.169196,0.085013,0.730617,0.249844,0.000000,0.199543,4811.000000
3042,0,0.389900,0.550990,16763.000000,40.000000,1853.000000,2.400000,2113.000000,410.000000,4495.000000,2030.000000,129.000000,6668.000000,7248.000000,2630.000000,2240.000000,1646.000000,6668.000000,VIC,0.000000,8.888600,1885.898792,0.674115,0.304439,0.019346,0.080022,0.730354,0.246851,0.000000,0.206509,6668.000000
3043,0,-0.053860,0.225230,17912.000000,41.000000,1505.000000,2.500000,1900.000000,375.000000,5270.000000,1523.000000,60.000000,6857.000000,7317.000000,2494.000000,2382.000000,1694.000000,6857.000000,VIC,0.000000,12.401300,1444.364704,0.768558,0.222109,0.008750,0.062867,0.711098,0.247047,0.000000,0.260755,6857.000000
3044,0,0.211210,0.504530,28701.000000,37.000000,2095.000000,2.500000,2167.000000,401.000000,6471.000000,3899.000000,523.000000,10928.000000,11932.000000,3418.000000,3864.000000,3389.000000,10928.000000,VIC,0.000000,8.023100,3577.295559,0.592149,0.356790,0.047859,0.084143,0.666362,0.310121,0.000000,0.179081,10928.000000
3046,0,0.130790,0.617950,36772.000000,35.000000,1727.000000,2.500000,2000.000000,371.000000,8140.000000,4466.000000,911.000000,13545.000000,14884.000000,3983.000000,4499.000000,4692.000000,13545.000000,VIC,0.000000,14.298400,2571.756280,0.600960,0.329716,0.067257,0.089962,0.626209,0.346401,0.000000,0.175932,13545.000000
3047,0,0.771320,0.920710,21478.000000,32.000000,1159.000000,3.000000,1449.000000,330.000000,4855.000000,865.000000,791.000000,6533.000000,7205.000000,1631.000000,1838.000000,2777.000000,6533.000000,VIC,0.000000,11.485700,1869.977450,0.743150,0.132405,0.121078,0.093269,0.530996,0.425073,0.000000,0.265728,6533.000000
3048,0,0.210140,0.690020,18081.000000,34.000000,1225.000000,3.200000,1443.000000,341.000000,4442.000000,787.000000,47.000000,5283.000000,5644.000000,1498.000000,1932.000000,1602.000000,5283.000000,VIC,0.000000,7.760700,2329.815609,0.840810,0.148968,0.008896,0.063962,0.649252,0.303237,0.000000,0.357562,5283.000000
3049,0,0.429270,0.588730,9812.000000,40.000000,1741.000000,2.600000,1820.000000,360.000000,2941.000000,569.000000,20.000000,3535.000000,3704.000000,1269.000000,1486.000000,703.000000,3535.000000,VIC,0.000000,10.072000,974.185862,0.831966,0.160962,0.005658,0.045626,0.779349,0.198868,0.000000,0.275813,3535.000000
3051,0,-0.323200,0.492350,14953.000000,31.000000,1717.000000,2.000000,2035.000000,381.000000,272.000000,1741.000000,4430.000000,6486.000000,8072.000000,858.000000,1286.000000,4134.000000,6486.000000,VIC,0.000000,2.345700,6374.642964,0.041936,0.268424,0.683010,0.196482,0.330558,0.637373,0.000000,0.045791,6486.000000
3054,0,-0.520720,0.520720,8186.000000,34.000000,2355.000000,2.300000,2600.000000,541.000000,279.000000,2352.000000,788.000000,3461.000000,3994.000000,1030.000000,647.000000,1664.000000,3461.000000,VIC,0.000000,2.304200,3552.643000,0.080613,0.679572,0.227680,0.133450,0.484542,0.480786,0.000000,0.129153,3461.000000
3055,0,-1.182450,1.182450,14746.000000,34.000000,1797.000000,2.100000,2000.000000,366.000000,2513.000000,1334.000000,2730.000000,6612.000000,7631.000000,1552.000000,1763.000000,3152.000000,6612.000000,VIC,0.000000,3.233300,4560.665574,0.380067,0.201754,0.412886,0.133534,0.501361,0.476709,0.000000,0.135965,6612.000000
3056,0,0.082390,0.516540,24912.000000,34.000000,2095.000000,2.100000,2156.000000,441.000000,3892.000000,3235.000000,3782.000000,11056.000000,12656.000000,2616.000000,2897.000000,5307.000000,11056.000000,VIC,0.000000,4.983900,4998.495154,0.352026,0.292601,0.342077,0.126422,0.498643,0.480011,0.000000,0.150235,11056.000000
3057,0,-0.489370,0.634080,13262.000000,33.000000,2088.000000,2.000000,2000.000000,421.000000,1439.000000,1640.000000,3216.000000,6351.000000,7242.000000,1143.000000,1687.000000,3391.000000,6351.000000,VIC,0.000000,2.257200,5875.420875,0.226578,0.258227,0.506377,0.123032,0.445599,0.533932,0.000000,0.103606,6351.000000
3058,0,0.471590,0.652100,34906.000000,37.000000,2046.000000,2.500000,2167.000000,421.000000,8984.000000,3087.000000,1187.000000,13302.000000,14502.000000,4210.000000,4417.000000,4338.000000,13302.000000,VIC,0.000000,11.702200,2982.857924,0.675387,0.232070,0.089235,0.082747,0.648549,0.326116,0.000000,0.247933,13302.000000
3059,0,1.006870,1.092870,21274.000000,35.000000,2262.000000,3.200000,2167.000000,430.000000,6141.000000,192.000000,0.000000,6346.000000,6594.000000,2015.000000,3412.000000,775.000000,6346.000000,VIC,0.000000,30.562500,696.081800,0.967696,0.030255,0.000000,0.037610,0.855184,0.122124,0.000000,0.464702,6346.000000
3060,0,0.165510,0.662010,14274.000000,35.000000,1428.000000,2.800000,1876.000000,376.000000,3934.000000,726.000000,24.000000,4704.000000,5169.000000,1706.000000,1392.000000,1451.000000,4704.000000,VIC,0.000000,5.230100,2729.202119,0.836310,0.154337,0.005102,0.089959,0.658588,0.308461,0.000000,0.218750,4704.000000
3061,0,0.972550,0.972550,4977.000000,38.000000,1110.000000,2.900000,1600.000000,320.000000,1357.000000,88.000000,44.000000,1594.000000,1688.000000,630.000000,480.000000,419.000000,1594.000000,VIC,0.000000,12.247000,406.385237,0.851317,0.055207,0.027604,0.055687,0.696361,0.262861,0.000000,0.617315,1594.000000
3064,1,2.134220,2.183820,114413.000000,31.000000,1822.000000,3.400000,1900.000000,381.000000,29684.000000,2517.000000,301.000000,32529.000000,34370.000000,4681.000000,18513.000000,8393.000000,32529.000000,VIC,0.000000,132.217000,865.342581,0.912540,0.077377,0.009253,0.053564,0.713025,0.258016,0.000000,0.535614,32529.000000
3065,0,-0.043670,0.573260,10431.000000,35.000000,2194.000000,2.000000,2500.000000,451.000000,145.000000,1667.000000,2711.000000,4565.000000,5620.000000,823.000000,919.000000,2685.000000,4565.000000,VIC,0.000000,1.419500,7348.362099,0.031763,0.365170,0.593866,0.187722,0.381599,0.588171,0.000000,0.080613,4565.000000
3068,0,-0.425770,0.446420,19382.000000,36.000000,2406.000000,2.200000,2600.000000,500.000000,1413.000000,4021.000000,2660.000000,8148.000000,9183.000000,2174.000000,2020.000000,3712.000000,8148.000000,VIC,0.000000,4.052900,4782.254682,0.173417,0.493495,0.326460,0.112708,0.514728,0.455572,0.000000,0.154762,8148.000000
3070,0,0.542740,0.641720,25276.000000,37.000000,2287.000000,2.300000,2400.000000,475.000000,5023.000000,2801.000000,2333.000000,10237.000000,11280.000000,3081.000000,3091.000000,3838.000000,10237.000000,VIC,0.000000,6.009400,4206.077146,0.490671,0.273615,0.227899,0.092465,0.602911,0.374915,0.000000,0.246654,10237.000000
3071,0,0.896150,0.896150,19005.000000,37.000000,1971.000000,2.300000,2200.000000,391.000000,4111.000000,1872.000000,1957.000000,7996.000000,8907.000000,2165.000000,2306.000000,3347.000000,7996.000000,VIC,0.000000,5.132800,3702.657419,0.514132,0.234117,0.244747,0.102279,0.559155,0.418584,0.000000,0.189595,7996.000000
3072,0,0.752080,0.817630,33790.000000,37.000000,1844.000000,2.400000,2000.000000,392.000000,7600.000000,3397.000000,2498.000000,13645.000000,15106.000000,3711.000000,4110.000000,5472.000000,13645.000000,VIC,0.000000,11.406900,2962.242152,0.556981,0.248956,0.183071,0.096717,0.573177,0.401026,0.000000,0.212019,13645.000000
3073,0,0.806020,0.818360,51096.000000,38.000000,1541.000000,2.400000,1986.000000,360.000000,12804.000000,6582.000000,786.000000,20261.000000,22212.000000,6267.000000,5885.000000,7383.000000,20261.000000,VIC,0.000000,19.027400,2685.390542,0.631953,0.324861,0.038794,0.087835,0.599773,0.364395,0.000000,0.200237,20261.000000
3074,0,0.211470,0.360560,20234.000000,39.000000,1225.000000,2.600000,1690.000000,350.000000,6192.000000,699.000000,445.000000,7347.000000,7890.000000,3135.000000,1842.000000,2105.000000,7347.000000,VIC,0.000000,14.744100,1372.345548,0.842793,0.095141,0.060569,0.068821,0.677419,0.286512,0.000000,0.274262,7347.000000
3075,0,0.237040,0.440510,23219.000000,37.000000,1348.000000,2.800000,1775.000000,351.000000,7016.000000,384.000000,493.000000,7905.000000,8362.000000,3088.000000,2402.000000,2167.000000,7905.000000,VIC,0.000000,7.724700,3005.812523,0.887540,0.048577,0.062366,0.054652,0.694497,0.274130,0.000000,0.260468,7905.000000
3076,0,0.715340,0.862870,33489.000000,35.000000,1671.000000,2.900000,1733.000000,361.000000,8687.000000,1816.000000,188.000000,10704.000000,11275.000000,2762.000000,4490.000000,3146.000000,10704.000000,VIC,0.000000,35.273700,949.404230,0.811566,0.169656,0.017564,0.050643,0.677504,0.293909,0.000000,0.383501,10704.000000
3078,0,0.369520,0.594990,12237.000000,38.000000,2166.000000,2.300000,2277.000000,396.000000,2364.000000,1147.000000,1456.000000,4987.000000,5505.000000,1506.000000,1491.000000,1894.000000,4987.000000,VIC,0.000000,6.355500,1925.418928,0.474032,0.229998,0.291959,0.094096,0.600963,0.379787,0.000000,0.244235,4987.000000
3079,0,0.568350,0.845200,17055.000000,41.000000,2328.000000,2.400000,2500.000000,431.000000,3820.000000,1208.000000,1593.000000,6641.000000,7434.000000,2447.000000,2050.000000,1995.000000,6641.000000,VIC,0.000000,7.590100,2247.005968,0.575215,0.181900,0.239874,0.106672,0.677157,0.300407,0.000000,0.204337,6641.000000
3081,1,1.504590,1.504590,14003.000000,35.000000,1597.000000,2.300000,2080.000000,351.000000,3428.000000,1979.000000,161.000000,5570.000000,6233.000000,1147.000000,1659.000000,2597.000000,5570.000000,VIC,0.000000,6.231000,2247.311828,0.615440,0.355296,0.028905,0.106369,0.503770,0.466248,0.000000,0.213645,5570.000000
3082,0,0.343610,0.651310,28712.000000,40.000000,1735.000000,2.700000,1748.000000,366.000000,8819.000000,981.000000,256.000000,10057.000000,10479.000000,3899.000000,3620.000000,2289.000000,10057.000000,VIC,0.000000,13.066000,2197.459054,0.876902,0.097544,0.025455,0.040271,0.747638,0.227603,0.000000,0.297902,10057.000000
3083,0,0.629710,0.677800,31529.000000,37.000000,1632.000000,2.600000,1988.000000,380.000000,8503.000000,1699.000000,1139.000000,11354.000000,12567.000000,4057.000000,3536.000000,3349.000000,11354.000000,VIC,0.000000,18.506200,1703.699301,0.748899,0.149639,0.100317,0.096523,0.668751,0.294962,0.000000,0.274088,11354.000000
3084,0,0.421180,0.539710,27045.000000,41.000000,2175.000000,2.600000,2383.000000,411.000000,7239.000000,1339.000000,1514.000000,10112.000000,11091.000000,4001.000000,3297.000000,2549.000000,10112.000000,VIC,0.000000,13.109900,2062.944797,0.715882,0.132417,0.149723,0.088270,0.721717,0.252077,0.000000,0.229826,10112.000000
3085,0,0.381980,0.621090,14050.000000,39.000000,2069.000000,2.600000,2250.000000,381.000000,4122.000000,910.000000,122.000000,5172.000000,5553.000000,1877.000000,1895.000000,1215.000000,5172.000000,VIC,0.000000,7.504100,1872.309804,0.796984,0.175947,0.023589,0.068612,0.729312,0.234919,0.000000,0.244006,5172.000000
3087,0,0.529750,0.660790,9156.000000,39.000000,1962.000000,2.600000,2037.000000,390.000000,3159.000000,294.000000,22.000000,3478.000000,3676.000000,1310.000000,1303.000000,797.000000,3478.000000,VIC,0.000000,3.750800,2441.079236,0.908281,0.084531,0.006325,0.053863,0.751294,0.229155,0.000000,0.248994,3478.000000
3088,0,0.650310,0.732050,27181.000000,41.000000,2076.000000,2.600000,2167.000000,401.000000,8524.000000,1290.000000,221.000000,10049.000000,10588.000000,3866.000000,4213.000000,1723.000000,10049.000000,VIC,0.000000,13.231500,2054.264445,0.848244,0.128371,0.021992,0.050907,0.803961,0.171460,0.000000,0.271669,10049.000000
3089,0,0.749950,0.815210,12503.000000,39.000000,2508.000000,2.900000,2167.000000,430.000000,3921.000000,227.000000,5.000000,4158.000000,4288.000000,1469.000000,2202.000000,414.000000,4158.000000,VIC,0.000000,17.836000,700.997982,0.943001,0.054594,0.001203,0.030317,0.882876,0.099567,0.000000,0.355219,4158.000000
3093,0,0.076730,0.455680,3962.000000,45.000000,2160.000000,2.500000,2200.000000,400.000000,1107.000000,308.000000,57.000000,1468.000000,1558.000000,648.000000,575.000000,217.000000,1468.000000,VIC,0.000000,6.822400,580.734053,0.754087,0.209809,0.038828,0.057766,0.833106,0.147820,0.000000,0.273161,1468.000000
3094,0,0.036390,0.710650,9250.000000,41.000000,2076.000000,2.500000,2167.000000,420.000000,3088.000000,417.000000,36.000000,3543.000000,3738.000000,1397.000000,1473.000000,614.000000,3543.000000,VIC,0.000000,3.831800,2414.009082,0.871578,0.117697,0.010161,0.052167,0.810048,0.173299,0.000000,0.252329,3543.000000
3095,0,0.929990,0.946800,28373.000000,43.000000,2506.000000,2.800000,2288.000000,450.000000,8643.000000,427.000000,551.000000,9631.000000,10070.000000,4135.000000,4354.000000,977.000000,9631.000000,VIC,0.000000,30.214300,939.058658,0.897415,0.044336,0.057211,0.043595,0.881425,0.101443,0.000000,0.312636,9631.000000
3097,0,0.083770,0.266740,1536.000000,44.000000,2706.000000,3.000000,3000.000000,365.000000,452.000000,0.000000,0.000000,456.000000,497.000000,202.000000,202.000000,30.000000,456.000000,VIC,0.000000,39.780800,38.611592,0.991228,0.000000,0.000000,0.082495,0.885965,0.065789,0.000000,0.561404,456.000000
3099,0,0.011420,0.313640,4993.000000,43.000000,2162.000000,2.800000,2025.000000,391.000000,1666.000000,30.000000,0.000000,1702.000000,1822.000000,676.000000,826.000000,166.000000,1702.000000,VIC,0.000000,99.997800,49.931098,0.978848,0.017626,0.000000,0.065862,0.882491,0.097532,0.000000,0.403643,1702.000000
3101,0,0.888200,1.020100,24499.000000,41.000000,2497.000000,2.500000,3000.000000,476.000000,4577.000000,2137.000000,2324.000000,9069.000000,10296.000000,3583.000000,2628.000000,2590.000000,9069.000000,VIC,0.000000,10.484800,2336.620632,0.504686,0.235638,0.256258,0.119172,0.684861,0.285588,0.000000,0.174440,9069.000000
3102,0,0.720430,1.072290,6620.000000,41.000000,2490.000000,2.700000,3000.000000,471.000000,1563.000000,516.000000,273.000000,2357.000000,2578.000000,960.000000,779.000000,550.000000,2357.000000,VIC,0.000000,4.064700,1628.656481,0.663131,0.218922,0.115825,0.085725,0.737802,0.233347,0.000000,0.227408,2357.000000
3103,0,0.913820,0.925840,15621.000000,43.000000,2014.000000,2.600000,3000.000000,460.000000,3507.000000,1514.000000,844.000000,5877.000000,6649.000000,2519.000000,1587.000000,1520.000000,5877.000000,VIC,0.000000,5.273900,2961.944671,0.596733,0.257614,0.143611,0.116108,0.698656,0.258635,0.000000,0.189382,5877.000000
3104,1,1.158140,1.264470,21302.000000,42.000000,2346.000000,2.900000,3078.000000,554.000000,5882.000000,957.000000,228.000000,7090.000000,7784.000000,3248.000000,2287.000000,1381.000000,7090.000000,VIC,0.000000,9.092900,2342.706947,0.829619,0.134979,0.032158,0.089157,0.780677,0.194781,0.000000,0.240480,7090.000000
3105,0,-0.021400,0.628430,11124.000000,45.000000,1813.000000,2.600000,2400.000000,459.000000,3351.000000,510.000000,348.000000,4209.000000,4553.000000,2054.000000,1214.000000,847.000000,4209.000000,VIC,0.000000,6.513800,1707.758912,0.796151,0.121169,0.082680,0.075555,0.776431,0.201235,0.000000,0.220955,4209.000000
3106,0,0.958290,1.013670,16966.000000,46.000000,2163.000000,2.800000,2700.000000,513.000000,4436.000000,1065.000000,214.000000,5717.000000,6161.000000,2685.000000,2016.000000,801.000000,5717.000000,VIC,0.000000,16.117600,1052.638110,0.775931,0.186287,0.037432,0.072066,0.822284,0.140108,0.000000,0.319048,5717.000000
3107,0,0.442250,0.719360,14164.000000,45.000000,1919.000000,2.700000,2500.000000,476.000000,4087.000000,912.000000,60.000000,5068.000000,5442.000000,2397.000000,1649.000000,902.000000,5068.000000,VIC,0.000000,5.922700,2391.476860,0.806433,0.179953,0.011839,0.068725,0.798343,0.177979,0.000000,0.237569,5068.000000
3108,1,1.514710,1.777280,25054.000000,41.000000,1593.000000,2.400000,2167.000000,450.000000,5280.000000,1950.000000,2701.000000,9944.000000,11420.000000,3734.000000,2682.000000,3018.000000,9944.000000,VIC,0.000000,8.803800,2845.816579,0.530973,0.196098,0.271621,0.129247,0.645213,0.303500,0.000000,0.186947,9944.000000
3109,0,0.927260,1.172010,30926.000000,41.000000,1792.000000,2.700000,2400.000000,462.000000,6904.000000,2522.000000,1507.000000,10939.000000,11976.000000,4532.000000,3483.000000,2558.000000,10939.000000,VIC,0.000000,11.108100,2784.094490,0.631136,0.230551,0.137764,0.086590,0.732700,0.233842,0.000000,0.235762,10939.000000
3111,0,0.753860,1.009920,12644.000000,45.000000,2100.000000,2.700000,2500.000000,450.000000,3749.000000,444.000000,128.000000,4321.000000,4621.000000,1881.000000,1581.000000,666.000000,4321.000000,VIC,0.000000,11.691000,1081.515696,0.867623,0.102754,0.029623,0.064921,0.801203,0.154131,0.000000,0.333950,4321.000000
3113,0,0.238040,0.677250,8562.000000,44.000000,2751.000000,3.000000,2300.000000,500.000000,2744.000000,17.000000,5.000000,2771.000000,2883.000000,1188.000000,1352.000000,192.000000,2771.000000,VIC,0.000000,26.108600,327.937921,0.990256,0.006135,0.001804,0.038848,0.916637,0.069289,0.000000,0.414652,2771.000000
3114,0,-0.351770,0.468930,3835.000000,45.000000,3155.000000,3.200000,3000.000000,601.000000,1157.000000,0.000000,0.000000,1164.000000,1225.000000,572.000000,535.000000,38.000000,1164.000000,VIC,0.000000,9.475100,404.745069,0.993986,0.000000,0.000000,0.049796,0.951031,0.032646,0.000000,0.420103,1164.000000
3115,0,-0.249040,0.369270,3843.000000,45.000000,2790.000000,3.000000,2300.000000,491.000000,1225.000000,0.000000,3.000000,1229.000000,1279.000000,542.000000,602.000000,66.000000,1229.000000,VIC,0.000000,23.217200,165.523836,0.996745,0.000000,0.002441,0.039093,0.930838,0.053702,0.000000,0.424736,1229.000000
3116,0,0.677370,0.783520,11779.000000,38.000000,2084.000000,2.800000,2167.000000,443.000000,3987.000000,65.000000,17.000000,4071.000000,4264.000000,1486.000000,1911.000000,605.000000,4071.000000,VIC,0.000000,22.202400,530.528231,0.979366,0.015967,0.004176,0.045263,0.834439,0.148612,0.000000,0.352985,4071.000000
3121,0,0.297710,0.467100,31534.000000,34.000000,2283.000000,2.000000,2298.000000,450.000000,2262.000000,4690.000000,7604.000000,14639.000000,17230.000000,2749.000000,3638.000000,7946.000000,14639.000000,VIC,0.000000,6.212400,5075.977078,0.154519,0.320377,0.519434,0.150377,0.436300,0.542797,0.000000,0.079104,14639.000000
3122,0,0.709400,0.748750,22322.000000,34.000000,2145.000000,2.100000,2259.000000,400.000000,2361.000000,1558.000000,5741.000000,9706.000000,11488.000000,2602.000000,2422.000000,4423.000000,9706.000000,VIC,0.000000,5.877300,3798.002484,0.243252,0.160519,0.591490,0.155118,0.517618,0.455698,0.000000,0.092417,9706.000000
3123,0,0.463020,0.827630,14834.000000,36.000000,2253.000000,2.300000,2500.000000,415.000000,2067.000000,1124.000000,3044.000000,6251.000000,7477.000000,1845.000000,1767.000000,2493.000000,6251.000000,VIC,0.000000,3.484300,4257.383119,0.330667,0.179811,0.486962,0.163970,0.577828,0.398816,0.000000,0.116461,6251.000000
3124,0,0.902730,1.046490,21965.000000,43.000000,2457.000000,2.600000,3000.000000,486.000000,4754.000000,1713.000000,1370.000000,7908.000000,8839.000000,3358.000000,2308.000000,2012.000000,7908.000000,VIC,0.000000,7.589000,2894.320727,0.601163,0.216616,0.173242,0.105329,0.716490,0.254426,0.000000,0.196889,7908.000000
3125,0,0.253370,0.745800,15147.000000,34.000000,1684.000000,2.500000,2500.000000,411.000000,3163.000000,1451.000000,842.000000,5462.000000,6411.000000,1650.000000,1478.000000,2031.000000,5462.000000,VIC,0.000000,6.082600,2490.217999,0.579092,0.265654,0.154156,0.148027,0.572684,0.371842,0.000000,0.215306,5462.000000
3126,0,-0.221410,0.713870,7773.000000,46.000000,2875.000000,2.700000,3500.000000,515.000000,1795.000000,651.000000,309.000000,2780.000000,3090.000000,1331.000000,838.000000,528.000000,2780.000000,VIC,0.000000,3.130300,2483.148580,0.645683,0.234173,0.111151,0.100324,0.780216,0.189928,0.000000,0.189568,2780.000000
3127,0,0.769030,0.906490,18608.000000,42.000000,2448.000000,2.600000,2817.000000,461.000000,4377.000000,1693.000000,820.000000,6914.000000,7569.000000,2852.000000,2305.000000,1605.000000,6914.000000,VIC,0.000000,6.134100,3033.533852,0.633063,0.244865,0.118600,0.086537,0.745878,0.232138,0.000000,0.211310,6914.000000
3128,0,0.652220,1.111900,22841.000000,34.000000,1441.000000,2.300000,2088.000000,391.000000,3382.000000,2184.000000,3510.000000,9096.000000,10765.000000,2193.000000,2170.000000,4304.000000,9096.000000,VIC,0.000000,7.012300,3257.276500,0.371812,0.240106,0.385884,0.155039,0.479661,0.473175,0.000000,0.146328,9096.000000
3129,0,0.916600,1.285370,17946.000000,39.000000,1920.000000,2.600000,2492.000000,438.000000,4104.000000,2101.000000,382.000000,6598.000000,7217.000000,2426.000000,2086.000000,1916.000000,6598.000000,VIC,0.000000,6.131100,2927.044087,0.622007,0.318430,0.057896,0.085770,0.683844,0.290391,0.000000,0.219764,6598.000000
3130,0,0.829490,0.880510,33044.000000,41.000000,1987.000000,2.600000,2300.000000,415.000000,8968.000000,2265.000000,1039.000000,12285.000000,13316.000000,4745.000000,4250.000000,2984.000000,12285.000000,VIC,0.000000,12.204200,2707.592468,0.729996,0.184371,0.084575,0.077426,0.732194,0.242898,0.000000,0.251770,12285.000000
3131,0,0.560440,0.867950,23191.000000,40.000000,1806.000000,2.500000,2167.000000,395.000000,6093.000000,2287.000000,276.000000,8660.000000,9267.000000,3012.000000,2918.000000,2365.000000,8660.000000,VIC,0.000000,9.148700,2534.895668,0.703580,0.264088,0.031871,0.065501,0.684758,0.273095,0.000000,0.263279,8660.000000
3132,0,0.860360,1.155540,16795.000000,39.000000,2030.000000,2.500000,2167.000000,406.000000,4063.000000,2090.000000,310.000000,6468.000000,6890.000000,2261.000000,2320.000000,1774.000000,6468.000000,VIC,0.000000,6.627100,2534.291017,0.628169,0.323129,0.047928,0.061248,0.708256,0.274273,0.000000,0.232220,6468.000000
3133,0,0.777760,0.943530,22951.000000,43.000000,1995.000000,2.800000,2383.000000,460.000000,6638.000000,1135.000000,113.000000,7891.000000,8385.000000,3465.000000,2861.000000,1272.000000,7891.000000,VIC,0.000000,10.793800,2126.313254,0.841212,0.143835,0.014320,0.058915,0.801673,0.161196,0.000000,0.348372,7891.000000
3134,0,0.959420,0.971300,34607.000000,39.000000,1949.000000,2.600000,2100.000000,386.000000,10846.000000,872.000000,1015.000000,12759.000000,13770.000000,4121.000000,4785.000000,3561.000000,12759.000000,VIC,0.000000,22.875800,1512.821410,0.850067,0.068344,0.079552,0.073420,0.698017,0.279097,0.000000,0.259660,12759.000000
3135,0,0.976650,1.057890,20698.000000,39.000000,1964.000000,2.600000,2100.000000,386.000000,7131.000000,471.000000,44.000000,7657.000000,8108.000000,2666.000000,3032.000000,1835.000000,7657.000000,VIC,0.000000,9.183000,2253.947512,0.931305,0.061512,0.005746,0.055624,0.744156,0.239650,0.000000,0.264856,7657.000000
3136,1,1.049770,1.056170,46296.000000,40.000000,1806.000000,2.500000,2000.000000,391.000000,15399.000000,1565.000000,589.000000,17576.000000,18591.000000,5856.000000,7223.000000,3998.000000,17576.000000,VIC,0.000000,23.008400,2012.134699,0.876138,0.089042,0.033512,0.054596,0.744140,0.227469,0.000000,0.277538,17576.000000
3137,0,0.142770,0.410440,14558.000000,39.000000,1758.000000,2.500000,1966.000000,395.000000,4788.000000,672.000000,58.000000,5513.000000,5788.000000,1867.000000,2476.000000,959.000000,5513.000000,VIC,0.000000,12.683200,1147.817585,0.868493,0.121894,0.010521,0.047512,0.787774,0.173952,0.000000,0.335208,5513.000000
3138,0,0.558350,0.620060,23059.000000,37.000000,1994.000000,2.800000,2000.000000,400.000000,7673.000000,348.000000,16.000000,8040.000000,8407.000000,2555.000000,3718.000000,1638.000000,8040.000000,VIC,0.000000,12.501600,1844.483906,0.954353,0.043284,0.001990,0.043654,0.780224,0.203731,0.000000,0.331841,8040.000000
3139,0,0.194350,0.216120,14257.000000,39.000000,1887.000000,2.800000,1820.000000,355.000000,4900.000000,7.000000,8.000000,4921.000000,5197.000000,1665.000000,2675.000000,457.000000,4921.000000,VIC,0.000000,238.191300,59.855251,0.995733,0.001422,0.001626,0.053108,0.881935,0.092867,0.000000,0.425320,4921.000000
3140,0,0.408250,0.540820,17348.000000,40.000000,1764.000000,2.500000,1950.000000,369.000000,5221.000000,1240.000000,9.000000,6550.000000,6906.000000,2169.000000,2916.000000,1242.000000,6550.000000,VIC,0.000000,29.173700,594.645177,0.797099,0.189313,0.001374,0.051549,0.776336,0.189618,0.000000,0.340763,6550.000000
3141,0,0.330540,0.520790,25028.000000,33.000000,2063.000000,1.700000,2100.000000,415.000000,964.000000,1678.000000,10404.000000,13082.000000,16627.000000,2334.000000,2313.000000,8081.000000,13082.000000,VIC,0.000000,3.547500,7055.109232,0.073689,0.128268,0.795291,0.213207,0.355221,0.617719,0.000000,0.032182,13082.000000
3142,0,0.503870,0.751040,12817.000000,47.000000,2533.000000,2.100000,3152.000000,486.000000,1664.000000,1084.000000,2731.000000,5481.000000,6849.000000,2335.000000,1239.000000,1705.000000,5481.000000,VIC,0.000000,4.272700,2999.742552,0.303594,0.197774,0.498267,0.199737,0.652071,0.311075,0.000000,0.077905,5481.000000
3143,0,0.814550,0.814550,9376.000000,38.000000,2196.000000,2.000000,2458.000000,421.000000,1108.000000,732.000000,2511.000000,4361.000000,5263.000000,1287.000000,1005.000000,1948.000000,4361.000000,VIC,0.000000,2.164700,4331.316118,0.254070,0.167851,0.575785,0.171385,0.525568,0.446687,0.000000,0.082321,4361.000000
3144,0,0.954730,1.000640,10763.000000,44.000000,2654.000000,2.300000,3200.000000,451.000000,1972.000000,822.000000,1359.000000,4312.000000,4993.000000,1805.000000,1224.000000,1144.000000,4312.000000,VIC,0.000000,3.421200,3145.972174,0.457328,0.190631,0.315167,0.136391,0.702458,0.265306,0.000000,0.138915,4312.000000
3145,0,0.788960,0.904620,23594.000000,38.000000,2339.000000,2.500000,2801.000000,416.000000,4644.000000,2148.000000,1941.000000,8883.000000,10444.000000,3108.000000,2750.000000,2826.000000,8883.000000,VIC,0.000000,8.980800,2627.160164,0.522796,0.241810,0.218507,0.149464,0.659462,0.318136,0.000000,0.171789,8883.000000
3146,1,1.178460,1.260840,26131.000000,40.000000,2491.000000,2.500000,2830.000000,450.000000,5405.000000,1783.000000,2694.000000,9894.000000,11001.000000,3663.000000,3262.000000,2730.000000,9894.000000,VIC,0.000000,8.236700,3172.508407,0.546291,0.180210,0.272286,0.100627,0.699919,0.275925,0.000000,0.181221,9894.000000
3147,0,0.684800,0.847340,15102.000000,40.000000,2273.000000,2.600000,2751.000000,410.000000,3629.000000,874.000000,849.000000,5405.000000,5899.000000,1818.000000,1782.000000,1670.000000,5405.000000,VIC,0.000000,5.462700,2764.566972,0.671415,0.161702,0.157077,0.083743,0.666050,0.308973,0.000000,0.259019,5405.000000
3148,0,0.310810,0.880200,9552.000000,35.000000,1991.000000,2.500000,2250.000000,421.000000,1995.000000,942.000000,679.000000,3623.000000,3997.000000,895.000000,1198.000000,1429.000000,3623.000000,VIC,0.000000,2.996700,3187.506257,0.550649,0.260006,0.187414,0.093570,0.577698,0.394425,0.000000,0.205907,3623.000000
3149,0,0.754230,0.956660,35340.000000,40.000000,2066.000000,2.700000,2600.000000,476.000000,8561.000000,1227.000000,2681.000000,12481.000000,13526.000000,5232.000000,3932.000000,3025.000000,12481.000000,VIC,0.000000,15.184600,2327.357981,0.685923,0.098309,0.214807,0.077259,0.734236,0.242368,0.000000,0.289881,12481.000000
3150,0,0.142830,0.754290,63298.000000,43.000000,1882.000000,2.800000,2500.000000,480.000000,17602.000000,1948.000000,2157.000000,21719.000000,23790.000000,9392.000000,6288.000000,4873.000000,21719.000000,VIC,0.000000,27.279700,2320.333435,0.810442,0.089691,0.099314,0.087053,0.721949,0.224366,0.000000,0.321608,21719.000000
3151,1,1.197250,1.495700,10675.000000,41.000000,1610.000000,2.600000,2147.000000,439.000000,2966.000000,726.000000,320.000000,4021.000000,4373.000000,1685.000000,1111.000000,1017.000000,4021.000000,VIC,0.000000,4.262900,2504.163832,0.737627,0.180552,0.079582,0.080494,0.695349,0.252922,0.000000,0.302412,4021.000000
3152,0,0.971910,1.125020,34940.000000,42.000000,1901.000000,2.800000,2167.000000,431.000000,10080.000000,1737.000000,342.000000,12166.000000,12889.000000,4557.000000,4416.000000,2496.000000,12166.000000,VIC,0.000000,22.259800,1569.645729,0.828539,0.142775,0.028111,0.056094,0.737547,0.205162,0.000000,0.351060,12166.000000
3153,0,0.627450,0.676840,21276.000000,38.000000,1631.000000,2.400000,1824.000000,370.000000,5711.000000,1948.000000,582.000000,8257.000000,8773.000000,2284.000000,3288.000000,2465.000000,8257.000000,VIC,0.000000,14.481800,1469.154387,0.691656,0.235921,0.070486,0.058817,0.674821,0.298535,0.000000,0.328570,8257.000000
3154,0,0.382460,0.472790,4500.000000,40.000000,2018.000000,2.700000,1950.000000,365.000000,1462.000000,74.000000,3.000000,1545.000000,1629.000000,551.000000,794.000000,159.000000,1545.000000,VIC,0.000000,6.367600,706.702682,0.946278,0.047896,0.001942,0.051565,0.870550,0.102913,0.000000,0.331392,1545.000000
3155,0,0.625300,0.722440,23660.000000,39.000000,1621.000000,2.400000,1870.000000,376.000000,6685.000000,2333.000000,319.000000,9347.000000,9898.000000,2812.000000,3715.000000,2638.000000,9347.000000,VIC,0.000000,11.340400,2086.346161,0.715203,0.249599,0.034129,0.055668,0.698299,0.282230,0.000000,0.274099,9347.000000
3156,0,0.853840,0.877220,38484.000000,40.000000,1948.000000,2.700000,2000.000000,390.000000,12559.000000,1033.000000,226.000000,13853.000000,14457.000000,4819.000000,6209.000000,2506.000000,13853.000000,VIC,0.000000,53.510100,719.191330,0.906591,0.074569,0.016314,0.041779,0.796073,0.180899,0.000000,0.353497,13853.000000
3158,0,0.146150,0.435290,6818.000000,41.000000,2171.000000,2.700000,1950.000000,390.000000,2374.000000,9.000000,24.000000,2413.000000,2524.000000,847.000000,1290.000000,231.000000,2413.000000,VIC,0.000000,6.217200,1096.635141,0.983838,0.003730,0.009946,0.043978,0.885620,0.095731,0.000000,0.280149,2413.000000
3159,0,-0.837450,0.910610,2593.000000,41.000000,2298.000000,2.900000,2000.000000,395.000000,845.000000,0.000000,0.000000,852.000000,907.000000,284.000000,498.000000,57.000000,852.000000,VIC,0.000000,14.026600,184.863046,0.991784,0.000000,0.000000,0.060639,0.917840,0.066901,0.000000,0.314554,852.000000
3160,0,-0.016070,0.504310,9024.000000,40.000000,2180.000000,2.700000,1852.000000,376.000000,3143.000000,51.000000,15.000000,3218.000000,3369.000000,1091.000000,1769.000000,302.000000,3218.000000,VIC,0.000000,20.945000,430.842683,0.976694,0.015848,0.004661,0.044820,0.888751,0.093847,0.000000,0.285270,3218.000000
3161,1,1.364230,1.366750,16903.000000,37.000000,2205.000000,2.300000,2500.000000,422.000000,2449.000000,1640.000000,2669.000000,6773.000000,7815.000000,2119.000000,1752.000000,2699.000000,6773.000000,VIC,0.000000,4.201500,4023.086993,0.361583,0.242138,0.394065,0.133333,0.571534,0.398494,0.000000,0.105419,6773.000000
3162,0,0.504770,0.967780,18075.000000,41.000000,2289.000000,2.500000,2798.000000,483.000000,3366.000000,2258.000000,1095.000000,6741.000000,7336.000000,2492.000000,2210.000000,1873.000000,6741.000000,VIC,0.000000,4.742600,3811.200607,0.499332,0.334965,0.162439,0.081107,0.697523,0.277852,0.000000,0.172081,6741.000000
3163,0,0.929620,0.963960,32810.000000,36.000000,1926.000000,2.200000,2093.000000,391.000000,4677.000000,4113.000000,5248.000000,14112.000000,15914.000000,3771.000000,4203.000000,5793.000000,14112.000000,VIC,0.000000,7.213000,4548.731457,0.331420,0.291454,0.371882,0.113234,0.565051,0.410502,0.000000,0.130882,14112.000000
3165,0,0.537890,0.765040,30159.000000,40.000000,2215.000000,2.700000,2500.000000,500.000000,7471.000000,1526.000000,1786.000000,10802.000000,11558.000000,3755.000000,4251.000000,2590.000000,10802.000000,VIC,0.000000,9.014800,3345.498514,0.691631,0.141270,0.165340,0.065409,0.741159,0.239770,0.000000,0.213109,10802.000000
3166,0,0.109260,0.495490,24753.000000,37.000000,1980.000000,2.500000,2167.000000,415.000000,5793.000000,1941.000000,1621.000000,9378.000000,10432.000000,2909.000000,2968.000000,3236.000000,9378.000000,VIC,0.000000,8.465100,2924.123755,0.617722,0.206974,0.172851,0.101035,0.626679,0.345063,0.000000,0.189379,9378.000000
3167,0,0.588520,0.710830,9851.000000,40.000000,1915.000000,2.700000,2200.000000,418.000000,2995.000000,362.000000,224.000000,3579.000000,3813.000000,1367.000000,1280.000000,828.000000,3579.000000,VIC,0.000000,6.651500,1481.019319,0.836826,0.101146,0.062587,0.061369,0.739592,0.231350,0.000000,0.266555,3579.000000
3168,0,0.732420,0.905090,21880.000000,28.000000,1508.000000,2.500000,2000.000000,396.000000,2640.000000,2703.000000,1794.000000,7150.000000,8606.000000,1358.000000,1315.000000,4230.000000,7150.000000,VIC,0.000000,9.411200,2324.889493,0.369231,0.378042,0.250909,0.169184,0.373846,0.591608,0.000000,0.143357,7150.000000
3169,0,0.922820,1.069040,20820.000000,37.000000,1616.000000,2.700000,2000.000000,385.000000,4936.000000,1875.000000,542.000000,7364.000000,8054.000000,2602.000000,2036.000000,2478.000000,7364.000000,VIC,0.000000,11.447200,1818.785380,0.670288,0.254617,0.073601,0.085672,0.629821,0.336502,0.000000,0.249728,7364.000000
3170,0,0.551220,0.829920,19889.000000,40.000000,1913.000000,2.800000,2167.000000,430.000000,5693.000000,1127.000000,19.000000,6856.000000,7228.000000,2604.000000,2521.000000,1530.000000,6856.000000,VIC,0.000000,10.718900,1855.507561,0.830368,0.164382,0.002771,0.051467,0.747520,0.223162,0.000000,0.326721,6856.000000
3171,0,0.766160,0.917780,22174.000000,36.000000,1402.000000,2.900000,1750.000000,357.000000,4972.000000,1441.000000,644.000000,7165.000000,7773.000000,2271.000000,1650.000000,2810.000000,7165.000000,VIC,0.000000,11.086100,2000.162365,0.693929,0.201117,0.089881,0.078219,0.547244,0.392184,0.000000,0.292254,7165.000000
3172,0,0.548480,0.728690,23261.000000,41.000000,1715.000000,2.900000,1886.000000,371.000000,6346.000000,1093.000000,125.000000,7627.000000,7927.000000,3191.000000,2783.000000,1439.000000,7627.000000,VIC,0.000000,12.747600,1824.735637,0.832044,0.143307,0.016389,0.037845,0.783270,0.188672,0.000000,0.337092,7627.000000
3173,0,0.889290,1.005510,30018.000000,36.000000,1991.000000,3.200000,2167.000000,421.000000,8144.000000,858.000000,97.000000,9102.000000,9510.000000,2893.000000,4252.000000,1701.000000,9102.000000,VIC,0.000000,21.713700,1382.445184,0.894748,0.094265,0.010657,0.042902,0.784992,0.186882,0.000000,0.469787,9102.000000
3174,0,0.606590,0.863660,39693.000000,36.000000,1394.000000,2.700000,1682.000000,341.000000,9537.000000,1792.000000,2332.000000,13683.000000,14778.000000,3977.000000,4129.000000,5150.000000,13683.000000,VIC,0.000000,12.302700,3226.364944,0.696996,0.130965,0.170430,0.074097,0.592414,0.376379,0.000000,0.247314,13683.000000
3175,1,1.098260,1.136720,53545.000000,36.000000,1313.000000,2.700000,1675.000000,321.000000,10943.000000,4675.000000,2126.000000,17855.000000,19392.000000,4894.000000,4880.000000,7371.000000,17855.000000,VIC,0.000000,73.831500,725.232455,0.612882,0.261831,0.119070,0.079259,0.547410,0.412826,0.000000,0.288099,17855.000000
3177,0,0.898400,0.994220,11889.000000,34.000000,1262.000000,2.700000,1500.000000,320.000000,3169.000000,849.000000,11.000000,4045.000000,4368.000000,911.000000,1260.000000,1679.000000,4045.000000,VIC,0.000000,5.193500,2289.207663,0.783436,0.209889,0.002719,0.073947,0.536712,0.415080,0.000000,0.282077,4045.000000
3178,0,0.973510,1.046470,33571.000000,41.000000,2205.000000,2.900000,2055.000000,441.000000,10469.000000,822.000000,97.000000,11398.000000,11863.000000,4110.000000,5133.000000,1722.000000,11398.000000,VIC,0.000000,21.765300,1542.409248,0.918494,0.072118,0.008510,0.039198,0.810932,0.151079,0.000000,0.438498,11398.000000
3179,0,0.323420,0.514550,6066.000000,40.000000,1965.000000,2.800000,2023.000000,406.000000,1998.000000,65.000000,9.000000,2074.000000,2158.000000,713.000000,841.000000,465.000000,2074.000000,VIC,0.000000,8.690200,698.027663,0.963356,0.031340,0.004339,0.038925,0.749277,0.224204,0.000000,0.394889,2074.000000
3180,0,0.744600,0.856330,7645.000000,41.000000,1762.000000,2.600000,2000.000000,421.000000,2252.000000,579.000000,8.000000,2838.000000,2979.000000,1028.000000,1060.000000,633.000000,2838.000000,VIC,0.000000,5.668900,1348.586145,0.793517,0.204017,0.002819,0.047331,0.735729,0.223044,0.000000,0.391121,2838.000000
3181,0,-0.066320,0.436030,19636.000000,34.000000,2085.000000,1.800000,2200.000000,420.000000,1592.000000,2337.000000,5856.000000,9829.000000,11926.000000,1835.000000,2302.000000,5452.000000,9829.000000,VIC,0.000000,2.914000,6738.503775,0.161970,0.237766,0.595788,0.175834,0.420897,0.554685,0.000000,0.053719,9829.000000
3182,0,-0.173080,0.249460,22438.000000,37.000000,1803.000000,1.700000,2000.000000,381.000000,686.000000,1417.000000,9194.000000,11779.000000,14989.000000,1797.000000,2707.000000,6993.000000,11779.000000,VIC,0.000000,3.707500,6052.056642,0.058239,0.120299,0.780542,0.214157,0.382375,0.593684,0.000000,0.043212,11779.000000
3183,0,0.006580,0.338730,17964.000000,34.000000,2022.000000,2.100000,2167.000000,396.000000,1463.000000,1314.000000,5123.000000,7932.000000,9384.000000,1589.000000,2282.000000,3845.000000,7932.000000,VIC,0.000000,3.028800,5931.061807,0.184443,0.165658,0.645865,0.154731,0.488023,0.484745,0.000000,0.072869,7932.000000
3184,0,0.044700,0.249420,15153.000000,38.000000,2096.000000,1.900000,2300.000000,415.000000,1035.000000,987.000000,5239.000000,7264.000000,8628.000000,1513.000000,1897.000000,3731.000000,7264.000000,VIC,0.000000,2.595300,5838.631372,0.142483,0.135876,0.721228,0.158090,0.469438,0.513629,0.000000,0.081911,7264.000000
3185,0,0.328090,0.565860,13433.000000,38.000000,2153.000000,2.300000,2400.000000,421.000000,2037.000000,1063.000000,2512.000000,5662.000000,6421.000000,1650.000000,1589.000000,2278.000000,5662.000000,VIC,0.000000,3.147400,4267.967211,0.359767,0.187743,0.443659,0.118206,0.572059,0.402331,0.000000,0.128576,5662.000000
3186,0,0.882610,0.900400,23252.000000,48.000000,2710.000000,2.400000,3467.000000,600.000000,5133.000000,2011.000000,1777.000000,8981.000000,10217.000000,4048.000000,2522.000000,2131.000000,8981.000000,VIC,0.000000,8.370100,2777.983537,0.571540,0.223917,0.197862,0.120975,0.731544,0.237279,0.000000,0.177708,8981.000000
3187,0,0.691050,0.957030,16757.000000,45.000000,2544.000000,2.600000,3300.000000,600.000000,4078.000000,1432.000000,477.000000,6009.000000,6564.000000,2438.000000,2054.000000,1172.000000,6009.000000,VIC,0.000000,5.619600,2981.884832,0.678649,0.238309,0.079381,0.084552,0.747545,0.195041,0.000000,0.239807,6009.000000
3188,0,0.756710,0.901680,18587.000000,43.000000,2405.000000,2.500000,3000.000000,471.000000,4247.000000,1582.000000,1127.000000,7016.000000,7776.000000,2600.000000,2405.000000,1831.000000,7016.000000,VIC,0.000000,5.746000,3234.772015,0.605331,0.225485,0.160633,0.097737,0.713369,0.260975,0.000000,0.210661,7016.000000
3189,0,0.675880,0.675880,6287.000000,39.000000,2031.000000,2.500000,2300.000000,431.000000,1852.000000,209.000000,345.000000,2415.000000,2703.000000,716.000000,927.000000,694.000000,2415.000000,VIC,0.000000,4.583200,1371.748996,0.766874,0.086542,0.142857,0.106548,0.680331,0.287371,0.000000,0.318841,2415.000000
3190,0,0.496630,0.710980,12007.000000,40.000000,2119.000000,2.400000,2300.000000,430.000000,2573.000000,1381.000000,834.000000,4828.000000,5269.000000,1459.000000,1942.000000,1324.000000,4828.000000,VIC,0.000000,3.658100,3282.305022,0.532933,0.286040,0.172742,0.083697,0.704432,0.274234,0.000000,0.165286,4828.000000
3191,0,0.715650,0.859200,10926.000000,47.000000,2313.000000,2.400000,2708.000000,460.000000,2133.000000,956.000000,1145.000000,4266.000000,4742.000000,1690.000000,1379.000000,1080.000000,4266.000000,VIC,0.000000,3.712900,2942.713243,0.500000,0.224098,0.268401,0.100380,0.719409,0.253165,0.000000,0.213080,4266.000000
3192,0,0.603360,0.892910,24129.000000,40.000000,1921.000000,2.400000,2200.000000,430.000000,5572.000000,2154.000000,1747.000000,9517.000000,10233.000000,3129.000000,3543.000000,2564.000000,9517.000000,VIC,0.000000,10.593100,2277.803476,0.585479,0.226332,0.183566,0.069970,0.701061,0.269413,0.000000,0.216560,9517.000000
3193,0,0.508260,0.721080,20207.000000,48.000000,2546.000000,2.600000,3000.000000,577.000000,5304.000000,1617.000000,450.000000,7444.000000,8011.000000,3630.000000,2576.000000,1067.000000,7444.000000,VIC,0.000000,8.325900,2427.004888,0.712520,0.217222,0.060451,0.070778,0.833692,0.143337,0.000000,0.258329,7444.000000
3194,0,0.843110,0.877660,13221.000000,42.000000,1889.000000,2.300000,2167.000000,392.000000,2482.000000,2099.000000,1028.000000,5638.000000,6196.000000,1790.000000,1913.000000,1816.000000,5638.000000,VIC,0.000000,7.525500,1756.826789,0.440227,0.372295,0.182334,0.090058,0.656793,0.322100,0.000000,0.175239,5638.000000
3195,0,0.791770,0.896140,37364.000000,42.000000,2201.000000,2.600000,2200.000000,421.000000,8238.000000,3675.000000,1765.000000,13726.000000,14583.000000,4820.000000,5707.000000,2848.000000,13726.000000,VIC,0.000000,24.476800,1526.506733,0.600175,0.267740,0.128588,0.058767,0.766939,0.207489,0.000000,0.298266,13726.000000
3196,0,0.577500,0.697570,26876.000000,41.000000,1832.000000,2.300000,2080.000000,396.000000,5170.000000,2893.000000,2692.000000,10917.000000,11731.000000,3494.000000,4308.000000,2852.000000,10917.000000,VIC,0.000000,10.683300,2515.702077,0.473573,0.265000,0.246588,0.069389,0.714665,0.261244,0.000000,0.241458,10917.000000
3197,0,0.310120,0.519900,12032.000000,44.000000,1853.000000,2.400000,2100.000000,420.000000,2655.000000,1516.000000,698.000000,4877.000000,5346.000000,1745.000000,1914.000000,1015.000000,4877.000000,VIC,0.000000,5.824200,2065.863123,0.544392,0.310847,0.143121,0.087729,0.750256,0.208120,0.000000,0.290342,4877.000000
3198,0,0.145930,0.360920,17215.000000,40.000000,1500.000000,2.300000,1850.000000,351.000000,5295.000000,1666.000000,182.000000,7191.000000,7785.000000,1978.000000,2544.000000,2368.000000,7191.000000,VIC,0.000000,12.397400,1388.597609,0.736337,0.231678,0.025309,0.076301,0.628842,0.329301,0.000000,0.286747,7191.000000
3199,0,0.982660,0.982660,56127.000000,40.000000,1522.000000,2.400000,1845.000000,350.000000,17014.000000,3892.000000,1040.000000,22026.000000,23644.000000,6382.000000,7807.000000,7026.000000,22026.000000,VIC,0.000000,34.339300,1634.482939,0.772451,0.176700,0.047217,0.068432,0.644193,0.318987,0.000000,0.270635,22026.000000
3200,0,0.157120,0.413900,5711.000000,37.000000,1128.000000,2.300000,1408.000000,315.000000,1998.000000,143.000000,0.000000,2148.000000,2366.000000,534.000000,586.000000,971.000000,2148.000000,VIC,0.000000,5.118300,1115.800168,0.930168,0.066574,0.000000,0.092139,0.521415,0.452048,0.000000,0.233240,2148.000000
3201,0,0.682100,0.682100,21976.000000,36.000000,1658.000000,2.500000,1733.000000,370.000000,6563.000000,1630.000000,34.000000,8307.000000,8690.000000,1845.000000,3956.000000,2267.000000,8307.000000,VIC,0.000000,20.308000,1082.135119,0.790057,0.196220,0.004093,0.044074,0.698327,0.272902,0.000000,0.377994,8307.000000
3204,0,0.542070,0.747690,33130.000000,39.000000,2233.000000,2.600000,2500.000000,461.000000,6923.000000,2683.000000,2654.000000,12329.000000,13438.000000,3938.000000,4239.000000,3898.000000,12329.000000,VIC,0.000000,8.362900,3961.544440,0.561522,0.217617,0.215265,0.082527,0.663233,0.316165,0.000000,0.192311,12329.000000
3206,0,-0.233980,0.290300,10043.000000,46.000000,2659.000000,2.300000,3467.000000,600.000000,719.000000,2510.000000,902.000000,4147.000000,4943.000000,1603.000000,1006.000000,1449.000000,4147.000000,VIC,0.000000,3.686700,2724.116418,0.173378,0.605257,0.217507,0.161036,0.629129,0.349409,0.000000,0.120810,4147.000000
3207,0,0.119190,0.389770,17633.000000,42.000000,2372.000000,2.100000,2500.000000,540.000000,467.000000,3434.000000,3912.000000,7830.000000,9153.000000,2019.000000,2231.000000,3392.000000,7830.000000,VIC,0.000000,9.668700,1823.719838,0.059642,0.438570,0.499617,0.144543,0.542784,0.433206,0.000000,0.074968,7830.000000
3211,0,0.346050,0.369730,1353.000000,42.000000,2005.000000,3.000000,2167.000000,427.000000,400.000000,0.000000,0.000000,406.000000,435.000000,180.000000,164.000000,43.000000,406.000000,VIC,0.000000,181.197500,7.466990,0.985222,0.000000,0.000000,0.066667,0.847291,0.105911,0.000000,0.672414,406.000000
3212,0,0.695400,0.746570,19272.000000,37.000000,1966.000000,2.700000,1733.000000,370.000000,5768.000000,597.000000,56.000000,6427.000000,6755.000000,1974.000000,2923.000000,1380.000000,6427.000000,VIC,0.000000,189.569800,101.661763,0.897464,0.092889,0.008713,0.048557,0.761942,0.214719,0.000000,0.463047,6427.000000
3213,0,0.356070,0.451960,4753.000000,39.000000,2141.000000,3.000000,1897.000000,350.000000,1446.000000,38.000000,43.000000,1537.000000,1615.000000,575.000000,770.000000,163.000000,1537.000000,VIC,0.000000,250.767900,18.953782,0.940794,0.024723,0.027977,0.048297,0.875081,0.106051,0.000000,0.446324,1537.000000
3214,0,0.458240,0.632630,24500.000000,36.000000,1063.000000,2.400000,1265.000000,270.000000,8255.000000,884.000000,101.000000,9312.000000,10042.000000,2456.000000,2253.000000,4223.000000,9312.000000,VIC,0.000000,27.217700,900.149535,0.886491,0.094931,0.010846,0.072695,0.505692,0.453501,0.000000,0.298540,9312.000000
3215,0,0.271200,0.394400,21994.000000,41.000000,1452.000000,2.300000,1625.000000,340.000000,7452.000000,1089.000000,286.000000,8867.000000,9468.000000,3356.000000,2619.000000,2647.000000,8867.000000,VIC,0.000000,17.082000,1287.554151,0.840420,0.122815,0.032254,0.063477,0.673847,0.298523,0.000000,0.256457,8867.000000
3216,0,0.069110,0.385770,60123.000000,38.000000,1724.000000,2.500000,1733.000000,360.000000,18984.000000,3171.000000,119.000000,22490.000000,23884.000000,7890.000000,7939.000000,5855.000000,22490.000000,VIC,0.000000,49.706200,1209.567418,0.844108,0.140996,0.005291,0.058365,0.703824,0.260338,0.000000,0.323788,22490.000000
3217,1,4.840060,4.967000,20499.000000,30.000000,2204.000000,2.800000,1842.000000,425.000000,6673.000000,233.000000,0.000000,6939.000000,7363.000000,1013.000000,3751.000000,2057.000000,6939.000000,VIC,0.000000,134.836500,152.028568,0.961666,0.033578,0.000000,0.057585,0.686554,0.296440,0.000000,0.361147,6939.000000
3218,0,0.710680,0.993600,14942.000000,37.000000,1752.000000,2.300000,1950.000000,330.000000,4725.000000,602.000000,961.000000,6345.000000,6882.000000,1786.000000,2110.000000,2311.000000,6345.000000,VIC,0.000000,90.886300,164.403216,0.744681,0.094878,0.151458,0.078030,0.614027,0.364224,0.000000,0.228684,6345.000000
3219,0,0.225120,0.390050,20309.000000,42.000000,1228.000000,2.200000,1408.000000,305.000000,7243.000000,1246.000000,141.000000,8645.000000,9209.000000,2660.000000,2575.000000,3122.000000,8645.000000,VIC,0.000000,15.787400,1286.405615,0.837825,0.144130,0.016310,0.061244,0.605552,0.361134,0.000000,0.282013,8645.000000
3220,0,0.827180,0.856580,17270.000000,40.000000,1891.000000,2.300000,2100.000000,360.000000,4675.000000,1488.000000,728.000000,6934.000000,7868.000000,2460.000000,1914.000000,2429.000000,6934.000000,VIC,0.000000,11.541700,1496.313368,0.674214,0.214595,0.104990,0.118709,0.630805,0.350303,0.000000,0.247765,6934.000000
3221,0,-0.194580,0.293160,801.000000,43.000000,2481.000000,3.000000,2167.000000,370.000000,259.000000,0.000000,0.000000,261.000000,280.000000,127.000000,106.000000,20.000000,261.000000,VIC,0.000000,111.225400,7.201592,0.992337,0.000000,0.000000,0.067857,0.892720,0.076628,0.000000,1.885057,261.000000
3222,0,0.814800,0.814800,18576.000000,45.000000,1466.000000,2.500000,1700.000000,375.000000,6880.000000,270.000000,37.000000,7182.000000,7795.000000,2955.000000,2626.000000,1378.000000,7182.000000,VIC,0.000000,145.123700,128.001147,0.957950,0.037594,0.005152,0.078640,0.777082,0.191869,0.000000,0.435394,7182.000000
3223,0,0.448670,0.649560,9536.000000,59.000000,1139.000000,2.100000,1667.000000,340.000000,3809.000000,278.000000,15.000000,4135.000000,7177.000000,2174.000000,935.000000,862.000000,4135.000000,VIC,0.000000,71.855500,132.710788,0.921161,0.067231,0.003628,0.423854,0.751874,0.208464,0.000000,0.519226,4135.000000
3224,0,0.214890,0.250210,15101.000000,43.000000,1539.000000,2.500000,1625.000000,370.000000,5238.000000,351.000000,4.000000,5699.000000,5998.000000,2162.000000,2264.000000,985.000000,5699.000000,VIC,0.000000,62.518600,241.544116,0.919109,0.061590,0.000702,0.049850,0.776627,0.172837,0.000000,0.385155,5699.000000
3225,0,0.585540,0.766540,5408.000000,61.000000,1508.000000,2.100000,2000.000000,400.000000,2000.000000,198.000000,39.000000,2273.000000,3876.000000,1329.000000,506.000000,308.000000,2273.000000,VIC,0.000000,31.723200,170.474605,0.879894,0.087110,0.017158,0.413571,0.807303,0.135504,0.000000,0.592609,2273.000000
3226,0,0.913530,0.926430,17714.000000,43.000000,1837.000000,2.500000,2000.000000,420.000000,6136.000000,393.000000,20.000000,6567.000000,8317.000000,2696.000000,2454.000000,1214.000000,6567.000000,VIC,0.000000,18.505200,957.244450,0.934369,0.059845,0.003046,0.210412,0.784224,0.184864,0.000000,0.478910,6567.000000
3227,0,0.250830,0.425720,5459.000000,47.000000,2228.000000,2.500000,2251.000000,440.000000,1790.000000,115.000000,50.000000,1959.000000,2634.000000,938.000000,667.000000,286.000000,1959.000000,VIC,0.000000,74.273500,73.498623,0.913731,0.058703,0.025523,0.256264,0.819296,0.145993,0.000000,0.570699,1959.000000
3228,1,1.078320,1.207690,24181.000000,40.000000,2282.000000,2.700000,2167.000000,500.000000,7627.000000,588.000000,48.000000,8292.000000,10503.000000,2900.000000,3449.000000,1663.000000,8292.000000,VIC,0.000000,102.752700,235.332016,0.919802,0.070912,0.005789,0.210511,0.765678,0.200555,0.000000,0.460806,8292.000000
3230,0,0.281460,0.357810,3208.000000,54.000000,1701.000000,2.200000,2167.000000,405.000000,1156.000000,81.000000,6.000000,1245.000000,2804.000000,637.000000,323.000000,219.000000,1245.000000,VIC,0.000000,96.760400,33.154059,0.928514,0.065060,0.004819,0.555991,0.771084,0.175904,0.000000,0.660241,1245.000000
3231,0,-0.144490,0.416890,1571.000000,56.000000,1785.000000,2.200000,2167.000000,350.000000,620.000000,8.000000,8.000000,637.000000,1740.000000,371.000000,172.000000,67.000000,637.000000,VIC,0.000000,58.674400,26.774880,0.973312,0.012559,0.012559,0.633908,0.852433,0.105181,0.000000,0.817896,637.000000
3233,0,0.836670,1.095720,2363.000000,53.000000,1172.000000,2.000000,1703.000000,300.000000,826.000000,88.000000,32.000000,963.000000,2308.000000,469.000000,215.000000,235.000000,963.000000,VIC,0.000000,186.982500,12.637546,0.857736,0.091381,0.033229,0.582756,0.710280,0.244029,0.000000,0.571132,963.000000
3240,0,0.167150,0.571330,2169.000000,40.000000,2340.000000,2.900000,2119.000000,330.000000,708.000000,0.000000,4.000000,711.000000,767.000000,306.000000,332.000000,53.000000,711.000000,VIC,0.000000,218.090400,9.945417,0.995781,0.000000,0.005626,0.073012,0.897328,0.074543,0.000000,0.617440,711.000000
3241,0,0.428610,0.500660,3072.000000,43.000000,1516.000000,2.400000,1600.000000,290.000000,1115.000000,44.000000,0.000000,1169.000000,1301.000000,420.000000,495.000000,208.000000,1169.000000,VIC,0.000000,620.128600,4.953811,0.953807,0.037639,0.000000,0.101460,0.782720,0.177930,0.000000,0.454234,1169.000000
3249,0,0.274770,0.449900,3368.000000,46.000000,1434.000000,2.600000,1476.000000,250.000000,1225.000000,0.000000,0.000000,1231.000000,1430.000000,613.000000,421.000000,136.000000,1231.000000,VIC,0.000000,1244.182100,2.706999,0.995126,0.000000,0.000000,0.139161,0.839968,0.110479,0.000000,0.421608,1231.000000
3250,0,0.381150,0.464410,12756.000000,42.000000,1250.000000,2.300000,1300.000000,260.000000,4516.000000,549.000000,0.000000,5127.000000,5593.000000,2039.000000,1591.000000,1323.000000,5127.000000,VIC,0.000000,82.977200,153.728976,0.880827,0.107080,0.000000,0.083318,0.708016,0.258046,0.000000,0.276770,5127.000000
3260,0,0.017090,0.460530,4801.000000,49.000000,1256.000000,2.300000,1153.000000,230.000000,1835.000000,94.000000,5.000000,1939.000000,2230.000000,926.000000,553.000000,369.000000,1939.000000,VIC,0.000000,1107.726400,4.334103,0.946364,0.048479,0.002579,0.130493,0.762764,0.190304,0.000000,0.317174,1939.000000
3264,0,-0.229930,0.360330,2254.000000,49.000000,1162.000000,2.200000,1066.000000,225.000000,842.000000,64.000000,3.000000,926.000000,1046.000000,415.000000,272.000000,188.000000,926.000000,VIC,0.000000,119.381600,18.880632,0.909287,0.069114,0.003240,0.114723,0.741901,0.203024,0.000000,0.347732,926.000000
3265,0,0.403090,0.924640,2827.000000,41.000000,1772.000000,2.700000,1343.000000,200.000000,977.000000,0.000000,0.000000,977.000000,1094.000000,377.000000,344.000000,155.000000,977.000000,VIC,0.000000,895.864000,3.155613,1.000000,0.000000,0.000000,0.106947,0.737973,0.158649,0.000000,0.441146,977.000000
3266,0,0.208110,0.449520,3047.000000,47.000000,1298.000000,2.400000,1200.000000,220.000000,1099.000000,56.000000,0.000000,1161.000000,1311.000000,522.000000,346.000000,209.000000,1161.000000,VIC,0.000000,568.110800,5.363390,0.946598,0.048234,0.000000,0.114416,0.747631,0.180017,0.000000,0.393626,1161.000000
3268,0,0.155440,0.495500,2552.000000,44.000000,1466.000000,2.500000,1200.000000,239.000000,941.000000,11.000000,0.000000,956.000000,1118.000000,423.000000,275.000000,169.000000,956.000000,VIC,0.000000,585.145100,4.361311,0.984310,0.011506,0.000000,0.144902,0.730126,0.176778,0.000000,0.425732,956.000000
3280,0,0.876560,0.901070,33298.000000,42.000000,1401.000000,2.300000,1408.000000,295.000000,11005.000000,1587.000000,622.000000,13266.000000,14446.000000,4857.000000,4133.000000,3856.000000,13266.000000,VIC,0.000000,77.508200,429.606158,0.829564,0.119629,0.046887,0.081684,0.677672,0.290668,0.000000,0.244158,13266.000000
3281,0,0.335620,0.478400,1857.000000,41.000000,2076.000000,2.900000,1650.000000,300.000000,605.000000,0.000000,0.000000,608.000000,661.000000,219.000000,326.000000,46.000000,608.000000,VIC,0.000000,160.210000,11.591037,0.995066,0.000000,0.000000,0.080182,0.896382,0.075658,0.000000,0.516447,608.000000
3282,0,0.840340,0.885540,2488.000000,42.000000,1507.000000,2.500000,1452.000000,280.000000,899.000000,32.000000,0.000000,941.000000,1014.000000,386.000000,373.000000,147.000000,941.000000,VIC,0.000000,62.712700,39.672985,0.955367,0.034006,0.000000,0.071992,0.806589,0.156217,0.000000,0.357067,941.000000
3284,0,-0.274550,0.463550,3860.000000,51.000000,1465.000000,2.300000,1733.000000,300.000000,1354.000000,125.000000,4.000000,1492.000000,2228.000000,748.000000,395.000000,295.000000,1492.000000,VIC,0.000000,221.475400,17.428572,0.907507,0.083780,0.002681,0.330341,0.766086,0.197721,0.000000,0.347185,1492.000000
3300,0,0.492120,0.492120,10479.000000,45.000000,1251.000000,2.200000,1083.000000,236.000000,4003.000000,265.000000,90.000000,4387.000000,4883.000000,1829.000000,1366.000000,1025.000000,4387.000000,VIC,0.000000,322.628000,32.480132,0.912469,0.060406,0.020515,0.101577,0.728288,0.233645,0.000000,0.260770,4387.000000
3304,0,0.119090,0.342470,2786.000000,49.000000,1146.000000,2.200000,952.000000,180.000000,1078.000000,25.000000,3.000000,1117.000000,1268.000000,539.000000,344.000000,176.000000,1117.000000,VIC,0.000000,1981.398400,1.406078,0.965085,0.022381,0.002686,0.119085,0.790510,0.157565,0.000000,0.410922,1117.000000
3305,0,0.622110,0.686300,13344.000000,47.000000,1248.000000,2.300000,1170.000000,250.000000,4853.000000,409.000000,55.000000,5377.000000,6139.000000,2286.000000,1708.000000,1214.000000,5377.000000,VIC,0.000000,801.805300,16.642444,0.902548,0.076065,0.010229,0.124124,0.742793,0.225776,0.000000,0.353729,5377.000000
3311,0,-0.124450,0.224710,1707.000000,58.000000,887.000000,2.000000,700.000000,160.000000,726.000000,0.000000,36.000000,772.000000,912.000000,442.000000,164.000000,110.000000,772.000000,VIC,0.000000,371.100800,4.599828,0.940415,0.000000,0.046632,0.153509,0.784974,0.142487,0.000000,0.327720,772.000000
3315,0,0.099660,0.295280,1686.000000,51.000000,1068.000000,2.100000,700.000000,145.000000,688.000000,23.000000,0.000000,714.000000,846.000000,401.000000,158.000000,96.000000,714.000000,VIC,0.000000,1324.819300,1.272626,0.963585,0.032213,0.000000,0.156028,0.782913,0.134454,0.000000,0.361345,714.000000
3321,0,-0.060380,0.322720,1780.000000,38.000000,2146.000000,3.000000,1949.000000,300.000000,570.000000,0.000000,3.000000,573.000000,607.000000,199.000000,327.000000,33.000000,573.000000,VIC,0.000000,327.716900,5.431517,0.994764,0.000000,0.005236,0.056013,0.917976,0.057592,0.000000,0.631763,573.000000
3328,0,0.422040,0.765330,2308.000000,37.000000,2171.000000,3.100000,1950.000000,400.000000,714.000000,0.000000,0.000000,718.000000,732.000000,226.000000,441.000000,38.000000,718.000000,VIC,0.000000,60.758600,37.986392,0.994429,0.000000,0.000000,0.019126,0.928969,0.052925,0.000000,0.607242,718.000000
3331,0,0.375180,0.467090,7202.000000,36.000000,2059.000000,3.000000,1850.000000,390.000000,2207.000000,83.000000,3.000000,2294.000000,2399.000000,705.000000,1296.000000,244.000000,2294.000000,VIC,0.000000,264.057900,27.274321,0.962075,0.036181,0.001308,0.043768,0.872276,0.106364,0.000000,0.558413,2294.000000
3335,1,5.262050,5.335840,6195.000000,31.000000,1876.000000,2.800000,1900.000000,371.000000,1917.000000,33.000000,14.000000,2077.000000,2225.000000,268.000000,1169.000000,563.000000,2077.000000,VIC,0.000000,55.087500,112.457454,0.922966,0.015888,0.006740,0.066517,0.691863,0.271064,0.000000,1.352913,2077.000000
3337,0,-0.236500,0.375710,40724.000000,34.000000,1462.000000,2.800000,1538.000000,321.000000,12438.000000,1051.000000,72.000000,13577.000000,14377.000000,3431.000000,6182.000000,3622.000000,13577.000000,VIC,0.000000,154.907300,262.892711,0.916108,0.077410,0.005303,0.055644,0.708036,0.266775,0.000000,0.417692,13577.000000
3338,1,2.197870,2.220820,37062.000000,31.000000,1642.000000,3.000000,1712.000000,341.000000,10574.000000,905.000000,17.000000,11514.000000,12178.000000,2127.000000,5529.000000,3552.000000,11514.000000,VIC,0.000000,113.055800,327.820421,0.918360,0.078600,0.001476,0.054525,0.664930,0.308494,0.000000,0.513549,11514.000000
3340,0,0.728080,0.865430,25614.000000,37.000000,1806.000000,2.700000,1733.000000,340.000000,8259.000000,760.000000,74.000000,9148.000000,9742.000000,2635.000000,4334.000000,1862.000000,9148.000000,VIC,0.000000,600.324600,42.666917,0.902820,0.083078,0.008089,0.060973,0.761806,0.203542,0.000000,0.402383,9148.000000
3341,0,-0.611660,0.611660,1644.000000,43.000000,2115.000000,2.800000,1777.000000,360.000000,552.000000,0.000000,0.000000,553.000000,610.000000,199.000000,312.000000,21.000000,553.000000,VIC,0.000000,156.430600,10.509453,0.998192,0.000000,0.000000,0.093443,0.924051,0.037975,0.000000,0.555154,553.000000
3342,0,0.051530,0.251210,3946.000000,43.000000,1612.000000,2.500000,1647.000000,330.000000,1421.000000,61.000000,3.000000,1507.000000,1683.000000,547.000000,664.000000,250.000000,1507.000000,VIC,0.000000,446.808100,8.831532,0.942933,0.040478,0.001991,0.104575,0.803583,0.165893,0.000000,0.484406,1507.000000
3345,0,-0.436830,0.499010,1393.000000,43.000000,2012.000000,2.700000,1733.000000,320.000000,486.000000,0.000000,0.000000,486.000000,555.000000,169.000000,262.000000,40.000000,486.000000,VIC,0.000000,46.105800,30.213119,1.000000,0.000000,0.000000,0.124324,0.886831,0.082305,0.000000,0.641975,486.000000
3350,1,1.658130,1.658130,66022.000000,39.000000,1503.000000,2.400000,1517.000000,300.000000,22027.000000,3143.000000,865.000000,26129.000000,28425.000000,8449.000000,8437.000000,8584.000000,26129.000000,VIC,0.000000,86.726100,761.270252,0.843010,0.120288,0.033105,0.080774,0.646255,0.328524,0.000000,0.283631,26129.000000
3351,0,0.733590,0.752840,9106.000000,41.000000,1684.000000,2.700000,1500.000000,280.000000,3130.000000,7.000000,4.000000,3155.000000,3541.000000,1321.000000,1504.000000,204.000000,3155.000000,VIC,0.000000,1517.862100,5.999227,0.992076,0.002219,0.001268,0.109009,0.895404,0.064659,0.000000,0.539778,3155.000000
3352,0,0.883210,0.883210,18922.000000,40.000000,1858.000000,2.800000,1600.000000,322.000000,6207.000000,26.000000,25.000000,6351.000000,7012.000000,2416.000000,3101.000000,658.000000,6351.000000,VIC,0.000000,1919.931300,9.855561,0.977326,0.004094,0.003936,0.094267,0.868682,0.103606,0.000000,0.509054,6351.000000
3355,0,0.757360,0.987840,13059.000000,43.000000,1062.000000,2.100000,1254.000000,260.000000,4554.000000,778.000000,204.000000,5546.000000,6000.000000,1962.000000,1188.000000,2206.000000,5546.000000,VIC,0.000000,30.359700,430.142590,0.821132,0.140281,0.036783,0.075667,0.567977,0.397764,0.000000,0.264154,5546.000000
3356,0,0.287750,0.491440,15601.000000,39.000000,1112.000000,2.200000,1250.000000,270.000000,5063.000000,1373.000000,11.000000,6450.000000,6889.000000,1931.000000,1929.000000,2323.000000,6450.000000,VIC,0.000000,13.841700,1127.101440,0.784961,0.212868,0.001705,0.063725,0.598450,0.360155,0.000000,0.306822,6450.000000
3357,0,0.665040,0.698130,3797.000000,45.000000,1745.000000,2.600000,1733.000000,305.000000,1321.000000,27.000000,21.000000,1368.000000,1482.000000,642.000000,521.000000,180.000000,1368.000000,VIC,0.000000,25.435500,149.279550,0.965643,0.019737,0.015351,0.076923,0.850146,0.131579,0.000000,0.476608,1368.000000
3363,0,0.444980,0.514170,3598.000000,49.000000,1178.000000,2.200000,1300.000000,275.000000,1294.000000,10.000000,89.000000,1421.000000,1561.000000,614.000000,496.000000,255.000000,1421.000000,VIC,0.000000,161.801100,22.237179,0.910626,0.007037,0.062632,0.089686,0.781140,0.179451,0.000000,0.520760,1421.000000
3364,0,-0.375660,0.401080,2272.000000,47.000000,1458.000000,2.400000,1553.000000,207.000000,857.000000,3.000000,0.000000,864.000000,992.000000,446.000000,317.000000,66.000000,864.000000,VIC,0.000000,584.971900,3.883947,0.991898,0.003472,0.000000,0.129032,0.883102,0.076389,0.000000,0.557870,864.000000
3370,0,0.213230,0.531950,1900.000000,52.000000,1048.000000,2.200000,1127.000000,220.000000,783.000000,10.000000,3.000000,823.000000,1001.000000,396.000000,277.000000,113.000000,823.000000,VIC,0.000000,272.526800,6.971791,0.951397,0.012151,0.003645,0.177822,0.817740,0.137303,0.000000,0.538275,823.000000
3371,0,0.250400,0.363670,1090.000000,56.000000,900.000000,2.100000,964.000000,190.000000,433.000000,0.000000,0.000000,451.000000,586.000000,233.000000,161.000000,36.000000,451.000000,VIC,0.000000,311.630000,3.497738,0.960089,0.000000,0.000000,0.230375,0.873614,0.079823,0.000000,0.682927,451.000000
3373,0,-0.205700,0.243960,2453.000000,51.000000,1111.000000,2.200000,1213.000000,231.000000,1000.000000,14.000000,3.000000,1018.000000,1225.000000,498.000000,318.000000,152.000000,1018.000000,VIC,0.000000,888.397100,2.761153,0.982318,0.013752,0.002947,0.168980,0.801572,0.149312,0.000000,0.516699,1018.000000
3377,1,0.977770,0.977770,9602.000000,45.000000,1239.000000,2.200000,1083.000000,250.000000,3304.000000,297.000000,13.000000,3650.000000,4047.000000,1520.000000,1097.000000,879.000000,3650.000000,VIC,0.000000,1324.638200,7.248772,0.905205,0.081370,0.003562,0.098097,0.716986,0.240822,0.000000,0.404110,3650.000000
3380,0,0.352910,0.388770,6220.000000,47.000000,1127.000000,2.200000,973.000000,210.000000,2330.000000,99.000000,137.000000,2584.000000,2890.000000,1150.000000,705.000000,645.000000,2584.000000,VIC,0.000000,93.140400,66.780903,0.901703,0.038313,0.053019,0.105882,0.717879,0.249613,0.000000,0.335139,2584.000000
3381,1,1.161640,1.161640,1401.000000,48.000000,1472.000000,2.300000,1300.000000,250.000000,471.000000,8.000000,0.000000,490.000000,777.000000,231.000000,152.000000,81.000000,490.000000,VIC,0.000000,783.812600,1.787417,0.961224,0.016327,0.000000,0.369369,0.781633,0.165306,0.000000,0.651020,490.000000
3393,0,-0.473330,0.505250,2614.000000,50.000000,1137.000000,2.100000,750.000000,180.000000,1045.000000,38.000000,8.000000,1104.000000,1321.000000,563.000000,273.000000,214.000000,1104.000000,VIC,0.000000,1395.046800,1.873772,0.946558,0.034420,0.007246,0.164269,0.757246,0.193841,0.000000,0.443841,1104.000000
3400,0,0.250450,0.355510,15134.000000,40.000000,1294.000000,2.200000,1187.000000,245.000000,5611.000000,345.000000,366.000000,6331.000000,6935.000000,2288.000000,1942.000000,1887.000000,6331.000000,VIC,0.000000,23.829200,635.103151,0.886274,0.054494,0.057811,0.087094,0.668141,0.298057,0.000000,0.332965,6331.000000
3401,0,0.221740,0.315790,4596.000000,44.000000,1859.000000,2.700000,1387.000000,200.000000,1566.000000,5.000000,0.000000,1581.000000,1854.000000,785.000000,609.000000,108.000000,1581.000000,VIC,0.000000,4611.446500,0.996650,0.990512,0.003163,0.000000,0.147249,0.881720,0.068311,0.000000,0.568627,1581.000000
3409,0,-0.343860,0.539480,987.000000,50.000000,1403.000000,2.200000,780.000000,180.000000,390.000000,0.000000,4.000000,400.000000,480.000000,227.000000,88.000000,48.000000,400.000000,VIC,0.000000,1588.781800,0.621231,0.975000,0.000000,0.010000,0.166667,0.787500,0.120000,0.000000,0.585000,400.000000
3414,0,-0.891290,0.891290,1719.000000,52.000000,1082.000000,2.100000,807.000000,165.000000,725.000000,0.000000,22.000000,758.000000,942.000000,390.000000,223.000000,116.000000,758.000000,VIC,0.000000,693.958300,2.477094,0.956464,0.000000,0.029024,0.195329,0.808707,0.153034,0.000000,0.518470,758.000000
3418,0,-0.613540,0.613540,2875.000000,46.000000,1334.000000,2.300000,800.000000,198.000000,1046.000000,59.000000,8.000000,1121.000000,1326.000000,562.000000,280.000000,223.000000,1121.000000,VIC,0.000000,2954.289100,0.973161,0.933095,0.052632,0.007136,0.154600,0.751115,0.198930,0.000000,0.458519,1121.000000
3419,0,-1.575880,1.575880,891.000000,51.000000,1121.000000,2.100000,715.000000,125.000000,373.000000,9.000000,3.000000,395.000000,456.000000,238.000000,71.000000,57.000000,395.000000,VIC,0.000000,1027.271400,0.867346,0.944304,0.022785,0.007595,0.133772,0.782278,0.144304,0.000000,0.468354,395.000000
3427,1,1.710460,1.868950,5669.000000,33.000000,1991.000000,2.600000,1800.000000,397.000000,1903.000000,151.000000,0.000000,2056.000000,2188.000000,418.000000,1174.000000,425.000000,2056.000000,VIC,0.000000,67.750600,83.674536,0.925584,0.073444,0.000000,0.060329,0.774319,0.206712,0.000000,0.454767,2056.000000
3429,1,1.128130,1.128130,39093.000000,38.000000,1924.000000,2.600000,1733.000000,361.000000,12563.000000,580.000000,1033.000000,14182.000000,14880.000000,4379.000000,6626.000000,2893.000000,14182.000000,VIC,0.000000,173.627900,225.153907,0.885841,0.040897,0.072839,0.046909,0.775984,0.203991,0.000000,0.403822,14182.000000
3431,0,0.220790,0.310920,4390.000000,42.000000,2150.000000,2.800000,2000.000000,400.000000,1423.000000,80.000000,7.000000,1507.000000,1599.000000,574.000000,733.000000,173.000000,1507.000000,VIC,0.000000,72.594100,60.473234,0.944260,0.053086,0.004645,0.057536,0.867286,0.114798,0.000000,0.530192,1507.000000
3434,0,0.718560,0.739450,6143.000000,39.000000,2071.000000,2.700000,1950.000000,371.000000,2072.000000,43.000000,15.000000,2127.000000,2280.000000,688.000000,1149.000000,228.000000,2127.000000,VIC,0.000000,167.114900,36.759140,0.974142,0.020216,0.007052,0.067105,0.863658,0.107193,0.000000,0.476258,2127.000000
3435,0,0.032410,0.231280,3228.000000,42.000000,1887.000000,2.600000,1800.000000,360.000000,1144.000000,8.000000,0.000000,1156.000000,1272.000000,442.000000,571.000000,116.000000,1156.000000,VIC,0.000000,263.353600,12.257285,0.989619,0.006920,0.000000,0.091195,0.876298,0.100346,0.000000,0.550173,1156.000000
3437,0,0.256240,0.386330,11715.000000,40.000000,2318.000000,2.800000,2167.000000,421.000000,3556.000000,359.000000,33.000000,3949.000000,4178.000000,1405.000000,1878.000000,580.000000,3949.000000,VIC,0.000000,184.832100,63.381848,0.900481,0.090909,0.008357,0.054811,0.831350,0.146873,0.000000,0.468473,3949.000000
3438,0,0.850770,0.922160,2509.000000,41.000000,2279.000000,2.900000,1950.000000,451.000000,776.000000,22.000000,0.000000,803.000000,855.000000,316.000000,380.000000,85.000000,803.000000,VIC,0.000000,26.224900,95.672433,0.966376,0.027397,0.000000,0.060819,0.866750,0.105853,0.000000,0.499377,803.000000
3440,0,-0.584950,0.584950,2073.000000,44.000000,2353.000000,2.800000,2213.000000,371.000000,671.000000,5.000000,0.000000,697.000000,754.000000,304.000000,314.000000,61.000000,697.000000,VIC,0.000000,38.973300,53.190261,0.962697,0.007174,0.000000,0.075597,0.886657,0.087518,0.000000,0.434720,697.000000
3442,1,1.242060,1.244220,8586.000000,46.000000,2124.000000,2.600000,2000.000000,391.000000,2857.000000,219.000000,6.000000,3094.000000,3434.000000,1293.000000,1282.000000,430.000000,3094.000000,VIC,0.000000,275.736900,31.138379,0.923400,0.070782,0.001939,0.099010,0.832256,0.138979,0.000000,0.593407,3094.000000
3444,0,0.295010,0.299880,10066.000000,47.000000,1663.000000,2.400000,1785.000000,351.000000,3472.000000,257.000000,5.000000,3809.000000,4387.000000,1618.000000,1380.000000,675.000000,3809.000000,VIC,0.000000,935.737100,10.757295,0.911525,0.067472,0.001313,0.131753,0.787083,0.177212,0.000000,0.518246,3809.000000
3446,0,0.298120,0.581910,1101.000000,46.000000,1614.000000,2.400000,1300.000000,350.000000,422.000000,0.000000,0.000000,427.000000,489.000000,177.000000,206.000000,40.000000,427.000000,VIC,0.000000,88.195200,12.483673,0.988290,0.000000,0.000000,0.126789,0.896956,0.093677,0.000000,0.669789,427.000000
3448,0,-0.645690,0.645690,981.000000,50.000000,1455.000000,2.300000,1584.000000,263.000000,392.000000,0.000000,0.000000,392.000000,464.000000,189.000000,178.000000,14.000000,392.000000,VIC,0.000000,220.360000,4.451806,1.000000,0.000000,0.000000,0.155172,0.936224,0.035714,0.000000,0.742347,392.000000
3450,0,-0.103070,0.119480,7588.000000,52.000000,1110.000000,2.000000,1362.000000,300.000000,2962.000000,213.000000,8.000000,3204.000000,3541.000000,1559.000000,794.000000,747.000000,3204.000000,VIC,0.000000,22.879100,331.656403,0.924469,0.066479,0.002497,0.095171,0.734395,0.233146,0.000000,0.533084,3204.000000
3451,0,0.532950,0.565490,5819.000000,47.000000,1392.000000,2.400000,1517.000000,305.000000,2305.000000,23.000000,0.000000,2338.000000,2639.000000,1037.000000,962.000000,284.000000,2338.000000,VIC,0.000000,311.836800,18.660402,0.985885,0.009837,0.000000,0.114058,0.855004,0.121471,0.000000,0.596664,2338.000000
3453,0,-0.307700,0.308260,1852.000000,49.000000,1594.000000,2.500000,1586.000000,300.000000,685.000000,0.000000,0.000000,686.000000,773.000000,320.000000,279.000000,64.000000,686.000000,VIC,0.000000,171.696000,10.786506,0.998542,0.000000,0.000000,0.112549,0.873178,0.093294,0.000000,0.766764,686.000000
3458,0,0.677840,0.714800,2330.000000,53.000000,1537.000000,2.200000,1600.000000,350.000000,905.000000,21.000000,0.000000,935.000000,1296.000000,460.000000,346.000000,96.000000,935.000000,VIC,0.000000,351.954300,6.620178,0.967914,0.022460,0.000000,0.278549,0.862032,0.102674,0.000000,0.627807,935.000000
3460,0,-0.039480,0.252300,2799.000000,55.000000,1183.000000,1.900000,1530.000000,331.000000,1139.000000,122.000000,4.000000,1273.000000,1858.000000,576.000000,315.000000,324.000000,1273.000000,VIC,0.000000,45.052500,62.127518,0.894737,0.095837,0.003142,0.314855,0.699921,0.254517,0.000000,0.474470,1273.000000
3461,0,0.310300,0.441440,4614.000000,52.000000,1369.000000,2.200000,1517.000000,305.000000,1848.000000,12.000000,0.000000,1884.000000,2663.000000,943.000000,681.000000,192.000000,1884.000000,VIC,0.000000,551.847300,8.361009,0.980892,0.006369,0.000000,0.292527,0.861996,0.101911,0.000000,0.628450,1884.000000
3462,0,-1.183840,1.183840,1230.000000,53.000000,1146.000000,2.200000,1347.000000,300.000000,523.000000,4.000000,5.000000,533.000000,636.000000,275.000000,206.000000,38.000000,533.000000,VIC,0.000000,139.615800,8.809891,0.981238,0.007505,0.009381,0.161950,0.902439,0.071295,0.000000,0.637899,533.000000
3463,0,0.021260,0.093900,2588.000000,57.000000,1127.000000,2.100000,1300.000000,268.000000,1121.000000,17.000000,0.000000,1148.000000,1395.000000,631.000000,365.000000,107.000000,1148.000000,VIC,0.000000,530.653800,4.877003,0.976481,0.014808,0.000000,0.177061,0.867596,0.093206,0.000000,0.656794,1148.000000
3464,0,-0.840810,0.840810,1192.000000,45.000000,1205.000000,2.500000,1092.000000,223.000000,424.000000,18.000000,0.000000,449.000000,487.000000,196.000000,176.000000,56.000000,449.000000,VIC,0.000000,116.272100,10.251814,0.944321,0.040089,0.000000,0.078029,0.828508,0.124722,0.000000,0.565702,449.000000
3465,0,0.096250,0.247790,10111.000000,51.000000,911.000000,2.100000,1070.000000,240.000000,3893.000000,344.000000,61.000000,4368.000000,4839.000000,1988.000000,1116.000000,1042.000000,4368.000000,VIC,0.000000,880.518300,11.483009,0.891255,0.078755,0.013965,0.097334,0.710623,0.238553,0.000000,0.459249,4368.000000
3467,0,-0.234440,0.451230,1356.000000,51.000000,923.000000,2.200000,1056.000000,210.000000,528.000000,19.000000,0.000000,559.000000,625.000000,287.000000,158.000000,89.000000,559.000000,VIC,0.000000,102.808600,13.189558,0.944544,0.033989,0.000000,0.105600,0.796064,0.159213,0.000000,0.579606,559.000000
3472,0,-0.050260,0.219970,1492.000000,56.000000,777.000000,2.000000,808.000000,192.000000,613.000000,23.000000,0.000000,661.000000,825.000000,367.000000,177.000000,84.000000,661.000000,VIC,0.000000,461.450700,3.233281,0.927383,0.034796,0.000000,0.198788,0.822995,0.127080,0.000000,0.662632,661.000000
3478,0,-0.410580,0.578620,2584.000000,53.000000,927.000000,2.000000,867.000000,185.000000,1095.000000,46.000000,3.000000,1160.000000,1391.000000,580.000000,319.000000,216.000000,1160.000000,VIC,0.000000,488.862500,5.285740,0.943966,0.039655,0.002586,0.166068,0.775000,0.186207,0.000000,0.462931,1160.000000
3480,0,0.667090,0.670050,1805.000000,51.000000,1147.000000,2.200000,867.000000,180.000000,685.000000,6.000000,24.000000,720.000000,858.000000,383.000000,163.000000,125.000000,720.000000,VIC,0.000000,1438.568500,1.254720,0.951389,0.008333,0.033333,0.160839,0.758333,0.173611,0.000000,0.477778,720.000000
3496,0,0.905380,0.905380,6464.000000,41.000000,1336.000000,2.500000,1083.000000,235.000000,2153.000000,122.000000,12.000000,2329.000000,2585.000000,840.000000,846.000000,523.000000,2329.000000,VIC,0.000000,3380.781200,1.911984,0.924431,0.052383,0.005152,0.099033,0.723916,0.224560,0.000000,0.529841,2329.000000
3498,1,1.016190,1.067310,5977.000000,40.000000,1606.000000,2.600000,1343.000000,260.000000,1921.000000,10.000000,115.000000,2058.000000,2204.000000,762.000000,855.000000,351.000000,2058.000000,VIC,0.000000,64.517800,92.641101,0.933431,0.004859,0.055879,0.066243,0.785714,0.170554,0.000000,0.531098,2058.000000
3500,1,1.296300,1.298270,34565.000000,39.000000,1295.000000,2.400000,1300.000000,280.000000,10751.000000,1447.000000,949.000000,13319.000000,14584.000000,3988.000000,3828.000000,4883.000000,13319.000000,VIC,0.000000,78.041700,442.904242,0.807193,0.108642,0.071252,0.086739,0.586831,0.366619,0.000000,0.392672,13319.000000
3501,0,0.877630,0.922500,2146.000000,40.000000,2055.000000,2.900000,1733.000000,231.000000,681.000000,5.000000,0.000000,710.000000,758.000000,272.000000,335.000000,67.000000,710.000000,VIC,0.000000,1022.881500,2.097995,0.959155,0.007042,0.000000,0.063325,0.854930,0.094366,0.000000,0.726761,710.000000
3505,0,0.473420,0.522500,5010.000000,43.000000,1338.000000,2.500000,1129.000000,220.000000,1657.000000,62.000000,26.000000,1764.000000,1940.000000,630.000000,763.000000,288.000000,1764.000000,VIC,0.000000,537.607200,9.319072,0.939342,0.035147,0.014739,0.090722,0.789683,0.163265,0.000000,0.552721,1764.000000
3515,0,-0.078490,0.567490,2516.000000,33.000000,1947.000000,2.900000,1539.000000,343.000000,809.000000,0.000000,0.000000,829.000000,880.000000,240.000000,490.000000,75.000000,829.000000,VIC,0.000000,226.458100,11.110223,0.975875,0.000000,0.000000,0.057955,0.880579,0.090470,0.000000,0.626055,829.000000
3517,0,-0.191450,0.339180,1497.000000,52.000000,935.000000,2.200000,867.000000,185.000000,553.000000,13.000000,0.000000,587.000000,717.000000,296.000000,173.000000,77.000000,587.000000,VIC,0.000000,999.127500,1.498307,0.942078,0.022147,0.000000,0.181311,0.798978,0.131175,0.000000,0.666099,587.000000
3518,0,-0.360300,0.360300,1321.000000,56.000000,932.000000,2.100000,758.000000,170.000000,486.000000,43.000000,0.000000,547.000000,747.000000,334.000000,115.000000,66.000000,547.000000,VIC,0.000000,1130.447700,1.168564,0.888483,0.078611,0.000000,0.267738,0.820841,0.120658,0.000000,0.605119,547.000000
3523,0,0.477190,0.477190,3965.000000,56.000000,993.000000,2.000000,1300.000000,255.000000,1600.000000,30.000000,6.000000,1676.000000,2192.000000,867.000000,513.000000,216.000000,1676.000000,VIC,0.000000,680.525300,5.826381,0.954654,0.017900,0.003580,0.235401,0.823389,0.128878,0.000000,0.644988,1676.000000
3525,0,-0.434920,0.434920,1369.000000,55.000000,991.000000,2.100000,776.000000,200.000000,528.000000,31.000000,3.000000,572.000000,703.000000,332.000000,136.000000,78.000000,572.000000,VIC,0.000000,1065.832500,1.284442,0.923077,0.054196,0.005245,0.186344,0.818182,0.136364,0.000000,0.550699,572.000000
3537,0,0.283670,0.438130,1094.000000,53.000000,1134.000000,2.200000,921.000000,180.000000,376.000000,11.000000,0.000000,388.000000,485.000000,230.000000,82.000000,50.000000,388.000000,VIC,0.000000,781.545200,1.399791,0.969072,0.028351,0.000000,0.200000,0.804124,0.128866,0.000000,0.600515,388.000000
3549,0,0.933240,1.102400,4017.000000,36.000000,1367.000000,2.900000,1050.000000,214.000000,1019.000000,23.000000,45.000000,1154.000000,1273.000000,367.000000,233.000000,459.000000,1154.000000,VIC,0.000000,980.366300,4.097448,0.883016,0.019931,0.038995,0.093480,0.519931,0.397747,0.000000,0.505199,1154.000000
3550,1,1.088290,1.126170,41839.000000,40.000000,1367.000000,2.200000,1311.000000,285.000000,14635.000000,2337.000000,213.000000,17240.000000,18922.000000,5729.000000,4655.000000,6476.000000,17240.000000,VIC,0.000000,52.732500,793.419618,0.848898,0.135557,0.012355,0.088891,0.602320,0.375638,0.000000,0.334745,17240.000000
3551,0,0.246530,0.573010,35614.000000,37.000000,2012.000000,2.900000,1625.000000,360.000000,11695.000000,84.000000,4.000000,11861.000000,12609.000000,4135.000000,5955.000000,1440.000000,11861.000000,VIC,0.000000,1767.485600,20.149528,0.986005,0.007082,0.000337,0.059323,0.850687,0.121406,0.000000,0.604418,11861.000000
3555,0,0.457330,0.755360,21043.000000,42.000000,1238.000000,2.200000,1300.000000,290.000000,7761.000000,601.000000,191.000000,8582.000000,9159.000000,3019.000000,2692.000000,2627.000000,8582.000000,VIC,0.000000,40.914700,514.313926,0.904335,0.070030,0.022256,0.062998,0.665463,0.306106,0.000000,0.363202,8582.000000
3556,0,0.498520,0.691180,14088.000000,39.000000,1229.000000,2.400000,1300.000000,280.000000,5267.000000,241.000000,15.000000,5561.000000,5941.000000,1861.000000,1973.000000,1572.000000,5561.000000,VIC,0.000000,253.373000,55.601820,0.947132,0.043338,0.002697,0.063962,0.689444,0.282683,0.000000,0.425103,5561.000000
3558,0,-0.309110,0.309110,971.000000,52.000000,972.000000,2.100000,1083.000000,220.000000,385.000000,0.000000,0.000000,399.000000,455.000000,194.000000,114.000000,73.000000,399.000000,VIC,0.000000,345.844300,2.807622,0.964912,0.000000,0.000000,0.123077,0.771930,0.182957,0.000000,0.561404,399.000000
3561,0,0.346000,0.384890,4498.000000,49.000000,1207.000000,2.300000,1152.000000,213.000000,1652.000000,74.000000,0.000000,1753.000000,1973.000000,832.000000,521.000000,317.000000,1753.000000,VIC,0.000000,645.189700,6.971593,0.942384,0.042213,0.000000,0.111505,0.771820,0.180833,0.000000,0.608671,1753.000000
3564,0,0.543920,0.585120,17080.000000,45.000000,1371.000000,2.400000,1500.000000,285.000000,5769.000000,741.000000,15.000000,6626.000000,7307.000000,2532.000000,2102.000000,1732.000000,6626.000000,VIC,0.000000,640.567500,26.663857,0.870661,0.111832,0.002264,0.093198,0.699366,0.261395,0.000000,0.541201,6626.000000
3568,0,0.148910,0.211960,2947.000000,53.000000,1155.000000,2.200000,976.000000,183.000000,1163.000000,46.000000,4.000000,1217.000000,1389.000000,642.000000,295.000000,217.000000,1217.000000,VIC,0.000000,514.443300,5.728522,0.955629,0.037798,0.003287,0.123830,0.769926,0.178307,0.000000,0.575185,1217.000000
3579,0,0.075530,0.190150,5450.000000,50.000000,1050.000000,2.200000,1000.000000,200.000000,2015.000000,134.000000,0.000000,2206.000000,2509.000000,1044.000000,584.000000,449.000000,2206.000000,VIC,0.000000,1943.564400,2.804126,0.913418,0.060743,0.000000,0.120765,0.737987,0.203536,0.000000,0.530825,2206.000000
3585,0,0.129760,0.434270,11508.000000,38.000000,1394.000000,2.400000,1300.000000,235.000000,3721.000000,368.000000,337.000000,4465.000000,4897.000000,1576.000000,1330.000000,1400.000000,4465.000000,VIC,0.000000,1073.559700,10.719478,0.833371,0.082419,0.075476,0.088217,0.650840,0.313550,0.000000,0.423068,4465.000000
3608,0,0.267460,0.329840,2825.000000,52.000000,1183.000000,2.100000,1437.000000,290.000000,1064.000000,70.000000,0.000000,1186.000000,1511.000000,587.000000,312.000000,245.000000,1186.000000,VIC,0.000000,532.867500,5.301506,0.897133,0.059022,0.000000,0.215089,0.758010,0.206577,0.000000,0.636594,1186.000000
3610,0,-0.849950,0.849950,1600.000000,49.000000,1122.000000,2.200000,1200.000000,231.000000,522.000000,45.000000,0.000000,595.000000,668.000000,280.000000,182.000000,106.000000,595.000000,VIC,0.000000,264.407000,6.051277,0.877311,0.075630,0.000000,0.109281,0.776471,0.178151,0.000000,0.702521,595.000000
3612,0,-0.532220,0.532930,1801.000000,55.000000,904.000000,2.100000,1000.000000,195.000000,716.000000,14.000000,0.000000,762.000000,912.000000,390.000000,229.000000,96.000000,762.000000,VIC,0.000000,469.471600,3.836228,0.939633,0.018373,0.000000,0.164474,0.812336,0.125984,0.000000,0.637795,762.000000
3614,0,0.504520,0.504520,927.000000,40.000000,1993.000000,2.800000,1517.000000,250.000000,310.000000,0.000000,0.000000,313.000000,343.000000,97.000000,159.000000,38.000000,313.000000,VIC,0.000000,84.805900,10.930843,0.990415,0.000000,0.000000,0.087464,0.817891,0.121406,0.000000,0.827476,313.000000
3616,0,0.687420,0.687420,5605.000000,44.000000,1381.000000,2.400000,1300.000000,245.000000,1975.000000,117.000000,6.000000,2131.000000,2377.000000,883.000000,735.000000,419.000000,2131.000000,VIC,0.000000,280.649600,19.971523,0.926795,0.054904,0.002816,0.103492,0.759268,0.196621,0.000000,0.564993,2131.000000
3620,0,0.035180,0.366350,8340.000000,46.000000,1202.000000,2.400000,1268.000000,220.000000,2931.000000,317.000000,12.000000,3288.000000,3586.000000,1390.000000,1019.000000,735.000000,3288.000000,VIC,0.000000,360.153600,23.156786,0.891423,0.096411,0.003650,0.083101,0.732664,0.223540,0.000000,0.556265,3288.000000
3621,0,-0.430910,0.449650,2437.000000,41.000000,1262.000000,2.500000,1172.000000,200.000000,814.000000,49.000000,3.000000,899.000000,970.000000,336.000000,334.000000,187.000000,899.000000,VIC,0.000000,186.794800,13.046402,0.905451,0.054505,0.003337,0.073196,0.745273,0.208009,0.000000,0.593993,899.000000
3629,0,0.626090,0.627930,9536.000000,43.000000,1167.000000,2.300000,1179.000000,250.000000,3025.000000,433.000000,13.000000,3669.000000,3949.000000,1298.000000,1124.000000,1089.000000,3669.000000,VIC,0.000000,306.925800,31.069399,0.824475,0.118016,0.003543,0.070904,0.660125,0.296811,0.000000,0.462524,3669.000000
3630,0,0.979320,0.979320,32151.000000,38.000000,1287.000000,2.400000,1248.000000,270.000000,10172.000000,1607.000000,49.000000,11969.000000,13003.000000,3663.000000,3305.000000,4464.000000,11969.000000,VIC,0.000000,141.929400,226.528119,0.849862,0.134264,0.004094,0.079520,0.582171,0.372963,0.000000,0.420002,11969.000000
3631,1,1.291830,1.291830,14605.000000,38.000000,1981.000000,2.900000,1603.000000,350.000000,4561.000000,37.000000,0.000000,4724.000000,5013.000000,1732.000000,2178.000000,623.000000,4724.000000,VIC,0.000000,642.073100,22.746631,0.965495,0.007832,0.000000,0.057650,0.827688,0.131880,0.000000,0.668501,4724.000000
3634,0,-0.032630,0.282200,1888.000000,42.000000,1652.000000,2.700000,1300.000000,230.000000,638.000000,0.000000,0.000000,640.000000,712.000000,228.000000,322.000000,58.000000,640.000000,VIC,0.000000,309.082200,6.108407,0.996875,0.000000,0.000000,0.101124,0.859375,0.090625,0.000000,0.657813,640.000000
3636,0,0.155720,0.235520,5375.000000,48.000000,1172.000000,2.300000,1148.000000,210.000000,1921.000000,185.000000,11.000000,2134.000000,2374.000000,933.000000,666.000000,445.000000,2134.000000,VIC,0.000000,393.682300,13.653141,0.900187,0.086692,0.005155,0.101095,0.749297,0.208529,0.000000,0.592784,2134.000000
3638,0,-0.362990,0.370500,2199.000000,46.000000,1184.000000,2.300000,1127.000000,194.000000,829.000000,37.000000,0.000000,891.000000,998.000000,399.000000,284.000000,152.000000,891.000000,VIC,0.000000,445.638800,4.934490,0.930415,0.041526,0.000000,0.107214,0.766554,0.170595,0.000000,0.571268,891.000000
3640,0,-0.529460,0.565880,1025.000000,38.000000,1505.000000,2.800000,1203.000000,240.000000,325.000000,3.000000,0.000000,322.000000,377.000000,126.000000,124.000000,56.000000,322.000000,VIC,0.000000,163.882000,6.254500,1.009317,0.009317,0.000000,0.145889,0.776398,0.173913,0.000000,0.913043,322.000000
3641,0,0.090230,0.203850,1266.000000,42.000000,1339.000000,2.500000,1083.000000,210.000000,444.000000,11.000000,0.000000,455.000000,557.000000,178.000000,170.000000,72.000000,455.000000,VIC,0.000000,252.735000,5.009199,0.975824,0.024176,0.000000,0.183124,0.764835,0.158242,0.000000,0.709890,455.000000
3644,0,0.174860,0.285890,9390.000000,47.000000,1178.000000,2.300000,1300.000000,250.000000,3404.000000,236.000000,18.000000,3720.000000,4222.000000,1559.000000,1057.000000,914.000000,3720.000000,VIC,1.000000,474.920700,19.771722,0.915054,0.063441,0.004839,0.118901,0.703226,0.245699,0.000000,0.587366,3720.000000
3658,0,0.277000,0.313230,6251.000000,41.000000,1578.000000,2.500000,1517.000000,310.000000,2236.000000,71.000000,4.000000,2317.000000,2541.000000,802.000000,1088.000000,351.000000,2317.000000,VIC,0.000000,565.568300,11.052600,0.965041,0.030643,0.001726,0.088154,0.815710,0.151489,0.000000,0.579629,2317.000000
3660,0,-0.244710,0.266540,7842.000000,46.000000,1214.000000,2.300000,1300.000000,250.000000,2872.000000,244.000000,3.000000,3137.000000,3486.000000,1219.000000,898.000000,901.000000,3137.000000,VIC,0.000000,629.293600,12.461592,0.915524,0.077781,0.000956,0.100115,0.674849,0.287217,0.000000,0.464775,3137.000000
3664,0,-1.073330,1.073330,1139.000000,49.000000,1418.000000,2.300000,1500.000000,300.000000,464.000000,3.000000,0.000000,471.000000,543.000000,221.000000,161.000000,75.000000,471.000000,VIC,0.000000,228.942200,4.975055,0.985138,0.006369,0.000000,0.132597,0.811040,0.159236,0.000000,0.690021,471.000000
3666,0,0.172980,0.238780,5142.000000,54.000000,1153.000000,2.100000,1200.000000,250.000000,2039.000000,89.000000,12.000000,2140.000000,2522.000000,1072.000000,561.000000,400.000000,2140.000000,VIC,0.000000,1367.629800,3.759789,0.952804,0.041589,0.005607,0.151467,0.763084,0.186916,0.000000,0.583178,2140.000000
3669,0,-0.073930,0.239700,1475.000000,57.000000,1059.000000,2.100000,1300.000000,250.000000,578.000000,21.000000,0.000000,609.000000,729.000000,332.000000,159.000000,79.000000,609.000000,VIC,0.000000,835.624800,1.765146,0.949097,0.034483,0.000000,0.164609,0.806240,0.129721,0.000000,0.627258,609.000000
3672,0,0.475000,0.624500,10822.000000,51.000000,1142.000000,2.100000,1253.000000,250.000000,3973.000000,583.000000,7.000000,4602.000000,5118.000000,1953.000000,1241.000000,1190.000000,4602.000000,VIC,0.000000,315.304300,34.322399,0.863320,0.126684,0.001521,0.100821,0.694046,0.258583,0.000000,0.458279,4602.000000
3673,0,0.159310,0.362670,1818.000000,52.000000,1351.000000,2.400000,1500.000000,200.000000,695.000000,0.000000,0.000000,709.000000,822.000000,347.000000,250.000000,58.000000,709.000000,VIC,0.000000,897.191100,2.026324,0.980254,0.000000,0.000000,0.137470,0.842031,0.081805,0.000000,0.693935,709.000000
3675,0,0.195850,0.364600,1936.000000,48.000000,1505.000000,2.500000,1408.000000,250.000000,711.000000,0.000000,0.000000,719.000000,811.000000,334.000000,304.000000,58.000000,719.000000,VIC,0.000000,478.207700,4.048450,0.988873,0.000000,0.000000,0.113440,0.887344,0.080668,0.000000,0.763561,719.000000
3676,0,0.228690,0.363910,,,,,,,,,,,,,,,,,,,,,,,,,,,,
3677,0,0.807410,0.839120,19214.000000,44.000000,1218.000000,2.200000,1300.000000,260.000000,6750.000000,1127.000000,5.000000,7914.000000,8517.000000,2910.000000,2367.000000,2256.000000,7914.000000,VIC,0.000000,48.798900,393.738383,0.852919,0.142406,0.000632,0.070800,0.666793,0.285064,0.000000,0.438211,7914.000000
3678,0,0.496430,0.538200,6568.000000,48.000000,1658.000000,2.600000,1600.000000,250.000000,2367.000000,5.000000,0.000000,2394.000000,2682.000000,1242.000000,853.000000,197.000000,2394.000000,VIC,0.000000,2455.190100,2.675149,0.988722,0.002089,0.000000,0.107383,0.875104,0.082289,0.000000,0.787385,2394.000000
3683,0,-0.549060,0.578640,1748.000000,50.000000,1338.000000,2.200000,1300.000000,260.000000,682.000000,14.000000,11.000000,726.000000,789.000000,320.000000,301.000000,86.000000,726.000000,VIC,0.000000,267.407800,6.536833,0.939394,0.019284,0.015152,0.079848,0.855372,0.118457,0.000000,0.634986,726.000000
3685,0,0.130270,0.377760,2935.000000,49.000000,1351.000000,2.300000,1300.000000,250.000000,1102.000000,63.000000,0.000000,1186.000000,1343.000000,513.000000,399.000000,221.000000,1186.000000,VIC,0.000000,351.330400,8.353960,0.929174,0.053120,0.000000,0.116902,0.768971,0.186341,0.000000,0.687184,1186.000000
3687,0,0.451120,0.519200,1061.000000,49.000000,1280.000000,2.300000,1473.000000,230.000000,384.000000,42.000000,0.000000,431.000000,473.000000,188.000000,155.000000,67.000000,431.000000,VIC,0.000000,36.558700,29.021820,0.890951,0.097448,0.000000,0.088795,0.795824,0.155452,0.000000,0.651972,431.000000
3688,0,0.260210,0.389730,1334.000000,42.000000,1765.000000,2.600000,1517.000000,280.000000,456.000000,11.000000,0.000000,473.000000,521.000000,177.000000,238.000000,40.000000,473.000000,VIC,0.000000,191.808800,6.954843,0.964059,0.023256,0.000000,0.092131,0.877378,0.084567,0.000000,0.807611,473.000000
3690,1,1.148420,1.148420,35051.000000,39.000000,1400.000000,2.400000,1385.000000,285.000000,12074.000000,1438.000000,282.000000,13858.000000,14832.000000,4097.000000,4394.000000,4907.000000,13858.000000,VIC,0.000000,81.556000,429.778312,0.871266,0.103767,0.020349,0.065669,0.612715,0.354091,0.000000,0.446890,13858.000000
3691,0,0.851370,0.954470,12771.000000,36.000000,2076.000000,2.800000,1713.000000,340.000000,4045.000000,22.000000,0.000000,4113.000000,4416.000000,1333.000000,1981.000000,607.000000,4113.000000,VIC,1.000000,1836.021900,6.955799,0.983467,0.005349,0.000000,0.068614,0.805738,0.147581,0.000000,0.710673,4113.000000
3698,0,0.807160,0.936270,1012.000000,50.000000,1392.000000,2.200000,1300.000000,285.000000,393.000000,4.000000,3.000000,409.000000,555.000000,209.000000,140.000000,57.000000,409.000000,VIC,0.000000,48.834900,20.722885,0.960880,0.009780,0.007335,0.263063,0.853301,0.139364,0.000000,0.740831,409.000000
3700,0,0.114780,0.248200,1403.000000,49.000000,1223.000000,2.200000,1213.000000,240.000000,515.000000,21.000000,10.000000,546.000000,606.000000,251.000000,170.000000,99.000000,546.000000,VIC,0.000000,279.744700,5.015287,0.943223,0.038462,0.018315,0.099010,0.771062,0.181319,0.000000,0.617216,546.000000
3701,0,0.384710,0.407310,1101.000000,53.000000,1381.000000,2.300000,1300.000000,190.000000,405.000000,0.000000,0.000000,413.000000,584.000000,221.000000,123.000000,35.000000,413.000000,VIC,0.000000,3023.117900,0.364194,0.980630,0.000000,0.000000,0.292808,0.832930,0.084746,0.000000,0.852300,413.000000
3707,0,-0.536110,0.582450,1871.000000,52.000000,1111.000000,2.200000,897.000000,200.000000,721.000000,9.000000,8.000000,741.000000,851.000000,379.000000,178.000000,139.000000,741.000000,VIC,1.000000,2318.075800,0.807135,0.973009,0.012146,0.010796,0.129260,0.751687,0.187584,0.000000,0.780027,741.000000
3713,0,0.012440,0.133270,1023.000000,57.000000,946.000000,1.900000,1188.000000,250.000000,418.000000,8.000000,0.000000,466.000000,838.000000,227.000000,110.000000,108.000000,466.000000,VIC,0.000000,675.929100,1.513472,0.896996,0.017167,0.000000,0.443914,0.723176,0.231760,0.000000,0.598712,466.000000
3714,0,0.123760,0.238300,3749.000000,52.000000,1155.000000,2.200000,1324.000000,250.000000,1453.000000,81.000000,0.000000,1599.000000,1919.000000,821.000000,442.000000,290.000000,1599.000000,VIC,0.000000,618.003700,6.066307,0.908693,0.050657,0.000000,0.166754,0.789869,0.181363,0.000000,0.524703,1599.000000
3717,0,0.305050,0.305050,3544.000000,53.000000,1216.000000,2.200000,1500.000000,300.000000,1399.000000,7.000000,5.000000,1427.000000,1749.000000,703.000000,466.000000,192.000000,1427.000000,VIC,0.000000,1053.324200,3.364586,0.980378,0.004905,0.003504,0.184105,0.819201,0.134548,0.000000,0.581640,1427.000000
3722,0,0.751400,0.834690,5815.000000,47.000000,1360.000000,2.300000,1600.000000,331.000000,2106.000000,119.000000,8.000000,2266.000000,2684.000000,988.000000,701.000000,466.000000,2266.000000,VIC,0.000000,404.042500,14.392050,0.929391,0.052515,0.003530,0.155738,0.745366,0.205649,0.000000,0.620035,2266.000000
3723,0,-0.151830,0.436630,3727.000000,47.000000,1293.000000,2.200000,1328.000000,273.000000,1172.000000,6.000000,28.000000,1218.000000,2717.000000,619.000000,389.000000,125.000000,1218.000000,VIC,0.000000,3119.724400,1.194657,0.962233,0.004926,0.022989,0.551711,0.827586,0.102627,0.000000,0.688013,1218.000000
3730,0,0.547550,0.620080,9719.000000,51.000000,1192.000000,2.300000,1443.000000,290.000000,3283.000000,473.000000,13.000000,3839.000000,4820.000000,1760.000000,1102.000000,848.000000,3839.000000,VIC,0.000000,485.668100,20.011609,0.855171,0.123209,0.003386,0.203527,0.745507,0.220891,0.000000,0.675176,3839.000000
3737,0,0.400150,0.449370,4426.000000,50.000000,1211.000000,2.300000,1400.000000,250.000000,1698.000000,101.000000,6.000000,1818.000000,2047.000000,860.000000,496.000000,370.000000,1818.000000,VIC,0.000000,1740.736600,2.542602,0.933993,0.055556,0.003300,0.111871,0.745875,0.203520,0.000000,0.514301,1818.000000
3740,0,-0.530380,0.739100,1183.000000,46.000000,1567.000000,2.500000,1625.000000,380.000000,410.000000,14.000000,0.000000,431.000000,501.000000,188.000000,156.000000,74.000000,431.000000,VIC,0.000000,679.676900,1.740533,0.951276,0.032483,0.000000,0.139721,0.798144,0.171694,0.000000,0.682135,431.000000
3741,0,0.358740,0.443520,3426.000000,48.000000,1389.000000,2.200000,1573.000000,300.000000,1126.000000,121.000000,56.000000,1321.000000,2059.000000,589.000000,365.000000,306.000000,1321.000000,VIC,0.000000,752.342000,4.553780,0.852385,0.091597,0.042392,0.358426,0.722180,0.231643,0.000000,0.632854,1321.000000
3747,0,0.611050,0.614800,5054.000000,49.000000,1436.000000,2.300000,1560.000000,300.000000,1884.000000,65.000000,15.000000,1995.000000,2222.000000,925.000000,627.000000,365.000000,1995.000000,VIC,0.000000,423.809900,11.925158,0.944361,0.032581,0.007519,0.102160,0.777945,0.182957,0.000000,0.682707,1995.000000
3749,0,0.622630,0.695450,2123.000000,50.000000,1663.000000,2.500000,1614.000000,300.000000,739.000000,32.000000,7.000000,779.000000,872.000000,346.000000,265.000000,125.000000,779.000000,VIC,0.000000,186.763800,11.367299,0.948652,0.041078,0.008986,0.106651,0.784339,0.160462,0.000000,0.857510,779.000000
3750,1,3.913900,3.987490,24407.000000,30.000000,1979.000000,3.300000,2000.000000,391.000000,6382.000000,718.000000,139.000000,7257.000000,7756.000000,810.000000,4542.000000,1706.000000,7257.000000,VIC,0.000000,53.892000,452.887256,0.879427,0.098939,0.019154,0.064337,0.737495,0.235083,0.000000,0.596941,7257.000000
3752,0,0.451040,0.641440,24989.000000,36.000000,2078.000000,3.000000,1900.000000,390.000000,6781.000000,1217.000000,34.000000,8033.000000,8307.000000,1899.000000,4210.000000,1657.000000,8033.000000,VIC,0.000000,21.453900,1164.776567,0.844143,0.151500,0.004233,0.032984,0.760488,0.206274,0.000000,0.373335,8033.000000
3753,1,2.238260,2.628350,4642.000000,32.000000,2266.000000,3.200000,2052.000000,400.000000,1390.000000,11.000000,0.000000,1396.000000,1469.000000,217.000000,906.000000,242.000000,1396.000000,VIC,0.000000,111.718900,41.550713,0.995702,0.007880,0.000000,0.049694,0.804441,0.173352,0.000000,0.669054,1396.000000
3754,0,0.422670,0.761340,50494.000000,33.000000,2086.000000,3.000000,1962.000000,390.000000,15017.000000,1137.000000,129.000000,16292.000000,16979.000000,2732.000000,9251.000000,3919.000000,16292.000000,VIC,0.000000,56.058600,900.736016,0.921741,0.069789,0.007918,0.040462,0.735514,0.240548,0.000000,0.416830,16292.000000
3756,0,0.777760,0.825380,15931.000000,33.000000,1910.000000,2.900000,1733.000000,360.000000,4803.000000,349.000000,7.000000,5166.000000,5456.000000,1038.000000,2937.000000,1045.000000,5166.000000,VIC,0.000000,200.884400,79.304316,0.929733,0.067557,0.001355,0.053152,0.769454,0.202284,0.000000,0.502516,5166.000000
3757,0,0.435230,0.435230,9735.000000,41.000000,1754.000000,2.800000,1950.000000,349.000000,2956.000000,249.000000,33.000000,3241.000000,3489.000000,1209.000000,1513.000000,428.000000,3241.000000,VIC,0.000000,285.499600,34.098121,0.912064,0.076828,0.010182,0.071081,0.839864,0.132058,0.000000,0.456341,3241.000000
3758,0,-0.044850,0.215570,2281.000000,40.000000,2091.000000,2.900000,1900.000000,305.000000,703.000000,0.000000,0.000000,712.000000,750.000000,245.000000,405.000000,45.000000,712.000000,VIC,0.000000,44.705500,51.022805,0.987360,0.000000,0.000000,0.050667,0.912921,0.063202,0.000000,0.582865,712.000000
3761,0,-0.149500,0.502010,1186.000000,46.000000,2216.000000,2.800000,2167.000000,340.000000,398.000000,0.000000,0.000000,398.000000,445.000000,184.000000,185.000000,20.000000,398.000000,VIC,0.000000,39.790000,29.806484,1.000000,0.000000,0.000000,0.105618,0.927136,0.050251,0.000000,0.610553,398.000000
3763,0,-0.114970,0.222280,1662.000000,43.000000,1737.000000,2.600000,1733.000000,300.000000,601.000000,5.000000,0.000000,608.000000,679.000000,209.000000,350.000000,31.000000,608.000000,VIC,0.000000,115.144900,14.433987,0.988487,0.008224,0.000000,0.104566,0.919408,0.050987,0.000000,0.626645,608.000000
3764,0,0.684990,0.717800,10578.000000,41.000000,1597.000000,2.600000,1690.000000,338.000000,3361.000000,408.000000,23.000000,3812.000000,4089.000000,1264.000000,1663.000000,701.000000,3812.000000,VIC,0.000000,439.086300,24.090936,0.881689,0.107030,0.006034,0.067743,0.767838,0.183893,0.000000,0.429433,3812.000000
3765,0,0.219130,0.325980,6900.000000,41.000000,2088.000000,2.800000,2000.000000,365.000000,2138.000000,92.000000,92.000000,2323.000000,2447.000000,843.000000,1196.000000,198.000000,2323.000000,VIC,0.000000,11.030400,625.543951,0.920362,0.039604,0.039604,0.050674,0.877744,0.085235,0.000000,0.340508,2323.000000
3770,0,0.269240,0.411410,3306.000000,40.000000,2014.000000,2.800000,1950.000000,360.000000,1092.000000,3.000000,4.000000,1100.000000,1152.000000,395.000000,536.000000,128.000000,1100.000000,VIC,0.000000,135.012300,24.486658,0.992727,0.002727,0.003636,0.045139,0.846364,0.116364,0.000000,0.490909,1100.000000
3775,0,-0.470160,0.480910,4080.000000,44.000000,1875.000000,2.700000,2015.000000,380.000000,1344.000000,81.000000,0.000000,1430.000000,1567.000000,588.000000,652.000000,156.000000,1430.000000,VIC,0.000000,173.761500,23.480460,0.939860,0.056643,0.000000,0.087428,0.867133,0.109091,0.000000,0.491608,1430.000000
3777,0,-0.024940,0.195120,10922.000000,46.000000,1517.000000,2.500000,1733.000000,350.000000,3754.000000,292.000000,11.000000,4105.000000,4519.000000,1649.000000,1743.000000,614.000000,4105.000000,VIC,0.000000,373.384900,29.251317,0.914495,0.071133,0.002680,0.091613,0.826309,0.149574,0.000000,0.420706,4105.000000
3781,0,0.207020,0.407360,4638.000000,36.000000,1993.000000,2.900000,1755.000000,370.000000,1500.000000,0.000000,0.000000,1501.000000,1595.000000,378.000000,969.000000,115.000000,1501.000000,VIC,0.000000,42.367700,109.470186,0.999334,0.000000,0.000000,0.058934,0.897402,0.076616,0.000000,0.323784,1501.000000
3782,0,0.034420,0.362970,7974.000000,43.000000,2133.000000,2.800000,2000.000000,383.000000,2689.000000,22.000000,16.000000,2733.000000,2871.000000,1057.000000,1414.000000,207.000000,2733.000000,VIC,0.000000,88.699200,89.899345,0.983900,0.008050,0.005854,0.048067,0.904135,0.075741,0.000000,0.365898,2733.000000
3783,0,-0.833520,0.834300,2559.000000,41.000000,2002.000000,2.800000,1907.000000,360.000000,792.000000,0.000000,15.000000,812.000000,870.000000,261.000000,420.000000,96.000000,812.000000,VIC,0.000000,202.335300,12.647324,0.975369,0.000000,0.018473,0.066667,0.838670,0.118227,0.000000,0.466749,812.000000
3793,0,-0.394680,0.446010,3651.000000,41.000000,1722.000000,2.700000,1915.000000,369.000000,1248.000000,39.000000,0.000000,1301.000000,1378.000000,488.000000,582.000000,186.000000,1301.000000,VIC,0.000000,19.884700,183.608503,0.959262,0.029977,0.000000,0.055878,0.822444,0.142967,0.000000,0.380477,1301.000000
3795,0,-0.005170,0.292420,1323.000000,41.000000,2158.000000,3.000000,2167.000000,350.000000,407.000000,0.000000,0.000000,416.000000,448.000000,178.000000,166.000000,42.000000,416.000000,VIC,0.000000,30.174500,43.844968,0.978365,0.000000,0.000000,0.071429,0.826923,0.100962,0.000000,0.612981,416.000000
3796,0,0.618820,0.618820,9799.000000,38.000000,2045.000000,2.800000,2000.000000,365.000000,3303.000000,66.000000,0.000000,3378.000000,3509.000000,1066.000000,1874.000000,308.000000,3378.000000,VIC,0.000000,16.989400,576.771399,0.977798,0.019538,0.000000,0.037333,0.870337,0.091178,0.000000,0.333925,3378.000000
3797,0,-0.211540,0.211540,3764.000000,44.000000,1335.000000,2.500000,1797.000000,300.000000,1138.000000,121.000000,39.000000,1349.000000,1476.000000,519.000000,568.000000,212.000000,1349.000000,VIC,0.000000,142.624900,26.390904,0.843588,0.089696,0.028910,0.086043,0.805782,0.157153,0.000000,0.422535,1349.000000
3799,0,0.383110,0.383110,5951.000000,46.000000,1226.000000,2.300000,1412.000000,300.000000,2261.000000,5.000000,19.000000,2315.000000,2754.000000,875.000000,1041.000000,302.000000,2315.000000,VIC,0.000000,706.215600,8.426605,0.976674,0.002160,0.008207,0.159405,0.827646,0.130454,0.000000,0.388337,2315.000000
3802,0,0.534550,0.739910,24455.000000,39.000000,1740.000000,2.900000,1848.000000,375.000000,7017.000000,990.000000,5.000000,8016.000000,8334.000000,2964.000000,3370.000000,1490.000000,8016.000000,VIC,0.000000,15.132300,1616.079512,0.875374,0.123503,0.000624,0.038157,0.790170,0.185878,0.000000,0.415544,8016.000000
3803,0,0.034230,0.419340,11355.000000,36.000000,1489.000000,3.000000,1700.000000,361.000000,2738.000000,738.000000,50.000000,3530.000000,3669.000000,1028.000000,1461.000000,916.000000,3530.000000,VIC,0.000000,8.415000,1349.376114,0.775637,0.209065,0.014164,0.037885,0.705099,0.259490,0.000000,0.474221,3530.000000
3804,0,-0.302330,0.317560,8466.000000,42.000000,2630.000000,3.400000,2250.000000,450.000000,2332.000000,17.000000,8.000000,2358.000000,2444.000000,973.000000,1216.000000,99.000000,2358.000000,VIC,0.000000,31.645300,267.527879,0.988974,0.007209,0.003393,0.035188,0.928329,0.041985,0.000000,0.566582,2358.000000
3805,0,0.263070,0.437840,58600.000000,35.000000,1942.000000,3.100000,1837.000000,380.000000,16552.000000,1039.000000,236.000000,17929.000000,18529.000000,4455.000000,9024.000000,4057.000000,17929.000000,VIC,0.000000,27.578000,2124.882152,0.923197,0.057951,0.013163,0.032382,0.751799,0.226281,0.000000,0.470746,17929.000000
3806,0,0.371120,0.735240,51308.000000,38.000000,2122.000000,2.900000,2000.000000,400.000000,15124.000000,1752.000000,53.000000,16948.000000,17781.000000,4893.000000,7822.000000,3681.000000,16948.000000,VIC,0.000000,45.767700,1121.052620,0.892377,0.103375,0.003127,0.046848,0.750236,0.217194,0.000000,0.453269,16948.000000
3807,0,0.778090,0.787710,7655.000000,39.000000,2303.000000,2.900000,2037.000000,390.000000,2193.000000,245.000000,0.000000,2524.000000,2616.000000,832.000000,1251.000000,399.000000,2524.000000,VIC,0.000000,14.697000,520.854596,0.868859,0.097068,0.000000,0.035168,0.825277,0.158082,0.000000,0.440571,2524.000000
3808,0,0.274770,0.508680,3147.000000,42.000000,2731.000000,3.100000,2230.000000,350.000000,925.000000,0.000000,0.000000,925.000000,979.000000,365.000000,496.000000,37.000000,925.000000,VIC,0.000000,35.280900,89.198405,1.000000,0.000000,0.000000,0.055158,0.930811,0.040000,0.000000,0.539459,925.000000
3809,1,5.439730,5.446900,19662.000000,31.000000,2123.000000,2.900000,2000.000000,396.000000,6171.000000,405.000000,8.000000,6593.000000,6820.000000,940.000000,3769.000000,1748.000000,6593.000000,VIC,0.000000,48.063700,409.082114,0.935993,0.061429,0.001213,0.033284,0.714242,0.265130,0.000000,0.499469,6593.000000
3810,0,0.358680,0.513100,55588.000000,33.000000,1677.000000,2.800000,1733.000000,351.000000,16400.000000,2349.000000,105.000000,18914.000000,19892.000000,3642.000000,8749.000000,5711.000000,18914.000000,VIC,0.000000,142.716400,389.499735,0.867083,0.124194,0.005551,0.049165,0.655123,0.301946,0.000000,0.410860,18914.000000
3812,0,-0.217740,0.349730,2488.000000,42.000000,2014.000000,2.900000,2079.000000,305.000000,772.000000,3.000000,4.000000,783.000000,834.000000,283.000000,359.000000,109.000000,783.000000,VIC,0.000000,97.376000,25.550444,0.985951,0.003831,0.005109,0.061151,0.819923,0.139208,0.000000,0.472542,783.000000
3814,0,-0.012220,0.304390,2604.000000,40.000000,1681.000000,2.800000,1853.000000,330.000000,828.000000,6.000000,36.000000,864.000000,931.000000,326.000000,407.000000,97.000000,864.000000,VIC,0.000000,77.727500,33.501656,0.958333,0.006944,0.041667,0.071966,0.848380,0.112269,0.000000,0.453704,864.000000
3815,0,-0.273830,0.480940,3693.000000,39.000000,1928.000000,2.800000,1971.000000,311.000000,1187.000000,17.000000,0.000000,1210.000000,1315.000000,416.000000,604.000000,130.000000,1210.000000,VIC,0.000000,103.918700,35.537396,0.980992,0.014050,0.000000,0.079848,0.842975,0.107438,0.000000,0.448760,1210.000000
3816,0,-0.289610,0.297210,3227.000000,37.000000,1491.000000,2.600000,1517.000000,330.000000,1018.000000,51.000000,30.000000,1133.000000,1227.000000,328.000000,531.000000,220.000000,1133.000000,VIC,0.000000,151.417000,21.312006,0.898500,0.045013,0.026478,0.076610,0.758164,0.194175,0.000000,0.456311,1133.000000
3818,0,0.753130,0.753130,17313.000000,40.000000,1456.000000,2.500000,1649.000000,330.000000,5853.000000,290.000000,229.000000,6450.000000,6922.000000,2378.000000,2573.000000,1296.000000,6450.000000,VIC,0.000000,279.626000,61.914843,0.907442,0.044961,0.035504,0.068188,0.767597,0.200930,0.000000,0.467442,6450.000000
3820,0,0.927730,0.938530,20054.000000,40.000000,1566.000000,2.500000,1625.000000,321.000000,6651.000000,389.000000,318.000000,7559.000000,8057.000000,2829.000000,2821.000000,1694.000000,7559.000000,VIC,0.000000,74.290200,269.941392,0.879878,0.051462,0.042069,0.061810,0.747453,0.224104,0.000000,0.404683,7559.000000
3821,0,0.259690,0.319670,3142.000000,44.000000,1834.000000,2.700000,1733.000000,280.000000,1046.000000,0.000000,0.000000,1047.000000,1173.000000,502.000000,417.000000,83.000000,1047.000000,VIC,0.000000,298.532700,10.524810,0.999045,0.000000,0.000000,0.107417,0.877746,0.079274,0.000000,0.568290,1047.000000
3823,0,0.184750,0.448140,2117.000000,45.000000,1375.000000,2.400000,1517.000000,320.000000,829.000000,16.000000,0.000000,849.000000,917.000000,375.000000,322.000000,114.000000,849.000000,VIC,0.000000,122.460600,17.287193,0.976443,0.018846,0.000000,0.074155,0.820966,0.134276,0.000000,0.566549,849.000000
3824,0,0.255860,0.261570,5438.000000,43.000000,1482.000000,2.400000,1500.000000,300.000000,1961.000000,100.000000,5.000000,2067.000000,2256.000000,852.000000,758.000000,376.000000,2067.000000,VIC,0.000000,213.493400,25.471513,0.948718,0.048379,0.002419,0.083777,0.778907,0.181906,0.000000,0.412675,2067.000000
3825,0,0.485490,0.498250,21078.000000,45.000000,1073.000000,2.200000,1083.000000,215.000000,7530.000000,911.000000,250.000000,8743.000000,9793.000000,3383.000000,2685.000000,2290.000000,8743.000000,VIC,0.000000,1871.939400,11.259980,0.861260,0.104198,0.028594,0.107219,0.694041,0.261924,0.000000,0.391742,8743.000000
3831,0,0.042060,0.255850,2012.000000,48.000000,1391.000000,2.500000,1610.000000,250.000000,682.000000,10.000000,12.000000,713.000000,792.000000,331.000000,278.000000,78.000000,713.000000,VIC,0.000000,176.202200,11.418700,0.956522,0.014025,0.016830,0.099747,0.854137,0.109397,0.000000,0.612903,713.000000
3840,0,0.336480,0.398530,17225.000000,44.000000,1038.000000,2.200000,1083.000000,215.000000,5985.000000,371.000000,429.000000,6805.000000,7526.000000,2638.000000,1897.000000,1998.000000,6805.000000,VIC,0.000000,341.190200,50.485037,0.879500,0.054519,0.063042,0.095801,0.666422,0.293608,0.000000,0.355768,6805.000000
3842,0,0.093810,0.279180,4924.000000,38.000000,1109.000000,2.300000,997.000000,230.000000,1861.000000,16.000000,48.000000,1925.000000,2085.000000,728.000000,585.000000,568.000000,1925.000000,VIC,0.000000,21.453500,229.519659,0.966753,0.008312,0.024935,0.076739,0.682078,0.295065,0.000000,0.383377,1925.000000
3844,0,0.840210,0.866000,31179.000000,40.000000,1551.000000,2.400000,1324.000000,277.000000,10530.000000,505.000000,971.000000,12098.000000,13143.000000,4289.000000,4606.000000,2843.000000,12098.000000,VIC,0.000000,577.037600,54.032874,0.870392,0.041742,0.080261,0.079510,0.735245,0.234998,0.000000,0.362126,12098.000000
3847,0,0.154070,0.415270,2278.000000,43.000000,1302.000000,2.400000,1235.000000,250.000000,815.000000,24.000000,0.000000,857.000000,925.000000,341.000000,335.000000,125.000000,857.000000,VIC,0.000000,485.759700,4.689562,0.950992,0.028005,0.000000,0.073514,0.788798,0.145858,0.000000,0.526254,857.000000
3850,0,0.247310,0.392540,15472.000000,42.000000,1339.000000,2.300000,1300.000000,280.000000,5304.000000,452.000000,396.000000,6200.000000,6869.000000,2192.000000,1860.000000,1982.000000,6200.000000,VIC,0.000000,48.612200,318.274014,0.855484,0.072903,0.063871,0.097394,0.653548,0.319677,0.000000,0.338387,6200.000000
3851,0,0.351530,0.417230,6231.000000,47.000000,1120.000000,2.300000,1300.000000,205.000000,2076.000000,49.000000,4.000000,2155.000000,4347.000000,1141.000000,717.000000,178.000000,2155.000000,VIC,0.000000,1883.439900,3.308308,0.963341,0.022738,0.001856,0.504256,0.862181,0.082599,0.000000,0.742459,2155.000000
3854,0,-0.561830,0.607350,1478.000000,41.000000,1967.000000,2.800000,1517.000000,260.000000,498.000000,3.000000,5.000000,509.000000,544.000000,223.000000,219.000000,44.000000,509.000000,VIC,0.000000,172.362900,8.574931,0.978389,0.005894,0.009823,0.064338,0.868369,0.086444,0.000000,0.557957,509.000000
3856,0,-0.270440,0.339780,1085.000000,39.000000,1732.000000,2.700000,1400.000000,270.000000,368.000000,3.000000,0.000000,371.000000,421.000000,143.000000,198.000000,13.000000,371.000000,VIC,0.000000,148.757600,7.293745,0.991914,0.008086,0.000000,0.118765,0.919137,0.035040,0.000000,0.609164,371.000000
3858,0,0.688810,0.688810,3125.000000,46.000000,1193.000000,2.400000,1127.000000,216.000000,1095.000000,3.000000,41.000000,1142.000000,1361.000000,501.000000,386.000000,188.000000,1142.000000,VIC,0.000000,2574.771000,1.213700,0.958844,0.002627,0.035902,0.160911,0.776708,0.164623,0.000000,0.625219,1142.000000
3860,0,0.147530,0.297630,7455.000000,43.000000,1311.000000,2.300000,1300.000000,250.000000,2757.000000,0.000000,134.000000,2912.000000,3419.000000,1183.000000,1059.000000,548.000000,2912.000000,VIC,0.000000,1396.837400,5.337056,0.946772,0.000000,0.046016,0.148289,0.769918,0.188187,0.000000,0.440934,2912.000000
3862,0,0.160150,0.215720,3547.000000,42.000000,1388.000000,2.500000,1300.000000,280.000000,1307.000000,0.000000,29.000000,1350.000000,1494.000000,577.000000,566.000000,158.000000,1350.000000,VIC,0.000000,3055.347600,1.160915,0.968148,0.000000,0.021481,0.096386,0.846667,0.117037,0.000000,0.574074,1350.000000
3869,0,-0.100650,0.244840,1738.000000,43.000000,1676.000000,2.500000,1419.000000,250.000000,654.000000,0.000000,0.000000,661.000000,711.000000,280.000000,287.000000,78.000000,661.000000,VIC,0.000000,97.231400,17.874884,0.989410,0.000000,0.000000,0.070323,0.857791,0.118003,0.000000,0.582451,661.000000
3870,0,-0.771560,0.771560,1319.000000,50.000000,1219.000000,2.300000,1100.000000,213.000000,506.000000,0.000000,0.000000,511.000000,597.000000,248.000000,202.000000,49.000000,511.000000,VIC,0.000000,273.531500,4.822114,0.990215,0.000000,0.000000,0.144054,0.880626,0.095890,0.000000,0.612524,511.000000
3871,0,0.208190,0.273390,3039.000000,48.000000,1272.000000,2.400000,1387.000000,258.000000,1115.000000,39.000000,0.000000,1159.000000,1297.000000,564.000000,429.000000,136.000000,1159.000000,VIC,0.000000,291.253000,10.434227,0.962036,0.033650,0.000000,0.106399,0.856773,0.117343,0.000000,0.515962,1159.000000
3875,0,0.519570,0.620630,20015.000000,46.000000,1239.000000,2.300000,1300.000000,280.000000,7015.000000,732.000000,75.000000,7867.000000,8712.000000,3337.000000,2371.000000,1795.000000,7867.000000,VIC,0.000000,2405.045300,8.322089,0.891700,0.093047,0.009533,0.096993,0.725562,0.228168,0.000000,0.468921,7867.000000
3878,0,0.811970,0.854660,1306.000000,59.000000,1209.000000,2.200000,1456.000000,310.000000,523.000000,14.000000,3.000000,549.000000,688.000000,304.000000,164.000000,60.000000,549.000000,VIC,0.000000,18.079800,72.235312,0.952641,0.025501,0.005464,0.202035,0.852459,0.109290,0.000000,0.622951,549.000000
3880,0,0.557380,0.580900,4235.000000,63.000000,973.000000,2.000000,1200.000000,309.000000,1731.000000,187.000000,20.000000,1970.000000,2698.000000,1161.000000,376.000000,376.000000,1970.000000,VIC,0.000000,167.698200,25.253700,0.878680,0.094924,0.010152,0.269830,0.780203,0.190863,0.000000,0.524873,1970.000000
3882,0,-0.350130,0.374180,1322.000000,47.000000,1390.000000,2.500000,1733.000000,300.000000,460.000000,0.000000,0.000000,494.000000,550.000000,248.000000,194.000000,37.000000,494.000000,VIC,0.000000,68.258200,19.367636,0.931174,0.000000,0.000000,0.101818,0.894737,0.074899,0.000000,0.631579,494.000000
3885,0,-0.540920,0.540920,1876.000000,47.000000,1241.000000,2.300000,1300.000000,230.000000,728.000000,10.000000,3.000000,740.000000,900.000000,349.000000,274.000000,86.000000,740.000000,VIC,0.000000,3509.403900,0.534564,0.983784,0.013514,0.004054,0.177778,0.841892,0.116216,0.000000,0.622973,740.000000
3888,0,0.054750,0.166370,3502.000000,54.000000,892.000000,2.100000,1000.000000,200.000000,1411.000000,43.000000,22.000000,1486.000000,1873.000000,813.000000,312.000000,279.000000,1486.000000,VIC,0.000000,3372.973200,1.038253,0.949529,0.028937,0.014805,0.206620,0.757066,0.187752,0.000000,0.502019,1486.000000
3892,1,1.254630,1.255360,1183.000000,59.000000,1031.000000,2.000000,1148.000000,221.000000,468.000000,20.000000,0.000000,499.000000,714.000000,296.000000,95.000000,80.000000,499.000000,VIC,0.000000,243.842400,4.851494,0.937876,0.040080,0.000000,0.301120,0.783567,0.160321,0.000000,0.777555,499.000000
3904,0,-0.293420,0.370760,1899.000000,60.000000,1219.000000,2.100000,1300.000000,346.000000,787.000000,13.000000,0.000000,810.000000,1134.000000,457.000000,206.000000,120.000000,810.000000,VIC,0.000000,27.607800,68.784909,0.971605,0.016049,0.000000,0.285714,0.818519,0.148148,0.000000,0.619753,810.000000
3909,0,-0.078320,0.250420,8713.000000,54.000000,964.000000,2.200000,1300.000000,260.000000,3044.000000,318.000000,45.000000,3521.000000,4623.000000,1723.000000,836.000000,820.000000,3521.000000,VIC,0.000000,327.209600,26.628192,0.864527,0.090315,0.012780,0.238373,0.726782,0.232888,0.000000,0.507526,3521.000000
3910,0,0.324810,0.552750,23588.000000,38.000000,1919.000000,2.700000,1863.000000,365.000000,7046.000000,1314.000000,14.000000,8520.000000,8831.000000,2568.000000,4286.000000,1512.000000,8520.000000,VIC,0.000000,28.844600,817.761383,0.826995,0.154225,0.001643,0.035217,0.804460,0.177465,0.000000,0.358099,8520.000000
3911,0,-0.179220,0.237710,3514.000000,41.000000,1834.000000,2.600000,1800.000000,356.000000,1179.000000,115.000000,3.000000,1295.000000,1351.000000,464.000000,628.000000,165.000000,1295.000000,VIC,0.000000,18.690100,188.013975,0.910425,0.088803,0.002317,0.041451,0.843243,0.127413,0.000000,0.421622,1295.000000
3912,0,0.202210,0.315990,15633.000000,40.000000,1837.000000,2.700000,1896.000000,381.000000,4791.000000,752.000000,40.000000,5596.000000,5851.000000,1867.000000,2701.000000,821.000000,5596.000000,VIC,0.000000,72.327500,216.141855,0.856147,0.134382,0.007148,0.043582,0.816297,0.146712,0.000000,0.400465,5596.000000
3913,0,0.297240,0.393320,3449.000000,42.000000,1858.000000,2.700000,1824.000000,383.000000,1104.000000,124.000000,3.000000,1231.000000,1297.000000,447.000000,595.000000,162.000000,1231.000000,VIC,0.000000,23.615700,146.046909,0.896832,0.100731,0.002437,0.050887,0.846466,0.131600,0.000000,0.452478,1231.000000
3915,0,0.604320,0.624930,10723.000000,42.000000,1211.000000,2.300000,1700.000000,320.000000,3165.000000,1035.000000,58.000000,4305.000000,4579.000000,1417.000000,1406.000000,1304.000000,4305.000000,VIC,0.000000,64.834700,165.389830,0.735192,0.240418,0.013473,0.059838,0.655749,0.302904,0.000000,0.342393,4305.000000
3916,0,-0.302800,0.412040,1036.000000,59.000000,2109.000000,2.200000,2167.000000,418.000000,402.000000,0.000000,0.000000,402.000000,747.000000,244.000000,90.000000,47.000000,402.000000,VIC,0.000000,35.177700,29.450476,1.000000,0.000000,0.000000,0.461847,0.830846,0.116915,0.000000,0.781095,402.000000
3918,0,0.438380,0.625770,4276.000000,46.000000,1615.000000,2.500000,1842.000000,366.000000,1513.000000,100.000000,3.000000,1617.000000,1708.000000,671.000000,676.000000,196.000000,1617.000000,VIC,0.000000,17.216000,248.373606,0.935683,0.061843,0.001855,0.053279,0.833024,0.121212,0.000000,0.517625,1617.000000
3919,0,-0.406600,0.413960,3343.000000,39.000000,1447.000000,2.500000,1603.000000,340.000000,1028.000000,235.000000,3.000000,1272.000000,1337.000000,383.000000,628.000000,234.000000,1272.000000,VIC,0.000000,6.562500,509.409524,0.808176,0.184748,0.002358,0.048616,0.794811,0.183962,0.000000,0.375786,1272.000000
3922,0,0.703350,0.747250,10118.000000,53.000000,1104.000000,2.100000,1517.000000,330.000000,3679.000000,339.000000,118.000000,4163.000000,9338.000000,1910.000000,1079.000000,971.000000,4163.000000,VIC,0.000000,67.951400,148.900538,0.883738,0.081432,0.028345,0.554187,0.717992,0.233245,0.000000,0.592842,4163.000000
3925,1,1.014920,1.065180,4550.000000,47.000000,1398.000000,2.300000,1517.000000,330.000000,1474.000000,139.000000,94.000000,1717.000000,3000.000000,738.000000,554.000000,361.000000,1717.000000,VIC,0.000000,30.778600,147.829986,0.858474,0.080955,0.054747,0.427667,0.752475,0.210250,0.000000,0.625510,1717.000000
3926,0,0.327930,0.432040,3421.000000,49.000000,1871.000000,2.500000,2167.000000,456.000000,1215.000000,33.000000,5.000000,1259.000000,1806.000000,662.000000,421.000000,127.000000,1259.000000,VIC,0.000000,54.120400,63.210915,0.965052,0.026211,0.003971,0.302879,0.860207,0.100874,0.000000,0.616362,1259.000000
3927,0,0.396620,0.664790,1857.000000,53.000000,1906.000000,2.400000,2167.000000,391.000000,656.000000,16.000000,0.000000,686.000000,1147.000000,394.000000,187.000000,80.000000,686.000000,VIC,0.000000,14.911100,124.538096,0.956268,0.023324,0.000000,0.401918,0.846939,0.116618,0.000000,0.679300,686.000000
3929,0,0.254860,0.603470,1130.000000,63.000000,2104.000000,2.100000,2500.000000,451.000000,414.000000,0.000000,12.000000,428.000000,894.000000,283.000000,88.000000,50.000000,428.000000,VIC,0.000000,55.132000,20.496264,0.967290,0.000000,0.028037,0.521253,0.866822,0.116822,0.000000,0.957944,428.000000
3930,0,0.643780,0.718500,18734.000000,45.000000,2547.000000,2.800000,2600.000000,512.000000,5762.000000,240.000000,273.000000,6271.000000,6700.000000,2841.000000,2780.000000,526.000000,6271.000000,VIC,0.000000,23.207700,807.232082,0.918833,0.038271,0.043534,0.064030,0.896348,0.083878,0.000000,0.387179,6271.000000
3931,0,0.725140,0.730910,25759.000000,50.000000,1451.000000,2.300000,2000.000000,400.000000,8064.000000,1175.000000,1107.000000,10476.000000,11566.000000,4328.000000,3356.000000,2227.000000,10476.000000,VIC,0.000000,21.092800,1221.222408,0.769759,0.112161,0.105670,0.094242,0.733486,0.212581,0.000000,0.329897,10476.000000
3934,0,0.637130,0.677110,19846.000000,46.000000,2097.000000,2.700000,2167.000000,496.000000,5916.000000,1084.000000,20.000000,7022.000000,8202.000000,2968.000000,2945.000000,848.000000,7022.000000,VIC,0.000000,30.209400,656.947837,0.842495,0.154372,0.002848,0.143867,0.842068,0.120763,0.000000,0.412133,7022.000000
3936,0,0.223830,0.394870,13366.000000,51.000000,1398.000000,2.200000,1950.000000,405.000000,4345.000000,794.000000,111.000000,5388.000000,8497.000000,2283.000000,1543.000000,1276.000000,5388.000000,VIC,0.000000,45.057500,296.643178,0.806422,0.147365,0.020601,0.365894,0.710097,0.236823,0.000000,0.356162,5388.000000
3937,0,0.117590,0.586750,1717.000000,52.000000,2313.000000,2.600000,2167.000000,473.000000,578.000000,6.000000,0.000000,582.000000,828.000000,311.000000,183.000000,71.000000,582.000000,VIC,0.000000,38.691700,44.376442,0.993127,0.010309,0.000000,0.297101,0.848797,0.121993,0.000000,0.675258,582.000000
3938,0,-0.013880,0.322350,3311.000000,55.000000,1433.000000,2.300000,2000.000000,392.000000,1241.000000,82.000000,8.000000,1334.000000,2031.000000,693.000000,384.000000,202.000000,1334.000000,VIC,0.000000,4.289800,771.830855,0.930285,0.061469,0.005997,0.343181,0.807346,0.151424,0.000000,0.461769,1334.000000
3939,0,0.477640,0.503970,15900.000000,50.000000,1228.000000,2.200000,1800.000000,350.000000,5810.000000,511.000000,163.000000,6505.000000,9085.000000,2724.000000,1900.000000,1596.000000,6505.000000,VIC,0.000000,98.511700,161.402148,0.893159,0.078555,0.025058,0.283985,0.710838,0.245350,0.000000,0.402152,6505.000000
3940,0,0.335750,0.484140,5246.000000,59.000000,950.000000,1.900000,1603.000000,350.000000,1656.000000,561.000000,80.000000,2341.000000,3612.000000,844.000000,461.000000,636.000000,2341.000000,VIC,0.000000,4.639600,1130.700922,0.707390,0.239641,0.034173,0.351883,0.557454,0.271679,0.000000,0.239641,2341.000000
3941,0,0.592090,0.729420,13591.000000,49.000000,1351.000000,2.300000,1800.000000,369.000000,5083.000000,177.000000,7.000000,5320.000000,11403.000000,2279.000000,1673.000000,1175.000000,5320.000000,VIC,0.000000,24.390600,557.222865,0.955451,0.033271,0.001316,0.533456,0.742857,0.220865,0.000000,0.454699,5320.000000
3942,0,0.323250,0.664790,2786.000000,58.000000,1490.000000,2.100000,2000.000000,400.000000,1134.000000,8.000000,5.000000,1144.000000,3291.000000,659.000000,280.000000,153.000000,1144.000000,VIC,0.000000,6.285700,443.228280,0.991259,0.006993,0.004371,0.652385,0.820804,0.133741,0.000000,0.592657,1144.000000
3943,0,0.924410,1.044700,2013.000000,64.000000,1658.000000,2.000000,2167.000000,462.000000,814.000000,9.000000,16.000000,839.000000,2883.000000,536.000000,166.000000,108.000000,839.000000,VIC,0.000000,7.013600,287.013802,0.970203,0.010727,0.019070,0.708984,0.836710,0.128725,0.000000,0.728248,839.000000
3945,0,0.064600,0.364750,1092.000000,50.000000,1582.000000,2.500000,1634.000000,300.000000,394.000000,0.000000,0.000000,401.000000,485.000000,178.000000,166.000000,41.000000,401.000000,VIC,0.000000,153.619900,7.108454,0.982544,0.000000,0.000000,0.173196,0.857855,0.102244,0.000000,0.675810,401.000000
3950,0,-0.089430,0.223050,5133.000000,47.000000,1207.000000,2.300000,1338.000000,270.000000,1868.000000,157.000000,0.000000,2039.000000,2281.000000,853.000000,732.000000,377.000000,2039.000000,VIC,0.000000,120.976400,42.429763,0.916135,0.076999,0.000000,0.106094,0.777342,0.184895,0.000000,0.446297,2039.000000
3953,0,0.436420,0.479200,8194.000000,46.000000,1316.000000,2.400000,1473.000000,270.000000,3090.000000,76.000000,32.000000,3216.000000,3559.000000,1447.000000,1011.000000,630.000000,3216.000000,VIC,0.000000,504.829900,16.231210,0.960821,0.023632,0.009950,0.096375,0.764303,0.195896,0.000000,0.442164,3216.000000
3956,0,-0.035980,0.317600,3037.000000,51.000000,1138.000000,2.200000,1300.000000,265.000000,1236.000000,15.000000,5.000000,1260.000000,2974.000000,648.000000,394.000000,167.000000,1260.000000,VIC,0.000000,498.463200,6.092727,0.980952,0.011905,0.003968,0.576328,0.826984,0.132540,0.000000,0.775397,1260.000000
3959,0,-0.001840,0.270750,1223.000000,53.000000,1318.000000,2.300000,1408.000000,250.000000,479.000000,0.000000,0.000000,484.000000,1246.000000,286.000000,126.000000,46.000000,484.000000,VIC,0.000000,211.617600,5.779292,0.989669,0.000000,0.000000,0.611557,0.851240,0.095041,0.000000,0.983471,484.000000
3960,0,-0.071000,0.171730,2715.000000,58.000000,1035.000000,2.000000,1348.000000,236.000000,1054.000000,34.000000,61.000000,1164.000000,1467.000000,646.000000,237.000000,217.000000,1164.000000,VIC,0.000000,831.516200,3.265120,0.905498,0.029210,0.052405,0.206544,0.758591,0.186426,0.000000,0.625430,1164.000000
3962,0,-0.273090,0.273090,954.000000,54.000000,937.000000,2.100000,1000.000000,240.000000,373.000000,0.000000,9.000000,406.000000,531.000000,201.000000,120.000000,64.000000,406.000000,VIC,0.000000,150.239000,6.349883,0.918719,0.000000,0.022167,0.235405,0.790640,0.157635,0.000000,0.600985,406.000000
3971,0,0.158400,0.228070,4195.000000,54.000000,978.000000,2.100000,1200.000000,236.000000,1603.000000,75.000000,49.000000,1764.000000,2254.000000,925.000000,443.000000,298.000000,1764.000000,VIC,0.000000,835.935000,5.018333,0.908730,0.042517,0.027778,0.217391,0.775510,0.168934,0.000000,0.503401,1764.000000
3975,0,0.679200,0.881760,18048.000000,33.000000,2328.000000,3.500000,2080.000000,416.000000,4633.000000,283.000000,28.000000,4940.000000,5073.000000,723.000000,3119.000000,997.000000,4940.000000,VIC,0.000000,13.383100,1348.566476,0.937854,0.057287,0.005668,0.026217,0.777733,0.201822,0.000000,0.680972,4940.000000
3976,0,0.461480,0.626180,26082.000000,33.000000,1538.000000,3.100000,1583.000000,351.000000,7344.000000,498.000000,64.000000,7918.000000,8197.000000,1837.000000,3528.000000,2270.000000,7918.000000,VIC,0.000000,13.342300,1954.835373,0.927507,0.062895,0.008083,0.034037,0.677570,0.286689,0.000000,0.444936,7918.000000
3977,1,1.254180,1.254180,117143.000000,33.000000,1895.000000,3.100000,1907.000000,380.000000,32025.000000,3891.000000,520.000000,36470.000000,37953.000000,6851.000000,19888.000000,8563.000000,36470.000000,VIC,0.000000,142.178200,823.916747,0.878119,0.106690,0.014258,0.039075,0.733178,0.234796,0.000000,0.505923,36470.000000
3978,1,7.237100,7.253530,43202.000000,30.000000,2158.000000,3.200000,2167.000000,406.000000,12645.000000,332.000000,8.000000,13009.000000,13438.000000,1137.000000,8543.000000,2969.000000,13009.000000,VIC,0.000000,96.510100,447.642267,0.972019,0.025521,0.000615,0.031924,0.744100,0.228227,0.000000,0.709739,13009.000000
3980,0,0.009010,0.153560,3571.000000,40.000000,1847.000000,2.700000,1815.000000,350.000000,1202.000000,0.000000,3.000000,1208.000000,1299.000000,382.000000,656.000000,149.000000,1208.000000,VIC,0.000000,37.027800,96.441052,0.995033,0.000000,0.002483,0.070054,0.859272,0.123344,0.000000,0.548841,1208.000000
3981,0,0.659110,0.659110,5437.000000,36.000000,1756.000000,2.700000,1842.000000,313.000000,1709.000000,9.000000,124.000000,1855.000000,1987.000000,549.000000,928.000000,312.000000,1855.000000,VIC,0.000000,203.776900,26.681140,0.921294,0.004852,0.066846,0.066432,0.796226,0.168194,0.000000,0.504043,1855.000000
3984,0,0.120660,0.374620,7374.000000,45.000000,1285.000000,2.300000,1555.000000,300.000000,2791.000000,19.000000,43.000000,2914.000000,3800.000000,1094.000000,1224.000000,469.000000,2914.000000,VIC,0.000000,235.048800,31.372209,0.957790,0.006520,0.014756,0.233158,0.795470,0.160947,0.000000,0.567948,2914.000000
3987,0,0.276970,0.356320,1644.000000,41.000000,1828.000000,2.900000,1733.000000,315.000000,508.000000,3.000000,0.000000,510.000000,546.000000,174.000000,287.000000,34.000000,510.000000,VIC,0.000000,79.551700,20.665806,0.996078,0.005882,0.000000,0.065934,0.903922,0.066667,0.000000,0.625490,510.000000
3988,0,-0.253180,0.413300,1094.000000,42.000000,1618.000000,2.600000,1713.000000,250.000000,401.000000,0.000000,0.000000,403.000000,462.000000,190.000000,148.000000,35.000000,403.000000,VIC,0.000000,126.684100,8.635654,0.995037,0.000000,0.000000,0.127706,0.838710,0.086849,0.000000,0.555831,403.000000
3995,0,0.635850,0.635850,11596.000000,50.000000,1034.000000,2.200000,1300.000000,280.000000,4518.000000,233.000000,23.000000,4886.000000,6209.000000,2264.000000,1306.000000,1131.000000,4886.000000,VIC,0.000000,198.902600,58.299892,0.924683,0.047687,0.004707,0.213078,0.730659,0.231478,0.000000,0.525788,4886.000000
3996,0,0.707680,0.729400,6649.000000,54.000000,1291.000000,2.200000,1700.000000,345.000000,2466.000000,230.000000,9.000000,2709.000000,4556.000000,1480.000000,672.000000,483.000000,2709.000000,VIC,0.000000,151.813900,43.797044,0.910299,0.084902,0.003322,0.405399,0.794389,0.178295,0.000000,0.590624,2709.000000
4000,0,-0.931910,0.931910,20341.000000,31.000000,1860.000000,1.900000,1866.000000,450.000000,763.000000,271.000000,7652.000000,8773.000000,11153.000000,1288.000000,1447.000000,5817.000000,8773.000000,QLD,0.000000,3.648300,5575.473508,0.086971,0.030890,0.872222,0.213395,0.311752,0.663057,0.000000,0.040921,8773.000000
4005,0,0.504270,0.551250,17714.000000,38.000000,2258.000000,1.900000,2179.000000,450.000000,1442.000000,299.000000,6653.000000,8435.000000,9593.000000,1842.000000,1924.000000,4473.000000,8435.000000,QLD,0.000000,2.704300,6550.308768,0.170954,0.035448,0.788737,0.120713,0.446473,0.530290,0.000000,0.101956,8435.000000
4006,0,0.514460,0.641580,24411.000000,31.000000,1871.000000,1.700000,1800.000000,420.000000,543.000000,302.000000,11748.000000,12657.000000,14672.000000,1022.000000,1745.000000,9585.000000,12657.000000,QLD,0.000000,5.417400,4506.036106,0.042901,0.023860,0.928182,0.137336,0.218614,0.757288,0.000000,0.042901,12657.000000
4007,1,1.123590,1.123590,15451.000000,39.000000,2130.000000,2.100000,2232.000000,420.000000,2024.000000,576.000000,4191.000000,6814.000000,7915.000000,1644.000000,1678.000000,3311.000000,6814.000000,QLD,0.000000,5.356300,2884.640517,0.297036,0.084532,0.615057,0.139103,0.487526,0.485911,0.000000,0.171412,6814.000000
4010,0,0.028680,0.375570,3446.000000,33.000000,1972.000000,1.900000,1950.000000,410.000000,372.000000,57.000000,1243.000000,1677.000000,1962.000000,231.000000,342.000000,1026.000000,1677.000000,QLD,0.000000,1.314800,2620.930940,0.221825,0.033989,0.741205,0.145260,0.341682,0.611807,0.000000,0.163387,1677.000000
4011,0,0.304490,0.492850,15813.000000,38.000000,2115.000000,2.300000,2300.000000,360.000000,3197.000000,691.000000,2581.000000,6492.000000,7058.000000,1710.000000,2194.000000,2451.000000,6492.000000,QLD,0.000000,5.292600,2987.756490,0.492452,0.106439,0.397566,0.080193,0.601356,0.377542,0.000000,0.314849,6492.000000
4012,0,0.442160,0.493770,23440.000000,36.000000,2016.000000,2.300000,2041.000000,385.000000,4864.000000,1096.000000,4021.000000,9982.000000,10768.000000,1998.000000,3347.000000,4441.000000,9982.000000,QLD,0.000000,7.845200,2987.814205,0.487277,0.109798,0.402825,0.072994,0.535464,0.444901,0.000000,0.297235,9982.000000
4013,0,0.152310,0.317740,4876.000000,35.000000,2041.000000,2.400000,2100.000000,360.000000,1113.000000,394.000000,437.000000,1950.000000,2107.000000,373.000000,710.000000,828.000000,1950.000000,QLD,0.000000,3.252000,1499.384994,0.570769,0.202051,0.224103,0.074514,0.555385,0.424615,0.000000,0.388205,1950.000000
4014,0,0.480230,0.502440,13190.000000,37.000000,2354.000000,2.700000,2147.000000,450.000000,4288.000000,292.000000,108.000000,4706.000000,4923.000000,1249.000000,2051.000000,1310.000000,4706.000000,QLD,0.000000,16.649300,792.225499,0.911177,0.062048,0.022949,0.044079,0.701232,0.278368,0.000000,0.639397,4706.000000
4017,0,-0.020170,0.224520,37756.000000,41.000000,1934.000000,2.600000,1907.000000,390.000000,11938.000000,827.000000,934.000000,13840.000000,14583.000000,4178.000000,5775.000000,3377.000000,13840.000000,QLD,0.000000,21.765500,1734.671843,0.862572,0.059754,0.067486,0.050950,0.719147,0.244003,0.000000,0.589884,13840.000000
4018,0,0.476020,0.506950,14097.000000,37.000000,1568.000000,2.400000,1679.000000,390.000000,3475.000000,1960.000000,128.000000,5583.000000,5817.000000,1350.000000,1933.000000,1934.000000,5583.000000,QLD,0.000000,6.281300,2244.280643,0.622425,0.351066,0.022927,0.040227,0.588035,0.346409,0.000000,0.491313,5583.000000
4019,0,0.124000,0.223480,20576.000000,47.000000,1283.000000,2.200000,1733.000000,330.000000,6165.000000,633.000000,1869.000000,8787.000000,9455.000000,2635.000000,2611.000000,3338.000000,8787.000000,QLD,0.000000,10.663400,1929.590937,0.701605,0.072038,0.212701,0.070650,0.597018,0.379879,0.000000,0.423694,8787.000000
4020,0,0.507670,0.553320,25603.000000,50.000000,1365.000000,2.200000,1900.000000,360.000000,6906.000000,909.000000,3057.000000,10974.000000,12075.000000,3875.000000,2891.000000,3711.000000,10974.000000,QLD,0.000000,11.701100,2188.084881,0.629306,0.082832,0.278568,0.091180,0.616548,0.338163,0.000000,0.466011,10974.000000
4021,0,-0.123710,0.139540,9745.000000,43.000000,1297.000000,2.500000,1583.000000,350.000000,2852.000000,748.000000,77.000000,3676.000000,3865.000000,1192.000000,1089.000000,1301.000000,3676.000000,QLD,0.000000,5.569700,1749.645403,0.775843,0.203482,0.020947,0.048900,0.620511,0.353917,0.000000,0.546790,3676.000000
4022,0,-0.111990,0.228380,7538.000000,43.000000,1305.000000,2.500000,1676.000000,380.000000,1962.000000,781.000000,80.000000,2822.000000,2939.000000,791.000000,694.000000,1043.000000,2822.000000,QLD,0.000000,10.340000,729.013540,0.695252,0.276754,0.028349,0.039809,0.526223,0.369596,0.000000,0.669029,2822.000000
4025,0,-0.363870,0.363870,309.000000,45.000000,1224.000000,1.900000,1517.000000,213.000000,46.000000,0.000000,0.000000,62.000000,294.000000,23.000000,11.000000,20.000000,62.000000,QLD,0.000000,173.597200,1.779983,0.741935,0.000000,0.000000,0.789116,0.548387,0.322581,0.000000,3.887097,62.000000
4030,0,0.132060,0.345710,18592.000000,33.000000,2131.000000,2.200000,2200.000000,390.000000,3395.000000,350.000000,4021.000000,7777.000000,8466.000000,1306.000000,2123.000000,4196.000000,7777.000000,QLD,0.000000,5.838000,3184.652278,0.436544,0.045005,0.517037,0.081384,0.440916,0.539540,0.000000,0.250997,7777.000000
4031,0,0.675560,0.683620,14292.000000,35.000000,2146.000000,2.400000,2200.000000,375.000000,3405.000000,610.000000,1797.000000,5811.000000,6189.000000,1143.000000,2097.000000,2433.000000,5811.000000,QLD,0.000000,4.772100,2994.907902,0.585958,0.104973,0.309241,0.061076,0.557563,0.418689,0.000000,0.340905,5811.000000
4032,0,-0.030660,0.287950,18389.000000,36.000000,1582.000000,2.200000,1886.000000,385.000000,3365.000000,1131.000000,3364.000000,7869.000000,8405.000000,1689.000000,1774.000000,3980.000000,7869.000000,QLD,0.000000,7.507800,2449.319375,0.427627,0.143729,0.427500,0.063772,0.440081,0.505782,0.000000,0.241200,7869.000000
4034,0,0.055110,0.248500,46741.000000,39.000000,1808.000000,2.500000,1900.000000,390.000000,12906.000000,3351.000000,1369.000000,17821.000000,18712.000000,5386.000000,6002.000000,5685.000000,17821.000000,QLD,0.000000,29.554900,1581.497484,0.724202,0.188037,0.076819,0.047617,0.639021,0.319006,0.000000,0.477751,17821.000000
4035,0,-0.086290,0.228700,27323.000000,40.000000,2458.000000,2.900000,2167.000000,470.000000,8059.000000,1192.000000,108.000000,9364.000000,9747.000000,3267.000000,4262.000000,1482.000000,9364.000000,QLD,0.000000,19.053600,1434.007222,0.860636,0.127296,0.011534,0.039294,0.804037,0.158266,0.000000,0.747437,9364.000000
4036,0,0.249110,0.367280,7000.000000,36.000000,1931.000000,2.700000,1733.000000,388.000000,2310.000000,138.000000,9.000000,2462.000000,2567.000000,651.000000,1136.000000,629.000000,2462.000000,QLD,0.000000,12.836400,545.324234,0.938262,0.056052,0.003656,0.040904,0.725833,0.255483,0.000000,0.665313,2462.000000
4037,0,-0.002030,0.145630,7822.000000,38.000000,2771.000000,3.100000,2151.000000,460.000000,2459.000000,16.000000,5.000000,2478.000000,2525.000000,702.000000,1494.000000,252.000000,2478.000000,QLD,0.000000,9.105700,859.022371,0.992333,0.006457,0.002018,0.018614,0.886199,0.101695,0.000000,0.834948,2478.000000
4051,0,0.459590,0.514890,29574.000000,34.000000,2318.000000,2.500000,2229.000000,380.000000,6782.000000,1486.000000,2869.000000,11161.000000,12015.000000,2614.000000,3729.000000,4591.000000,11161.000000,QLD,0.000000,16.941000,1745.705684,0.607652,0.133142,0.257056,0.071078,0.568318,0.411343,0.000000,0.369680,11161.000000
4053,0,0.049300,0.300570,47604.000000,36.000000,2152.000000,2.500000,2063.000000,410.000000,13867.000000,2174.000000,2036.000000,18093.000000,19158.000000,4774.000000,6629.000000,6388.000000,18093.000000,QLD,0.000000,22.530600,2112.859844,0.766429,0.120157,0.112530,0.055590,0.630244,0.353065,0.000000,0.445697,18093.000000
4054,0,0.200670,0.270770,13986.000000,38.000000,1949.000000,2.600000,1950.000000,410.000000,4533.000000,615.000000,150.000000,5296.000000,5557.000000,1487.000000,2122.000000,1440.000000,5296.000000,QLD,0.000000,8.762200,1596.174477,0.855929,0.116125,0.028323,0.046968,0.681458,0.271903,0.000000,0.521337,5296.000000
4055,0,0.366340,0.395150,22364.000000,38.000000,2496.000000,2.900000,2100.000000,430.000000,7069.000000,170.000000,233.000000,7474.000000,7707.000000,2351.000000,3629.000000,1367.000000,7474.000000,QLD,0.000000,37.908000,589.954627,0.945812,0.022746,0.031175,0.030232,0.800107,0.182901,0.000000,0.691330,7474.000000
4059,0,0.301030,0.546400,13740.000000,30.000000,1934.000000,2.300000,2383.000000,400.000000,2470.000000,379.000000,2582.000000,5465.000000,5986.000000,856.000000,1388.000000,3091.000000,5465.000000,QLD,0.000000,3.304200,4158.343926,0.451967,0.069350,0.472461,0.087036,0.410613,0.565599,0.000000,0.230558,5465.000000
4060,0,0.266910,0.416290,13450.000000,38.000000,2874.000000,2.800000,2600.000000,440.000000,3583.000000,90.000000,956.000000,4637.000000,4921.000000,1438.000000,1879.000000,1249.000000,4637.000000,QLD,0.000000,5.825500,2308.814694,0.772698,0.019409,0.206168,0.057712,0.715333,0.269355,0.000000,0.470563,4637.000000
4061,0,0.184970,0.314730,17318.000000,42.000000,2573.000000,2.900000,2253.000000,490.000000,5438.000000,406.000000,54.000000,5914.000000,6149.000000,2292.000000,2652.000000,900.000000,5914.000000,QLD,0.000000,12.515200,1383.757351,0.919513,0.068651,0.009131,0.038218,0.835982,0.152181,0.000000,0.633412,5914.000000
4064,0,0.614440,0.710780,12191.000000,33.000000,2434.000000,2.300000,2528.000000,450.000000,2628.000000,416.000000,1919.000000,4994.000000,5496.000000,1052.000000,1325.000000,2528.000000,4994.000000,QLD,0.000000,3.590500,3395.348837,0.526231,0.083300,0.384261,0.091339,0.475971,0.506207,0.000000,0.287745,4994.000000
4065,0,0.770230,0.826130,10171.000000,38.000000,3394.000000,2.800000,2817.000000,500.000000,2816.000000,315.000000,334.000000,3479.000000,3703.000000,1165.000000,1504.000000,731.000000,3479.000000,QLD,0.000000,5.005300,2032.046031,0.809428,0.090543,0.096005,0.060491,0.767174,0.210118,0.000000,0.497557,3479.000000
4066,0,0.533300,0.609190,18609.000000,31.000000,2013.000000,2.200000,2130.000000,410.000000,2549.000000,170.000000,5094.000000,7875.000000,8822.000000,1733.000000,1900.000000,4102.000000,7875.000000,QLD,0.000000,20.055900,927.856641,0.323683,0.021587,0.646857,0.107345,0.461333,0.520889,0.000000,0.191365,7875.000000
4067,0,0.357240,0.447210,12220.000000,25.000000,1761.000000,2.400000,2000.000000,410.000000,1297.000000,271.000000,2347.000000,3936.000000,4420.000000,1046.000000,699.000000,2090.000000,3936.000000,QLD,0.000000,3.974200,3074.832671,0.329522,0.068852,0.596291,0.109502,0.443343,0.530996,0.000000,0.203252,3936.000000
4068,0,0.553340,0.606030,25676.000000,34.000000,2094.000000,2.500000,2100.000000,410.000000,4438.000000,757.000000,4748.000000,9977.000000,10807.000000,2801.000000,2675.000000,4246.000000,9977.000000,QLD,0.000000,10.388300,2471.626734,0.444823,0.075875,0.475895,0.076802,0.548862,0.425579,0.000000,0.281347,9977.000000
4069,0,0.124520,0.275690,35527.000000,42.000000,3019.000000,3.000000,2500.000000,540.000000,11071.000000,427.000000,144.000000,11653.000000,12176.000000,4756.000000,5125.000000,1521.000000,11653.000000,QLD,0.000000,103.244100,344.106830,0.950056,0.036643,0.012357,0.042953,0.847936,0.130524,0.000000,0.676907,11653.000000
4070,0,0.093610,0.291660,12045.000000,40.000000,2435.000000,3.000000,2100.000000,460.000000,3852.000000,144.000000,7.000000,4003.000000,4138.000000,1210.000000,2187.000000,540.000000,4003.000000,QLD,0.000000,31.273300,385.152830,0.962278,0.035973,0.001749,0.032624,0.848614,0.134899,0.000000,0.816388,4003.000000
4073,0,0.082250,0.246970,9293.000000,43.000000,2543.000000,2.800000,2167.000000,455.000000,2747.000000,268.000000,111.000000,3132.000000,3309.000000,1146.000000,1366.000000,514.000000,3132.000000,QLD,0.000000,4.972100,1869.029183,0.877075,0.085568,0.035441,0.053490,0.802043,0.164112,0.000000,0.744572,3132.000000
4074,0,0.371950,0.387060,24071.000000,40.000000,2271.000000,2.800000,2000.000000,440.000000,7803.000000,568.000000,49.000000,8420.000000,8763.000000,3032.000000,3703.000000,1520.000000,8420.000000,QLD,0.000000,13.690300,1758.252193,0.926722,0.067458,0.005819,0.039142,0.799881,0.180523,0.000000,0.713658,8420.000000
4075,0,0.424640,0.498780,25506.000000,38.000000,2239.000000,2.600000,2167.000000,400.000000,6746.000000,1215.000000,1398.000000,9397.000000,9965.000000,2755.000000,3574.000000,2809.000000,9397.000000,QLD,0.000000,14.182000,1798.476943,0.717889,0.129297,0.148771,0.056999,0.673513,0.298925,0.000000,0.464510,9397.000000
4076,0,0.076410,0.353040,8353.000000,35.000000,1523.000000,2.600000,1499.000000,350.000000,1528.000000,189.000000,23.000000,1739.000000,1869.000000,440.000000,499.000000,735.000000,1739.000000,QLD,0.000000,23.296900,358.545558,0.878666,0.108683,0.013226,0.069556,0.539965,0.422657,0.000000,0.673376,1739.000000
4077,0,0.400110,0.436860,35805.000000,32.000000,1342.000000,2.900000,1517.000000,340.000000,8290.000000,3036.000000,216.000000,11694.000000,12398.000000,2099.000000,2994.000000,5894.000000,11694.000000,QLD,0.000000,18.984100,1886.052012,0.708911,0.259620,0.018471,0.056783,0.435522,0.504019,0.000000,0.478279,11694.000000
4078,0,0.420670,0.445350,26263.000000,36.000000,1838.000000,2.800000,1664.000000,370.000000,8050.000000,689.000000,144.000000,8886.000000,9258.000000,2040.000000,3839.000000,2787.000000,8886.000000,QLD,0.000000,13.218400,1986.851661,0.905919,0.077538,0.016205,0.040181,0.661603,0.313639,0.000000,0.644272,8886.000000
4101,0,0.420260,0.478830,35246.000000,32.000000,1973.000000,2.100000,2031.000000,450.000000,2441.000000,466.000000,11751.000000,14745.000000,17350.000000,2512.000000,2787.000000,9084.000000,14745.000000,QLD,0.000000,5.101200,6909.354662,0.165548,0.031604,0.796948,0.150144,0.359376,0.616073,0.000000,0.112038,14745.000000
4102,0,-0.343650,0.470110,10823.000000,29.000000,1840.000000,2.200000,2000.000000,430.000000,1390.000000,31.000000,2879.000000,4310.000000,4826.000000,481.000000,739.000000,2930.000000,4310.000000,QLD,0.000000,3.428000,3157.234539,0.322506,0.007193,0.667981,0.106921,0.283063,0.679814,0.000000,0.188631,4310.000000
4103,0,-0.043280,0.320150,14995.000000,33.000000,1909.000000,2.300000,2000.000000,365.000000,2838.000000,1020.000000,2415.000000,6289.000000,6708.000000,1111.000000,1802.000000,3263.000000,6289.000000,QLD,0.000000,4.060100,3693.258787,0.451264,0.162188,0.384004,0.062463,0.463190,0.518842,0.000000,0.286055,6289.000000
4104,0,0.365840,0.395790,7062.000000,39.000000,1932.000000,2.200000,2167.000000,380.000000,1396.000000,548.000000,1039.000000,2980.000000,3225.000000,684.000000,861.000000,1162.000000,2980.000000,QLD,0.000000,3.029600,2331.000792,0.468456,0.183893,0.348658,0.075969,0.518456,0.389933,0.000000,0.297651,2980.000000
4105,0,0.158810,0.386600,13929.000000,36.000000,2001.000000,2.400000,2000.000000,370.000000,3329.000000,912.000000,1423.000000,5674.000000,6105.000000,1351.000000,1989.000000,2234.000000,5674.000000,QLD,0.000000,7.145100,1949.447873,0.586711,0.160733,0.250793,0.070598,0.588650,0.393726,0.000000,0.372577,5674.000000
4106,1,1.036730,1.036730,1672.000000,34.000000,1493.000000,2.300000,1635.000000,335.000000,551.000000,27.000000,48.000000,639.000000,695.000000,115.000000,203.000000,302.000000,639.000000,QLD,0.000000,9.223000,181.285916,0.862285,0.042254,0.075117,0.080576,0.497653,0.472613,0.000000,0.791862,639.000000
4107,0,0.371030,0.532130,6790.000000,35.000000,2133.000000,2.700000,2000.000000,400.000000,2161.000000,200.000000,56.000000,2426.000000,2557.000000,579.000000,1080.000000,729.000000,2426.000000,QLD,0.000000,4.566200,1487.013271,0.890767,0.082440,0.023083,0.051232,0.683842,0.300495,0.000000,0.576669,2426.000000
4108,0,0.215330,0.401460,6188.000000,34.000000,1567.000000,2.600000,1729.000000,360.000000,1748.000000,234.000000,277.000000,2284.000000,2456.000000,534.000000,611.000000,1083.000000,2284.000000,QLD,0.000000,8.578700,721.321412,0.765324,0.102452,0.121278,0.070033,0.501313,0.474168,0.000000,0.609457,2284.000000
4109,0,-0.175290,0.227070,37703.000000,36.000000,1689.000000,3.000000,1907.000000,410.000000,10060.000000,1581.000000,346.000000,12077.000000,13009.000000,4394.000000,3127.000000,4057.000000,12077.000000,QLD,0.000000,15.440900,2441.761814,0.832988,0.130910,0.028649,0.071643,0.622754,0.335928,0.000000,0.684110,12077.000000
4110,1,1.962300,2.040320,16461.000000,32.000000,1906.000000,2.900000,1950.000000,370.000000,4797.000000,428.000000,90.000000,5330.000000,5613.000000,825.000000,2375.000000,1993.000000,5330.000000,QLD,0.000000,34.817500,472.779493,0.900000,0.080300,0.016886,0.050419,0.600375,0.373921,0.000000,0.856473,5330.000000
4111,0,-0.237500,0.347310,1085.000000,28.000000,1682.000000,2.300000,1950.000000,300.000000,238.000000,0.000000,89.000000,324.000000,341.000000,101.000000,102.000000,105.000000,324.000000,QLD,0.000000,5.266000,206.038739,0.734568,0.000000,0.274691,0.049853,0.626543,0.324074,0.000000,0.552469,324.000000
4112,0,-0.031770,0.244200,8737.000000,34.000000,2136.000000,3.300000,2100.000000,400.000000,2217.000000,350.000000,3.000000,2567.000000,2654.000000,852.000000,1010.000000,626.000000,2567.000000,QLD,0.000000,4.686700,1864.211492,0.863654,0.136346,0.001169,0.032781,0.725360,0.243864,0.000000,0.792754,2567.000000
4113,0,0.302930,0.361960,29524.000000,35.000000,1823.000000,2.900000,1730.000000,410.000000,6639.000000,2803.000000,179.000000,9949.000000,10479.000000,2927.000000,3155.000000,3543.000000,9949.000000,QLD,0.000000,14.255900,2071.002182,0.667303,0.281737,0.017992,0.050577,0.611318,0.356116,0.000000,0.577948,9949.000000
4114,0,0.005900,0.256390,29702.000000,32.000000,1080.000000,2.800000,1300.000000,290.000000,6580.000000,2299.000000,517.000000,9413.000000,10234.000000,1770.000000,1912.000000,5366.000000,9413.000000,QLD,0.000000,14.356200,2068.931890,0.699033,0.244237,0.054924,0.080223,0.391161,0.570063,0.000000,0.395092,9413.000000
4115,0,0.240690,0.326270,20169.000000,36.000000,1967.000000,3.000000,1842.000000,420.000000,5425.000000,970.000000,48.000000,6493.000000,6818.000000,1737.000000,3009.000000,1608.000000,6493.000000,QLD,0.000000,11.923500,1691.533526,0.835515,0.149392,0.007393,0.047668,0.730941,0.247651,0.000000,0.764054,6493.000000
4116,0,0.357090,0.388580,27459.000000,35.000000,1970.000000,3.100000,1842.000000,420.000000,6337.000000,2193.000000,15.000000,8548.000000,8942.000000,2289.000000,3575.000000,2468.000000,8548.000000,QLD,0.000000,16.130300,1702.324197,0.741343,0.256551,0.001755,0.044062,0.686008,0.288723,0.000000,0.718999,8548.000000
4117,0,0.805540,1.003710,2954.000000,28.000000,1872.000000,3.500000,1777.000000,410.000000,700.000000,102.000000,0.000000,799.000000,837.000000,86.000000,353.000000,341.000000,799.000000,QLD,0.000000,13.116700,225.209085,0.876095,0.127660,0.000000,0.045400,0.549437,0.426783,0.000000,0.673342,799.000000
4118,0,-0.039050,0.263130,31493.000000,35.000000,1744.000000,2.900000,1625.000000,360.000000,9252.000000,759.000000,149.000000,10176.000000,10583.000000,2302.000000,4577.000000,3104.000000,10176.000000,QLD,0.000000,24.133900,1304.927923,0.909198,0.074587,0.014642,0.038458,0.676002,0.305031,0.000000,0.751965,10176.000000
4119,0,-0.176530,0.305530,6809.000000,34.000000,1992.000000,3.100000,1950.000000,400.000000,1808.000000,298.000000,30.000000,2145.000000,2265.000000,499.000000,1017.000000,585.000000,2145.000000,QLD,0.000000,4.187100,1626.185188,0.842890,0.138928,0.013986,0.052980,0.706760,0.272727,0.000000,0.803730,2145.000000
4120,0,0.427990,0.510340,10387.000000,33.000000,1949.000000,2.100000,1900.000000,380.000000,1856.000000,379.000000,2328.000000,4593.000000,4995.000000,718.000000,1288.000000,2523.000000,4593.000000,QLD,0.000000,2.984600,3480.198352,0.404093,0.082517,0.506858,0.080480,0.436752,0.549314,0.000000,0.213804,4593.000000
4121,0,0.379930,0.414800,26062.000000,37.000000,2452.000000,2.700000,2351.000000,410.000000,7853.000000,378.000000,1058.000000,9292.000000,9820.000000,2538.000000,3874.000000,2670.000000,9292.000000,QLD,0.000000,10.401900,2505.503802,0.845136,0.040680,0.113861,0.053768,0.690056,0.287344,0.000000,0.477615,9292.000000
4122,0,-0.063200,0.252370,47147.000000,36.000000,1935.000000,2.700000,2000.000000,415.000000,12100.000000,2040.000000,2690.000000,16852.000000,17816.000000,4733.000000,5733.000000,5913.000000,16852.000000,QLD,0.000000,21.058400,2238.869050,0.718016,0.121054,0.159625,0.054109,0.621054,0.350878,0.000000,0.458225,16852.000000
4123,0,0.656570,0.661630,22857.000000,35.000000,2089.000000,2.900000,2000.000000,420.000000,6825.000000,678.000000,99.000000,7637.000000,8137.000000,2097.000000,3685.000000,1671.000000,7637.000000,QLD,0.000000,21.566500,1059.838175,0.893676,0.088778,0.012963,0.061448,0.757104,0.218803,0.000000,0.744271,7637.000000
4124,1,1.334240,1.334240,23445.000000,35.000000,2040.000000,3.100000,1950.000000,360.000000,6804.000000,366.000000,26.000000,7208.000000,7561.000000,1560.000000,3848.000000,1578.000000,7208.000000,QLD,0.000000,194.311700,120.656656,0.943951,0.050777,0.003607,0.046687,0.750277,0.218923,0.000000,1.178690,7208.000000
4125,0,0.931290,1.109550,12893.000000,33.000000,1598.000000,2.800000,1800.000000,380.000000,3802.000000,494.000000,10.000000,4355.000000,4614.000000,1212.000000,1367.000000,1629.000000,4355.000000,QLD,0.000000,38.780700,332.459187,0.873020,0.113433,0.002296,0.056134,0.592193,0.374053,0.000000,0.740069,4355.000000
4127,0,0.364200,0.364200,27206.000000,38.000000,1602.000000,2.700000,1700.000000,342.000000,7427.000000,1760.000000,246.000000,9518.000000,10048.000000,2456.000000,3654.000000,3100.000000,9518.000000,QLD,0.000000,30.341200,896.668556,0.780311,0.184913,0.025846,0.052747,0.641942,0.325699,0.000000,0.571969,9518.000000
4128,0,0.194460,0.291290,16936.000000,38.000000,2125.000000,2.800000,1950.000000,400.000000,5074.000000,355.000000,293.000000,5768.000000,5998.000000,1507.000000,2936.000000,1201.000000,5768.000000,QLD,0.000000,12.138700,1395.207065,0.879681,0.061546,0.050798,0.038346,0.770284,0.208218,0.000000,0.716886,5768.000000
4129,0,0.357200,0.447850,6764.000000,34.000000,1840.000000,2.900000,1668.000000,395.000000,2078.000000,122.000000,40.000000,2242.000000,2385.000000,484.000000,1067.000000,656.000000,2242.000000,QLD,0.000000,8.817100,767.145660,0.926851,0.054416,0.017841,0.059958,0.691793,0.292596,0.000000,0.744871,2242.000000
4130,0,0.190200,0.248580,9140.000000,41.000000,2318.000000,2.900000,2102.000000,425.000000,2734.000000,162.000000,18.000000,3004.000000,3129.000000,986.000000,1553.000000,403.000000,3004.000000,QLD,0.000000,37.960600,240.775962,0.910120,0.053928,0.005992,0.039949,0.845206,0.134154,0.000000,0.800932,3004.000000
4131,0,-0.044960,0.325980,11781.000000,32.000000,1376.000000,2.800000,1517.000000,350.000000,2877.000000,549.000000,318.000000,3754.000000,3986.000000,569.000000,984.000000,2081.000000,3754.000000,QLD,0.000000,11.302500,1042.335766,0.766383,0.146244,0.084710,0.058204,0.413692,0.554342,0.000000,0.508791,3754.000000
4132,0,0.324170,0.434080,27070.000000,29.000000,1437.000000,3.200000,1450.000000,350.000000,6759.000000,969.000000,17.000000,7753.000000,8217.000000,1106.000000,2653.000000,3806.000000,7753.000000,QLD,0.000000,12.836500,2108.830289,0.871792,0.124984,0.002193,0.056468,0.484845,0.490907,0.000000,0.610344,7753.000000
4133,0,0.915970,1.059330,22472.000000,32.000000,1505.000000,2.800000,1651.000000,370.000000,5899.000000,1056.000000,229.000000,7295.000000,7749.000000,1615.000000,2463.000000,2943.000000,7295.000000,QLD,0.000000,47.886000,469.281210,0.808636,0.144757,0.031391,0.058588,0.559013,0.403427,0.000000,0.718300,7295.000000
4151,0,0.698490,0.713540,18132.000000,35.000000,2105.000000,2.300000,2047.000000,380.000000,3109.000000,714.000000,3825.000000,7667.000000,8279.000000,1650.000000,2365.000000,3417.000000,7667.000000,QLD,0.000000,5.327200,3403.664214,0.405504,0.093126,0.498891,0.073922,0.523673,0.445676,0.000000,0.259684,7667.000000
4152,0,0.174970,0.334210,47570.000000,38.000000,2318.000000,2.600000,2200.000000,450.000000,12734.000000,3737.000000,1093.000000,17596.000000,18425.000000,5599.000000,6715.000000,4795.000000,17596.000000,QLD,0.000000,23.174700,2052.669506,0.723687,0.212378,0.062116,0.044993,0.699818,0.272505,0.000000,0.498977,17596.000000
4153,0,0.218290,0.336060,4498.000000,39.000000,2431.000000,2.900000,2167.000000,460.000000,1350.000000,146.000000,0.000000,1493.000000,1549.000000,527.000000,700.000000,244.000000,1493.000000,QLD,0.000000,9.774400,460.181699,0.904220,0.097790,0.000000,0.036152,0.821835,0.163429,0.000000,0.693235,1493.000000
4154,0,0.349330,0.418330,11449.000000,37.000000,3044.000000,3.200000,2383.000000,510.000000,3114.000000,433.000000,6.000000,3558.000000,3667.000000,880.000000,1957.000000,685.000000,3558.000000,QLD,0.000000,15.037200,761.378448,0.875211,0.121698,0.001686,0.029725,0.797358,0.192524,0.000000,0.772625,3558.000000
4155,0,-0.001820,0.278220,1475.000000,45.000000,2905.000000,3.200000,3467.000000,368.000000,444.000000,0.000000,3.000000,446.000000,471.000000,223.000000,168.000000,45.000000,446.000000,QLD,0.000000,13.540100,108.935680,0.995516,0.000000,0.006726,0.053079,0.876682,0.100897,0.000000,0.968610,446.000000
4156,0,0.111980,0.133650,3388.000000,40.000000,2902.000000,3.200000,2300.000000,490.000000,948.000000,86.000000,0.000000,1032.000000,1066.000000,379.000000,500.000000,135.000000,1032.000000,QLD,0.000000,31.978900,105.944857,0.918605,0.083333,0.000000,0.031895,0.851744,0.130814,0.000000,0.858527,1032.000000
4157,0,0.287510,0.305210,19771.000000,40.000000,1794.000000,2.600000,1820.000000,385.000000,5754.000000,1251.000000,172.000000,7257.000000,7549.000000,2276.000000,3086.000000,1770.000000,7257.000000,QLD,0.000000,41.459700,476.872722,0.792890,0.172385,0.023701,0.038681,0.738873,0.243902,0.000000,0.689679,7257.000000
4158,0,0.038250,0.291530,3877.000000,41.000000,1488.000000,2.300000,1787.000000,370.000000,1029.000000,528.000000,20.000000,1620.000000,1672.000000,532.000000,585.000000,465.000000,1620.000000,QLD,0.000000,2.665800,1454.347663,0.635185,0.325926,0.012346,0.031100,0.689506,0.287037,0.000000,0.472840,1620.000000
4159,0,0.075070,0.233170,14816.000000,43.000000,1903.000000,2.700000,2000.000000,435.000000,4481.000000,601.000000,253.000000,5344.000000,5560.000000,1917.000000,2196.000000,1017.000000,5344.000000,QLD,0.000000,11.273100,1314.279125,0.838510,0.112463,0.047343,0.038849,0.769648,0.190307,0.000000,0.741579,5344.000000
4160,0,0.340590,0.363560,19044.000000,44.000000,2107.000000,2.700000,2037.000000,450.000000,5757.000000,788.000000,279.000000,6829.000000,7150.000000,2529.000000,2769.000000,1372.000000,6829.000000,QLD,0.000000,14.769100,1289.448917,0.843022,0.115390,0.040855,0.044895,0.775809,0.200908,0.000000,0.753551,6829.000000
4161,0,0.106430,0.228450,16472.000000,38.000000,1829.000000,2.700000,1820.000000,400.000000,5466.000000,281.000000,112.000000,5859.000000,6122.000000,1662.000000,2778.000000,1281.000000,5859.000000,QLD,0.000000,13.690200,1203.196447,0.932924,0.047960,0.019116,0.042960,0.757808,0.218638,0.000000,0.724697,5859.000000
4163,0,0.093670,0.271270,15850.000000,51.000000,1430.000000,2.300000,2000.000000,400.000000,3981.000000,1313.000000,1285.000000,6588.000000,7057.000000,2565.000000,1835.000000,1939.000000,6588.000000,QLD,0.000000,11.774300,1346.152213,0.604281,0.199302,0.195052,0.066459,0.667881,0.294323,0.000000,0.537492,6588.000000
4164,0,0.480270,0.512160,19263.000000,36.000000,2218.000000,2.900000,2167.000000,470.000000,5593.000000,743.000000,63.000000,6408.000000,6643.000000,1576.000000,2982.000000,1660.000000,6408.000000,QLD,0.000000,21.647500,889.848712,0.872815,0.115949,0.009831,0.035376,0.711298,0.259051,0.000000,0.723159,6408.000000
4165,0,0.335950,0.384670,39491.000000,42.000000,1970.000000,2.700000,2003.000000,460.000000,12435.000000,1129.000000,309.000000,13887.000000,14583.000000,4291.000000,6085.000000,2766.000000,13887.000000,QLD,0.000000,102.745800,384.356344,0.895442,0.081299,0.022251,0.047727,0.747174,0.199179,0.000000,0.815007,13887.000000
4169,0,0.268230,0.320400,15882.000000,35.000000,2057.000000,2.000000,2000.000000,435.000000,1590.000000,245.000000,5378.000000,7277.000000,8602.000000,1325.000000,1438.000000,4365.000000,7277.000000,QLD,0.000000,3.198300,4965.763062,0.218497,0.033668,0.739041,0.154034,0.379689,0.599835,0.000000,0.117906,7277.000000
4170,0,0.552870,0.676690,28030.000000,34.000000,2426.000000,2.500000,2383.000000,440.000000,6099.000000,2137.000000,2402.000000,10781.000000,11554.000000,2145.000000,4123.000000,4337.000000,10781.000000,QLD,0.000000,12.821200,2186.222818,0.565717,0.198219,0.222799,0.066903,0.581393,0.402282,0.000000,0.372785,10781.000000
4171,0,0.505030,0.570730,16886.000000,38.000000,2830.000000,2.500000,2800.000000,470.000000,3505.000000,920.000000,2044.000000,6476.000000,6994.000000,1661.000000,2363.000000,2356.000000,6476.000000,QLD,0.000000,4.753600,3552.255133,0.541229,0.142063,0.315627,0.074063,0.621371,0.363805,0.000000,0.384805,6476.000000
4172,0,-0.126930,0.527090,4946.000000,35.000000,2362.000000,2.600000,2167.000000,450.000000,1288.000000,389.000000,189.000000,1861.000000,1951.000000,366.000000,792.000000,681.000000,1861.000000,QLD,0.000000,8.458500,584.737247,0.692101,0.209027,0.101558,0.046130,0.622246,0.365932,0.000000,0.495433,1861.000000
4173,0,-0.111130,0.200530,8463.000000,38.000000,1940.000000,2.500000,1863.000000,420.000000,2586.000000,569.000000,79.000000,3238.000000,3387.000000,944.000000,1394.000000,848.000000,3238.000000,QLD,0.000000,8.878100,953.244501,0.798641,0.175726,0.024398,0.043992,0.722051,0.261890,0.000000,0.595738,3238.000000
4174,0,0.162160,0.507390,2843.000000,36.000000,2140.000000,2.700000,2000.000000,430.000000,932.000000,85.000000,0.000000,1019.000000,1048.000000,191.000000,536.000000,255.000000,1019.000000,QLD,0.000000,6.696100,424.575499,0.914622,0.083415,0.000000,0.027672,0.713445,0.250245,0.000000,0.741904,1019.000000
4178,0,0.371120,0.396100,26887.000000,41.000000,1840.000000,2.500000,2000.000000,410.000000,7552.000000,1568.000000,1140.000000,10276.000000,10867.000000,2869.000000,3683.000000,3521.000000,10276.000000,QLD,0.000000,57.322000,469.052022,0.734916,0.152589,0.110938,0.054385,0.637602,0.342643,0.000000,0.508564,10276.000000
4179,0,0.269290,0.346740,20222.000000,42.000000,2085.000000,2.600000,2123.000000,420.000000,5919.000000,1136.000000,306.000000,7482.000000,7879.000000,2411.000000,2981.000000,1813.000000,7482.000000,QLD,0.000000,9.273100,2180.716265,0.791099,0.151831,0.040898,0.050387,0.720663,0.242315,0.000000,0.569634,7482.000000
4183,0,-0.128910,0.263740,2156.000000,52.000000,1147.000000,2.100000,1733.000000,300.000000,708.000000,48.000000,65.000000,842.000000,1703.000000,382.000000,186.000000,222.000000,842.000000,QLD,0.000000,272.017400,7.925964,0.840855,0.057007,0.077197,0.505578,0.674584,0.263658,0.000000,0.815914,842.000000
4184,0,0.610420,0.645990,8481.000000,61.000000,761.000000,1.900000,904.000000,260.000000,4080.000000,0.000000,5.000000,4114.000000,5153.000000,2083.000000,919.000000,944.000000,4114.000000,QLD,0.000000,33.848300,250.559112,0.991736,0.000000,0.001215,0.201630,0.729703,0.229460,0.000000,0.789499,4114.000000
4205,0,0.774150,0.774810,6333.000000,48.000000,1074.000000,2.200000,1500.000000,340.000000,1855.000000,624.000000,5.000000,2489.000000,2654.000000,932.000000,612.000000,824.000000,2489.000000,QLD,0.000000,5.836700,1085.030925,0.745279,0.250703,0.002009,0.062170,0.620329,0.331057,0.000000,0.632382,2489.000000
4207,0,0.852120,0.852120,68477.000000,34.000000,1494.000000,2.700000,1655.000000,350.000000,19673.000000,2827.000000,1041.000000,23644.000000,24968.000000,5276.000000,8557.000000,9149.000000,23644.000000,QLD,0.000000,281.851100,242.954525,0.832050,0.119565,0.044028,0.053028,0.585053,0.386948,0.000000,0.647352,23644.000000
4208,1,0.992400,0.992400,24342.000000,34.000000,2136.000000,3.100000,2000.000000,445.000000,7168.000000,387.000000,73.000000,7655.000000,7937.000000,1610.000000,3865.000000,2012.000000,7655.000000,QLD,0.000000,141.598800,171.908237,0.936381,0.050555,0.009536,0.035530,0.715219,0.262835,0.000000,0.828609,7655.000000
4209,1,1.325010,1.371940,74284.000000,30.000000,1932.000000,3.100000,1950.000000,445.000000,18114.000000,4547.000000,166.000000,22937.000000,23951.000000,2837.000000,8829.000000,10828.000000,22937.000000,QLD,0.000000,131.218600,566.108768,0.789728,0.198239,0.007237,0.042336,0.508611,0.472076,0.000000,0.582857,22937.000000
4210,0,0.804010,0.804010,22605.000000,36.000000,2133.000000,3.000000,2000.000000,460.000000,6064.000000,1162.000000,33.000000,7264.000000,7580.000000,1524.000000,4105.000000,1504.000000,7264.000000,QLD,0.000000,83.765000,269.862114,0.834802,0.159967,0.004543,0.041689,0.774917,0.207048,0.000000,0.821035,7264.000000
4211,0,0.537720,0.537720,62508.000000,39.000000,1727.000000,2.700000,1907.000000,430.000000,15478.000000,4629.000000,1595.000000,22179.000000,23261.000000,5737.000000,9766.000000,5893.000000,22179.000000,QLD,0.000000,447.460300,139.695075,0.697867,0.208711,0.071915,0.046516,0.698995,0.265702,0.000000,0.637901,22179.000000
4212,0,0.413350,0.472100,33470.000000,45.000000,1977.000000,2.600000,2167.000000,525.000000,8503.000000,1985.000000,1265.000000,11960.000000,13024.000000,4214.000000,4612.000000,2744.000000,11960.000000,QLD,0.000000,34.151400,980.047670,0.710953,0.165970,0.105769,0.081695,0.737960,0.229431,0.000000,0.729431,11960.000000
4213,0,0.044020,0.255390,31153.000000,40.000000,2057.000000,3.000000,2100.000000,500.000000,8620.000000,1146.000000,77.000000,9900.000000,10309.000000,2939.000000,5084.000000,1670.000000,9900.000000,QLD,0.000000,168.764300,184.594728,0.870707,0.115758,0.007778,0.039674,0.810404,0.168687,0.000000,0.787374,9900.000000
4214,0,0.135120,0.297770,38871.000000,40.000000,1740.000000,2.700000,1950.000000,480.000000,10596.000000,2116.000000,537.000000,13301.000000,13968.000000,3939.000000,5180.000000,3739.000000,13301.000000,QLD,0.000000,30.428900,1277.436910,0.796632,0.159086,0.040373,0.047752,0.685588,0.281107,0.000000,0.666266,13301.000000
4215,0,0.619970,0.674200,55425.000000,40.000000,1239.000000,2.100000,1560.000000,400.000000,5232.000000,7206.000000,10995.000000,23596.000000,26045.000000,5144.000000,4903.000000,12732.000000,23596.000000,QLD,0.000000,19.349000,2864.489121,0.221732,0.305391,0.465969,0.094030,0.425793,0.539583,0.000000,0.214994,23596.000000
4216,0,-0.024010,0.307660,39714.000000,50.000000,1336.000000,2.200000,1800.000000,430.000000,7243.000000,4887.000000,4508.000000,16930.000000,18751.000000,6505.000000,4603.000000,5249.000000,16930.000000,QLD,0.000000,47.514900,835.822026,0.427820,0.288659,0.266273,0.097115,0.656113,0.310041,0.000000,0.447253,16930.000000
4217,0,0.450100,0.479540,45197.000000,44.000000,1466.000000,2.100000,1950.000000,437.000000,4605.000000,2226.000000,11400.000000,18462.000000,25468.000000,5881.000000,4334.000000,7604.000000,18462.000000,QLD,0.000000,19.724500,2291.414231,0.249431,0.120572,0.617485,0.275090,0.553299,0.411873,0.000000,0.238327,18462.000000
4218,0,0.495690,0.495690,35371.000000,41.000000,1751.000000,2.300000,2058.000000,450.000000,5916.000000,2404.000000,5774.000000,14249.000000,18139.000000,4566.000000,4147.000000,5115.000000,14249.000000,QLD,0.000000,15.397600,2297.176183,0.415187,0.168714,0.405221,0.214455,0.611482,0.358973,0.000000,0.368236,14249.000000
4220,0,0.600840,0.600840,32574.000000,41.000000,1746.000000,2.400000,2028.000000,480.000000,6463.000000,2967.000000,3240.000000,12726.000000,14577.000000,4293.000000,4363.000000,3731.000000,12726.000000,QLD,0.000000,19.990000,1629.514757,0.507858,0.233145,0.254597,0.126981,0.680182,0.293179,0.000000,0.467075,12726.000000
4221,0,0.478230,0.481880,28889.000000,40.000000,1729.000000,2.500000,2100.000000,450.000000,6175.000000,2067.000000,2740.000000,11030.000000,12405.000000,3552.000000,4005.000000,3192.000000,11030.000000,QLD,0.000000,15.225100,1897.458802,0.559837,0.187398,0.248413,0.110842,0.685131,0.289393,0.000000,0.519492,11030.000000
4223,0,0.004190,0.190640,15156.000000,42.000000,1749.000000,2.600000,2167.000000,475.000000,3753.000000,1155.000000,575.000000,5489.000000,6017.000000,1959.000000,2126.000000,1248.000000,5489.000000,QLD,0.000000,46.935300,322.912605,0.683731,0.210421,0.104755,0.087751,0.744216,0.227364,0.000000,0.627437,5489.000000
4224,0,0.474450,0.566650,7175.000000,39.000000,1737.000000,2.400000,1950.000000,460.000000,1240.000000,810.000000,615.000000,2682.000000,3077.000000,769.000000,1043.000000,811.000000,2682.000000,QLD,0.000000,3.120700,2299.163649,0.462342,0.302013,0.229306,0.128372,0.675615,0.302386,0.000000,0.377703,2682.000000
4225,0,0.397670,0.592530,8374.000000,49.000000,1351.000000,1.900000,1842.000000,410.000000,576.000000,242.000000,2860.000000,3765.000000,5264.000000,1326.000000,740.000000,1601.000000,3765.000000,QLD,0.000000,4.620100,1812.514881,0.152988,0.064276,0.759628,0.284764,0.548738,0.425232,0.000000,0.133865,3765.000000
4226,0,-0.151940,0.291220,37266.000000,40.000000,1729.000000,2.600000,1950.000000,520.000000,7395.000000,4453.000000,1727.000000,13599.000000,14301.000000,4217.000000,4657.000000,4313.000000,13599.000000,QLD,0.000000,29.021100,1284.100189,0.543790,0.327451,0.126995,0.049087,0.652548,0.317156,0.000000,0.490698,13599.000000
4227,0,0.365840,0.397040,23904.000000,36.000000,1791.000000,2.700000,1950.000000,485.000000,4280.000000,2745.000000,1503.000000,8542.000000,8931.000000,1856.000000,3399.000000,3112.000000,8542.000000,QLD,0.000000,12.325000,1939.472617,0.501054,0.321353,0.175954,0.043556,0.615196,0.364317,0.000000,0.484430,8542.000000
4228,0,0.626860,0.626860,5585.000000,43.000000,2330.000000,3.200000,2500.000000,500.000000,1534.000000,49.000000,19.000000,1611.000000,1672.000000,625.000000,782.000000,140.000000,1611.000000,QLD,0.000000,79.340200,70.393067,0.952204,0.030416,0.011794,0.036483,0.873371,0.086903,0.000000,0.965239,1611.000000
4270,0,0.156170,0.226540,4388.000000,41.000000,2211.000000,3.100000,2167.000000,450.000000,1334.000000,0.000000,3.000000,1346.000000,1418.000000,331.000000,848.000000,124.000000,1346.000000,QLD,0.000000,71.231100,61.602306,0.991085,0.000000,0.002229,0.050776,0.875929,0.092125,0.000000,0.988113,1346.000000
4271,0,-1.158930,1.158930,,,,,,,,,,,,,,,,,,,,,,,,,,,,
4272,0,0.866050,0.896950,8105.000000,50.000000,1508.000000,2.500000,1800.000000,420.000000,2843.000000,141.000000,17.000000,3035.000000,3350.000000,1345.000000,1190.000000,428.000000,3035.000000,QLD,0.000000,42.451900,190.921961,0.936738,0.046458,0.005601,0.094030,0.835255,0.141021,0.000000,0.617133,3035.000000
4275,0,0.529270,0.549880,3895.000000,41.000000,1940.000000,2.800000,2000.000000,400.000000,1188.000000,15.000000,14.000000,1230.000000,1409.000000,385.000000,583.000000,206.000000,1230.000000,QLD,0.000000,329.187300,11.832170,0.965854,0.012195,0.011382,0.127040,0.786992,0.167480,0.000000,0.904065,1230.000000
4280,0,0.949820,0.949820,21258.000000,35.000000,2095.000000,3.200000,1950.000000,400.000000,6164.000000,61.000000,46.000000,6286.000000,6555.000000,1317.000000,3758.000000,1051.000000,6286.000000,QLD,0.000000,147.320800,144.297343,0.980592,0.009704,0.007318,0.041037,0.807350,0.167197,0.000000,1.085428,6286.000000
4285,0,0.656600,0.656600,21763.000000,41.000000,1476.000000,2.700000,1742.000000,315.000000,6753.000000,691.000000,21.000000,7544.000000,8327.000000,2229.000000,3132.000000,1960.000000,7544.000000,QLD,0.000000,1411.130900,15.422382,0.895148,0.091596,0.002784,0.094031,0.710631,0.259809,0.000000,0.830859,7544.000000
4300,1,1.116020,1.126740,68675.000000,32.000000,2032.000000,3.000000,1765.000000,380.000000,19982.000000,1813.000000,167.000000,22060.000000,23551.000000,3315.000000,9825.000000,8480.000000,22060.000000,QLD,0.000000,74.383600,923.254588,0.905802,0.082185,0.007570,0.063309,0.595648,0.384406,0.000000,0.721396,22060.000000
4301,0,0.961220,0.980230,36527.000000,28.000000,1556.000000,3.000000,1517.000000,350.000000,9745.000000,1490.000000,165.000000,11405.000000,12136.000000,1509.000000,3724.000000,5907.000000,11405.000000,QLD,0.000000,35.302800,1034.677136,0.854450,0.130644,0.014467,0.060234,0.458834,0.517931,0.000000,0.577641,11405.000000
4303,0,0.687460,0.687460,4173.000000,37.000000,1169.000000,2.500000,1100.000000,280.000000,1242.000000,141.000000,40.000000,1427.000000,1527.000000,277.000000,356.000000,738.000000,1427.000000,QLD,0.000000,15.070800,276.893065,0.870357,0.098809,0.028031,0.065488,0.443588,0.517169,0.000000,0.437982,1427.000000
4304,0,0.567200,0.592070,17815.000000,37.000000,1300.000000,2.400000,1300.000000,300.000000,5800.000000,801.000000,318.000000,6936.000000,7492.000000,1702.000000,2187.000000,2877.000000,6936.000000,QLD,0.000000,22.695800,784.946995,0.836217,0.115484,0.045848,0.074212,0.560698,0.414792,0.000000,0.522491,6936.000000
4305,0,0.404160,0.445710,64356.000000,37.000000,1416.000000,2.500000,1387.000000,300.000000,20705.000000,2600.000000,598.000000,23982.000000,25708.000000,6101.000000,7893.000000,9404.000000,23982.000000,QLD,0.000000,74.136600,868.073259,0.863356,0.108415,0.024935,0.067139,0.583521,0.392127,0.000000,0.543157,23982.000000
4306,0,0.792580,0.811380,43997.000000,34.000000,2114.000000,2.900000,1804.000000,370.000000,13778.000000,276.000000,76.000000,14279.000000,15097.000000,3548.000000,7145.000000,3313.000000,14279.000000,QLD,0.000000,1067.989200,41.196109,0.964914,0.019329,0.005323,0.054183,0.748862,0.232019,0.000000,0.972407,14279.000000
4307,0,0.025140,0.244450,1575.000000,43.000000,1722.000000,2.800000,1517.000000,290.000000,534.000000,6.000000,0.000000,541.000000,573.000000,212.000000,218.000000,94.000000,541.000000,QLD,0.000000,205.398800,7.668010,0.987061,0.011091,0.000000,0.055846,0.794824,0.173752,0.000000,0.894640,541.000000
4309,0,-0.154990,0.467410,3366.000000,45.000000,1368.000000,2.500000,1517.000000,300.000000,1185.000000,0.000000,0.000000,1213.000000,1379.000000,544.000000,442.000000,170.000000,1213.000000,QLD,0.000000,542.809000,6.201076,0.976917,0.000000,0.000000,0.120377,0.812861,0.140148,0.000000,0.785655,1213.000000
4310,0,0.342310,0.409820,6017.000000,50.000000,1229.000000,2.400000,1480.000000,291.000000,2164.000000,95.000000,5.000000,2302.000000,2597.000000,1100.000000,694.000000,390.000000,2302.000000,QLD,0.000000,925.174900,6.503635,0.940052,0.041268,0.002172,0.113593,0.779322,0.169418,0.000000,0.790182,2302.000000
4311,0,0.143560,0.344010,10412.000000,43.000000,1334.000000,2.700000,1387.000000,300.000000,3518.000000,83.000000,7.000000,3648.000000,4025.000000,1223.000000,1481.000000,799.000000,3648.000000,QLD,0.000000,781.365200,13.325395,0.964364,0.022752,0.001919,0.093665,0.741228,0.219024,0.000000,0.929276,3648.000000
4312,0,-0.064960,0.237040,2590.000000,57.000000,990.000000,2.200000,1300.000000,260.000000,1049.000000,14.000000,0.000000,1104.000000,1376.000000,546.000000,319.000000,182.000000,1104.000000,QLD,0.000000,868.739000,2.981333,0.950181,0.012681,0.000000,0.197674,0.783514,0.164855,0.000000,1.007246,1104.000000
4313,0,-0.128210,0.206430,2316.000000,52.000000,1047.000000,2.300000,1300.000000,260.000000,906.000000,25.000000,3.000000,938.000000,1106.000000,432.000000,270.000000,186.000000,938.000000,QLD,0.000000,610.946900,3.790837,0.965885,0.026652,0.003198,0.151899,0.748401,0.198294,0.000000,0.814499,938.000000
4340,1,1.097720,1.097720,6007.000000,43.000000,1414.000000,2.500000,1517.000000,300.000000,1973.000000,91.000000,5.000000,2089.000000,2297.000000,689.000000,703.000000,604.000000,2089.000000,QLD,0.000000,698.855400,8.595483,0.944471,0.043562,0.002393,0.090553,0.666348,0.289134,0.000000,0.840115,2089.000000
4341,0,0.496050,0.514780,15952.000000,41.000000,1432.000000,2.700000,1500.000000,315.000000,5425.000000,138.000000,3.000000,5645.000000,6092.000000,1773.000000,2460.000000,1188.000000,5645.000000,QLD,0.000000,493.172600,32.345674,0.961027,0.024446,0.000531,0.073375,0.749867,0.210452,0.000000,0.946501,5645.000000
4342,0,0.040420,0.247760,2702.000000,41.000000,1352.000000,2.600000,1300.000000,300.000000,933.000000,8.000000,4.000000,947.000000,1027.000000,342.000000,357.000000,223.000000,947.000000,QLD,0.000000,103.003700,26.232067,0.985216,0.008448,0.004224,0.077897,0.738120,0.235480,0.000000,0.855333,947.000000
4343,0,0.743850,0.815000,12173.000000,36.000000,1356.000000,2.700000,1428.000000,295.000000,3543.000000,358.000000,128.000000,4095.000000,4469.000000,1376.000000,1210.000000,1353.000000,4095.000000,QLD,0.000000,859.436000,14.163940,0.865201,0.087424,0.031258,0.083688,0.631502,0.330403,0.000000,0.808791,4095.000000
4344,0,0.412970,0.435200,2709.000000,42.000000,1555.000000,2.700000,1517.000000,308.000000,880.000000,25.000000,0.000000,908.000000,1000.000000,311.000000,380.000000,187.000000,908.000000,QLD,0.000000,318.350200,8.509497,0.969163,0.027533,0.000000,0.092000,0.761013,0.205947,0.000000,0.801762,908.000000
4346,0,-0.129030,0.542730,1013.000000,40.000000,1522.000000,2.500000,1573.000000,300.000000,371.000000,0.000000,0.000000,375.000000,409.000000,124.000000,170.000000,68.000000,375.000000,QLD,0.000000,25.415300,39.857881,0.989333,0.000000,0.000000,0.083130,0.784000,0.181333,0.000000,0.957333,375.000000
4347,0,0.008360,0.340050,1344.000000,40.000000,1391.000000,2.600000,1357.000000,280.000000,468.000000,3.000000,0.000000,473.000000,509.000000,191.000000,189.000000,79.000000,473.000000,QLD,0.000000,140.532300,9.563638,0.989429,0.006342,0.000000,0.070727,0.803383,0.167019,0.000000,0.934461,473.000000
4350,0,0.841080,0.859620,115218.000000,38.000000,1428.000000,2.400000,1500.000000,305.000000,34164.000000,7838.000000,2343.000000,44520.000000,48404.000000,13431.000000,13052.000000,16614.000000,44520.000000,QLD,0.000000,313.398600,367.640443,0.767385,0.176056,0.052628,0.080241,0.594856,0.373181,0.000000,0.400494,44520.000000
4352,0,0.205330,0.418130,31026.000000,39.000000,2001.000000,2.900000,1733.000000,360.000000,10035.000000,223.000000,29.000000,10320.000000,11086.000000,3803.000000,4854.000000,1421.000000,10320.000000,QLD,0.000000,3879.246900,7.997944,0.972384,0.021609,0.002810,0.069096,0.838857,0.137694,0.000000,0.809302,10320.000000
4354,0,0.257120,0.335670,1283.000000,45.000000,1276.000000,2.600000,1300.000000,253.000000,444.000000,3.000000,6.000000,457.000000,501.000000,177.000000,186.000000,75.000000,457.000000,QLD,0.000000,158.355400,8.102029,0.971554,0.006565,0.013129,0.087824,0.794311,0.164114,0.000000,0.761488,457.000000
4355,0,0.124420,0.474380,2812.000000,55.000000,969.000000,2.200000,1200.000000,268.000000,1034.000000,37.000000,7.000000,1104.000000,1238.000000,525.000000,272.000000,230.000000,1104.000000,QLD,0.000000,800.081500,3.514642,0.936594,0.033514,0.006341,0.108239,0.721920,0.208333,0.000000,0.707428,1104.000000
4356,0,0.282170,0.291340,5218.000000,42.000000,1417.000000,2.600000,1425.000000,270.000000,1671.000000,76.000000,0.000000,1777.000000,1959.000000,673.000000,597.000000,415.000000,1777.000000,QLD,0.000000,1046.967500,4.983918,0.940349,0.042769,0.000000,0.092905,0.714688,0.233540,0.000000,0.623523,1777.000000
4357,0,0.270000,0.369080,2531.000000,47.000000,1139.000000,2.400000,1083.000000,231.000000,865.000000,25.000000,3.000000,934.000000,1131.000000,425.000000,215.000000,226.000000,934.000000,QLD,0.000000,2814.880400,0.899150,0.926124,0.026767,0.003212,0.174182,0.685225,0.241970,0.000000,0.679872,934.000000
4358,0,0.325930,0.439310,2967.000000,33.000000,1648.000000,2.700000,1478.000000,290.000000,970.000000,58.000000,3.000000,1038.000000,1149.000000,269.000000,427.000000,309.000000,1038.000000,QLD,0.000000,425.543700,6.972257,0.934489,0.055877,0.002890,0.096606,0.670520,0.297688,0.000000,0.576108,1038.000000
4359,0,-0.197420,0.212810,1388.000000,41.000000,1625.000000,2.600000,1313.000000,255.000000,474.000000,7.000000,0.000000,482.000000,536.000000,188.000000,209.000000,53.000000,482.000000,QLD,0.000000,300.606900,4.617326,0.983402,0.014523,0.000000,0.100746,0.823651,0.109959,0.000000,0.736515,482.000000
4361,0,0.283120,0.321460,2654.000000,49.000000,1105.000000,2.400000,1300.000000,245.000000,997.000000,27.000000,8.000000,1047.000000,1137.000000,437.000000,315.000000,221.000000,1047.000000,QLD,0.000000,717.434400,3.699293,0.952245,0.025788,0.007641,0.079156,0.718243,0.211079,0.000000,0.595033,1047.000000
4362,0,-0.092080,0.136440,2613.000000,49.000000,1110.000000,2.400000,1300.000000,260.000000,961.000000,22.000000,0.000000,992.000000,1140.000000,474.000000,324.000000,151.000000,992.000000,QLD,0.000000,513.810800,5.085530,0.968750,0.022177,0.000000,0.129825,0.804435,0.152218,0.000000,0.731855,992.000000
4363,0,-0.162390,0.278600,626.000000,42.000000,1398.000000,2.700000,1300.000000,255.000000,198.000000,0.000000,0.000000,199.000000,217.000000,64.000000,77.000000,41.000000,199.000000,QLD,0.000000,65.795900,9.514271,0.994975,0.000000,0.000000,0.082949,0.708543,0.206030,0.000000,0.939698,199.000000
4370,0,0.589790,0.610560,19195.000000,45.000000,1145.000000,2.400000,1300.000000,260.000000,6579.000000,640.000000,113.000000,7414.000000,8287.000000,2802.000000,2141.000000,2152.000000,7414.000000,QLD,0.000000,2237.064100,8.580443,0.887375,0.086323,0.015241,0.105346,0.666712,0.290262,0.000000,0.564877,7414.000000
4371,0,-0.042730,0.384740,695.000000,52.000000,1255.000000,2.400000,1367.000000,235.000000,267.000000,0.000000,0.000000,273.000000,308.000000,142.000000,93.000000,26.000000,273.000000,QLD,0.000000,330.984300,2.099797,0.978022,0.000000,0.000000,0.113636,0.860806,0.095238,0.000000,0.783883,273.000000
4373,0,0.225610,0.383720,983.000000,56.000000,956.000000,2.100000,1083.000000,240.000000,379.000000,10.000000,0.000000,394.000000,473.000000,188.000000,93.000000,94.000000,394.000000,QLD,0.000000,163.830600,6.000100,0.961929,0.025381,0.000000,0.167019,0.713198,0.238579,0.000000,0.639594,394.000000
4380,0,0.451460,0.466090,8093.000000,50.000000,1035.000000,2.300000,1299.000000,250.000000,2906.000000,213.000000,42.000000,3199.000000,3866.000000,1447.000000,820.000000,799.000000,3199.000000,QLD,1.000000,2068.699500,3.912120,0.908409,0.066583,0.013129,0.172530,0.708659,0.249766,0.000000,0.641138,3199.000000
4385,0,0.056380,0.215010,1166.000000,51.000000,868.000000,2.200000,910.000000,200.000000,468.000000,11.000000,0.000000,486.000000,585.000000,235.000000,94.000000,116.000000,486.000000,QLD,1.000000,1996.853900,0.583919,0.962963,0.022634,0.000000,0.169231,0.676955,0.238683,0.000000,0.561728,486.000000
4387,0,-0.669410,0.669410,1338.000000,50.000000,1019.000000,2.200000,943.000000,200.000000,502.000000,10.000000,13.000000,540.000000,631.000000,222.000000,132.000000,156.000000,540.000000,QLD,0.000000,3104.941800,0.430926,0.929630,0.018519,0.024074,0.144216,0.655556,0.288889,0.000000,0.475926,540.000000
4390,0,-0.021180,0.250600,6719.000000,37.000000,1641.000000,2.600000,1517.000000,295.000000,2068.000000,207.000000,55.000000,2360.000000,2649.000000,715.000000,706.000000,808.000000,2360.000000,QLD,0.000000,5343.748500,1.257357,0.876271,0.087712,0.023305,0.109098,0.602119,0.342373,0.000000,0.488983,2360.000000
4400,0,-0.210730,0.210730,2159.000000,35.000000,1652.000000,2.800000,1517.000000,310.000000,727.000000,0.000000,0.000000,728.000000,770.000000,213.000000,387.000000,114.000000,728.000000,QLD,0.000000,45.617900,47.327913,0.998626,0.000000,0.000000,0.054545,0.824176,0.156593,0.000000,0.799451,728.000000
4401,0,0.160990,0.389150,5823.000000,41.000000,1291.000000,2.500000,1300.000000,265.000000,1916.000000,120.000000,0.000000,2058.000000,2261.000000,708.000000,597.000000,672.000000,2058.000000,QLD,0.000000,657.275400,8.859300,0.931001,0.058309,0.000000,0.089783,0.634111,0.326531,0.000000,0.600583,2058.000000
4405,0,0.632760,0.664460,14360.000000,36.000000,1447.000000,2.600000,1300.000000,255.000000,4670.000000,364.000000,11.000000,5084.000000,5767.000000,1536.000000,1690.000000,1676.000000,5084.000000,QLD,0.000000,2929.591500,4.901707,0.918568,0.071597,0.002164,0.118432,0.634540,0.329662,0.000000,0.564713,5084.000000
4406,0,-0.496280,0.496280,1712.000000,42.000000,1388.000000,2.600000,988.000000,210.000000,555.000000,17.000000,3.000000,586.000000,731.000000,241.000000,131.000000,109.000000,586.000000,QLD,0.000000,8396.370500,0.203898,0.947099,0.029010,0.005119,0.198358,0.634812,0.186007,0.000000,0.479522,586.000000
4410,0,-0.286930,0.286930,1156.000000,51.000000,1011.000000,2.300000,971.000000,200.000000,423.000000,0.000000,0.000000,453.000000,560.000000,214.000000,92.000000,102.000000,453.000000,QLD,0.000000,926.148800,1.248180,0.933775,0.000000,0.000000,0.191071,0.675497,0.225166,0.000000,0.759382,453.000000
4413,0,0.588960,0.678320,8675.000000,35.000000,1560.000000,2.600000,1339.000000,250.000000,2484.000000,344.000000,46.000000,2901.000000,3486.000000,855.000000,793.000000,1106.000000,2901.000000,QLD,0.000000,8030.747600,1.080223,0.856256,0.118580,0.015857,0.167814,0.568080,0.381248,0.000000,0.525336,2901.000000
4415,0,0.052160,0.289500,2166.000000,41.000000,1252.000000,2.300000,1083.000000,200.000000,640.000000,116.000000,18.000000,791.000000,1045.000000,250.000000,156.000000,336.000000,791.000000,QLD,0.000000,2305.464100,0.939507,0.809102,0.146650,0.022756,0.243062,0.513274,0.424779,0.000000,0.551201,791.000000
4421,0,0.500490,0.515870,2178.000000,48.000000,854.000000,2.200000,780.000000,180.000000,787.000000,13.000000,11.000000,839.000000,1177.000000,448.000000,137.000000,190.000000,839.000000,QLD,0.000000,1638.639200,1.329152,0.938021,0.015495,0.013111,0.287171,0.697259,0.226460,0.000000,0.556615,839.000000
4428,0,0.639800,0.639800,627.000000,42.000000,1483.000000,2.500000,1083.000000,155.000000,210.000000,5.000000,0.000000,217.000000,267.000000,109.000000,55.000000,37.000000,217.000000,QLD,0.000000,2349.129200,0.266907,0.967742,0.023041,0.000000,0.187266,0.755760,0.170507,0.000000,0.852535,217.000000
4454,0,-1.118280,1.118280,730.000000,43.000000,1509.000000,2.400000,436.000000,150.000000,225.000000,0.000000,0.000000,231.000000,311.000000,88.000000,56.000000,52.000000,231.000000,QLD,0.000000,7928.721400,0.092070,0.974026,0.000000,0.000000,0.257235,0.623377,0.225108,0.000000,1.030303,231.000000
4455,0,-0.285830,0.393040,8610.000000,36.000000,1772.000000,2.500000,1408.000000,250.000000,2821.000000,222.000000,13.000000,3082.000000,3786.000000,858.000000,856.000000,1203.000000,3082.000000,QLD,0.000000,10349.030100,0.831962,0.915315,0.072031,0.004218,0.185948,0.556132,0.390331,0.000000,0.590850,3082.000000
4465,0,-0.551520,0.700570,1263.000000,44.000000,1037.000000,2.300000,997.000000,170.000000,441.000000,8.000000,0.000000,468.000000,591.000000,207.000000,105.000000,110.000000,468.000000,QLD,0.000000,13577.451600,0.093022,0.942308,0.017094,0.000000,0.208122,0.666667,0.235043,0.000000,0.809829,468.000000
4470,0,-0.158570,0.301580,3184.000000,42.000000,1345.000000,2.200000,876.000000,178.000000,1116.000000,29.000000,44.000000,1226.000000,1534.000000,417.000000,336.000000,407.000000,1226.000000,QLD,0.000000,17483.383200,0.182116,0.910277,0.023654,0.035889,0.200782,0.614192,0.331974,0.000000,0.491843,1226.000000
4472,0,-0.036600,0.173290,1408.000000,49.000000,1162.000000,2.200000,867.000000,157.000000,549.000000,0.000000,3.000000,565.000000,764.000000,253.000000,119.000000,147.000000,565.000000,QLD,0.000000,17632.551600,0.079852,0.971681,0.000000,0.005310,0.260471,0.658407,0.260177,0.000000,0.449558,565.000000
4487,0,0.360040,0.360040,3179.000000,38.000000,1400.000000,2.500000,1230.000000,210.000000,1045.000000,62.000000,15.000000,1154.000000,1354.000000,346.000000,282.000000,429.000000,1154.000000,QLD,0.000000,12740.930300,0.249511,0.905546,0.053726,0.012998,0.147710,0.544194,0.371750,0.000000,0.598787,1154.000000
4490,0,-0.246000,0.273640,1508.000000,43.000000,920.000000,2.200000,707.000000,125.000000,569.000000,28.000000,0.000000,625.000000,835.000000,265.000000,79.000000,227.000000,625.000000,QLD,0.000000,34671.825600,0.043494,0.910400,0.044800,0.000000,0.251497,0.550400,0.363200,0.000000,0.555200,625.000000
4500,0,0.261130,0.268730,45656.000000,36.000000,1947.000000,2.800000,1783.000000,375.000000,13377.000000,2111.000000,226.000000,15730.000000,16326.000000,3989.000000,7014.000000,4484.000000,15730.000000,QLD,0.000000,86.589300,527.270690,0.850413,0.134202,0.014367,0.036506,0.699491,0.285060,0.000000,0.693897,15730.000000
4501,0,-0.313460,0.347410,5905.000000,37.000000,1371.000000,2.400000,1517.000000,320.000000,1604.000000,567.000000,140.000000,2314.000000,2430.000000,479.000000,832.000000,947.000000,2314.000000,QLD,0.000000,8.131600,726.179350,0.693172,0.245030,0.060501,0.047737,0.566551,0.409248,0.000000,0.611927,2314.000000
4502,0,-0.076160,0.103960,8722.000000,38.000000,1853.000000,2.700000,1725.000000,360.000000,2719.000000,251.000000,167.000000,3148.000000,3307.000000,793.000000,1365.000000,936.000000,3148.000000,QLD,0.000000,6.603500,1320.814719,0.863723,0.079733,0.053050,0.048080,0.685515,0.297332,0.000000,0.670584,3148.000000
4503,0,0.299140,0.352730,52483.000000,33.000000,1705.000000,2.700000,1733.000000,360.000000,13679.000000,4647.000000,175.000000,18785.000000,19694.000000,3440.000000,6854.000000,7996.000000,18785.000000,QLD,0.000000,99.692900,526.446718,0.728187,0.247378,0.009316,0.046156,0.547990,0.425659,0.000000,0.536172,18785.000000
4504,0,0.558440,0.577410,20910.000000,33.000000,2207.000000,3.100000,1900.000000,415.000000,6193.000000,238.000000,14.000000,6454.000000,6684.000000,1264.000000,3571.000000,1532.000000,6454.000000,QLD,0.000000,41.736900,500.995522,0.959560,0.036876,0.002169,0.034411,0.749148,0.237372,0.000000,0.922684,6454.000000
4505,0,0.716480,0.716480,26144.000000,37.000000,1753.000000,2.700000,1820.000000,360.000000,7877.000000,1095.000000,46.000000,9076.000000,9446.000000,2746.000000,3721.000000,2380.000000,9076.000000,QLD,0.000000,52.335200,499.549061,0.867893,0.120648,0.005068,0.039170,0.712539,0.262230,0.000000,0.825364,9076.000000
4506,0,0.590820,0.631200,25306.000000,34.000000,1449.000000,2.700000,1560.000000,345.000000,7120.000000,1436.000000,132.000000,8696.000000,9245.000000,1731.000000,2940.000000,3773.000000,8696.000000,QLD,0.000000,59.306600,426.697872,0.818767,0.165133,0.015179,0.059383,0.537144,0.433878,0.000000,0.676978,8696.000000
4507,0,0.949920,0.949920,20612.000000,63.000000,961.000000,2.000000,1647.000000,335.000000,6983.000000,1703.000000,583.000000,9553.000000,10871.000000,5131.000000,1845.000000,2157.000000,9553.000000,QLD,0.000000,145.350600,141.808840,0.730975,0.178269,0.061028,0.121240,0.730242,0.225793,0.000000,0.834921,9553.000000
4508,0,0.134120,0.210750,19573.000000,40.000000,1270.000000,2.500000,1517.000000,325.000000,5990.000000,685.000000,313.000000,7120.000000,7505.000000,1772.000000,2379.000000,2755.000000,7120.000000,QLD,0.000000,19.437300,1006.981422,0.841292,0.096208,0.043961,0.051299,0.583006,0.386938,0.000000,0.579916,7120.000000
4509,0,0.168010,0.346240,37952.000000,33.000000,2113.000000,3.000000,1998.000000,410.000000,9839.000000,2230.000000,327.000000,12413.000000,12982.000000,1805.000000,5176.000000,5027.000000,12413.000000,QLD,0.000000,26.256300,1445.443570,0.792637,0.179650,0.026343,0.043830,0.562394,0.404979,0.000000,0.620720,12413.000000
4510,0,0.754230,0.758670,55940.000000,38.000000,1318.000000,2.600000,1588.000000,325.000000,16421.000000,2666.000000,508.000000,19782.000000,21244.000000,5135.000000,6664.000000,7290.000000,19782.000000,QLD,0.000000,218.431100,256.099063,0.830098,0.134769,0.025680,0.068819,0.596451,0.368517,0.000000,0.716662,19782.000000
4511,0,0.193000,0.350530,9929.000000,50.000000,1204.000000,2.400000,1733.000000,385.000000,3387.000000,273.000000,66.000000,3903.000000,4131.000000,1793.000000,1263.000000,754.000000,3903.000000,QLD,0.000000,36.501700,272.014728,0.867794,0.069946,0.016910,0.055192,0.782987,0.193185,0.000000,0.936715,3903.000000
4512,0,0.094460,0.312530,3677.000000,43.000000,2115.000000,3.000000,2000.000000,345.000000,1092.000000,8.000000,7.000000,1110.000000,1168.000000,418.000000,544.000000,130.000000,1110.000000,QLD,0.000000,102.115200,36.008351,0.983784,0.007207,0.006306,0.049658,0.866667,0.117117,0.000000,1.048649,1110.000000
4514,0,0.327090,0.421050,8605.000000,39.000000,1616.000000,2.700000,1733.000000,350.000000,2402.000000,35.000000,6.000000,2465.000000,2685.000000,879.000000,1153.000000,353.000000,2465.000000,QLD,0.000000,511.986700,16.807077,0.974442,0.014199,0.002434,0.081937,0.824341,0.143205,0.000000,1.037323,2465.000000
4515,0,0.632600,0.632600,4467.000000,42.000000,1403.000000,2.600000,1517.000000,340.000000,1490.000000,19.000000,3.000000,1533.000000,1729.000000,600.000000,531.000000,328.000000,1533.000000,QLD,0.000000,1384.475500,3.226493,0.971950,0.012394,0.001957,0.113360,0.737769,0.213960,0.000000,0.890411,1533.000000
4516,0,0.246610,0.313100,4290.000000,40.000000,2183.000000,3.100000,2000.000000,370.000000,1283.000000,0.000000,21.000000,1308.000000,1368.000000,421.000000,737.000000,122.000000,1308.000000,QLD,0.000000,101.179400,42.399935,0.980887,0.000000,0.016055,0.043860,0.885321,0.093272,0.000000,1.152905,1308.000000
4517,0,-0.722870,0.809710,941.000000,43.000000,1442.000000,2.400000,1800.000000,325.000000,345.000000,4.000000,0.000000,355.000000,379.000000,138.000000,160.000000,41.000000,355.000000,QLD,0.000000,80.774200,11.649759,0.971831,0.011268,0.000000,0.063325,0.839437,0.115493,0.000000,0.754930,355.000000
4518,0,0.078290,0.416890,5601.000000,42.000000,1740.000000,2.800000,1820.000000,400.000000,1874.000000,21.000000,12.000000,1910.000000,2035.000000,697.000000,864.000000,306.000000,1910.000000,QLD,0.000000,72.413900,77.347029,0.981152,0.010995,0.006283,0.061425,0.817277,0.160209,0.000000,1.005236,1910.000000
4519,0,0.472900,0.491210,9477.000000,41.000000,1534.000000,2.700000,1733.000000,390.000000,2905.000000,121.000000,226.000000,3297.000000,3498.000000,1088.000000,1332.000000,786.000000,3297.000000,QLD,0.000000,202.028100,46.909316,0.881104,0.036700,0.068547,0.057461,0.734001,0.238399,0.000000,0.851077,3297.000000
4520,0,0.263090,0.299900,13885.000000,45.000000,2795.000000,3.000000,2459.000000,488.000000,4316.000000,45.000000,46.000000,4426.000000,4635.000000,1802.000000,2208.000000,312.000000,4426.000000,QLD,0.000000,332.323700,41.781552,0.975147,0.010167,0.010393,0.045092,0.906010,0.070493,0.000000,0.961365,4426.000000
4521,0,0.425000,0.476660,5174.000000,44.000000,2189.000000,2.800000,2167.000000,385.000000,1733.000000,7.000000,4.000000,1760.000000,1910.000000,609.000000,932.000000,168.000000,1760.000000,QLD,0.000000,288.228200,17.951054,0.984659,0.003977,0.002273,0.078534,0.875568,0.095455,0.000000,0.947727,1760.000000
4550,0,0.416990,0.618560,4908.000000,42.000000,1646.000000,2.700000,1777.000000,390.000000,1561.000000,103.000000,18.000000,1764.000000,1863.000000,556.000000,797.000000,374.000000,1764.000000,QLD,0.000000,69.678700,70.437594,0.884921,0.058390,0.010204,0.053140,0.767007,0.212018,0.000000,0.862812,1764.000000
4551,0,0.966980,0.966980,68286.000000,44.000000,1489.000000,2.500000,1950.000000,450.000000,18683.000000,3604.000000,3614.000000,26162.000000,29750.000000,9447.000000,8279.000000,7526.000000,26162.000000,QLD,0.000000,95.279000,716.695179,0.714127,0.137757,0.138139,0.120605,0.677548,0.287669,0.000000,0.737329,26162.000000
4552,0,0.347980,0.347980,9019.000000,56.000000,1259.000000,2.300000,1700.000000,370.000000,3352.000000,114.000000,31.000000,3611.000000,4141.000000,1942.000000,962.000000,558.000000,3611.000000,QLD,0.000000,455.826200,19.786050,0.928275,0.031570,0.008585,0.127988,0.804209,0.154528,0.000000,0.889227,3611.000000
4553,1,1.805870,1.924060,10748.000000,34.000000,2171.000000,3.000000,2000.000000,500.000000,3282.000000,115.000000,31.000000,3445.000000,3650.000000,731.000000,1987.000000,614.000000,3445.000000,QLD,0.000000,65.364000,164.433021,0.952685,0.033382,0.008999,0.056164,0.788970,0.178229,0.000000,1.080116,3445.000000
4554,0,0.146210,0.322830,2000.000000,45.000000,1893.000000,2.900000,1950.000000,363.000000,607.000000,0.000000,0.000000,614.000000,666.000000,237.000000,281.000000,70.000000,614.000000,QLD,0.000000,37.325400,53.582815,0.988599,0.000000,0.000000,0.078078,0.843648,0.114007,0.000000,0.850163,614.000000
4555,0,0.865470,0.865470,7723.000000,43.000000,1768.000000,2.700000,1930.000000,425.000000,2461.000000,182.000000,32.000000,2691.000000,2827.000000,908.000000,1134.000000,522.000000,2691.000000,QLD,0.000000,49.291100,156.681429,0.914530,0.067633,0.011891,0.048108,0.758826,0.193980,0.000000,0.892977,2691.000000
4556,0,0.506580,0.532100,47150.000000,42.000000,1687.000000,2.500000,2000.000000,451.000000,12630.000000,2876.000000,1739.000000,17270.000000,18286.000000,5816.000000,5974.000000,3970.000000,17270.000000,QLD,0.000000,71.464800,659.765367,0.731326,0.166532,0.100695,0.055562,0.682687,0.229878,0.000000,0.705385,17270.000000
4557,0,0.250900,0.296440,20161.000000,39.000000,1730.000000,2.500000,1950.000000,459.000000,4542.000000,683.000000,2302.000000,7605.000000,8641.000000,2082.000000,2424.000000,2951.000000,7605.000000,QLD,0.000000,11.365400,1773.892692,0.597239,0.089809,0.302696,0.119894,0.592505,0.388034,0.000000,0.516897,7605.000000
4558,0,0.813620,0.833340,23327.000000,46.000000,1384.000000,2.100000,1733.000000,410.000000,4135.000000,2218.000000,3258.000000,9771.000000,11186.000000,3088.000000,2319.000000,3932.000000,9771.000000,QLD,0.000000,14.924100,1563.042328,0.423191,0.226998,0.333436,0.126497,0.553372,0.402415,0.000000,0.388087,9771.000000
4559,0,0.203000,0.503760,7444.000000,43.000000,1785.000000,2.800000,1950.000000,400.000000,2311.000000,109.000000,18.000000,2571.000000,2679.000000,911.000000,1064.000000,513.000000,2571.000000,QLD,0.000000,41.157200,180.867503,0.898872,0.042396,0.007001,0.040314,0.768184,0.199533,0.000000,0.789187,2571.000000
4560,0,0.293130,0.334320,36706.000000,43.000000,1415.000000,2.500000,1733.000000,375.000000,11048.000000,1896.000000,701.000000,13825.000000,14618.000000,4553.000000,5285.000000,3380.000000,13825.000000,QLD,0.000000,218.163000,168.250345,0.799132,0.137143,0.050705,0.054248,0.711609,0.244485,0.000000,0.689620,13825.000000
4561,0,0.498810,0.498810,8637.000000,41.000000,1848.000000,2.800000,1950.000000,400.000000,2680.000000,77.000000,102.000000,2927.000000,3072.000000,969.000000,1363.000000,494.000000,2927.000000,QLD,0.000000,117.399900,73.569058,0.915613,0.026307,0.034848,0.047201,0.796720,0.168773,0.000000,0.933037,2927.000000
4562,0,0.368290,0.390270,8793.000000,46.000000,1945.000000,2.800000,2058.000000,465.000000,2868.000000,16.000000,36.000000,2933.000000,3201.000000,1212.000000,1309.000000,329.000000,2933.000000,QLD,0.000000,207.534600,42.368839,0.977838,0.005455,0.012274,0.083724,0.859529,0.112172,0.000000,0.938288,2933.000000
4563,0,0.731600,0.770130,9826.000000,50.000000,1436.000000,2.500000,1733.000000,420.000000,3394.000000,33.000000,197.000000,3650.000000,3937.000000,1681.000000,1330.000000,521.000000,3650.000000,QLD,0.000000,176.252300,55.749627,0.929863,0.009041,0.053973,0.072898,0.824932,0.142740,0.000000,0.908219,3650.000000
4564,0,0.520190,0.535230,11659.000000,49.000000,1495.000000,2.300000,1804.000000,433.000000,2816.000000,961.000000,751.000000,4567.000000,5154.000000,1665.000000,1451.000000,1243.000000,4567.000000,QLD,0.000000,24.551000,474.889007,0.616597,0.210423,0.164441,0.113892,0.682286,0.272170,0.000000,0.671995,4567.000000
4565,0,0.357550,0.365600,15033.000000,51.000000,1302.000000,2.400000,1842.000000,440.000000,4960.000000,506.000000,241.000000,5793.000000,6491.000000,2439.000000,1761.000000,1290.000000,5793.000000,QLD,0.000000,304.331600,49.396776,0.856206,0.087347,0.041602,0.107534,0.725013,0.222683,0.000000,0.753323,5793.000000
4566,0,0.494960,0.494960,8716.000000,56.000000,1399.000000,2.200000,1991.000000,490.000000,2258.000000,1058.000000,389.000000,3721.000000,4753.000000,1736.000000,858.000000,815.000000,3721.000000,QLD,0.000000,26.054300,334.532112,0.606826,0.284332,0.104542,0.217126,0.697124,0.219027,0.000000,0.710562,3721.000000
4567,0,0.647110,0.657040,11979.000000,49.000000,1833.000000,2.300000,2167.000000,515.000000,3182.000000,736.000000,743.000000,4679.000000,6749.000000,2008.000000,1344.000000,1217.000000,4679.000000,QLD,0.000000,20.162300,594.128646,0.680060,0.157299,0.158795,0.306712,0.716392,0.260098,0.000000,0.601197,4679.000000
4568,0,0.126930,0.352500,3736.000000,48.000000,1421.000000,2.600000,1731.000000,413.000000,1331.000000,10.000000,0.000000,1361.000000,1484.000000,589.000000,566.000000,173.000000,1361.000000,QLD,0.000000,96.009500,38.912816,0.977957,0.007348,0.000000,0.082884,0.848641,0.127112,0.000000,0.897869,1361.000000
4569,0,-0.576580,0.576580,1756.000000,46.000000,1294.000000,2.500000,1517.000000,385.000000,642.000000,0.000000,0.000000,643.000000,701.000000,261.000000,287.000000,70.000000,643.000000,QLD,0.000000,37.584000,46.722009,0.998445,0.000000,0.000000,0.082739,0.852255,0.108865,0.000000,0.805599,643.000000
4570,0,0.791530,0.800680,46427.000000,46.000000,1169.000000,2.400000,1300.000000,295.000000,16193.000000,761.000000,244.000000,17477.000000,19235.000000,7104.000000,6033.000000,3744.000000,17477.000000,QLD,0.000000,3861.138900,12.024172,0.926532,0.043543,0.013961,0.091396,0.751674,0.214224,0.000000,0.825142,17477.000000
4571,0,-0.027250,0.342900,903.000000,49.000000,1254.000000,2.400000,1600.000000,300.000000,326.000000,0.000000,0.000000,334.000000,386.000000,155.000000,120.000000,44.000000,334.000000,QLD,0.000000,202.303300,4.463595,0.976048,0.000000,0.000000,0.134715,0.823353,0.131737,0.000000,0.808383,334.000000
4572,0,0.446930,0.474860,4235.000000,47.000000,1682.000000,2.100000,1820.000000,410.000000,641.000000,142.000000,964.000000,1803.000000,2273.000000,601.000000,476.000000,676.000000,1803.000000,QLD,0.000000,1.503500,2816.760891,0.355519,0.078758,0.534664,0.206775,0.597338,0.374931,0.000000,0.305602,1803.000000
4573,0,0.960120,0.960120,31392.000000,42.000000,1771.000000,2.600000,2000.000000,490.000000,8582.000000,1955.000000,949.000000,11546.000000,13195.000000,3639.000000,4036.000000,3491.000000,11546.000000,QLD,0.000000,61.234800,512.649670,0.743288,0.169323,0.082193,0.124972,0.664732,0.302356,0.000000,0.606271,11546.000000
4574,0,0.649030,0.649030,1432.000000,49.000000,1244.000000,2.400000,1517.000000,300.000000,526.000000,0.000000,0.000000,544.000000,621.000000,231.000000,199.000000,80.000000,544.000000,QLD,0.000000,360.384200,3.973537,0.966912,0.000000,0.000000,0.123994,0.790441,0.147059,0.000000,0.781250,544.000000
4575,0,-0.159330,0.245040,28022.000000,43.000000,1696.000000,2.500000,2037.000000,470.000000,7171.000000,1694.000000,1719.000000,10646.000000,11780.000000,3684.000000,3111.000000,3499.000000,10646.000000,QLD,0.000000,17.827300,1571.858891,0.673586,0.159121,0.161469,0.096265,0.638268,0.328668,0.000000,0.648506,10646.000000
4580,0,1.008950,1.010330,5219.000000,63.000000,772.000000,2.000000,1200.000000,280.000000,2054.000000,79.000000,84.000000,2377.000000,2782.000000,1347.000000,434.000000,483.000000,2377.000000,QLD,0.000000,707.854900,7.372980,0.864114,0.033235,0.035339,0.145579,0.749264,0.203197,0.000000,1.062263,2377.000000
4581,0,-0.395530,0.403210,1415.000000,55.000000,1006.000000,1.900000,1560.000000,280.000000,399.000000,81.000000,43.000000,582.000000,1039.000000,254.000000,120.000000,175.000000,582.000000,QLD,0.000000,1693.731500,0.835433,0.685567,0.139175,0.073883,0.439846,0.642612,0.300687,0.000000,1.010309,582.000000
4600,0,-0.509100,0.509100,910.000000,53.000000,948.000000,2.100000,1000.000000,220.000000,372.000000,4.000000,9.000000,386.000000,437.000000,206.000000,104.000000,58.000000,386.000000,QLD,0.000000,623.026800,1.460611,0.963731,0.010363,0.023316,0.116705,0.803109,0.150259,0.000000,0.761658,386.000000
4601,0,-0.696730,0.747500,1145.000000,49.000000,1014.000000,2.300000,1083.000000,180.000000,427.000000,3.000000,16.000000,458.000000,534.000000,207.000000,101.000000,106.000000,458.000000,QLD,0.000000,1800.571700,0.635909,0.932314,0.006550,0.034934,0.142322,0.672489,0.231441,0.000000,0.578603,458.000000
4605,0,0.141570,0.304030,4770.000000,41.000000,991.000000,2.500000,953.000000,140.000000,1527.000000,10.000000,72.000000,1623.000000,1856.000000,593.000000,335.000000,623.000000,1623.000000,QLD,0.000000,771.776600,6.180545,0.940850,0.006161,0.044362,0.125539,0.571781,0.383857,0.000000,0.508934,1623.000000
4606,0,-0.253500,0.270650,2399.000000,52.000000,1003.000000,2.200000,1073.000000,220.000000,902.000000,47.000000,15.000000,976.000000,1101.000000,417.000000,264.000000,246.000000,976.000000,QLD,0.000000,250.762100,9.566836,0.924180,0.048156,0.015369,0.113533,0.697746,0.252049,0.000000,0.639344,976.000000
4608,0,-0.069030,0.229360,920.000000,50.000000,1055.000000,2.300000,1100.000000,240.000000,359.000000,0.000000,0.000000,359.000000,443.000000,176.000000,109.000000,63.000000,359.000000,QLD,0.000000,463.573200,1.984584,1.000000,0.000000,0.000000,0.189616,0.793872,0.175487,0.000000,0.679666,359.000000
4610,0,0.496680,0.541750,15212.000000,41.000000,1249.000000,2.400000,1200.000000,260.000000,5121.000000,184.000000,350.000000,5699.000000,6420.000000,2109.000000,1661.000000,1692.000000,5699.000000,QLD,0.000000,2967.875500,5.125552,0.898579,0.032286,0.061414,0.112305,0.661520,0.296894,0.000000,0.558695,5699.000000
4614,0,-0.273950,0.391510,1226.000000,54.000000,811.000000,2.200000,867.000000,220.000000,478.000000,16.000000,0.000000,509.000000,584.000000,246.000000,115.000000,122.000000,509.000000,QLD,0.000000,248.534600,4.932915,0.939096,0.031434,0.000000,0.128425,0.709234,0.239686,0.000000,0.734774,509.000000
4615,0,0.013780,0.217240,7356.000000,52.000000,909.000000,2.200000,1000.000000,225.000000,2665.000000,14.000000,105.000000,2872.000000,3311.000000,1345.000000,773.000000,630.000000,2872.000000,QLD,0.000000,1360.852400,5.405436,0.927925,0.004875,0.036560,0.132588,0.737465,0.219359,0.000000,0.700557,2872.000000
4621,0,-0.064520,0.138030,1808.000000,53.000000,791.000000,2.200000,971.000000,200.000000,711.000000,3.000000,0.000000,739.000000,844.000000,420.000000,172.000000,117.000000,739.000000,QLD,0.000000,1627.363000,1.111000,0.962111,0.004060,0.000000,0.124408,0.801083,0.158322,0.000000,0.594046,739.000000
4625,0,0.607450,0.607450,2681.000000,48.000000,1120.000000,2.300000,1083.000000,228.000000,913.000000,40.000000,5.000000,996.000000,1231.000000,392.000000,241.000000,270.000000,996.000000,QLD,0.000000,3244.328900,0.826365,0.916667,0.040161,0.005020,0.190902,0.635542,0.271084,0.000000,0.649598,996.000000
4626,0,-0.112780,0.167730,1992.000000,42.000000,1263.000000,2.300000,1200.000000,210.000000,670.000000,0.000000,27.000000,739.000000,922.000000,296.000000,147.000000,226.000000,739.000000,QLD,0.000000,3954.083100,0.503783,0.906631,0.000000,0.036536,0.198482,0.599459,0.305819,0.000000,0.622463,739.000000
4630,0,0.058490,0.238350,2337.000000,51.000000,990.000000,2.200000,867.000000,170.000000,913.000000,6.000000,6.000000,943.000000,1152.000000,440.000000,223.000000,207.000000,943.000000,QLD,0.000000,5561.743400,0.420192,0.968187,0.006363,0.006363,0.181424,0.703075,0.219512,0.000000,0.475080,943.000000
4650,0,0.402590,0.574020,34942.000000,49.000000,1035.000000,2.300000,1150.000000,255.000000,12304.000000,706.000000,401.000000,13619.000000,15222.000000,5915.000000,3916.000000,3248.000000,13619.000000,QLD,0.000000,2645.916100,13.206012,0.903444,0.051839,0.029444,0.105308,0.721859,0.238490,0.000000,0.688964,13619.000000
4655,0,0.881020,0.881020,66789.000000,51.000000,1109.000000,2.300000,1439.000000,340.000000,22263.000000,2901.000000,704.000000,26450.000000,29087.000000,11505.000000,6915.000000,6936.000000,26450.000000,QLD,0.000000,458.589200,145.640150,0.841701,0.109679,0.026616,0.090659,0.696408,0.262231,0.000000,0.789225,26450.000000
4659,0,0.862930,0.884200,5358.000000,60.000000,858.000000,2.100000,1300.000000,270.000000,2096.000000,11.000000,66.000000,2308.000000,2680.000000,1364.000000,494.000000,366.000000,2308.000000,QLD,0.000000,301.254700,17.785615,0.908146,0.004766,0.028596,0.138806,0.805026,0.158579,0.000000,0.941941,2308.000000
4660,0,0.581410,0.659820,8048.000000,56.000000,945.000000,2.200000,1127.000000,280.000000,2952.000000,42.000000,68.000000,3227.000000,3984.000000,1656.000000,755.000000,571.000000,3227.000000,QLD,0.000000,1489.829700,5.401960,0.914782,0.013015,0.021072,0.190010,0.747134,0.176945,0.000000,0.890920,3227.000000
4670,0,0.806890,0.806890,84718.000000,46.000000,1194.000000,2.400000,1300.000000,285.000000,27363.000000,2571.000000,2230.000000,32768.000000,35764.000000,12569.000000,9365.000000,9497.000000,32768.000000,QLD,0.000000,1781.872500,47.544367,0.835052,0.078461,0.068054,0.083771,0.669373,0.289825,0.000000,0.684753,32768.000000
4671,0,0.592560,0.592560,6285.000000,52.000000,958.000000,2.300000,1000.000000,250.000000,2308.000000,42.000000,8.000000,2412.000000,2926.000000,1181.000000,701.000000,351.000000,2412.000000,QLD,0.000000,3774.167500,1.665268,0.956882,0.017413,0.003317,0.175666,0.780265,0.145522,0.000000,0.766584,2412.000000
4674,0,0.871260,0.871260,1579.000000,55.000000,864.000000,2.200000,1010.000000,210.000000,611.000000,0.000000,0.000000,632.000000,789.000000,365.000000,174.000000,61.000000,632.000000,QLD,0.000000,1078.146300,1.464551,0.966772,0.000000,0.000000,0.198986,0.852848,0.096519,0.000000,0.767405,632.000000
4677,0,0.537410,0.765280,4217.000000,50.000000,1072.000000,2.300000,1493.000000,300.000000,1391.000000,42.000000,75.000000,1554.000000,2270.000000,673.000000,486.000000,298.000000,1554.000000,QLD,0.000000,1423.528500,2.962357,0.895109,0.027027,0.048263,0.315419,0.745817,0.191763,0.000000,0.883526,1554.000000
4678,0,0.068890,0.135460,818.000000,55.000000,1187.000000,2.300000,1517.000000,233.000000,279.000000,33.000000,4.000000,323.000000,582.000000,162.000000,98.000000,39.000000,323.000000,QLD,0.000000,642.708500,1.272739,0.863777,0.102167,0.012384,0.445017,0.804954,0.120743,0.000000,1.102167,323.000000
4680,0,0.564060,0.630960,55339.000000,36.000000,1746.000000,2.600000,1638.000000,275.000000,17008.000000,1321.000000,1560.000000,20141.000000,22987.000000,4888.000000,7503.000000,7260.000000,20141.000000,QLD,0.000000,4993.763000,11.081623,0.844447,0.065588,0.077454,0.123809,0.615213,0.360459,0.000000,0.599921,20141.000000
4695,0,0.083720,0.194730,1114.000000,43.000000,1519.000000,2.600000,1445.000000,200.000000,374.000000,0.000000,0.000000,376.000000,439.000000,160.000000,146.000000,46.000000,376.000000,QLD,0.000000,843.507500,1.320676,0.994681,0.000000,0.000000,0.143508,0.813830,0.122340,0.000000,0.765957,376.000000
4700,0,0.563190,0.596060,17312.000000,39.000000,1403.000000,2.300000,1300.000000,265.000000,5427.000000,486.000000,640.000000,6601.000000,7678.000000,1872.000000,2105.000000,2362.000000,6601.000000,QLD,0.000000,114.655800,150.991053,0.822148,0.073625,0.096955,0.140271,0.602484,0.357825,0.000000,0.464021,6601.000000
4701,0,0.394630,0.574610,43828.000000,37.000000,1496.000000,2.500000,1400.000000,270.000000,14072.000000,1399.000000,655.000000,16176.000000,17715.000000,4845.000000,5868.000000,5010.000000,16176.000000,QLD,0.000000,466.200800,94.010993,0.869931,0.086486,0.040492,0.086876,0.662277,0.309718,0.000000,0.536350,16176.000000
4702,0,0.692310,0.692310,29819.000000,37.000000,1649.000000,2.700000,1560.000000,330.000000,9458.000000,108.000000,56.000000,9876.000000,11695.000000,3316.000000,3462.000000,2438.000000,9876.000000,QLD,0.000000,47733.500600,0.624698,0.957675,0.010936,0.005670,0.155537,0.686310,0.246861,0.000000,0.614216,9876.000000
4703,1,1.096270,1.125910,25129.000000,43.000000,1636.000000,2.500000,1733.000000,350.000000,7682.000000,518.000000,709.000000,9065.000000,10442.000000,3139.000000,3312.000000,2211.000000,9065.000000,QLD,0.000000,1227.668500,20.468881,0.847435,0.057143,0.078213,0.131871,0.711638,0.243905,0.000000,0.708218,9065.000000
4710,0,0.928470,0.928470,5119.000000,48.000000,1272.000000,2.400000,1517.000000,350.000000,1766.000000,100.000000,54.000000,1939.000000,2305.000000,774.000000,564.000000,535.000000,1939.000000,QLD,0.000000,33.455000,153.011508,0.910779,0.051573,0.027849,0.158785,0.690046,0.275915,0.000000,0.618360,1939.000000
4711,0,-0.060470,0.177520,1787.000000,44.000000,2276.000000,3.000000,1885.000000,350.000000,579.000000,0.000000,0.000000,579.000000,606.000000,229.000000,311.000000,33.000000,579.000000,QLD,0.000000,63.830600,27.995977,1.000000,0.000000,0.000000,0.044554,0.932642,0.056995,0.000000,0.894646,579.000000
4714,0,0.339520,0.398370,2945.000000,53.000000,813.000000,2.100000,840.000000,200.000000,1131.000000,10.000000,9.000000,1168.000000,1508.000000,576.000000,273.000000,245.000000,1168.000000,QLD,0.000000,490.665500,6.002052,0.968322,0.008562,0.007705,0.225464,0.726884,0.209760,0.000000,0.587329,1168.000000
4715,0,0.415850,0.430750,7068.000000,36.000000,1908.000000,2.500000,1387.000000,260.000000,2175.000000,93.000000,122.000000,2421.000000,2836.000000,672.000000,790.000000,828.000000,2421.000000,QLD,0.000000,2772.457500,2.549363,0.898389,0.038414,0.050392,0.146333,0.603883,0.342007,0.000000,0.511359,2421.000000
4717,0,0.919500,0.919500,4702.000000,31.000000,2358.000000,2.600000,1083.000000,220.000000,1387.000000,31.000000,73.000000,1492.000000,2191.000000,158.000000,336.000000,907.000000,1492.000000,QLD,0.000000,657.319400,7.153296,0.929625,0.020777,0.048928,0.319032,0.331099,0.607909,0.000000,0.333780,1492.000000
4718,0,0.394610,0.394610,2582.000000,35.000000,1797.000000,2.500000,1083.000000,225.000000,792.000000,14.000000,20.000000,838.000000,1103.000000,240.000000,192.000000,317.000000,838.000000,QLD,0.000000,5866.149000,0.440152,0.945107,0.016706,0.023866,0.240254,0.515513,0.378282,0.000000,0.548926,838.000000
4719,0,-0.217860,0.348810,1084.000000,41.000000,1375.000000,2.300000,1099.000000,200.000000,377.000000,0.000000,10.000000,397.000000,503.000000,149.000000,82.000000,110.000000,397.000000,QLD,0.000000,4044.546500,0.268015,0.949622,0.000000,0.025189,0.210736,0.581864,0.277078,0.000000,0.551637,397.000000
4720,0,0.424520,0.424520,15031.000000,32.000000,2203.000000,2.700000,1642.000000,300.000000,4012.000000,499.000000,396.000000,4981.000000,5956.000000,820.000000,1845.000000,2143.000000,4981.000000,QLD,0.000000,5368.145600,2.800036,0.805461,0.100181,0.079502,0.163700,0.535033,0.430235,0.000000,0.534832,4981.000000
4721,0,-0.337840,0.385100,3962.000000,36.000000,1882.000000,2.500000,1300.000000,220.000000,1125.000000,106.000000,14.000000,1288.000000,1712.000000,379.000000,294.000000,450.000000,1288.000000,QLD,0.000000,29539.118400,0.134127,0.873447,0.082298,0.010870,0.247664,0.522516,0.349379,0.000000,0.406832,1288.000000
4722,0,0.110970,0.174020,1640.000000,39.000000,1838.000000,2.600000,1192.000000,200.000000,481.000000,13.000000,17.000000,528.000000,628.000000,203.000000,114.000000,134.000000,528.000000,QLD,0.000000,11273.047800,0.145480,0.910985,0.024621,0.032197,0.159236,0.600379,0.253788,0.000000,0.662879,528.000000
4725,0,-0.385960,0.504450,1540.000000,43.000000,1487.000000,2.200000,1213.000000,200.000000,547.000000,3.000000,17.000000,581.000000,731.000000,241.000000,126.000000,170.000000,581.000000,QLD,0.000000,10793.755400,0.142675,0.941480,0.005164,0.029260,0.205198,0.631670,0.292599,0.000000,0.518072,581.000000
4730,0,-0.722730,0.722730,3177.000000,39.000000,1623.000000,2.300000,1188.000000,200.000000,1013.000000,66.000000,33.000000,1165.000000,1415.000000,352.000000,269.000000,455.000000,1165.000000,QLD,0.000000,38919.323500,0.081630,0.869528,0.056652,0.028326,0.176678,0.533047,0.390558,0.000000,0.460086,1165.000000
4737,0,0.109310,0.336830,8325.000000,41.000000,1650.000000,2.600000,1733.000000,300.000000,2671.000000,160.000000,31.000000,2887.000000,3365.000000,1039.000000,1057.000000,684.000000,2887.000000,QLD,0.000000,940.532400,8.851370,0.925182,0.055421,0.010738,0.142051,0.726013,0.236924,0.000000,0.683755,2887.000000
4738,0,-0.346550,0.346550,1155.000000,48.000000,1510.000000,2.500000,1557.000000,240.000000,375.000000,0.000000,0.000000,396.000000,500.000000,189.000000,136.000000,46.000000,396.000000,QLD,0.000000,1033.990600,1.117031,0.946970,0.000000,0.000000,0.208000,0.820707,0.116162,0.000000,0.777778,396.000000
4740,0,0.875270,0.875270,85500.000000,38.000000,1839.000000,2.500000,1733.000000,340.000000,25062.000000,3862.000000,1429.000000,30868.000000,34155.000000,8458.000000,11317.000000,9767.000000,30868.000000,QLD,0.000000,879.178000,97.249931,0.811909,0.125113,0.046294,0.096238,0.640631,0.316412,0.000000,0.544188,30868.000000
4741,0,0.060710,0.230590,7346.000000,44.000000,1768.000000,2.600000,1733.000000,250.000000,2230.000000,39.000000,6.000000,2324.000000,2879.000000,986.000000,911.000000,304.000000,2324.000000,QLD,0.000000,4176.032000,1.759086,0.959552,0.016781,0.002582,0.192775,0.816265,0.130809,0.000000,0.771945,2324.000000
4744,0,0.876970,0.879300,9425.000000,31.000000,3079.000000,2.800000,1300.000000,111.000000,2156.000000,437.000000,37.000000,2634.000000,3746.000000,221.000000,497.000000,1789.000000,2634.000000,QLD,0.000000,3046.638700,3.093573,0.818527,0.165907,0.014047,0.296850,0.272589,0.679195,0.000000,0.222855,2634.000000
4750,0,0.624500,0.764530,6025.000000,36.000000,2077.000000,2.800000,1733.000000,380.000000,1841.000000,98.000000,56.000000,2040.000000,2241.000000,483.000000,902.000000,602.000000,2040.000000,QLD,0.000000,17.677300,340.832593,0.902451,0.048039,0.027451,0.089692,0.678922,0.295098,0.000000,0.665686,2040.000000
4751,0,0.345710,0.377120,4681.000000,37.000000,2156.000000,2.700000,1733.000000,360.000000,1455.000000,99.000000,11.000000,1572.000000,1697.000000,516.000000,686.000000,327.000000,1572.000000,QLD,0.000000,109.203900,42.864769,0.925573,0.062977,0.006997,0.073659,0.764631,0.208015,0.000000,0.620229,1572.000000
4753,0,0.567160,0.567160,4627.000000,33.000000,2367.000000,3.000000,1924.000000,400.000000,1429.000000,13.000000,0.000000,1446.000000,1547.000000,334.000000,829.000000,249.000000,1446.000000,QLD,0.000000,135.894300,34.048522,0.988243,0.008990,0.000000,0.065288,0.804288,0.172199,0.000000,0.732365,1446.000000
4754,0,0.277500,0.314720,2505.000000,36.000000,1968.000000,2.900000,1700.000000,300.000000,699.000000,18.000000,7.000000,735.000000,779.000000,209.000000,326.000000,164.000000,735.000000,QLD,0.000000,547.864200,4.572301,0.951020,0.024490,0.009524,0.056483,0.727891,0.223129,0.000000,0.712925,735.000000
4799,0,-0.485810,0.485810,971.000000,52.000000,1105.000000,2.400000,1400.000000,220.000000,342.000000,0.000000,5.000000,360.000000,536.000000,168.000000,127.000000,50.000000,360.000000,QLD,0.000000,463.601100,2.094473,0.950000,0.000000,0.013889,0.328358,0.819444,0.138889,0.000000,1.155556,360.000000
4800,0,0.172220,0.256150,10081.000000,44.000000,1489.000000,2.500000,1625.000000,280.000000,3161.000000,130.000000,192.000000,3559.000000,4255.000000,1335.000000,1340.000000,754.000000,3559.000000,QLD,0.000000,2435.989500,4.138359,0.888171,0.036527,0.053948,0.163572,0.751616,0.211857,0.000000,0.889014,3559.000000
4802,0,0.768500,0.831850,13393.000000,36.000000,1622.000000,2.300000,1733.000000,365.000000,2506.000000,478.000000,949.000000,4214.000000,5003.000000,979.000000,1332.000000,1788.000000,4214.000000,QLD,0.000000,287.602900,46.567681,0.594684,0.113431,0.225202,0.157705,0.548410,0.424300,0.000000,0.570954,4214.000000
4804,0,-0.282350,0.503920,2125.000000,43.000000,1242.000000,2.300000,1000.000000,200.000000,660.000000,23.000000,16.000000,709.000000,1108.000000,300.000000,128.000000,225.000000,709.000000,QLD,0.000000,14258.734700,0.149031,0.930889,0.032440,0.022567,0.360108,0.603667,0.317348,0.000000,0.685472,709.000000
4805,0,0.520800,0.537220,11646.000000,42.000000,1344.000000,2.400000,1500.000000,270.000000,3487.000000,531.000000,14.000000,4184.000000,4831.000000,1418.000000,1033.000000,1524.000000,4184.000000,QLD,0.000000,6858.764500,1.697973,0.833413,0.126912,0.003346,0.133927,0.585803,0.364245,0.000000,0.624522,4184.000000
4806,0,0.799000,0.803440,3771.000000,49.000000,1271.000000,2.400000,1100.000000,220.000000,1333.000000,50.000000,0.000000,1431.000000,1689.000000,680.000000,371.000000,318.000000,1431.000000,QLD,0.000000,1315.767900,2.866007,0.931516,0.034941,0.000000,0.152753,0.734451,0.222222,0.000000,0.824598,1431.000000
4807,0,0.348670,0.348670,10785.000000,44.000000,1353.000000,2.300000,1300.000000,230.000000,3557.000000,490.000000,31.000000,4171.000000,4776.000000,1680.000000,1109.000000,1145.000000,4171.000000,QLD,0.000000,2424.956700,4.447502,0.852793,0.117478,0.007432,0.126675,0.668665,0.274515,0.000000,0.708463,4171.000000
4808,0,0.527340,0.527340,1110.000000,46.000000,1496.000000,2.500000,1228.000000,200.000000,392.000000,0.000000,0.000000,411.000000,451.000000,184.000000,118.000000,90.000000,411.000000,QLD,0.000000,203.215600,5.462179,0.953771,0.000000,0.000000,0.088692,0.734793,0.218978,0.000000,0.829684,411.000000
4809,0,0.583650,0.616520,985.000000,47.000000,1303.000000,2.400000,1235.000000,200.000000,356.000000,0.000000,0.000000,363.000000,529.000000,181.000000,102.000000,53.000000,363.000000,QLD,0.000000,1015.455400,0.970008,0.980716,0.000000,0.000000,0.313800,0.779614,0.146006,0.000000,0.988981,363.000000
4810,0,0.527080,0.528100,21697.000000,40.000000,1610.000000,2.000000,1600.000000,300.000000,4134.000000,2082.000000,3074.000000,9421.000000,11238.000000,2282.000000,2337.000000,4506.000000,9421.000000,QLD,0.000000,289.670100,74.902449,0.438807,0.220996,0.326292,0.161684,0.490288,0.478293,0.000000,0.353360,9421.000000
4811,0,0.418710,0.426400,13688.000000,36.000000,1807.000000,2.400000,1517.000000,340.000000,3979.000000,291.000000,422.000000,4769.000000,5197.000000,1201.000000,1696.000000,1762.000000,4769.000000,QLD,0.000000,166.335900,82.291315,0.834347,0.061019,0.088488,0.082355,0.607465,0.369469,0.000000,0.605158,4769.000000
4812,0,0.552980,0.557010,19110.000000,39.000000,1352.000000,2.200000,1400.000000,260.000000,4884.000000,2258.000000,741.000000,7932.000000,8979.000000,1908.000000,2344.000000,3427.000000,7932.000000,QLD,0.000000,13.272800,1439.786631,0.615734,0.284670,0.093419,0.116605,0.536056,0.432047,0.000000,0.438729,7932.000000
4814,0,0.304080,0.325440,46193.000000,34.000000,1717.000000,2.600000,1515.000000,320.000000,13790.000000,1570.000000,377.000000,15821.000000,17274.000000,4096.000000,5335.000000,5937.000000,15821.000000,QLD,0.000000,59.976100,770.190126,0.871626,0.099235,0.023829,0.084115,0.596106,0.375261,0.000000,0.628468,15821.000000
4815,0,0.424930,0.424930,21397.000000,35.000000,1486.000000,2.700000,1408.000000,295.000000,6901.000000,309.000000,123.000000,7345.000000,7951.000000,1681.000000,2738.000000,2545.000000,7345.000000,QLD,0.000000,674.053300,31.743780,0.939551,0.042069,0.016746,0.076217,0.601634,0.346494,0.000000,0.762560,7345.000000
4816,0,0.450070,0.450070,9284.000000,44.000000,1300.000000,2.600000,1560.000000,150.000000,3001.000000,25.000000,47.000000,3161.000000,4075.000000,1208.000000,1010.000000,745.000000,3161.000000,QLD,0.000000,47039.533900,0.197366,0.949383,0.007909,0.014869,0.224294,0.701677,0.235685,0.000000,0.823790,3161.000000
4817,0,0.122650,0.240330,30785.000000,36.000000,1866.000000,2.700000,1517.000000,330.000000,9838.000000,793.000000,80.000000,10817.000000,11570.000000,2764.000000,4373.000000,3455.000000,10817.000000,QLD,0.000000,740.745200,41.559500,0.909494,0.073311,0.007396,0.065082,0.659795,0.319405,0.000000,0.726726,10817.000000
4818,0,0.386230,0.504260,32004.000000,32.000000,2074.000000,2.800000,1702.000000,355.000000,10264.000000,245.000000,30.000000,10702.000000,11488.000000,1956.000000,5075.000000,3472.000000,10702.000000,QLD,0.000000,537.441100,59.548851,0.959073,0.022893,0.002803,0.068419,0.656980,0.324425,0.000000,0.814334,10702.000000
4819,0,0.912480,0.971750,2475.000000,58.000000,1001.000000,1.900000,1353.000000,290.000000,879.000000,97.000000,63.000000,1064.000000,1495.000000,498.000000,238.000000,282.000000,1064.000000,QLD,0.000000,51.152300,48.384921,0.826128,0.091165,0.059211,0.288294,0.691729,0.265038,0.000000,0.730263,1064.000000
4820,0,0.134900,0.222110,10732.000000,41.000000,1341.000000,2.400000,1300.000000,220.000000,3250.000000,346.000000,9.000000,3703.000000,4378.000000,1333.000000,1069.000000,1066.000000,3703.000000,QLD,0.000000,36171.380000,0.296699,0.877667,0.093438,0.002430,0.154180,0.648663,0.287875,0.000000,0.517688,3703.000000
4821,0,-0.668980,0.668980,1451.000000,41.000000,1352.000000,2.300000,769.000000,160.000000,400.000000,81.000000,3.000000,520.000000,710.000000,205.000000,109.000000,164.000000,520.000000,QLD,0.000000,35113.937400,0.041323,0.769231,0.155769,0.005769,0.267606,0.603846,0.315385,0.000000,0.703846,520.000000
4824,0,-0.061790,0.491570,3380.000000,34.000000,1930.000000,2.500000,1200.000000,240.000000,788.000000,24.000000,104.000000,993.000000,1272.000000,218.000000,203.000000,415.000000,993.000000,QLD,0.000000,31688.087200,0.106665,0.793555,0.024169,0.104733,0.219340,0.423968,0.417925,0.000000,0.348439,993.000000
4825,0,0.214450,0.289910,19299.000000,31.000000,2212.000000,2.600000,1536.000000,260.000000,4924.000000,1009.000000,272.000000,6534.000000,7968.000000,1066.000000,1908.000000,2998.000000,6534.000000,QLD,1.000000,99782.136100,0.193411,0.753597,0.154423,0.041628,0.179970,0.455158,0.458831,0.000000,0.411081,6534.000000
4849,0,0.689070,0.689070,1368.000000,60.000000,852.000000,1.900000,1300.000000,252.000000,430.000000,82.000000,57.000000,604.000000,805.000000,270.000000,85.000000,226.000000,604.000000,QLD,0.000000,1094.686900,1.249672,0.711921,0.135762,0.094371,0.249689,0.587748,0.374172,0.000000,0.705298,604.000000
4850,0,0.165760,0.212410,10923.000000,51.000000,1161.000000,2.200000,1170.000000,200.000000,4017.000000,200.000000,134.000000,4438.000000,5374.000000,2156.000000,959.000000,1047.000000,4438.000000,QLD,0.000000,7383.973300,1.479285,0.905137,0.045065,0.030194,0.174172,0.701893,0.235917,0.000000,0.553853,4438.000000
4852,0,0.302990,0.430770,4055.000000,50.000000,1244.000000,2.200000,1400.000000,300.000000,1308.000000,119.000000,127.000000,1599.000000,2031.000000,659.000000,389.000000,486.000000,1599.000000,QLD,0.000000,118.045100,34.351278,0.818011,0.074422,0.079425,0.212703,0.655410,0.303940,0.000000,0.705441,1599.000000
4854,0,0.021350,0.201630,5525.000000,43.000000,1296.000000,2.400000,1300.000000,250.000000,1804.000000,37.000000,120.000000,2012.000000,2345.000000,800.000000,535.000000,536.000000,2012.000000,QLD,0.000000,1722.997600,3.206621,0.896620,0.018390,0.059642,0.142004,0.663519,0.266402,0.000000,0.496024,2012.000000
4858,0,-0.269210,0.404890,1515.000000,44.000000,1419.000000,2.500000,1409.000000,260.000000,522.000000,14.000000,3.000000,553.000000,596.000000,258.000000,179.000000,94.000000,553.000000,QLD,0.000000,75.158400,20.157428,0.943942,0.025316,0.005425,0.072148,0.790235,0.169982,0.000000,0.562387,553.000000
4860,0,0.668070,0.701590,11316.000000,42.000000,1175.000000,2.400000,1285.000000,250.000000,3503.000000,455.000000,189.000000,4219.000000,4737.000000,1518.000000,933.000000,1553.000000,4219.000000,QLD,0.000000,1278.136400,8.853515,0.830292,0.107845,0.044797,0.109352,0.580943,0.368097,0.000000,0.399147,4219.000000
4865,0,0.958610,0.982710,8623.000000,38.000000,1750.000000,2.700000,1647.000000,325.000000,2784.000000,64.000000,49.000000,2906.000000,3149.000000,877.000000,1325.000000,613.000000,2906.000000,QLD,0.000000,191.898400,44.935237,0.958018,0.022023,0.016862,0.077167,0.757743,0.210943,0.000000,0.693049,2906.000000
4868,0,0.541830,0.603020,22896.000000,38.000000,1554.000000,2.600000,1517.000000,350.000000,6669.000000,704.000000,667.000000,8114.000000,8621.000000,2274.000000,2987.000000,2602.000000,8114.000000,QLD,0.000000,26.538400,862.749827,0.821913,0.086764,0.082204,0.058810,0.648386,0.320680,0.000000,0.526497,8114.000000
4869,0,0.818170,0.877630,20619.000000,32.000000,1745.000000,2.900000,1517.000000,365.000000,6113.000000,93.000000,331.000000,6560.000000,6961.000000,1348.000000,2946.000000,2109.000000,6560.000000,QLD,0.000000,67.778300,304.212410,0.931860,0.014177,0.050457,0.057607,0.654573,0.321494,0.000000,0.655183,6560.000000
4870,0,0.641140,0.665650,73803.000000,39.000000,1510.000000,2.400000,1600.000000,310.000000,16200.000000,3591.000000,6902.000000,27162.000000,30413.000000,6689.000000,8524.000000,11016.000000,27162.000000,QLD,0.000000,331.411200,222.693138,0.596421,0.132207,0.254105,0.106895,0.560084,0.405567,0.000000,0.444702,27162.000000
4871,0,0.585130,0.627980,10798.000000,42.000000,1250.000000,2.700000,1300.000000,170.000000,3064.000000,53.000000,66.000000,3454.000000,4076.000000,1413.000000,762.000000,949.000000,3454.000000,QLD,0.000000,86859.025400,0.124316,0.887087,0.015345,0.019108,0.152601,0.629705,0.274754,0.000000,0.535321,3454.000000
4872,0,0.515690,0.522110,4248.000000,49.000000,1253.000000,2.400000,1374.000000,225.000000,1393.000000,4.000000,25.000000,1545.000000,1893.000000,718.000000,354.000000,311.000000,1545.000000,QLD,0.000000,12709.681800,0.334233,0.901618,0.002589,0.016181,0.183835,0.693851,0.201294,0.000000,0.602589,1545.000000
4873,0,0.782410,0.837200,6771.000000,47.000000,1218.000000,2.300000,1430.000000,260.000000,2270.000000,101.000000,111.000000,2557.000000,3029.000000,958.000000,798.000000,673.000000,2557.000000,QLD,0.000000,1562.405900,4.333701,0.887759,0.039499,0.043410,0.155827,0.686742,0.263199,0.000000,0.658193,2557.000000
4877,1,1.326340,1.332940,5462.000000,45.000000,1426.000000,2.200000,1636.000000,350.000000,1035.000000,444.000000,389.000000,1973.000000,2498.000000,607.000000,590.000000,721.000000,1973.000000,QLD,0.000000,164.874000,33.128328,0.524582,0.225038,0.197162,0.210168,0.606690,0.365433,0.000000,0.594019,1973.000000
4878,1,1.138400,1.138400,15044.000000,41.000000,1555.000000,2.400000,1625.000000,360.000000,4311.000000,927.000000,478.000000,5791.000000,6324.000000,1541.000000,2157.000000,1949.000000,5791.000000,QLD,0.000000,50.509600,297.844370,0.744431,0.160076,0.082542,0.084282,0.638577,0.336557,0.000000,0.596097,5791.000000
4879,1,1.063120,1.063120,21919.000000,44.000000,1701.000000,2.400000,1733.000000,400.000000,6501.000000,606.000000,1059.000000,8324.000000,9584.000000,2540.000000,3141.000000,2484.000000,8324.000000,QLD,0.000000,24.517900,893.999894,0.780995,0.072802,0.127222,0.131469,0.682484,0.298414,0.000000,0.655334,8324.000000
4880,0,0.494550,0.515190,14331.000000,40.000000,1304.000000,2.500000,1500.000000,280.000000,4231.000000,47.000000,311.000000,4733.000000,5186.000000,1784.000000,1262.000000,1388.000000,4733.000000,QLD,0.000000,1321.145100,10.847408,0.893936,0.009930,0.065709,0.087351,0.643566,0.293260,0.000000,0.628565,4733.000000
4881,0,0.514000,0.550920,4826.000000,47.000000,1352.000000,2.500000,1647.000000,270.000000,1583.000000,31.000000,43.000000,1735.000000,1910.000000,680.000000,632.000000,342.000000,1735.000000,QLD,0.000000,591.318200,8.161426,0.912392,0.017867,0.024784,0.091623,0.756196,0.197118,0.000000,0.560807,1735.000000
4882,1,1.276140,1.276140,3177.000000,44.000000,1479.000000,2.500000,1600.000000,300.000000,1110.000000,0.000000,0.000000,1144.000000,1226.000000,541.000000,392.000000,157.000000,1144.000000,QLD,0.000000,85.274200,37.256286,0.970280,0.000000,0.000000,0.066884,0.815559,0.137238,0.000000,0.648601,1144.000000
4883,0,0.926930,0.926930,8949.000000,46.000000,1153.000000,2.300000,1368.000000,280.000000,2913.000000,298.000000,209.000000,3500.000000,3865.000000,1340.000000,808.000000,1212.000000,3500.000000,QLD,0.000000,293.126600,30.529471,0.832286,0.085143,0.059714,0.094437,0.613714,0.346286,0.000000,0.387143,3500.000000
4884,0,0.174830,0.294580,1901.000000,53.000000,1332.000000,2.300000,1489.000000,288.000000,723.000000,11.000000,3.000000,759.000000,932.000000,386.000000,189.000000,155.000000,759.000000,QLD,0.000000,192.864400,9.856666,0.952569,0.014493,0.003953,0.185622,0.757576,0.204216,0.000000,0.723320,759.000000
4885,0,0.415800,0.477050,4021.000000,51.000000,1269.000000,2.400000,1339.000000,250.000000,1424.000000,4.000000,54.000000,1492.000000,1691.000000,685.000000,438.000000,305.000000,1492.000000,QLD,0.000000,319.462100,12.586783,0.954424,0.002681,0.036193,0.117682,0.752681,0.204424,0.000000,0.595845,1492.000000
4887,0,-0.134710,0.322450,2127.000000,50.000000,955.000000,2.200000,1083.000000,230.000000,742.000000,10.000000,11.000000,776.000000,915.000000,382.000000,212.000000,124.000000,776.000000,QLD,0.000000,1198.644500,1.774504,0.956186,0.012887,0.014175,0.151913,0.765464,0.159794,0.000000,0.528351,776.000000
4888,1,1.195300,1.195300,2752.000000,52.000000,859.000000,2.200000,1083.000000,250.000000,1051.000000,4.000000,15.000000,1078.000000,1353.000000,530.000000,266.000000,211.000000,1078.000000,QLD,0.000000,559.177100,4.921518,0.974954,0.003711,0.013915,0.203252,0.738404,0.195733,0.000000,0.521336,1078.000000
4895,0,0.615590,0.630670,4594.000000,40.000000,1028.000000,2.400000,1300.000000,140.000000,1376.000000,101.000000,19.000000,1578.000000,1883.000000,470.000000,262.000000,696.000000,1578.000000,QLD,0.000000,9277.254700,0.495190,0.871990,0.064005,0.012041,0.161976,0.463878,0.441065,0.000000,0.356147,1578.000000
5000,0,0.551010,0.638160,18202.000000,31.000000,1365.000000,1.800000,1733.000000,400.000000,355.000000,2201.000000,5520.000000,8254.000000,10257.000000,1445.000000,1234.000000,5266.000000,8254.000000,SA,0.000000,10.482400,1736.434404,0.043009,0.266659,0.668767,0.195281,0.324570,0.637994,0.000000,0.152896,8254.000000
5006,0,0.331820,0.331820,6823.000000,39.000000,1867.000000,1.900000,1914.000000,390.000000,611.000000,1436.000000,801.000000,2862.000000,3419.000000,954.000000,496.000000,1348.000000,2862.000000,SA,0.000000,5.090900,1340.234536,0.213487,0.501747,0.279874,0.162913,0.506639,0.470999,0.000000,0.299790,2862.000000
5007,0,0.844550,0.876490,8200.000000,35.000000,1673.000000,2.100000,1710.000000,365.000000,1517.000000,1291.000000,781.000000,3610.000000,3993.000000,688.000000,1033.000000,1811.000000,3610.000000,SA,0.000000,3.605400,2274.366228,0.420222,0.357618,0.216343,0.095918,0.476731,0.501662,0.000000,0.390582,3610.000000
5008,0,0.886970,0.907130,14384.000000,37.000000,1489.000000,2.400000,1712.000000,310.000000,4138.000000,1187.000000,301.000000,5657.000000,6076.000000,1525.000000,1801.000000,2159.000000,5657.000000,SA,0.000000,6.185400,2325.476121,0.731483,0.209829,0.053208,0.068960,0.587944,0.381651,0.000000,0.467739,5657.000000
5009,0,0.534770,0.587570,5471.000000,38.000000,1561.000000,2.400000,1700.000000,315.000000,1555.000000,421.000000,160.000000,2138.000000,2268.000000,667.000000,734.000000,637.000000,2138.000000,SA,0.000000,3.454100,1583.914768,0.727315,0.196913,0.074836,0.057319,0.655285,0.297942,0.000000,0.554724,2138.000000
5010,0,0.653050,0.666440,6109.000000,38.000000,1229.000000,2.600000,1500.000000,230.000000,1452.000000,559.000000,152.000000,2168.000000,2286.000000,437.000000,695.000000,964.000000,2168.000000,SA,0.000000,5.850700,1044.148563,0.669742,0.257841,0.070111,0.051619,0.522140,0.444649,0.000000,0.623155,2168.000000
5011,1,1.111790,1.111790,13986.000000,36.000000,1729.000000,2.400000,1733.000000,340.000000,3483.000000,1249.000000,711.000000,5462.000000,5817.000000,1341.000000,2144.000000,1858.000000,5462.000000,SA,0.000000,5.512400,2537.188883,0.637679,0.228671,0.130172,0.061028,0.638045,0.340168,0.000000,0.463750,5462.000000
5012,0,0.612590,0.638230,11757.000000,35.000000,1320.000000,2.700000,1506.000000,285.000000,2554.000000,1252.000000,279.000000,4114.000000,4361.000000,896.000000,1273.000000,1784.000000,4114.000000,SA,0.000000,4.375200,2687.191443,0.620807,0.304327,0.067817,0.056638,0.527224,0.433641,0.000000,0.542781,4114.000000
5013,0,0.818590,0.823560,10654.000000,39.000000,1254.000000,2.400000,1441.000000,260.000000,3064.000000,883.000000,129.000000,4109.000000,4399.000000,1067.000000,1513.000000,1402.000000,4109.000000,SA,0.000000,15.091300,705.969665,0.745680,0.214894,0.031394,0.065924,0.627890,0.341202,0.000000,0.591141,4109.000000
5014,0,0.349280,0.435350,12539.000000,41.000000,1372.000000,2.300000,1583.000000,300.000000,3928.000000,1174.000000,218.000000,5340.000000,5709.000000,1590.000000,2022.000000,1571.000000,5340.000000,SA,0.000000,6.118600,2049.325009,0.735581,0.219850,0.040824,0.064635,0.676404,0.294195,0.000000,0.473034,5340.000000
5015,0,0.857210,0.857210,6006.000000,42.000000,1430.000000,2.100000,1517.000000,315.000000,1581.000000,716.000000,434.000000,2760.000000,3071.000000,655.000000,975.000000,1069.000000,2760.000000,SA,0.000000,15.578400,385.533816,0.572826,0.259420,0.157246,0.101270,0.590580,0.387319,0.000000,0.494203,2760.000000
5016,0,0.720690,0.742860,9306.000000,43.000000,1655.000000,2.300000,1710.000000,305.000000,3005.000000,383.000000,370.000000,3769.000000,4044.000000,1177.000000,1565.000000,940.000000,3769.000000,SA,0.000000,4.897900,1899.997958,0.797294,0.101618,0.098169,0.068002,0.727514,0.249403,0.000000,0.572566,3769.000000
5017,0,0.551090,0.594510,5200.000000,40.000000,1144.000000,2.300000,1400.000000,260.000000,1480.000000,535.000000,154.000000,2169.000000,2338.000000,538.000000,753.000000,821.000000,2169.000000,SA,0.000000,3.718000,1398.601399,0.682342,0.246657,0.071000,0.072284,0.595205,0.378515,0.000000,0.502536,2169.000000
5018,0,0.154280,0.356310,5600.000000,51.000000,1566.000000,2.300000,1636.000000,365.000000,1701.000000,498.000000,93.000000,2330.000000,2526.000000,1024.000000,838.000000,372.000000,2330.000000,SA,0.000000,8.909500,628.542567,0.730043,0.213734,0.039914,0.077593,0.799142,0.159657,0.000000,0.691845,2330.000000
5019,0,0.543760,0.607580,9385.000000,48.000000,1437.000000,2.100000,1733.000000,300.000000,2351.000000,1230.000000,357.000000,3978.000000,4378.000000,1255.000000,1254.000000,1348.000000,3978.000000,SA,0.000000,3.932100,2386.765342,0.591001,0.309201,0.089744,0.091366,0.630719,0.338864,0.000000,0.530417,3978.000000
5020,0,0.595770,0.595770,3236.000000,48.000000,1758.000000,2.500000,1950.000000,390.000000,901.000000,363.000000,11.000000,1279.000000,1393.000000,608.000000,436.000000,185.000000,1279.000000,SA,0.000000,1.562200,2071.437716,0.704457,0.283815,0.008600,0.081838,0.816263,0.144644,0.000000,0.617670,1279.000000
5021,0,0.841810,0.841810,6768.000000,54.000000,1548.000000,2.200000,1788.000000,370.000000,1702.000000,957.000000,275.000000,2941.000000,3162.000000,1497.000000,791.000000,464.000000,2941.000000,SA,0.000000,4.491100,1506.980472,0.578715,0.325400,0.093506,0.069892,0.777967,0.157769,0.000000,0.577355,2941.000000
5022,0,0.810380,0.834130,16343.000000,47.000000,1871.000000,2.300000,2000.000000,340.000000,4054.000000,1376.000000,1184.000000,6633.000000,7327.000000,2582.000000,2075.000000,1759.000000,6633.000000,SA,0.000000,7.791500,2097.542193,0.611186,0.207448,0.178501,0.094718,0.702096,0.265189,0.000000,0.567013,6633.000000
5023,0,0.717080,0.786790,17880.000000,39.000000,1347.000000,2.300000,1712.000000,310.000000,4901.000000,1730.000000,755.000000,7415.000000,7984.000000,2153.000000,2341.000000,2654.000000,7415.000000,SA,0.000000,7.039200,2540.061371,0.660958,0.233311,0.101821,0.071268,0.606069,0.357923,0.000000,0.435199,7415.000000
5024,0,0.546670,0.616380,14670.000000,45.000000,1672.000000,2.500000,2000.000000,340.000000,4140.000000,733.000000,804.000000,5695.000000,6159.000000,2443.000000,1752.000000,1343.000000,5695.000000,SA,0.000000,7.927000,1850.637063,0.726953,0.128709,0.141176,0.075337,0.736611,0.235821,0.000000,0.555224,5695.000000
5025,0,0.654680,0.703100,9358.000000,41.000000,1710.000000,2.500000,1814.000000,375.000000,2973.000000,423.000000,152.000000,3561.000000,3741.000000,1400.000000,1196.000000,870.000000,3561.000000,SA,0.000000,3.945300,2371.936228,0.834878,0.118787,0.042685,0.048115,0.729009,0.244313,0.000000,0.534120,3561.000000
5031,0,0.722420,0.805030,10108.000000,37.000000,1664.000000,2.300000,1800.000000,350.000000,2692.000000,1045.000000,449.000000,4210.000000,4575.000000,1199.000000,1124.000000,1766.000000,4210.000000,SA,0.000000,5.695000,1774.890255,0.639430,0.248219,0.106651,0.079781,0.551781,0.419477,0.000000,0.436342,4210.000000
5032,0,0.837400,0.838650,13452.000000,40.000000,1635.000000,2.400000,1800.000000,300.000000,3709.000000,701.000000,1035.000000,5468.000000,5913.000000,1826.000000,1705.000000,1702.000000,5468.000000,SA,0.000000,5.702000,2359.172220,0.678310,0.128200,0.189283,0.075258,0.645757,0.311266,0.000000,0.456108,5468.000000
5033,0,0.793180,0.793180,8870.000000,37.000000,1418.000000,2.300000,1647.000000,300.000000,2349.000000,772.000000,506.000000,3660.000000,3955.000000,879.000000,1124.000000,1574.000000,3660.000000,SA,0.000000,3.651000,2429.471378,0.641803,0.210929,0.138251,0.074589,0.547268,0.430055,0.000000,0.413934,3660.000000
5034,0,0.754740,0.780030,10148.000000,41.000000,2020.000000,2.400000,2105.000000,350.000000,2571.000000,366.000000,1132.000000,4076.000000,4451.000000,1504.000000,1205.000000,1263.000000,4076.000000,SA,0.000000,4.045000,2508.776267,0.630765,0.089794,0.277723,0.084251,0.664622,0.309863,0.000000,0.491904,4076.000000
5035,0,0.489490,0.489490,6364.000000,37.000000,1627.000000,2.300000,1733.000000,300.000000,1261.000000,517.000000,927.000000,2712.000000,2989.000000,714.000000,744.000000,1117.000000,2712.000000,SA,0.000000,3.022200,2105.750778,0.464971,0.190634,0.341814,0.092673,0.537611,0.411873,0.000000,0.400442,2712.000000
5037,0,0.741820,0.768430,11702.000000,37.000000,1575.000000,2.300000,1733.000000,320.000000,2919.000000,1220.000000,554.000000,4711.000000,5101.000000,1314.000000,1474.000000,1672.000000,4711.000000,SA,0.000000,4.368400,2678.783994,0.619614,0.258968,0.117597,0.076456,0.591806,0.354914,0.000000,0.438760,4711.000000
5038,1,1.119870,1.119870,17401.000000,36.000000,1553.000000,2.300000,1733.000000,315.000000,4246.000000,1668.000000,1428.000000,7373.000000,7923.000000,1876.000000,2366.000000,2842.000000,7373.000000,SA,0.000000,5.753800,3024.262227,0.575885,0.226231,0.193680,0.069418,0.575342,0.385460,0.000000,0.415028,7373.000000
5039,0,0.930400,0.995950,9202.000000,37.000000,1554.000000,2.400000,1821.000000,300.000000,2599.000000,562.000000,595.000000,3762.000000,4068.000000,970.000000,1341.000000,1273.000000,3762.000000,SA,0.000000,4.633600,1985.928867,0.690856,0.149389,0.158161,0.075221,0.614301,0.338384,0.000000,0.543594,3762.000000
5040,0,0.209200,0.435420,2508.000000,45.000000,1468.000000,2.400000,2060.000000,165.000000,745.000000,189.000000,0.000000,937.000000,1003.000000,370.000000,300.000000,249.000000,937.000000,SA,0.000000,1.764700,1421.204737,0.795091,0.201708,0.000000,0.065803,0.715048,0.265742,0.000000,0.602988,937.000000
5041,1,1.077960,1.085690,13540.000000,42.000000,2025.000000,2.600000,2000.000000,320.000000,3731.000000,564.000000,700.000000,5020.000000,5315.000000,1896.000000,1986.000000,1021.000000,5020.000000,SA,0.000000,6.210300,2180.248941,0.743227,0.112351,0.139442,0.055503,0.773307,0.203386,0.000000,0.555179,5020.000000
5042,0,0.901160,0.914530,11832.000000,36.000000,1476.000000,2.400000,1625.000000,315.000000,2992.000000,1196.000000,309.000000,4529.000000,4841.000000,1253.000000,1497.000000,1484.000000,4529.000000,SA,0.000000,8.653500,1367.308026,0.660631,0.264076,0.068227,0.064449,0.607198,0.327666,0.000000,0.528152,4529.000000
5043,1,1.043370,1.070240,20327.000000,38.000000,1307.000000,2.200000,1614.000000,300.000000,4876.000000,2730.000000,1100.000000,8736.000000,9288.000000,2210.000000,2601.000000,3536.000000,8736.000000,SA,0.000000,8.218400,2473.352477,0.558150,0.312500,0.125916,0.059432,0.550710,0.404762,0.000000,0.449176,8736.000000
5044,1,1.015840,1.021770,11578.000000,47.000000,1724.000000,2.300000,2000.000000,350.000000,2887.000000,1590.000000,280.000000,4768.000000,5282.000000,1836.000000,1557.000000,1081.000000,4768.000000,SA,0.000000,4.103700,2821.356337,0.605495,0.333473,0.058725,0.097312,0.711619,0.226720,0.000000,0.531250,4768.000000
5045,1,1.042180,1.042180,16071.000000,47.000000,1600.000000,2.100000,1950.000000,330.000000,2920.000000,2326.000000,1962.000000,7271.000000,8447.000000,2506.000000,1884.000000,2583.000000,7271.000000,SA,0.000000,5.769900,2785.316903,0.401595,0.319901,0.269839,0.139221,0.603768,0.355247,0.000000,0.372714,7271.000000
5046,0,0.826380,0.956120,9756.000000,40.000000,1421.000000,2.200000,1733.000000,335.000000,2388.000000,1565.000000,194.000000,4160.000000,4539.000000,1260.000000,1389.000000,1388.000000,4160.000000,SA,0.000000,4.023400,2424.814833,0.574038,0.376202,0.046635,0.083499,0.636779,0.333654,0.000000,0.459856,4160.000000
5047,0,0.660860,0.734780,8981.000000,37.000000,1434.000000,2.400000,1733.000000,350.000000,2548.000000,1066.000000,25.000000,3655.000000,3879.000000,1033.000000,1248.000000,1285.000000,3655.000000,SA,0.000000,4.182300,2147.383019,0.697127,0.291655,0.006840,0.057747,0.624077,0.351573,0.000000,0.518194,3655.000000
5048,0,0.741520,0.757400,15510.000000,47.000000,1576.000000,2.300000,1850.000000,350.000000,4308.000000,1753.000000,267.000000,6361.000000,6887.000000,2334.000000,2039.000000,1632.000000,6361.000000,SA,0.000000,5.808200,2670.362591,0.677252,0.275586,0.041975,0.076376,0.687471,0.256563,0.000000,0.558088,6361.000000
5049,0,0.790360,0.812070,10380.000000,44.000000,1853.000000,2.500000,1852.000000,375.000000,3392.000000,384.000000,195.000000,3999.000000,4278.000000,1651.000000,1609.000000,676.000000,3999.000000,SA,0.000000,9.154300,1133.893362,0.848212,0.096024,0.048762,0.065217,0.815204,0.169042,0.000000,0.650913,3999.000000
5050,0,0.728820,0.738100,5734.000000,45.000000,1871.000000,2.600000,1800.000000,380.000000,1919.000000,202.000000,0.000000,2128.000000,2238.000000,888.000000,888.000000,247.000000,2128.000000,SA,0.000000,6.560300,874.045394,0.901786,0.094925,0.000000,0.049151,0.834586,0.116071,0.000000,0.674342,2128.000000
5051,0,0.809160,0.809160,15130.000000,42.000000,2172.000000,2.700000,1950.000000,375.000000,5043.000000,140.000000,266.000000,5457.000000,5709.000000,2101.000000,2766.000000,516.000000,5457.000000,SA,0.000000,17.684500,855.551472,0.924134,0.025655,0.048745,0.044141,0.891882,0.094557,0.000000,0.685908,5457.000000
5052,0,0.902780,0.915860,6756.000000,45.000000,2168.000000,2.600000,2000.000000,380.000000,2246.000000,190.000000,13.000000,2466.000000,2584.000000,1003.000000,1116.000000,205.000000,2466.000000,SA,0.000000,16.024800,421.596525,0.910787,0.077048,0.005272,0.045666,0.859286,0.083131,0.000000,0.595702,2466.000000
5061,0,0.838430,0.838430,9752.000000,44.000000,2291.000000,2.400000,2383.000000,375.000000,2544.000000,607.000000,771.000000,3928.000000,4296.000000,1610.000000,1157.000000,1084.000000,3928.000000,SA,0.000000,4.039100,2414.399247,0.647658,0.154532,0.196283,0.085661,0.704430,0.275967,0.000000,0.518839,3928.000000
5062,0,0.786920,0.835620,15502.000000,44.000000,2194.000000,2.600000,2167.000000,340.000000,4057.000000,810.000000,904.000000,5790.000000,6208.000000,2452.000000,2108.000000,1084.000000,5790.000000,SA,0.000000,16.507700,939.076916,0.700691,0.139896,0.156131,0.067332,0.787565,0.187219,0.000000,0.608290,5790.000000
5063,0,0.846610,0.870980,12742.000000,42.000000,1916.000000,2.300000,2078.000000,380.000000,2718.000000,1397.000000,1031.000000,5155.000000,5635.000000,1717.000000,1455.000000,1725.000000,5155.000000,SA,0.000000,3.858500,3302.319554,0.527255,0.270999,0.200000,0.085182,0.615325,0.334627,0.000000,0.421339,5155.000000
5064,0,0.430000,0.520890,10756.000000,46.000000,2131.000000,2.600000,2556.000000,400.000000,2715.000000,709.000000,356.000000,3795.000000,4085.000000,1639.000000,1306.000000,606.000000,3795.000000,SA,0.000000,7.887500,1363.676704,0.715415,0.186825,0.093808,0.070991,0.776021,0.159684,0.000000,0.616337,3795.000000
5065,0,0.827510,0.862550,10987.000000,43.000000,1859.000000,2.400000,2167.000000,335.000000,2412.000000,1362.000000,600.000000,4381.000000,4826.000000,1754.000000,1141.000000,1210.000000,4381.000000,SA,0.000000,4.287800,2562.386305,0.550559,0.310888,0.136955,0.092209,0.660808,0.276193,0.000000,0.484136,4381.000000
5066,0,0.539140,0.564460,12237.000000,45.000000,2399.000000,2.700000,2455.000000,410.000000,3626.000000,721.000000,101.000000,4462.000000,4794.000000,2070.000000,1701.000000,580.000000,4462.000000,SA,0.000000,9.057700,1351.005222,0.812640,0.161587,0.022636,0.069253,0.845137,0.129987,0.000000,0.632900,4462.000000
5067,0,0.698510,0.789030,10773.000000,40.000000,1820.000000,2.100000,2150.000000,380.000000,1850.000000,1934.000000,983.000000,4793.000000,5419.000000,1502.000000,1062.000000,2031.000000,4793.000000,SA,0.000000,3.925500,2744.363775,0.385980,0.403505,0.205091,0.115519,0.534947,0.423743,0.000000,0.370332,4793.000000
5068,0,0.808220,0.827430,12648.000000,44.000000,1725.000000,2.300000,2000.000000,340.000000,2758.000000,1544.000000,912.000000,5247.000000,5721.000000,1911.000000,1383.000000,1585.000000,5247.000000,SA,0.000000,5.051500,2503.810749,0.525634,0.294263,0.173814,0.082853,0.627787,0.302077,0.000000,0.443873,5247.000000
5069,0,0.593060,0.669980,8387.000000,41.000000,1976.000000,2.300000,2179.000000,330.000000,2161.000000,749.000000,477.000000,3420.000000,3725.000000,1252.000000,957.000000,1062.000000,3420.000000,SA,0.000000,3.845400,2181.047485,0.631871,0.219006,0.139474,0.081879,0.645906,0.310526,0.000000,0.511111,3420.000000
5070,0,0.588080,0.675900,15393.000000,41.000000,1507.000000,2.200000,1828.000000,320.000000,3708.000000,1429.000000,1333.000000,6483.000000,7022.000000,2058.000000,1805.000000,2195.000000,6483.000000,SA,0.000000,6.215100,2476.709948,0.571957,0.220423,0.205615,0.076759,0.595866,0.338578,0.000000,0.454419,6483.000000
5072,0,0.704850,0.746720,13937.000000,41.000000,1797.000000,2.500000,2000.000000,350.000000,4001.000000,888.000000,535.000000,5432.000000,5839.000000,1992.000000,1782.000000,1391.000000,5432.000000,SA,0.000000,14.212900,980.588057,0.736561,0.163476,0.098490,0.069704,0.694772,0.256075,0.000000,0.567194,5432.000000
5073,1,1.268930,1.271560,16831.000000,40.000000,1667.000000,2.500000,1842.000000,350.000000,4883.000000,863.000000,733.000000,6482.000000,6909.000000,2471.000000,2113.000000,1747.000000,6482.000000,SA,0.000000,7.504600,2242.757775,0.753317,0.133138,0.113082,0.061803,0.707189,0.269516,0.000000,0.542425,6482.000000
5074,0,0.773710,0.858520,14380.000000,39.000000,1447.000000,2.400000,1707.000000,335.000000,3800.000000,1271.000000,659.000000,5744.000000,6171.000000,1831.000000,1795.000000,1849.000000,5744.000000,SA,0.000000,5.652500,2544.007077,0.661560,0.221274,0.114728,0.069195,0.631267,0.321901,0.000000,0.512013,5744.000000
5075,0,0.319130,0.523400,11283.000000,43.000000,1477.000000,2.500000,1650.000000,350.000000,3539.000000,537.000000,299.000000,4384.000000,4645.000000,1680.000000,1459.000000,1026.000000,4384.000000,SA,0.000000,5.606500,2012.485508,0.807254,0.122491,0.068203,0.056189,0.716013,0.234033,0.000000,0.564097,4384.000000
5076,0,0.839470,0.860750,9619.000000,43.000000,1938.000000,2.700000,1733.000000,360.000000,3008.000000,461.000000,79.000000,3551.000000,3694.000000,1562.000000,1451.000000,453.000000,3551.000000,SA,0.000000,10.671500,901.372815,0.847085,0.129823,0.022247,0.038711,0.848493,0.127570,0.000000,0.625458,3551.000000
5081,0,0.823650,0.845820,9874.000000,43.000000,2056.000000,2.400000,2167.000000,355.000000,2481.000000,881.000000,528.000000,3913.000000,4293.000000,1505.000000,1109.000000,1149.000000,3913.000000,SA,0.000000,4.195700,2353.361775,0.634040,0.225147,0.134935,0.088516,0.668030,0.293637,0.000000,0.524917,3913.000000
5082,0,0.601710,0.697600,16310.000000,37.000000,1995.000000,2.500000,1950.000000,340.000000,4241.000000,1103.000000,921.000000,6290.000000,6737.000000,1860.000000,2062.000000,2197.000000,6290.000000,SA,0.000000,5.635800,2893.999077,0.674245,0.175358,0.146423,0.066350,0.623529,0.349285,0.000000,0.478855,6290.000000
5083,1,1.083240,1.083240,7953.000000,37.000000,1779.000000,2.400000,1795.000000,320.000000,2167.000000,711.000000,307.000000,3194.000000,3470.000000,901.000000,1089.000000,1110.000000,3194.000000,SA,0.000000,2.823400,2816.816604,0.678460,0.222605,0.096118,0.079539,0.623043,0.347527,0.000000,0.472761,3194.000000
5084,0,0.591500,0.750590,10908.000000,33.000000,1314.000000,2.700000,1517.000000,290.000000,2322.000000,1114.000000,320.000000,3784.000000,4129.000000,736.000000,1017.000000,1900.000000,3784.000000,SA,0.000000,4.861000,2243.982720,0.613636,0.294397,0.084567,0.083555,0.463266,0.502114,0.000000,0.446089,3784.000000
5085,1,1.048120,1.048120,24786.000000,34.000000,1692.000000,2.600000,1642.000000,350.000000,6439.000000,2103.000000,397.000000,8969.000000,9591.000000,1735.000000,3619.000000,3293.000000,8969.000000,SA,0.000000,8.526600,2906.903103,0.717917,0.234474,0.044264,0.064852,0.596945,0.367154,0.000000,0.608429,8969.000000
5086,0,0.838920,0.868540,17619.000000,36.000000,1574.000000,2.600000,1625.000000,300.000000,5178.000000,980.000000,438.000000,6598.000000,6995.000000,1586.000000,2472.000000,2343.000000,6598.000000,SA,0.000000,7.002700,2516.029531,0.784783,0.148530,0.066384,0.056755,0.615035,0.355108,0.000000,0.611852,6598.000000
5087,1,1.018310,1.026110,12541.000000,36.000000,1536.000000,2.400000,1628.000000,310.000000,3644.000000,822.000000,490.000000,5022.000000,5340.000000,1332.000000,1633.000000,1917.000000,5022.000000,SA,0.000000,5.029900,2493.290125,0.725607,0.163680,0.097571,0.059551,0.590402,0.381720,0.000000,0.507168,5022.000000
5088,0,0.342940,0.504700,3716.000000,37.000000,1363.000000,2.400000,1500.000000,300.000000,1198.000000,199.000000,81.000000,1476.000000,1582.000000,384.000000,535.000000,520.000000,1476.000000,SA,0.000000,1.893000,1963.021659,0.811653,0.134824,0.054878,0.067004,0.622629,0.352304,0.000000,0.592818,1476.000000
5089,0,0.795660,0.827110,6956.000000,41.000000,2038.000000,2.700000,1733.000000,369.000000,2410.000000,65.000000,0.000000,2482.000000,2578.000000,1032.000000,1114.000000,300.000000,2482.000000,SA,0.000000,4.329800,1606.540718,0.970991,0.026189,0.000000,0.037238,0.864625,0.120870,0.000000,0.652699,2482.000000
5090,0,0.839100,0.839100,8184.000000,46.000000,1270.000000,2.300000,1517.000000,320.000000,2414.000000,787.000000,83.000000,3296.000000,3484.000000,1076.000000,1114.000000,644.000000,3296.000000,SA,0.000000,5.053800,1619.375519,0.732403,0.238774,0.025182,0.053961,0.664442,0.195388,0.000000,0.588289,3296.000000
5091,0,0.631540,0.772560,7872.000000,42.000000,1713.000000,2.600000,1582.000000,340.000000,2863.000000,50.000000,89.000000,3002.000000,3140.000000,1188.000000,1409.000000,360.000000,3002.000000,SA,0.000000,8.591800,916.222445,0.953698,0.016656,0.029647,0.043949,0.865090,0.119920,0.000000,0.627915,3002.000000
5092,0,0.893880,0.914790,18288.000000,39.000000,1492.000000,2.500000,1471.000000,335.000000,6142.000000,672.000000,163.000000,6997.000000,7323.000000,2387.000000,2864.000000,1540.000000,6997.000000,SA,0.000000,9.449400,1935.360975,0.877805,0.096041,0.023296,0.044517,0.750464,0.220094,0.000000,0.602258,6997.000000
5093,0,0.658090,0.730410,9426.000000,39.000000,1417.000000,2.500000,1430.000000,320.000000,3245.000000,198.000000,138.000000,3587.000000,3783.000000,1216.000000,1431.000000,839.000000,3587.000000,SA,0.000000,4.387800,2148.229181,0.904656,0.055199,0.038472,0.051811,0.737943,0.233900,0.000000,0.637301,3587.000000
5094,0,0.120350,0.463560,912.000000,38.000000,1320.000000,2.600000,1348.000000,310.000000,297.000000,33.000000,0.000000,334.000000,362.000000,134.000000,102.000000,99.000000,334.000000,SA,0.000000,30.825500,29.585895,0.889222,0.098802,0.000000,0.077348,0.706587,0.296407,0.000000,1.227545,334.000000
5095,0,0.616060,0.702120,21372.000000,34.000000,1659.000000,2.600000,1517.000000,350.000000,5821.000000,1263.000000,798.000000,7925.000000,8410.000000,1812.000000,3092.000000,2799.000000,7925.000000,SA,0.000000,11.507900,1857.158995,0.734511,0.159369,0.100694,0.057669,0.618801,0.353186,0.000000,0.558864,7925.000000
5096,0,0.525190,0.535130,13765.000000,38.000000,1442.000000,2.600000,1320.000000,310.000000,4610.000000,453.000000,49.000000,5117.000000,5377.000000,1650.000000,2188.000000,1157.000000,5117.000000,SA,0.000000,9.524300,1445.250570,0.900919,0.088528,0.009576,0.048354,0.750049,0.226109,0.000000,0.695329,5117.000000
5097,0,0.984490,0.985610,13908.000000,42.000000,1564.000000,2.400000,1500.000000,335.000000,4689.000000,230.000000,531.000000,5457.000000,5721.000000,1949.000000,2404.000000,897.000000,5457.000000,SA,0.000000,6.991000,1989.414962,0.859263,0.042148,0.097306,0.046146,0.797691,0.164376,0.000000,0.607110,5457.000000
5098,0,0.459500,0.586570,13058.000000,40.000000,1375.000000,2.500000,1449.000000,320.000000,4336.000000,381.000000,135.000000,4863.000000,5118.000000,1594.000000,1856.000000,1115.000000,4863.000000,SA,0.000000,6.100100,2140.620646,0.891631,0.078347,0.027761,0.049824,0.709439,0.229282,0.000000,0.680855,4863.000000
5107,0,0.481430,0.528460,18636.000000,36.000000,1385.000000,2.900000,1381.000000,300.000000,5537.000000,513.000000,134.000000,6199.000000,6458.000000,1708.000000,2499.000000,1731.000000,6199.000000,SA,0.000000,7.921000,2352.733241,0.893209,0.082755,0.021616,0.040105,0.678658,0.279239,0.000000,0.703985,6199.000000
5108,0,0.218900,0.410490,43329.000000,36.000000,1226.000000,2.700000,1257.000000,280.000000,12213.000000,2415.000000,720.000000,15377.000000,16168.000000,3750.000000,6033.000000,5180.000000,15377.000000,SA,0.000000,18.357200,2360.327283,0.794238,0.157053,0.046823,0.048924,0.636210,0.336867,0.000000,0.577681,15377.000000
5109,0,0.903530,0.903530,20748.000000,39.000000,1255.000000,2.500000,1300.000000,295.000000,6858.000000,818.000000,145.000000,7821.000000,8239.000000,2484.000000,3253.000000,1803.000000,7821.000000,SA,0.000000,14.603400,1420.765027,0.876870,0.104590,0.018540,0.050734,0.733538,0.230533,0.000000,0.649661,7821.000000
5110,0,0.274710,0.473010,9345.000000,36.000000,1403.000000,2.800000,1378.000000,310.000000,2836.000000,100.000000,0.000000,3099.000000,3267.000000,884.000000,1378.000000,742.000000,3099.000000,SA,0.000000,65.677600,142.285954,0.915134,0.032268,0.000000,0.051423,0.729913,0.239432,0.000000,0.707970,3099.000000
5112,0,0.746610,0.746610,20445.000000,37.000000,992.000000,2.500000,1192.000000,230.000000,5069.000000,2420.000000,183.000000,7682.000000,8345.000000,1655.000000,2422.000000,3306.000000,7682.000000,SA,0.000000,14.879800,1374.010403,0.659854,0.315022,0.023822,0.079449,0.530721,0.430357,0.000000,0.491929,7682.000000
5113,1,1.029020,1.029020,19570.000000,34.000000,944.000000,2.500000,975.000000,250.000000,5082.000000,2012.000000,125.000000,7232.000000,7909.000000,1389.000000,2180.000000,3398.000000,7232.000000,SA,0.000000,12.505700,1564.886412,0.702710,0.278208,0.017284,0.085599,0.493501,0.469856,0.000000,0.493225,7232.000000
5114,1,1.260210,1.260210,36847.000000,33.000000,1481.000000,2.800000,1300.000000,300.000000,12070.000000,522.000000,73.000000,12670.000000,13291.000000,2494.000000,5975.000000,3955.000000,12670.000000,SA,0.000000,152.828600,241.100161,0.952644,0.041200,0.005762,0.046723,0.668429,0.312155,0.000000,0.672376,12670.000000
5115,1,2.031770,2.031770,13032.000000,29.000000,1439.000000,2.700000,1300.000000,300.000000,4301.000000,289.000000,7.000000,4616.000000,4873.000000,502.000000,2098.000000,1926.000000,4616.000000,SA,0.000000,19.706200,661.314713,0.931759,0.062608,0.001516,0.052740,0.563258,0.417244,0.000000,0.615901,4616.000000
5116,1,1.442320,1.442320,10731.000000,38.000000,1301.000000,2.400000,1387.000000,300.000000,3404.000000,729.000000,40.000000,4232.000000,4474.000000,1146.000000,1619.000000,1294.000000,4232.000000,SA,0.000000,23.559100,455.492782,0.804348,0.172259,0.009452,0.054090,0.653355,0.305766,0.000000,0.668478,4232.000000
5117,1,2.340240,2.340240,4051.000000,35.000000,2248.000000,3.100000,1827.000000,350.000000,1250.000000,23.000000,0.000000,1276.000000,1329.000000,318.000000,791.000000,63.000000,1276.000000,SA,0.000000,14.054300,288.239187,0.979624,0.018025,0.000000,0.039880,0.869122,0.049373,0.000000,1.614420,1276.000000
5118,0,0.869270,0.893900,19229.000000,43.000000,1488.000000,2.500000,1452.000000,280.000000,6367.000000,942.000000,85.000000,7440.000000,7926.000000,2390.000000,3201.000000,1600.000000,7440.000000,SA,0.000000,166.937300,115.186959,0.855780,0.126613,0.011425,0.061317,0.751478,0.215054,0.000000,0.733602,7440.000000
5120,1,2.009530,2.020100,2859.000000,35.000000,1763.000000,2.800000,1733.000000,300.000000,835.000000,19.000000,0.000000,947.000000,1029.000000,325.000000,471.000000,113.000000,947.000000,SA,0.000000,86.198600,33.167592,0.881732,0.020063,0.000000,0.079689,0.840549,0.119324,0.000000,1.519535,947.000000
5121,1,1.599100,1.642460,2347.000000,37.000000,1390.000000,2.500000,1454.000000,333.000000,872.000000,9.000000,0.000000,885.000000,946.000000,320.000000,421.000000,120.000000,885.000000,SA,0.000000,32.971900,71.181825,0.985311,0.010169,0.000000,0.064482,0.837288,0.135593,0.000000,1.020339,885.000000
5125,0,0.825870,0.825870,20405.000000,42.000000,1841.000000,2.600000,1635.000000,320.000000,6909.000000,686.000000,3.000000,7605.000000,7850.000000,2426.000000,3452.000000,1417.000000,7605.000000,SA,0.000000,25.256400,807.914034,0.908481,0.090204,0.000394,0.031210,0.772913,0.186325,0.000000,0.654306,7605.000000
5126,0,0.490150,0.706590,7406.000000,40.000000,1809.000000,2.600000,1517.000000,340.000000,2729.000000,63.000000,0.000000,2792.000000,2904.000000,944.000000,1425.000000,383.000000,2792.000000,SA,0.000000,5.806700,1275.423218,0.977436,0.022564,0.000000,0.038567,0.848496,0.137178,0.000000,0.604585,2792.000000
5127,0,0.568780,0.672360,7865.000000,42.000000,1733.000000,2.500000,1517.000000,310.000000,2681.000000,327.000000,8.000000,3022.000000,3127.000000,1097.000000,1319.000000,553.000000,3022.000000,SA,0.000000,4.419900,1779.452024,0.887161,0.108206,0.002647,0.033579,0.799471,0.182991,0.000000,0.636995,3022.000000
5131,0,0.311300,0.437560,979.000000,49.000000,2243.000000,2.900000,2000.000000,395.000000,330.000000,3.000000,0.000000,329.000000,354.000000,165.000000,151.000000,7.000000,329.000000,SA,0.000000,21.301100,45.960068,1.003040,0.009119,0.000000,0.070621,0.960486,0.021277,0.000000,0.887538,329.000000
5141,0,0.839800,0.839800,772.000000,43.000000,2241.000000,2.900000,2167.000000,365.000000,243.000000,5.000000,0.000000,247.000000,259.000000,105.000000,117.000000,20.000000,247.000000,SA,0.000000,13.192300,58.518985,0.983806,0.020243,0.000000,0.046332,0.898785,0.080972,0.000000,0.890688,247.000000
5152,0,0.834410,0.844740,6389.000000,46.000000,2430.000000,2.600000,2167.000000,420.000000,2266.000000,53.000000,31.000000,2347.000000,2496.000000,1025.000000,1024.000000,204.000000,2347.000000,SA,0.000000,32.833000,194.590808,0.965488,0.022582,0.013208,0.059696,0.873029,0.086919,0.000000,0.538134,2347.000000
5153,0,0.551340,0.552740,6732.000000,45.000000,2033.000000,2.700000,1733.000000,340.000000,2315.000000,5.000000,24.000000,2356.000000,2610.000000,975.000000,1134.000000,177.000000,2356.000000,SA,0.000000,208.012400,32.363455,0.982598,0.002122,0.010187,0.097318,0.895161,0.075127,0.000000,0.878183,2356.000000
5154,0,0.639490,0.692740,3471.000000,45.000000,2561.000000,2.800000,2200.000000,500.000000,1186.000000,0.000000,0.000000,1192.000000,1253.000000,542.000000,564.000000,71.000000,1192.000000,SA,0.000000,8.405600,412.938993,0.994966,0.000000,0.000000,0.048683,0.927852,0.059564,0.000000,0.599832,1192.000000
5155,0,0.233210,0.442950,3994.000000,41.000000,2074.000000,2.600000,1733.000000,400.000000,1484.000000,15.000000,3.000000,1503.000000,1591.000000,536.000000,784.000000,150.000000,1503.000000,SA,0.000000,15.075700,264.929655,0.987359,0.009980,0.001996,0.055311,0.878244,0.099800,0.000000,0.579508,1503.000000
5157,0,0.598020,0.608980,3015.000000,48.000000,1936.000000,2.700000,1950.000000,285.000000,1049.000000,5.000000,0.000000,1059.000000,1159.000000,484.000000,469.000000,72.000000,1059.000000,SA,0.000000,191.799500,15.719540,0.990557,0.004721,0.000000,0.086281,0.899906,0.067989,0.000000,0.947120,1059.000000
5158,0,0.606870,0.623540,25087.000000,41.000000,1857.000000,2.600000,1600.000000,370.000000,8881.000000,378.000000,3.000000,9262.000000,9619.000000,3219.000000,4646.000000,1279.000000,9262.000000,SA,0.000000,23.501800,1067.450153,0.958864,0.040812,0.000324,0.037114,0.849169,0.138091,0.000000,0.712157,9262.000000
5159,0,0.838430,0.838430,33635.000000,43.000000,1801.000000,2.600000,1590.000000,355.000000,11696.000000,724.000000,13.000000,12507.000000,13037.000000,4411.000000,6045.000000,1450.000000,12507.000000,SA,0.000000,37.423100,898.776424,0.935156,0.057888,0.001039,0.040654,0.836012,0.115935,0.000000,0.672823,12507.000000
5161,0,0.687610,0.702210,10286.000000,40.000000,1334.000000,2.400000,1365.000000,325.000000,3726.000000,469.000000,12.000000,4212.000000,4403.000000,1357.000000,1895.000000,775.000000,4212.000000,SA,0.000000,7.705300,1334.925311,0.884615,0.111349,0.002849,0.043380,0.772080,0.183998,0.000000,0.627968,4212.000000
5162,0,0.867630,0.867630,35328.000000,41.000000,1308.000000,2.400000,1300.000000,300.000000,12190.000000,1770.000000,72.000000,14180.000000,14874.000000,4102.000000,6088.000000,3436.000000,14180.000000,SA,0.000000,19.686100,1794.565709,0.859661,0.124824,0.005078,0.046659,0.718618,0.242313,0.000000,0.618688,14180.000000
5163,0,0.642810,0.659870,14922.000000,40.000000,1209.000000,2.400000,1300.000000,280.000000,5175.000000,490.000000,103.000000,5768.000000,6067.000000,1523.000000,2530.000000,1572.000000,5768.000000,SA,0.000000,34.620000,431.022530,0.897191,0.084951,0.017857,0.049283,0.702670,0.272538,0.000000,0.654126,5768.000000
5164,0,0.138040,0.320840,5239.000000,41.000000,889.000000,2.200000,1148.000000,250.000000,1637.000000,473.000000,25.000000,2130.000000,2327.000000,489.000000,578.000000,980.000000,2130.000000,SA,0.000000,3.193400,1640.571178,0.768545,0.222066,0.011737,0.084658,0.500939,0.460094,0.000000,0.456808,2130.000000
5165,0,0.390290,0.462400,5962.000000,39.000000,1194.000000,2.200000,1395.000000,325.000000,1966.000000,486.000000,68.000000,2545.000000,2789.000000,655.000000,721.000000,1097.000000,2545.000000,SA,0.000000,2.863900,2081.776598,0.772495,0.190963,0.026719,0.087487,0.540668,0.431041,0.000000,0.429862,2545.000000
5166,0,0.311400,0.342410,1844.000000,44.000000,1072.000000,2.200000,1200.000000,300.000000,763.000000,53.000000,0.000000,816.000000,906.000000,274.000000,284.000000,239.000000,816.000000,SA,0.000000,1.861700,990.492561,0.935049,0.064951,0.000000,0.099338,0.683824,0.292892,0.000000,0.567402,816.000000
5167,0,0.841880,0.857650,6303.000000,43.000000,1439.000000,2.400000,1517.000000,340.000000,2131.000000,124.000000,237.000000,2503.000000,2705.000000,802.000000,1002.000000,613.000000,2503.000000,SA,0.000000,5.707700,1104.297703,0.851378,0.049541,0.094686,0.074677,0.720735,0.244906,0.000000,0.648022,2503.000000
5168,0,0.479550,0.599760,5772.000000,40.000000,1250.000000,2.300000,1365.000000,274.000000,2055.000000,141.000000,124.000000,2330.000000,2468.000000,539.000000,978.000000,693.000000,2330.000000,SA,0.000000,9.028700,639.294694,0.881974,0.060515,0.053219,0.055916,0.651073,0.297425,0.000000,0.681545,2330.000000
5169,1,1.167940,1.212510,20086.000000,37.000000,1527.000000,2.500000,1562.000000,340.000000,6817.000000,287.000000,462.000000,7612.000000,8030.000000,1835.000000,3482.000000,2044.000000,7612.000000,SA,0.000000,13.818600,1453.548116,0.895560,0.037704,0.060694,0.052055,0.698502,0.268523,0.000000,0.702312,7612.000000
5170,1,1.238820,1.238820,1213.000000,46.000000,1380.000000,2.400000,1320.000000,335.000000,477.000000,0.000000,13.000000,493.000000,557.000000,191.000000,184.000000,109.000000,493.000000,SA,0.000000,6.550600,185.173877,0.967546,0.000000,0.026369,0.114901,0.760649,0.221095,0.000000,0.782961,493.000000
5171,0,0.408440,0.447830,6265.000000,49.000000,1503.000000,2.500000,1733.000000,330.000000,2119.000000,173.000000,39.000000,2373.000000,2562.000000,978.000000,902.000000,328.000000,2373.000000,SA,0.000000,115.916000,54.047759,0.892962,0.072903,0.016435,0.073770,0.792246,0.138222,0.000000,0.893805,2373.000000
5172,0,0.508230,0.534490,4189.000000,47.000000,1809.000000,2.600000,1733.000000,320.000000,1475.000000,17.000000,18.000000,1515.000000,1632.000000,644.000000,633.000000,193.000000,1515.000000,SA,0.000000,170.856800,24.517608,0.973597,0.011221,0.011881,0.071691,0.842904,0.127393,0.000000,0.955116,1515.000000
5173,0,0.576000,0.576000,13213.000000,40.000000,1290.000000,2.500000,1400.000000,320.000000,4559.000000,389.000000,26.000000,5072.000000,6183.000000,1474.000000,2102.000000,1330.000000,5072.000000,SA,0.000000,29.129400,453.596710,0.898856,0.076696,0.005126,0.179686,0.705047,0.262224,0.000000,0.752366,5072.000000
5174,0,0.190550,0.299680,3004.000000,42.000000,1445.000000,2.500000,1463.000000,315.000000,1112.000000,17.000000,9.000000,1143.000000,1450.000000,341.000000,579.000000,193.000000,1143.000000,SA,0.000000,52.345000,57.388480,0.972878,0.014873,0.007874,0.211724,0.804899,0.168854,0.000000,0.814523,1143.000000
5201,0,0.720080,0.773330,2305.000000,41.000000,1973.000000,2.700000,1700.000000,340.000000,784.000000,5.000000,0.000000,792.000000,826.000000,267.000000,419.000000,89.000000,792.000000,SA,0.000000,139.527400,16.520053,0.989899,0.006313,0.000000,0.041162,0.866162,0.112374,0.000000,0.948232,792.000000
5202,0,-0.438230,0.512550,938.000000,40.000000,1537.000000,2.700000,1404.000000,300.000000,324.000000,0.000000,0.000000,323.000000,413.000000,111.000000,167.000000,36.000000,323.000000,SA,0.000000,159.182600,5.892604,1.003096,0.000000,0.000000,0.217918,0.860681,0.111455,0.000000,0.969040,323.000000
5203,0,0.080580,0.278730,1320.000000,56.000000,1069.000000,2.200000,1300.000000,250.000000,531.000000,18.000000,0.000000,555.000000,635.000000,241.000000,183.000000,92.000000,555.000000,SA,0.000000,211.411600,6.243744,0.956757,0.032432,0.000000,0.125984,0.763964,0.165766,0.000000,0.875676,555.000000
5204,0,0.633130,0.729560,3373.000000,60.000000,947.000000,2.000000,1227.000000,278.000000,1354.000000,60.000000,48.000000,1505.000000,3042.000000,806.000000,397.000000,239.000000,1505.000000,SA,0.000000,296.679600,11.369167,0.899668,0.039867,0.031894,0.505260,0.799336,0.158804,0.000000,1.188040,1505.000000
5210,0,0.290980,0.338190,1877.000000,41.000000,1647.000000,2.700000,1541.000000,340.000000,624.000000,0.000000,0.000000,642.000000,685.000000,199.000000,358.000000,66.000000,642.000000,SA,0.000000,90.610800,20.714970,0.971963,0.000000,0.000000,0.062774,0.867601,0.102804,0.000000,0.982866,642.000000
5211,0,0.732090,0.732090,16845.000000,60.000000,994.000000,2.100000,1300.000000,290.000000,6587.000000,675.000000,118.000000,7446.000000,9857.000000,3728.000000,1784.000000,1524.000000,7446.000000,SA,0.000000,459.018800,36.697843,0.884636,0.090653,0.015847,0.244598,0.740263,0.204674,0.000000,0.849181,7446.000000
5212,0,-0.071990,0.287570,2251.000000,61.000000,1073.000000,2.100000,1210.000000,280.000000,879.000000,29.000000,41.000000,954.000000,1551.000000,414.000000,218.000000,209.000000,954.000000,SA,0.000000,21.267200,105.843741,0.921384,0.030398,0.042977,0.384913,0.662474,0.219078,0.000000,1.034591,954.000000
5213,0,0.296820,0.368680,1298.000000,49.000000,1330.000000,2.300000,1300.000000,283.000000,509.000000,7.000000,0.000000,519.000000,1243.000000,238.000000,181.000000,92.000000,519.000000,SA,0.000000,35.456000,36.608755,0.980732,0.013487,0.000000,0.582462,0.807322,0.177264,0.000000,1.208092,519.000000
5214,0,0.868090,0.868090,9557.000000,62.000000,938.000000,2.000000,1198.000000,277.000000,3876.000000,307.000000,79.000000,4326.000000,6453.000000,2168.000000,987.000000,895.000000,4326.000000,SA,0.000000,272.024000,35.132929,0.895978,0.070966,0.018262,0.329614,0.729311,0.206889,0.000000,1.000693,4326.000000
5222,0,0.275740,0.313340,678.000000,56.000000,1004.000000,2.000000,1053.000000,220.000000,291.000000,0.000000,0.000000,295.000000,658.000000,145.000000,84.000000,55.000000,295.000000,SA,0.000000,385.774600,1.757503,0.986441,0.000000,0.000000,0.551672,0.776271,0.186441,0.000000,1.183051,295.000000
5223,0,0.311440,0.382390,3734.000000,48.000000,1209.000000,2.200000,1083.000000,211.000000,1344.000000,45.000000,21.000000,1430.000000,2041.000000,584.000000,413.000000,332.000000,1430.000000,SA,0.000000,3973.767000,0.939663,0.939860,0.031469,0.014685,0.299363,0.697203,0.232168,0.000000,0.693706,1430.000000
5231,0,-0.398750,0.474610,1284.000000,46.000000,1912.000000,2.600000,1733.000000,300.000000,450.000000,0.000000,0.000000,465.000000,496.000000,184.000000,232.000000,36.000000,465.000000,SA,0.000000,99.401200,12.917349,0.967742,0.000000,0.000000,0.062500,0.894624,0.077419,0.000000,0.782796,465.000000
5233,0,-0.071380,0.455140,1513.000000,48.000000,1787.000000,2.600000,1625.000000,280.000000,522.000000,0.000000,10.000000,532.000000,590.000000,218.000000,230.000000,71.000000,532.000000,SA,0.000000,77.534500,19.513894,0.981203,0.000000,0.018797,0.098305,0.842105,0.133459,0.000000,0.813910,532.000000
5234,0,-0.297950,0.327320,1376.000000,43.000000,1754.000000,2.700000,1602.000000,320.000000,467.000000,12.000000,0.000000,477.000000,519.000000,193.000000,226.000000,53.000000,477.000000,SA,0.000000,43.652500,31.521677,0.979036,0.025157,0.000000,0.080925,0.878407,0.111111,0.000000,0.863732,477.000000
5235,0,0.396720,0.458750,2640.000000,48.000000,1365.000000,2.400000,1420.000000,250.000000,979.000000,3.000000,21.000000,1029.000000,1170.000000,416.000000,464.000000,111.000000,1029.000000,SA,0.000000,383.423200,6.885342,0.951409,0.002915,0.020408,0.120513,0.855199,0.107872,0.000000,0.809524,1029.000000
5238,0,0.482110,0.523130,4422.000000,57.000000,838.000000,2.000000,1083.000000,215.000000,1785.000000,61.000000,13.000000,1933.000000,3221.000000,968.000000,480.000000,395.000000,1933.000000,SA,0.000000,1487.563300,2.972647,0.923435,0.031557,0.006725,0.399876,0.749095,0.204346,0.000000,1.009829,1933.000000
5241,0,-0.036980,0.397190,2534.000000,43.000000,1529.000000,2.500000,1473.000000,310.000000,872.000000,83.000000,5.000000,959.000000,1032.000000,314.000000,456.000000,140.000000,959.000000,SA,0.000000,26.192100,96.746729,0.909281,0.086548,0.005214,0.070736,0.802920,0.145985,0.000000,0.714286,959.000000
5242,0,-0.021990,0.309800,1756.000000,44.000000,1851.000000,2.700000,1647.000000,335.000000,595.000000,29.000000,0.000000,622.000000,675.000000,252.000000,270.000000,86.000000,622.000000,SA,0.000000,31.606800,55.557665,0.956592,0.046624,0.000000,0.078519,0.839228,0.138264,0.000000,0.755627,622.000000
5243,0,-0.125620,0.351580,865.000000,48.000000,2024.000000,2.500000,1824.000000,340.000000,307.000000,10.000000,3.000000,319.000000,354.000000,134.000000,134.000000,44.000000,319.000000,SA,0.000000,26.981000,32.059597,0.962382,0.031348,0.009404,0.098870,0.840125,0.137931,0.000000,0.805643,319.000000
5244,0,0.469780,0.472860,4451.000000,45.000000,1714.000000,2.600000,1625.000000,320.000000,1485.000000,76.000000,28.000000,1589.000000,1767.000000,588.000000,683.000000,246.000000,1589.000000,SA,0.000000,223.481000,19.916682,0.934550,0.047829,0.017621,0.100736,0.799874,0.154814,0.000000,0.821901,1589.000000
5245,1,1.030400,1.030400,3252.000000,51.000000,1788.000000,2.500000,1978.000000,350.000000,1024.000000,71.000000,22.000000,1171.000000,1245.000000,515.000000,417.000000,179.000000,1171.000000,SA,0.000000,31.655100,102.732261,0.874466,0.060632,0.018787,0.059438,0.795901,0.152861,0.000000,0.723313,1171.000000
5250,0,0.878880,0.878880,3767.000000,41.000000,2127.000000,2.800000,1733.000000,370.000000,1284.000000,16.000000,5.000000,1313.000000,1386.000000,458.000000,680.000000,146.000000,1313.000000,SA,0.000000,15.198800,247.848514,0.977913,0.012186,0.003808,0.052670,0.866717,0.111196,0.000000,0.776847,1313.000000
5251,1,1.938590,1.938590,19184.000000,37.000000,1634.000000,2.500000,1625.000000,350.000000,6706.000000,546.000000,35.000000,7329.000000,7844.000000,1785.000000,3119.000000,2086.000000,7329.000000,SA,0.000000,102.369000,187.400483,0.914995,0.074499,0.004776,0.065655,0.669123,0.284623,0.000000,0.763406,7329.000000
5252,0,0.450380,0.530900,6783.000000,37.000000,1768.000000,2.600000,1500.000000,340.000000,2427.000000,29.000000,0.000000,2473.000000,2623.000000,629.000000,1342.000000,460.000000,2473.000000,SA,0.000000,115.391800,58.782340,0.981399,0.011727,0.000000,0.057186,0.797008,0.186009,0.000000,0.696320,2473.000000
5253,0,0.577390,0.604590,19261.000000,43.000000,1083.000000,2.300000,1116.000000,240.000000,6610.000000,806.000000,35.000000,7551.000000,8547.000000,2374.000000,2231.000000,2591.000000,7551.000000,SA,0.000000,874.893300,22.015256,0.875381,0.106741,0.004635,0.116532,0.609853,0.343133,0.000000,0.686796,7551.000000
5254,0,0.577220,0.577220,2502.000000,44.000000,1369.000000,2.500000,1300.000000,250.000000,915.000000,0.000000,0.000000,925.000000,1186.000000,373.000000,423.000000,89.000000,925.000000,SA,0.000000,666.230600,3.755456,0.989189,0.000000,0.000000,0.220067,0.860541,0.096216,0.000000,1.031351,925.000000
5255,0,0.689050,0.690670,10143.000000,47.000000,1364.000000,2.500000,1517.000000,300.000000,3672.000000,159.000000,3.000000,3865.000000,4208.000000,1537.000000,1560.000000,644.000000,3865.000000,SA,0.000000,818.496800,12.392229,0.950065,0.041138,0.000776,0.081511,0.801294,0.166624,0.000000,0.839327,3865.000000
5256,0,0.432830,0.519490,1547.000000,56.000000,874.000000,2.000000,1083.000000,250.000000,649.000000,0.000000,3.000000,683.000000,978.000000,322.000000,237.000000,92.000000,683.000000,SA,0.000000,180.172800,8.586202,0.950220,0.000000,0.004392,0.301636,0.818448,0.134700,0.000000,0.945827,683.000000
5259,0,-0.533110,0.533110,1111.000000,49.000000,1255.000000,2.300000,1127.000000,150.000000,430.000000,3.000000,0.000000,439.000000,635.000000,189.000000,103.000000,106.000000,439.000000,SA,0.000000,1764.789700,0.629537,0.979499,0.006834,0.000000,0.308661,0.665148,0.241458,0.000000,1.084282,439.000000
5260,0,0.013870,0.272750,1797.000000,49.000000,912.000000,2.200000,879.000000,225.000000,681.000000,31.000000,0.000000,726.000000,861.000000,298.000000,239.000000,153.000000,726.000000,SA,0.000000,285.397800,6.296475,0.938017,0.042700,0.000000,0.156794,0.739669,0.210744,0.000000,0.731405,726.000000
5264,0,-0.843920,0.843920,1287.000000,54.000000,1039.000000,2.100000,1042.000000,198.000000,510.000000,3.000000,5.000000,525.000000,747.000000,241.000000,121.000000,128.000000,525.000000,SA,0.000000,1656.995300,0.776707,0.971429,0.005714,0.009524,0.297189,0.689524,0.243810,0.000000,0.763810,525.000000
5267,0,0.101650,0.267120,2026.000000,42.000000,1412.000000,2.400000,773.000000,170.000000,741.000000,8.000000,0.000000,760.000000,872.000000,289.000000,229.000000,173.000000,760.000000,SA,0.000000,3257.996400,0.621855,0.975000,0.010526,0.000000,0.128440,0.681579,0.227632,0.000000,0.647368,760.000000
5268,0,-0.307740,0.307740,3695.000000,41.000000,1483.000000,2.400000,888.000000,220.000000,1285.000000,72.000000,0.000000,1367.000000,1557.000000,472.000000,480.000000,332.000000,1367.000000,SA,0.000000,1753.508900,2.107203,0.940015,0.052670,0.000000,0.122030,0.696416,0.242868,0.000000,0.627652,1367.000000
5271,0,0.474980,0.474980,7663.000000,41.000000,1425.000000,2.400000,1083.000000,225.000000,2744.000000,130.000000,0.000000,2902.000000,3326.000000,1100.000000,921.000000,723.000000,2902.000000,SA,0.000000,2741.132100,2.795560,0.945555,0.044797,0.000000,0.127480,0.696416,0.249139,0.000000,0.534114,2902.000000
5275,0,-0.127400,0.217940,2380.000000,53.000000,1155.000000,2.100000,1170.000000,200.000000,951.000000,37.000000,9.000000,1009.000000,1738.000000,478.000000,251.000000,201.000000,1009.000000,SA,0.000000,3123.722400,0.761911,0.942517,0.036670,0.008920,0.419448,0.722498,0.199207,0.000000,0.679881,1009.000000
5276,0,0.404830,0.510250,1335.000000,54.000000,1227.000000,2.100000,1207.000000,250.000000,538.000000,14.000000,4.000000,559.000000,1410.000000,265.000000,142.000000,120.000000,559.000000,SA,0.000000,543.924700,2.454384,0.962433,0.025045,0.007156,0.603546,0.728086,0.214669,0.000000,0.819320,559.000000
5277,0,-0.182590,0.257770,2885.000000,47.000000,1253.000000,2.200000,867.000000,190.000000,1090.000000,50.000000,7.000000,1165.000000,1381.000000,472.000000,386.000000,239.000000,1165.000000,SA,0.000000,1201.585800,2.400994,0.935622,0.042918,0.006009,0.156408,0.736481,0.205150,0.000000,0.500429,1165.000000
5280,0,0.274600,0.277650,7561.000000,50.000000,1095.000000,2.200000,975.000000,175.000000,2735.000000,181.000000,113.000000,3045.000000,3782.000000,1347.000000,928.000000,630.000000,3045.000000,SA,0.000000,1958.323000,3.860957,0.898194,0.059442,0.037110,0.194870,0.747126,0.206897,0.000000,0.569130,3045.000000
5290,0,0.525950,0.535010,25591.000000,41.000000,1197.000000,2.200000,1083.000000,220.000000,8084.000000,1484.000000,934.000000,10528.000000,11690.000000,3216.000000,3385.000000,3426.000000,10528.000000,SA,0.000000,26.796500,955.012782,0.767857,0.140957,0.088716,0.099401,0.626995,0.325418,0.000000,0.340426,10528.000000
5291,0,0.180030,0.310070,10151.000000,43.000000,1861.000000,2.700000,1458.000000,220.000000,3140.000000,12.000000,5.000000,3238.000000,3992.000000,1303.000000,1478.000000,321.000000,3238.000000,SA,0.000000,1741.181500,5.829949,0.969734,0.003706,0.001544,0.188878,0.858863,0.099135,0.000000,0.613959,3238.000000
5302,0,0.020730,0.216730,855.000000,46.000000,1368.000000,2.300000,867.000000,161.000000,320.000000,0.000000,11.000000,333.000000,406.000000,149.000000,79.000000,77.000000,333.000000,SA,0.000000,4004.275300,0.213522,0.960961,0.000000,0.033033,0.179803,0.684685,0.231231,0.000000,0.672673,333.000000
5320,0,0.054370,0.405020,699.000000,57.000000,789.000000,1.900000,832.000000,180.000000,292.000000,4.000000,10.000000,317.000000,950.000000,166.000000,72.000000,53.000000,317.000000,SA,0.000000,1820.480100,0.383965,0.921136,0.012618,0.031546,0.666316,0.750789,0.167192,0.000000,1.378549,317.000000
5322,0,0.170050,0.302870,942.000000,50.000000,1261.000000,2.300000,975.000000,180.000000,386.000000,0.000000,0.000000,391.000000,471.000000,184.000000,115.000000,69.000000,391.000000,SA,0.000000,91.681000,10.274757,0.987212,0.000000,0.000000,0.169851,0.764706,0.176471,0.000000,0.723785,391.000000
5330,0,0.068420,0.231830,3376.000000,49.000000,1032.000000,2.200000,1000.000000,200.000000,1200.000000,150.000000,0.000000,1371.000000,1597.000000,553.000000,343.000000,367.000000,1371.000000,SA,0.000000,1842.389000,1.832403,0.875274,0.109409,0.000000,0.141515,0.653538,0.267688,0.000000,0.774617,1371.000000
5333,0,-0.200150,0.217580,6121.000000,45.000000,1243.000000,2.300000,1083.000000,225.000000,2110.000000,229.000000,42.000000,2408.000000,2675.000000,902.000000,781.000000,565.000000,2408.000000,SA,0.000000,720.635100,8.493897,0.876246,0.095100,0.017442,0.099813,0.698920,0.234635,0.000000,0.736296,2408.000000
5340,0,-0.099270,0.204340,1457.000000,43.000000,1377.000000,2.400000,1083.000000,200.000000,491.000000,20.000000,8.000000,538.000000,599.000000,215.000000,174.000000,120.000000,538.000000,SA,0.000000,679.689700,2.143625,0.912639,0.037175,0.014870,0.101836,0.723048,0.223048,0.000000,0.797398,538.000000
5341,0,0.154680,0.220510,7914.000000,44.000000,1193.000000,2.300000,1083.000000,200.000000,2639.000000,405.000000,66.000000,3153.000000,3532.000000,1130.000000,987.000000,866.000000,3153.000000,SA,0.000000,479.961900,16.488809,0.836981,0.128449,0.020932,0.107305,0.671424,0.274659,0.000000,0.695845,3153.000000
5342,0,-0.281300,0.294570,1110.000000,47.000000,1488.000000,2.500000,1148.000000,230.000000,409.000000,15.000000,0.000000,426.000000,483.000000,165.000000,186.000000,52.000000,426.000000,SA,0.000000,213.235100,5.205522,0.960094,0.035211,0.000000,0.118012,0.823944,0.122066,0.000000,0.816901,426.000000
5343,0,0.054370,0.159590,4977.000000,43.000000,1075.000000,2.200000,1083.000000,210.000000,1670.000000,307.000000,65.000000,2073.000000,2350.000000,678.000000,512.000000,793.000000,2073.000000,SA,0.000000,202.192200,24.615193,0.805596,0.148095,0.031356,0.117872,0.574047,0.382537,0.000000,0.630970,2073.000000
5344,0,-0.635140,0.635140,919.000000,48.000000,1482.000000,2.500000,1083.000000,205.000000,328.000000,4.000000,0.000000,328.000000,396.000000,131.000000,136.000000,44.000000,328.000000,SA,0.000000,31.468000,29.204271,1.000000,0.012195,0.000000,0.171717,0.814024,0.134146,0.000000,0.756098,328.000000
5345,0,-0.067830,0.157270,3545.000000,47.000000,1100.000000,2.200000,1041.000000,200.000000,1289.000000,162.000000,17.000000,1487.000000,1707.000000,550.000000,462.000000,372.000000,1487.000000,SA,0.000000,205.305700,17.266934,0.866846,0.108944,0.011432,0.128881,0.680565,0.250168,0.000000,0.721587,1487.000000
5351,0,0.448580,0.515880,6195.000000,43.000000,1786.000000,2.700000,1517.000000,300.000000,2156.000000,34.000000,0.000000,2220.000000,2383.000000,765.000000,1144.000000,250.000000,2220.000000,SA,0.000000,284.078500,21.807353,0.971171,0.015315,0.000000,0.068401,0.859910,0.112613,0.000000,0.833333,2220.000000
5352,0,0.410590,0.527270,5332.000000,48.000000,1489.000000,2.300000,1500.000000,300.000000,1949.000000,162.000000,16.000000,2133.000000,2354.000000,902.000000,705.000000,415.000000,2133.000000,SA,0.000000,108.576800,49.108097,0.913737,0.075949,0.007501,0.093883,0.753399,0.194562,0.000000,0.758556,2133.000000
5353,0,0.492030,0.496440,3922.000000,47.000000,1307.000000,2.400000,1300.000000,250.000000,1382.000000,125.000000,39.000000,1552.000000,1990.000000,648.000000,565.000000,275.000000,1552.000000,SA,0.000000,1027.762600,3.816056,0.890464,0.080541,0.025129,0.220101,0.781572,0.177191,0.000000,0.784794,1552.000000
5354,0,-0.072360,0.415380,416.000000,59.000000,818.000000,1.700000,650.000000,200.000000,150.000000,0.000000,0.000000,160.000000,470.000000,96.000000,23.000000,20.000000,160.000000,SA,0.000000,891.333900,0.466716,0.937500,0.000000,0.000000,0.659574,0.743750,0.125000,0.000000,1.375000,160.000000
5355,0,0.950810,0.950810,8281.000000,44.000000,1384.000000,2.400000,1391.000000,295.000000,3112.000000,166.000000,11.000000,3316.000000,3568.000000,1190.000000,1220.000000,684.000000,3316.000000,SA,0.000000,158.154600,52.360159,0.938480,0.050060,0.003317,0.070628,0.726779,0.206273,0.000000,0.744270,3316.000000
5356,0,0.052750,0.351670,799.000000,44.000000,1472.000000,2.600000,1171.000000,252.000000,278.000000,3.000000,0.000000,281.000000,356.000000,114.000000,127.000000,35.000000,281.000000,SA,0.000000,666.060800,1.199590,0.989324,0.010676,0.000000,0.210674,0.857651,0.124555,0.000000,0.832740,281.000000
5357,0,0.449860,0.583420,442.000000,57.000000,890.000000,2.000000,867.000000,170.000000,174.000000,0.000000,0.000000,183.000000,509.000000,80.000000,47.000000,28.000000,183.000000,SA,0.000000,1117.959400,0.395363,0.950820,0.000000,0.000000,0.640472,0.693989,0.153005,0.000000,1.344262,183.000000
5360,0,0.526420,0.620320,1229.000000,43.000000,1867.000000,2.700000,1452.000000,315.000000,396.000000,10.000000,0.000000,408.000000,443.000000,163.000000,201.000000,37.000000,408.000000,SA,0.000000,34.440900,35.684317,0.970588,0.024510,0.000000,0.079007,0.892157,0.090686,0.000000,0.840686,408.000000
5371,1,1.063560,1.087930,1333.000000,38.000000,1985.000000,2.900000,1560.000000,300.000000,426.000000,0.000000,0.000000,432.000000,467.000000,157.000000,225.000000,29.000000,432.000000,SA,0.000000,112.650900,11.833017,0.986111,0.000000,0.000000,0.074946,0.884259,0.067130,0.000000,1.129630,432.000000
5372,0,0.350420,0.503050,2688.000000,33.000000,1755.000000,2.900000,1400.000000,330.000000,877.000000,8.000000,8.000000,891.000000,919.000000,212.000000,545.000000,117.000000,891.000000,SA,0.000000,88.878600,30.243501,0.984287,0.008979,0.008979,0.030468,0.849607,0.131313,0.000000,0.863075,891.000000
5373,0,0.249370,0.332310,3447.000000,49.000000,1202.000000,2.300000,1152.000000,245.000000,1339.000000,53.000000,0.000000,1419.000000,1559.000000,584.000000,546.000000,250.000000,1419.000000,SA,0.000000,453.166400,7.606477,0.943622,0.037350,0.000000,0.089801,0.796335,0.176180,0.000000,0.756871,1419.000000
5374,0,-0.775460,0.998510,1493.000000,51.000000,963.000000,2.200000,936.000000,200.000000,593.000000,11.000000,3.000000,607.000000,759.000000,300.000000,174.000000,107.000000,607.000000,SA,0.000000,1373.347600,1.087125,0.976936,0.018122,0.004942,0.200264,0.780890,0.176277,0.000000,0.738056,607.000000
5400,1,1.088410,1.113140,1063.000000,32.000000,1708.000000,2.700000,1473.000000,275.000000,322.000000,0.000000,0.000000,323.000000,354.000000,90.000000,206.000000,20.000000,323.000000,SA,0.000000,171.465200,6.199509,0.996904,0.000000,0.000000,0.087571,0.916409,0.061920,0.000000,0.969040,323.000000
5412,0,0.568750,0.603170,1191.000000,57.000000,1012.000000,2.100000,975.000000,225.000000,486.000000,22.000000,0.000000,508.000000,571.000000,238.000000,153.000000,92.000000,508.000000,SA,0.000000,218.320900,5.455272,0.956693,0.043307,0.000000,0.110333,0.769685,0.181102,0.000000,0.753937,508.000000
5413,0,-0.185760,0.362660,826.000000,51.000000,982.000000,2.200000,780.000000,200.000000,320.000000,28.000000,0.000000,352.000000,422.000000,174.000000,99.000000,63.000000,352.000000,SA,0.000000,502.839600,1.642671,0.909091,0.079545,0.000000,0.165877,0.775568,0.178977,0.000000,0.696023,352.000000
5417,0,-0.630510,0.630510,1501.000000,52.000000,919.000000,2.100000,875.000000,183.000000,571.000000,51.000000,4.000000,627.000000,813.000000,293.000000,150.000000,137.000000,627.000000,SA,0.000000,19250.073900,0.077974,0.910686,0.081340,0.006380,0.228782,0.706539,0.218501,0.000000,0.684211,627.000000
5422,0,-0.046110,0.134940,1662.000000,54.000000,731.000000,1.900000,585.000000,155.000000,700.000000,22.000000,0.000000,724.000000,944.000000,378.000000,154.000000,151.000000,724.000000,SA,0.000000,3115.844000,0.533403,0.966851,0.030387,0.000000,0.233051,0.734807,0.208564,0.000000,0.689227,724.000000
5431,0,0.200600,0.298520,857.000000,54.000000,1053.000000,2.200000,641.000000,150.000000,338.000000,4.000000,0.000000,341.000000,460.000000,203.000000,83.000000,38.000000,341.000000,SA,0.000000,2402.950400,0.356645,0.991202,0.011730,0.000000,0.258696,0.838710,0.111437,0.000000,0.868035,341.000000
5433,0,-0.255630,0.285250,1304.000000,53.000000,1031.000000,2.100000,962.000000,200.000000,494.000000,20.000000,13.000000,532.000000,700.000000,235.000000,163.000000,104.000000,532.000000,SA,0.000000,1490.146300,0.875082,0.928571,0.037594,0.024436,0.240000,0.748120,0.195489,0.000000,0.887218,532.000000
5451,0,0.125770,0.324030,702.000000,54.000000,1241.000000,2.100000,1207.000000,235.000000,306.000000,11.000000,0.000000,315.000000,374.000000,150.000000,105.000000,54.000000,315.000000,SA,0.000000,141.868200,4.948255,0.971429,0.034921,0.000000,0.157754,0.809524,0.171429,0.000000,0.803175,315.000000
5453,0,0.265530,0.345310,5100.000000,45.000000,1411.000000,2.300000,1330.000000,250.000000,1903.000000,107.000000,0.000000,2030.000000,2360.000000,801.000000,680.000000,465.000000,2030.000000,SA,0.000000,544.462700,9.367033,0.937438,0.052709,0.000000,0.139831,0.729557,0.229064,0.000000,0.720197,2030.000000
5460,0,0.105940,0.275130,743.000000,41.000000,1243.000000,2.600000,1083.000000,220.000000,272.000000,0.000000,0.000000,275.000000,320.000000,102.000000,127.000000,30.000000,275.000000,SA,0.000000,313.452200,2.370377,0.989091,0.000000,0.000000,0.140625,0.832727,0.109091,0.000000,0.774545,275.000000
5461,0,0.500260,0.542580,2598.000000,45.000000,1145.000000,2.400000,1029.000000,227.000000,921.000000,103.000000,0.000000,1031.000000,1174.000000,418.000000,312.000000,239.000000,1031.000000,SA,0.000000,871.576300,2.980806,0.893307,0.099903,0.000000,0.121806,0.708050,0.231814,0.000000,0.772066,1031.000000
5473,0,-0.404050,0.417260,745.000000,51.000000,935.000000,2.100000,650.000000,160.000000,302.000000,12.000000,0.000000,314.000000,388.000000,145.000000,88.000000,53.000000,314.000000,SA,0.000000,204.763600,3.638342,0.961783,0.038217,0.000000,0.190722,0.742038,0.168790,0.000000,0.764331,314.000000
5480,0,-0.712170,0.712170,886.000000,49.000000,1034.000000,2.300000,867.000000,200.000000,342.000000,15.000000,0.000000,358.000000,433.000000,174.000000,98.000000,70.000000,358.000000,SA,0.000000,256.645100,3.452238,0.955307,0.041899,0.000000,0.173210,0.759777,0.195531,0.000000,0.863128,358.000000
5481,0,0.004280,0.371790,498.000000,59.000000,980.000000,2.000000,867.000000,155.000000,228.000000,0.000000,0.000000,235.000000,299.000000,134.000000,69.000000,15.000000,235.000000,SA,0.000000,352.449000,1.412970,0.970213,0.000000,0.000000,0.214047,0.863830,0.063830,0.000000,0.855319,235.000000
5482,0,0.447120,0.464770,482.000000,55.000000,1240.000000,2.300000,988.000000,180.000000,185.000000,0.000000,9.000000,192.000000,262.000000,108.000000,44.000000,35.000000,192.000000,SA,0.000000,440.763200,1.093558,0.963542,0.000000,0.046875,0.267176,0.791667,0.182292,0.000000,0.869792,192.000000
5485,0,0.016530,0.495910,667.000000,51.000000,1260.000000,2.400000,1083.000000,200.000000,230.000000,0.000000,0.000000,240.000000,295.000000,138.000000,66.000000,30.000000,240.000000,SA,0.000000,601.735900,1.108460,0.958333,0.000000,0.000000,0.186441,0.850000,0.125000,0.000000,0.862500,240.000000
5491,0,0.099940,0.306560,1797.000000,48.000000,1265.000000,2.200000,975.000000,210.000000,732.000000,18.000000,0.000000,761.000000,894.000000,353.000000,230.000000,142.000000,761.000000,SA,0.000000,777.598000,2.310963,0.961892,0.023653,0.000000,0.148770,0.766097,0.186597,0.000000,0.767411,761.000000
5495,0,0.267280,0.319360,583.000000,59.000000,938.000000,1.900000,929.000000,189.000000,264.000000,0.000000,0.000000,271.000000,419.000000,148.000000,76.000000,34.000000,271.000000,SA,0.000000,548.959600,1.062009,0.974170,0.000000,0.000000,0.353222,0.826568,0.125461,0.000000,0.966790,271.000000
5501,1,1.147820,1.147820,8156.000000,40.000000,1708.000000,2.800000,1590.000000,290.000000,2795.000000,6.000000,4.000000,2813.000000,3168.000000,791.000000,1661.000000,265.000000,2813.000000,SA,0.000000,655.707100,12.438481,0.993601,0.002133,0.001422,0.112058,0.871667,0.094205,0.000000,1.068966,2813.000000
5502,0,0.497770,0.497770,1716.000000,40.000000,1555.000000,2.600000,1213.000000,295.000000,547.000000,9.000000,3.000000,590.000000,650.000000,214.000000,248.000000,106.000000,590.000000,SA,0.000000,356.544600,4.812862,0.927119,0.015254,0.005085,0.092308,0.783051,0.179661,0.000000,0.828814,590.000000
5522,0,0.124340,0.144640,1511.000000,62.000000,931.000000,1.900000,1300.000000,225.000000,622.000000,44.000000,8.000000,684.000000,1235.000000,365.000000,115.000000,143.000000,684.000000,SA,0.000000,378.473800,3.992350,0.909357,0.064327,0.011696,0.446154,0.701754,0.209064,0.000000,1.049708,684.000000
5523,0,-0.059860,0.162440,1944.000000,49.000000,1131.000000,2.300000,970.000000,189.000000,712.000000,44.000000,0.000000,762.000000,889.000000,364.000000,220.000000,142.000000,762.000000,SA,0.000000,966.818300,2.010719,0.934383,0.057743,0.000000,0.142857,0.766404,0.186352,0.000000,0.662730,762.000000
5540,0,0.242440,0.356430,15241.000000,44.000000,1060.000000,2.200000,960.000000,185.000000,5382.000000,818.000000,106.000000,6353.000000,7192.000000,2129.000000,2020.000000,1973.000000,6353.000000,SA,0.000000,746.824700,20.407734,0.847159,0.128758,0.016685,0.116657,0.653077,0.310562,0.000000,0.613883,6353.000000
5550,0,0.298350,0.412850,958.000000,42.000000,1174.000000,2.300000,867.000000,223.000000,364.000000,14.000000,3.000000,393.000000,500.000000,124.000000,96.000000,127.000000,393.000000,SA,0.000000,594.029900,1.612713,0.926209,0.035623,0.007634,0.214000,0.559796,0.323155,0.000000,0.628499,393.000000
5554,0,0.217210,0.347000,5389.000000,45.000000,1169.000000,2.300000,1127.000000,250.000000,2005.000000,107.000000,3.000000,2142.000000,2402.000000,874.000000,669.000000,514.000000,2142.000000,SA,0.000000,431.784900,12.480751,0.936041,0.049953,0.001401,0.108243,0.720355,0.239963,0.000000,0.701681,2142.000000
5555,0,0.255830,0.289060,518.000000,55.000000,1025.000000,2.200000,835.000000,190.000000,206.000000,0.000000,0.000000,206.000000,285.000000,122.000000,46.000000,19.000000,206.000000,SA,0.000000,605.965900,0.854834,1.000000,0.000000,0.000000,0.277193,0.815534,0.092233,0.000000,0.946602,206.000000
5556,0,0.941250,0.941250,4426.000000,56.000000,916.000000,2.100000,1213.000000,250.000000,1730.000000,128.000000,7.000000,1888.000000,2891.000000,808.000000,432.000000,556.000000,1888.000000,SA,0.000000,146.531400,30.205130,0.916314,0.067797,0.003708,0.346939,0.656780,0.294492,0.000000,0.966102,1888.000000
5558,0,0.614180,0.654020,5214.000000,59.000000,969.000000,2.100000,1200.000000,250.000000,2028.000000,161.000000,12.000000,2224.000000,3405.000000,1130.000000,558.000000,411.000000,2224.000000,SA,0.000000,429.984900,12.126007,0.911871,0.072392,0.005396,0.346843,0.758993,0.184802,0.000000,1.035072,2224.000000
5570,0,0.338110,0.525800,597.000000,60.000000,790.000000,1.900000,796.000000,200.000000,258.000000,7.000000,0.000000,282.000000,459.000000,173.000000,55.000000,32.000000,282.000000,SA,0.000000,199.141500,2.997868,0.914894,0.024823,0.000000,0.385621,0.808511,0.113475,0.000000,1.046099,282.000000
5571,0,0.476220,0.601460,1978.000000,61.000000,916.000000,2.000000,1083.000000,230.000000,770.000000,50.000000,0.000000,884.000000,1663.000000,485.000000,171.000000,177.000000,884.000000,SA,0.000000,523.389400,3.779213,0.871041,0.056561,0.000000,0.468431,0.742081,0.200226,0.000000,0.970588,884.000000
5573,0,0.376180,0.420300,2206.000000,51.000000,1088.000000,2.300000,899.000000,180.000000,798.000000,23.000000,4.000000,838.000000,1508.000000,424.000000,199.000000,158.000000,838.000000,SA,0.000000,1116.713000,1.975440,0.952267,0.027446,0.004773,0.444297,0.743437,0.188544,0.000000,1.016706,838.000000
5575,0,0.279230,0.287280,2391.000000,57.000000,1001.000000,2.100000,1050.000000,200.000000,985.000000,11.000000,6.000000,1011.000000,2176.000000,555.000000,234.000000,166.000000,1011.000000,SA,0.000000,1367.323400,1.748672,0.974283,0.010880,0.005935,0.535386,0.780415,0.164194,0.000000,1.268051,1011.000000
5576,0,-0.351430,0.359160,1133.000000,55.000000,932.000000,2.100000,964.000000,200.000000,457.000000,9.000000,0.000000,474.000000,637.000000,254.000000,105.000000,92.000000,474.000000,SA,0.000000,474.903100,2.385750,0.964135,0.018987,0.000000,0.255887,0.757384,0.194093,0.000000,0.816456,474.000000
5577,0,-1.091690,1.104520,574.000000,53.000000,968.000000,2.000000,728.000000,160.000000,235.000000,0.000000,0.000000,240.000000,628.000000,121.000000,66.000000,38.000000,240.000000,SA,0.000000,958.496900,0.598854,0.979167,0.000000,0.000000,0.617834,0.779167,0.158333,0.000000,0.933333,240.000000
5581,0,0.170280,0.264360,568.000000,65.000000,938.000000,1.800000,1170.000000,250.000000,257.000000,8.000000,14.000000,281.000000,751.000000,172.000000,51.000000,51.000000,281.000000,SA,0.000000,78.088900,7.273761,0.914591,0.028470,0.049822,0.625832,0.793594,0.181495,0.000000,1.313167,281.000000
5582,0,-0.662870,0.662870,603.000000,61.000000,937.000000,2.000000,1127.000000,250.000000,258.000000,0.000000,0.000000,268.000000,508.000000,156.000000,60.000000,42.000000,268.000000,SA,0.000000,60.801400,9.917535,0.962687,0.000000,0.000000,0.472441,0.805970,0.156716,0.000000,1.257463,268.000000
5583,0,0.247840,0.365080,838.000000,62.000000,794.000000,1.900000,997.000000,205.000000,359.000000,13.000000,4.000000,385.000000,840.000000,219.000000,86.000000,63.000000,385.000000,SA,0.000000,73.887800,11.341521,0.932468,0.033766,0.010390,0.541667,0.792208,0.163636,0.000000,1.262338,385.000000
5600,0,-0.287360,0.320970,6150.000000,45.000000,1548.000000,2.200000,1300.000000,200.000000,2041.000000,363.000000,137.000000,2559.000000,2942.000000,902.000000,918.000000,663.000000,2559.000000,SA,0.000000,7.483400,821.818959,0.797577,0.141852,0.053537,0.130184,0.711215,0.259086,0.000000,0.777257,2559.000000
5602,0,-0.133420,0.240380,1349.000000,51.000000,1197.000000,2.300000,1005.000000,200.000000,419.000000,72.000000,4.000000,503.000000,793.000000,245.000000,116.000000,107.000000,503.000000,SA,0.000000,3268.878500,0.412680,0.833002,0.143141,0.007952,0.365700,0.717694,0.212724,0.000000,0.942346,503.000000
5605,0,0.010660,0.222640,1852.000000,56.000000,1067.000000,2.000000,1200.000000,220.000000,695.000000,58.000000,49.000000,824.000000,1018.000000,419.000000,179.000000,181.000000,824.000000,SA,0.000000,593.621400,3.119834,0.843447,0.070388,0.059466,0.190570,0.725728,0.219660,0.000000,0.723301,824.000000
5606,0,0.202770,0.295070,14459.000000,41.000000,1243.000000,2.300000,1300.000000,240.000000,4721.000000,653.000000,352.000000,5780.000000,6538.000000,1822.000000,1758.000000,1954.000000,5780.000000,SA,0.000000,43.110200,335.396264,0.816782,0.112976,0.060900,0.115938,0.619377,0.338062,0.000000,0.522145,5780.000000
5607,0,0.300340,0.356120,5360.000000,44.000000,1504.000000,2.500000,1387.000000,250.000000,1811.000000,9.000000,0.000000,1854.000000,2732.000000,796.000000,719.000000,222.000000,1854.000000,SA,0.000000,6425.492800,0.834177,0.976807,0.004854,0.000000,0.321376,0.817152,0.119741,0.000000,0.802589,1854.000000
5608,0,0.075710,0.201200,13041.000000,41.000000,974.000000,2.100000,975.000000,170.000000,2263.000000,3106.000000,236.000000,5646.000000,6595.000000,1331.000000,1562.000000,2573.000000,5646.000000,SA,0.000000,30.320300,430.107882,0.400815,0.550124,0.041800,0.143897,0.512398,0.455721,0.000000,0.471838,5646.000000
5609,0,-0.234480,0.257370,1961.000000,33.000000,1970.000000,2.500000,1580.000000,265.000000,688.000000,27.000000,34.000000,748.000000,823.000000,146.000000,288.000000,310.000000,748.000000,SA,0.000000,3.066900,639.407871,0.919786,0.036096,0.045455,0.091130,0.580214,0.414439,0.000000,0.553476,748.000000
5631,0,-0.745970,0.881120,1063.000000,41.000000,1587.000000,2.500000,1083.000000,180.000000,379.000000,12.000000,0.000000,395.000000,458.000000,181.000000,105.000000,85.000000,395.000000,SA,0.000000,683.472500,1.555293,0.959494,0.030380,0.000000,0.137555,0.724051,0.215190,0.000000,0.784810,395.000000
5640,0,0.221470,0.275260,1029.000000,49.000000,1141.000000,2.200000,905.000000,165.000000,405.000000,6.000000,0.000000,416.000000,461.000000,202.000000,110.000000,72.000000,416.000000,SA,0.000000,1185.238200,0.868180,0.973558,0.014423,0.000000,0.097614,0.750000,0.173077,0.000000,0.817308,416.000000
5641,0,0.337610,0.733610,1005.000000,43.000000,1273.000000,2.400000,860.000000,150.000000,358.000000,6.000000,4.000000,373.000000,544.000000,192.000000,90.000000,69.000000,373.000000,SA,0.000000,5586.141200,0.179910,0.959786,0.016086,0.010724,0.314338,0.756032,0.184987,0.000000,0.758713,373.000000
5680,0,-0.026870,0.099600,2123.000000,49.000000,1130.000000,2.300000,1264.000000,240.000000,778.000000,5.000000,8.000000,815.000000,1274.000000,387.000000,214.000000,157.000000,815.000000,SA,0.000000,6743.648100,0.314815,0.954601,0.006135,0.009816,0.360283,0.737423,0.192638,0.000000,0.958282,815.000000
5690,0,-0.060180,0.192450,3954.000000,39.000000,1357.000000,2.500000,1224.000000,160.000000,1311.000000,53.000000,25.000000,1437.000000,1804.000000,444.000000,308.000000,595.000000,1437.000000,SA,0.000000,191146.998600,0.020686,0.912317,0.036882,0.017397,0.203437,0.523312,0.414057,0.000000,0.544189,1437.000000
5700,0,0.070610,0.188890,11042.000000,40.000000,1199.000000,2.200000,1083.000000,200.000000,3366.000000,586.000000,358.000000,4359.000000,5362.000000,1346.000000,1066.000000,1794.000000,4359.000000,SA,0.000000,1098.287900,10.053830,0.772195,0.134435,0.082129,0.187057,0.553338,0.411562,0.000000,0.604955,4359.000000
5710,0,-0.207140,0.280480,2793.000000,35.000000,1831.000000,2.600000,1306.000000,250.000000,767.000000,3.000000,0.000000,785.000000,866.000000,270.000000,371.000000,120.000000,785.000000,SA,0.000000,68.093300,41.017251,0.977070,0.003822,0.000000,0.093533,0.816561,0.152866,0.000000,0.971975,785.000000
5725,0,-1.073820,1.073820,3976.000000,31.000000,3140.000000,2.700000,1517.000000,260.000000,1158.000000,0.000000,33.000000,1195.000000,1541.000000,81.000000,259.000000,802.000000,1195.000000,SA,0.000000,288.362400,13.788205,0.969038,0.000000,0.027615,0.224530,0.284519,0.671130,0.000000,0.308787,1195.000000
6000,1,1.438990,1.438990,13812.000000,33.000000,1964.000000,1.800000,1959.000000,400.000000,528.000000,697.000000,4817.000000,6064.000000,7787.000000,753.000000,1234.000000,3959.000000,6064.000000,WA,0.000000,4.608200,2997.265744,0.087071,0.114941,0.794360,0.221266,0.327672,0.652869,0.000000,0.096636,6064.000000
6006,1,1.481860,1.481860,9623.000000,38.000000,2323.000000,2.300000,2473.000000,400.000000,2539.000000,720.000000,618.000000,3883.000000,4298.000000,1123.000000,1385.000000,1281.000000,3883.000000,WA,0.000000,3.066900,3137.696045,0.653876,0.185424,0.159155,0.096557,0.645892,0.329900,0.000000,0.323204,3883.000000
6007,0,0.139370,0.655310,8095.000000,36.000000,2349.000000,2.100000,2167.000000,420.000000,1575.000000,864.000000,1013.000000,3478.000000,3884.000000,864.000000,1105.000000,1417.000000,3478.000000,WA,0.000000,2.976100,2720.002688,0.452846,0.248419,0.291259,0.104531,0.566130,0.407418,0.000000,0.263657,3478.000000
6008,1,1.183740,1.183740,16131.000000,40.000000,2234.000000,2.200000,2600.000000,420.000000,3299.000000,1217.000000,2338.000000,6864.000000,7707.000000,2158.000000,1746.000000,2793.000000,6864.000000,WA,0.000000,7.090500,2275.015866,0.480624,0.177302,0.340618,0.109381,0.568765,0.406906,0.000000,0.269522,6864.000000
6009,0,0.797780,0.797780,18936.000000,37.000000,2610.000000,2.600000,3521.000000,450.000000,4230.000000,901.000000,1135.000000,6274.000000,6982.000000,2687.000000,1503.000000,1910.000000,6274.000000,WA,0.000000,9.749800,1942.193686,0.674211,0.143609,0.180905,0.101404,0.667836,0.304431,0.000000,0.374562,6274.000000
6010,0,0.857540,0.857540,18863.000000,43.000000,2417.000000,2.400000,3000.000000,460.000000,4092.000000,1427.000000,1556.000000,7093.000000,7948.000000,2887.000000,1992.000000,1912.000000,7093.000000,WA,0.000000,15.432400,1222.298541,0.576907,0.201184,0.219371,0.107574,0.687861,0.269562,0.000000,0.389539,7093.000000
6011,0,0.922250,1.027290,9346.000000,44.000000,3454.000000,2.500000,4000.000000,550.000000,2405.000000,413.000000,596.000000,3415.000000,3952.000000,1564.000000,898.000000,868.000000,3415.000000,WA,0.000000,4.818800,1939.487009,0.704246,0.120937,0.174524,0.135881,0.720937,0.254173,0.000000,0.359004,3415.000000
6012,1,1.326100,1.326100,9169.000000,42.000000,2132.000000,2.400000,3000.000000,300.000000,2160.000000,507.000000,843.000000,3520.000000,3933.000000,1209.000000,1033.000000,1194.000000,3520.000000,WA,0.000000,4.347200,2109.173721,0.613636,0.144034,0.239489,0.105009,0.636932,0.339205,0.000000,0.347443,3520.000000
6014,1,1.225590,1.225590,22092.000000,39.000000,2289.000000,2.500000,2732.000000,312.000000,5074.000000,1075.000000,2199.000000,8358.000000,9137.000000,2870.000000,2754.000000,2367.000000,8358.000000,WA,0.000000,9.582200,2305.524827,0.607083,0.128619,0.263101,0.085258,0.672888,0.283202,0.000000,0.368509,8358.000000
6015,0,0.694810,0.795390,6805.000000,47.000000,3700.000000,2.800000,4000.000000,750.000000,2022.000000,123.000000,164.000000,2309.000000,2500.000000,1151.000000,749.000000,244.000000,2309.000000,WA,0.000000,9.807300,693.870892,0.875704,0.053270,0.071026,0.076400,0.822867,0.105673,0.000000,0.525769,2309.000000
6016,1,1.054050,1.054050,10818.000000,36.000000,2328.000000,2.500000,2266.000000,343.000000,2395.000000,916.000000,773.000000,4109.000000,4474.000000,1042.000000,1486.000000,1494.000000,4109.000000,WA,0.000000,3.165800,3417.145745,0.582867,0.222925,0.188124,0.081582,0.615235,0.363592,0.000000,0.325627,4109.000000
6017,0,0.095920,0.289420,4507.000000,34.000000,1475.000000,1.900000,1546.000000,290.000000,379.000000,1249.000000,515.000000,2146.000000,2355.000000,384.000000,546.000000,1172.000000,2146.000000,WA,0.000000,8.099500,556.454102,0.176608,0.582013,0.239981,0.088747,0.433364,0.546132,0.000000,0.271668,2146.000000
6018,1,1.444760,1.444760,42250.000000,39.000000,2210.000000,2.500000,2200.000000,400.000000,10560.000000,4436.000000,1048.000000,16105.000000,17444.000000,5150.000000,6175.000000,4252.000000,16105.000000,WA,0.000000,18.793100,2248.165550,0.655697,0.275442,0.065073,0.076760,0.703198,0.264017,0.000000,0.423036,16105.000000
6019,0,0.966370,0.989920,24351.000000,37.000000,2188.000000,2.300000,2167.000000,415.000000,4462.000000,4188.000000,1313.000000,9981.000000,11247.000000,2790.000000,3593.000000,3373.000000,9981.000000,WA,0.000000,9.371300,2598.465528,0.447049,0.419597,0.131550,0.112563,0.639515,0.337942,0.000000,0.273720,9981.000000
6020,0,0.945380,0.945380,22581.000000,45.000000,2374.000000,2.700000,2500.000000,425.000000,6321.000000,1348.000000,413.000000,8083.000000,8695.000000,3681.000000,3032.000000,1157.000000,8083.000000,WA,0.000000,12.837200,1759.028449,0.782012,0.166770,0.051095,0.070385,0.830508,0.143140,0.000000,0.550043,8083.000000
6021,0,0.751830,0.801570,20980.000000,40.000000,1796.000000,2.500000,2000.000000,350.000000,5583.000000,2576.000000,59.000000,8218.000000,8787.000000,3042.000000,2956.000000,1984.000000,8218.000000,WA,0.000000,11.902800,1762.610478,0.679362,0.313458,0.007179,0.064755,0.729861,0.241421,0.000000,0.431005,8218.000000
6022,0,0.174240,0.421920,5209.000000,39.000000,1856.000000,2.600000,2000.000000,380.000000,1792.000000,181.000000,5.000000,1981.000000,2094.000000,790.000000,846.000000,316.000000,1981.000000,WA,0.000000,3.306500,1575.381824,0.904594,0.091368,0.002524,0.053964,0.825846,0.159515,0.000000,0.616355,1981.000000
6023,0,0.829560,0.829560,15982.000000,42.000000,2394.000000,2.800000,2208.000000,460.000000,5087.000000,349.000000,99.000000,5543.000000,5827.000000,2284.000000,2453.000000,657.000000,5543.000000,WA,0.000000,7.447300,2146.012649,0.917734,0.062962,0.017860,0.048739,0.854591,0.118528,0.000000,0.637922,5543.000000
6024,0,0.775230,0.775230,13723.000000,40.000000,1897.000000,2.600000,1950.000000,400.000000,4734.000000,404.000000,26.000000,5168.000000,5437.000000,1936.000000,2348.000000,802.000000,5168.000000,WA,0.000000,8.564400,1602.330578,0.916022,0.078173,0.005031,0.049476,0.828947,0.155186,0.000000,0.630805,5168.000000
6025,1,1.129740,1.129740,31581.000000,40.000000,2108.000000,2.600000,2000.000000,400.000000,10524.000000,1070.000000,117.000000,11726.000000,12439.000000,4314.000000,5283.000000,1943.000000,11726.000000,WA,0.000000,19.696600,1603.373171,0.897493,0.091250,0.009978,0.057320,0.818438,0.165700,0.000000,0.602678,11726.000000
6026,0,0.875740,0.875740,22781.000000,44.000000,2138.000000,2.700000,2100.000000,440.000000,7188.000000,907.000000,6.000000,8195.000000,8553.000000,3369.000000,3671.000000,898.000000,8195.000000,WA,0.000000,15.419200,1477.443707,0.877120,0.110677,0.000732,0.041857,0.859060,0.109579,0.000000,0.713362,8195.000000
6027,0,0.475090,0.523200,42828.000000,40.000000,2016.000000,2.600000,2000.000000,380.000000,13327.000000,1426.000000,878.000000,15667.000000,16741.000000,5051.000000,6864.000000,3474.000000,15667.000000,WA,0.000000,32.688100,1310.201572,0.850641,0.091019,0.056041,0.064154,0.760516,0.221740,0.000000,0.600179,15667.000000
6028,1,1.085420,1.085420,23559.000000,41.000000,2540.000000,2.900000,2167.000000,420.000000,7425.000000,259.000000,185.000000,7877.000000,8209.000000,2246.000000,4360.000000,1159.000000,7877.000000,WA,0.000000,11.793500,1997.625811,0.942618,0.032881,0.023486,0.040443,0.838644,0.147137,0.000000,0.725149,7877.000000
6029,0,0.404410,0.492620,2855.000000,43.000000,2779.000000,2.700000,3000.000000,485.000000,867.000000,129.000000,3.000000,1001.000000,1085.000000,458.000000,366.000000,109.000000,1001.000000,WA,0.000000,2.377700,1200.740211,0.866134,0.128871,0.002997,0.077419,0.823177,0.108891,0.000000,0.496503,1001.000000
6030,0,0.436250,0.461230,40841.000000,37.000000,1825.000000,2.700000,1800.000000,352.000000,12792.000000,1402.000000,141.000000,14343.000000,15426.000000,2877.000000,7217.000000,3496.000000,14343.000000,WA,0.000000,24.006700,1701.233406,0.891864,0.097748,0.009831,0.070206,0.703758,0.243743,0.000000,0.659764,14343.000000
6031,0,0.942810,0.942810,18645.000000,32.000000,2116.000000,3.000000,1907.000000,380.000000,5867.000000,197.000000,9.000000,6071.000000,6353.000000,774.000000,4008.000000,1188.000000,6071.000000,WA,0.000000,41.740100,446.692749,0.966398,0.032449,0.001482,0.044388,0.787679,0.195684,0.000000,0.767419,6071.000000
6035,0,0.622020,0.623420,11022.000000,35.000000,1699.000000,2.800000,1842.000000,340.000000,3635.000000,97.000000,7.000000,3740.000000,4167.000000,717.000000,2108.000000,817.000000,3740.000000,WA,0.000000,218.520600,50.439181,0.971925,0.025936,0.001872,0.102472,0.755348,0.218449,0.000000,0.798663,3740.000000
6036,0,0.980840,0.985060,17514.000000,33.000000,1907.000000,2.800000,1937.000000,350.000000,5821.000000,155.000000,44.000000,6024.000000,6415.000000,793.000000,3256.000000,1873.000000,6024.000000,WA,0.000000,8.990500,1948.056282,0.966301,0.025730,0.007304,0.060951,0.672145,0.310923,0.000000,0.611056,6024.000000
6037,0,0.534220,0.658230,3822.000000,39.000000,1526.000000,2.700000,1800.000000,330.000000,1340.000000,4.000000,0.000000,1350.000000,1550.000000,365.000000,724.000000,222.000000,1350.000000,WA,0.000000,51.625800,74.032751,0.992593,0.002963,0.000000,0.129032,0.806667,0.164444,0.000000,0.869630,1350.000000
6038,0,-0.875170,0.875170,10203.000000,31.000000,2035.000000,2.800000,1950.000000,360.000000,3438.000000,78.000000,4.000000,3521.000000,3782.000000,267.000000,2209.000000,995.000000,3521.000000,WA,0.000000,17.253600,591.354848,0.976427,0.022153,0.001136,0.069011,0.703209,0.282590,0.000000,0.919625,3521.000000
6041,0,0.185650,0.223320,1597.000000,51.000000,1311.000000,2.600000,1733.000000,300.000000,552.000000,0.000000,0.000000,555.000000,1063.000000,240.000000,248.000000,45.000000,555.000000,WA,0.000000,268.022400,5.958457,0.994595,0.000000,0.000000,0.477893,0.879279,0.081081,0.000000,1.109910,555.000000
6044,0,-0.009660,0.498430,1300.000000,54.000000,1086.000000,2.000000,1644.000000,250.000000,468.000000,28.000000,16.000000,523.000000,1386.000000,251.000000,133.000000,110.000000,523.000000,WA,0.000000,654.143000,1.987333,0.894837,0.053537,0.030593,0.622655,0.734226,0.210325,0.000000,0.860421,523.000000
6050,0,0.571090,0.619170,15770.000000,41.000000,2088.000000,2.200000,2383.000000,350.000000,3569.000000,1171.000000,1597.000000,6358.000000,7047.000000,1962.000000,1997.000000,1982.000000,6358.000000,WA,0.000000,6.358200,2480.261709,0.561340,0.184177,0.251180,0.097772,0.622680,0.311733,0.000000,0.324788,6358.000000
6051,0,0.496060,0.836330,13199.000000,36.000000,1623.000000,1.900000,1733.000000,300.000000,1967.000000,2110.000000,2268.000000,6351.000000,7616.000000,1156.000000,1939.000000,3123.000000,6351.000000,WA,0.000000,5.004700,2637.320918,0.309715,0.332231,0.357109,0.166098,0.487325,0.491734,0.000000,0.193828,6351.000000
6052,0,0.922400,0.983830,11555.000000,39.000000,2051.000000,2.400000,2167.000000,340.000000,3422.000000,635.000000,593.000000,4660.000000,5045.000000,1335.000000,1754.000000,1445.000000,4660.000000,WA,0.000000,5.121500,2256.174949,0.734335,0.136266,0.127253,0.076313,0.662876,0.310086,0.000000,0.372747,4660.000000
6053,0,0.764640,0.777600,15288.000000,39.000000,2037.000000,2.400000,2000.000000,350.000000,4892.000000,980.000000,231.000000,6111.000000,6745.000000,1702.000000,2544.000000,1685.000000,6111.000000,WA,0.000000,9.843000,1553.185005,0.800524,0.160367,0.037801,0.093996,0.694813,0.275732,0.000000,0.445099,6111.000000
6054,0,0.926100,0.926100,21029.000000,39.000000,1600.000000,2.400000,1733.000000,320.000000,6587.000000,1394.000000,321.000000,8317.000000,9005.000000,2458.000000,3376.000000,2266.000000,8317.000000,WA,0.000000,13.201100,1592.973313,0.791992,0.167609,0.038596,0.076402,0.701455,0.272454,0.000000,0.484189,8317.000000
6055,1,1.459280,1.518280,32320.000000,33.000000,2159.000000,2.900000,2000.000000,373.000000,10164.000000,375.000000,61.000000,10778.000000,11401.000000,1802.000000,7043.000000,1741.000000,10778.000000,WA,0.000000,58.810000,549.566400,0.943032,0.034793,0.005660,0.054644,0.820653,0.161533,0.000000,0.864724,10778.000000
6056,0,0.413070,0.452140,41172.000000,40.000000,1470.000000,2.400000,1705.000000,300.000000,12837.000000,2514.000000,622.000000,16072.000000,17676.000000,4641.000000,6445.000000,4526.000000,16072.000000,WA,0.000000,102.540400,401.519791,0.798718,0.156421,0.038701,0.090745,0.689771,0.281608,0.000000,0.563029,16072.000000
6057,0,0.604370,0.646070,16697.000000,39.000000,1816.000000,2.600000,1800.000000,380.000000,5991.000000,187.000000,10.000000,6204.000000,6615.000000,1959.000000,2876.000000,1203.000000,6204.000000,WA,0.000000,18.718000,892.029063,0.965667,0.030142,0.001612,0.062132,0.779336,0.193907,0.000000,0.634752,6204.000000
6058,0,0.710670,0.721820,13181.000000,38.000000,1614.000000,2.500000,1733.000000,350.000000,4511.000000,462.000000,9.000000,5096.000000,5421.000000,1409.000000,2317.000000,1131.000000,5096.000000,WA,0.000000,17.078500,771.789092,0.885204,0.090659,0.001766,0.059952,0.731162,0.221939,0.000000,0.651491,5096.000000
6059,1,1.123390,1.123390,24169.000000,43.000000,1684.000000,2.400000,2000.000000,340.000000,6847.000000,2334.000000,388.000000,9579.000000,10243.000000,3724.000000,3232.000000,2310.000000,9579.000000,WA,0.000000,10.740200,2250.330534,0.714793,0.243658,0.040505,0.064825,0.726172,0.241153,0.000000,0.440651,9579.000000
6060,1,1.062850,1.085920,25486.000000,37.000000,1643.000000,2.100000,1842.000000,323.000000,4291.000000,5422.000000,1814.000000,11535.000000,12614.000000,2842.000000,3599.000000,4841.000000,11535.000000,WA,0.000000,8.453800,3014.738934,0.371998,0.470048,0.157261,0.085540,0.558388,0.419679,0.000000,0.237191,11535.000000
6061,0,0.994300,1.039430,41683.000000,34.000000,1374.000000,2.400000,1517.000000,320.000000,9980.000000,5697.000000,259.000000,15948.000000,17410.000000,3010.000000,5445.000000,7015.000000,15948.000000,WA,0.000000,16.274400,2561.261859,0.625784,0.357223,0.016240,0.083975,0.530161,0.439867,0.000000,0.295021,15948.000000
6062,1,1.154070,1.154070,34144.000000,40.000000,1617.000000,2.500000,1780.000000,351.000000,10918.000000,2016.000000,65.000000,13028.000000,13992.000000,4696.000000,4636.000000,3354.000000,13028.000000,WA,0.000000,17.188500,1986.444425,0.838041,0.154744,0.004989,0.068897,0.716303,0.257446,0.000000,0.460163,13028.000000
6063,0,0.928280,0.931450,15045.000000,36.000000,1632.000000,2.900000,1686.000000,340.000000,4585.000000,304.000000,69.000000,4956.000000,5239.000000,1314.000000,2434.000000,1082.000000,4956.000000,WA,0.000000,9.164600,1641.642843,0.925141,0.061340,0.013923,0.054018,0.756255,0.218321,0.000000,0.700969,4956.000000
6064,0,0.901840,0.901840,31068.000000,37.000000,1422.000000,2.700000,1517.000000,300.000000,9250.000000,1473.000000,36.000000,10758.000000,11402.000000,3169.000000,4616.000000,2679.000000,10758.000000,WA,0.000000,15.588400,1993.020451,0.859825,0.136921,0.003346,0.056481,0.723648,0.249024,0.000000,0.531976,10758.000000
6065,0,0.970080,0.970080,68443.000000,36.000000,2133.000000,2.900000,2000.000000,400.000000,21140.000000,1521.000000,51.000000,22888.000000,23984.000000,5344.000000,12935.000000,3911.000000,22888.000000,WA,0.000000,49.690300,1377.391563,0.923628,0.066454,0.002228,0.045697,0.798628,0.170876,0.000000,0.756335,22888.000000
6066,0,0.659410,0.694630,18459.000000,37.000000,1726.000000,2.900000,1703.000000,350.000000,5830.000000,336.000000,10.000000,6177.000000,6472.000000,1855.000000,3084.000000,1110.000000,6177.000000,WA,0.000000,8.856300,2084.278988,0.943824,0.054395,0.001619,0.045581,0.799579,0.179699,0.000000,0.678161,6177.000000
6069,0,0.869430,0.869430,46350.000000,33.000000,2043.000000,2.900000,1950.000000,365.000000,13935.000000,1138.000000,154.000000,15238.000000,16174.000000,2496.000000,9365.000000,3086.000000,15238.000000,WA,0.000000,69.356300,668.288245,0.914490,0.074682,0.010106,0.057871,0.778383,0.202520,0.000000,0.790196,15238.000000
6070,0,0.374410,0.409660,3725.000000,44.000000,2388.000000,2.700000,2100.000000,420.000000,1280.000000,13.000000,0.000000,1305.000000,1395.000000,530.000000,671.000000,80.000000,1305.000000,WA,0.000000,12.062000,308.821091,0.980843,0.009962,0.000000,0.064516,0.920307,0.061303,0.000000,0.668966,1305.000000
6071,0,0.070140,0.162890,3502.000000,47.000000,2163.000000,2.600000,2000.000000,400.000000,1222.000000,12.000000,3.000000,1236.000000,1325.000000,536.000000,602.000000,76.000000,1236.000000,WA,0.000000,44.596300,78.526694,0.988673,0.009709,0.002427,0.067170,0.920712,0.061489,0.000000,0.638350,1236.000000
6072,0,0.238750,0.269510,829.000000,46.000000,2169.000000,2.700000,2000.000000,350.000000,293.000000,3.000000,0.000000,295.000000,317.000000,120.000000,161.000000,10.000000,295.000000,WA,0.000000,5.863300,141.387956,0.993220,0.010169,0.000000,0.069401,0.952542,0.033898,0.000000,0.766102,295.000000
6073,0,0.134670,0.191880,3190.000000,50.000000,1773.000000,2.500000,2000.000000,343.000000,1098.000000,82.000000,0.000000,1191.000000,1283.000000,546.000000,464.000000,148.000000,1191.000000,WA,0.000000,31.630700,100.851388,0.921914,0.068850,0.000000,0.071707,0.848027,0.124265,0.000000,0.651553,1191.000000
6074,0,-0.807000,0.807000,1001.000000,46.000000,1845.000000,2.700000,2000.000000,440.000000,355.000000,0.000000,5.000000,354.000000,377.000000,149.000000,176.000000,33.000000,354.000000,WA,0.000000,169.416100,5.908529,1.002825,0.000000,0.014124,0.061008,0.918079,0.093220,0.000000,0.802260,354.000000
6076,0,0.863240,0.863240,22308.000000,47.000000,1944.000000,2.600000,2139.000000,360.000000,7515.000000,406.000000,61.000000,8039.000000,8598.000000,3718.000000,3190.000000,931.000000,8039.000000,WA,0.000000,245.335100,90.928693,0.934818,0.050504,0.007588,0.065015,0.859311,0.115810,0.000000,0.637766,8039.000000
6081,0,0.119560,0.267960,4919.000000,43.000000,2225.000000,2.800000,2000.000000,400.000000,1676.000000,0.000000,0.000000,1677.000000,1761.000000,613.000000,926.000000,117.000000,1677.000000,WA,0.000000,37.457200,131.323217,0.999404,0.000000,0.000000,0.047700,0.917710,0.069767,0.000000,0.672630,1677.000000
6082,0,0.207040,0.293240,3422.000000,41.000000,1941.000000,2.700000,2058.000000,383.000000,1165.000000,0.000000,4.000000,1170.000000,1238.000000,397.000000,630.000000,122.000000,1170.000000,WA,0.000000,76.125100,44.952322,0.995726,0.000000,0.003419,0.054927,0.877778,0.104274,0.000000,0.683761,1170.000000
6083,0,0.032000,0.356110,3570.000000,48.000000,2247.000000,2.800000,2167.000000,340.000000,1167.000000,0.000000,7.000000,1188.000000,1344.000000,450.000000,628.000000,83.000000,1188.000000,WA,0.000000,507.976400,7.027886,0.982323,0.000000,0.005892,0.116071,0.907407,0.069865,0.000000,0.912458,1188.000000
6084,0,0.449800,0.652470,9063.000000,40.000000,2076.000000,2.900000,2000.000000,350.000000,2906.000000,12.000000,0.000000,2925.000000,3254.000000,752.000000,1756.000000,347.000000,2925.000000,WA,0.000000,635.229600,14.267282,0.993504,0.004103,0.000000,0.101106,0.857436,0.118632,0.000000,0.935385,2925.000000
6100,1,1.029940,1.029940,15816.000000,36.000000,1896.000000,2.100000,2000.000000,350.000000,2976.000000,1903.000000,2030.000000,6920.000000,7893.000000,1551.000000,1880.000000,3339.000000,6920.000000,WA,0.000000,7.575400,2087.810545,0.430058,0.275000,0.293353,0.123274,0.495809,0.482514,0.000000,0.251590,6920.000000
6101,0,0.602650,0.644710,17301.000000,35.000000,1974.000000,2.300000,2000.000000,350.000000,4669.000000,1525.000000,825.000000,7034.000000,7628.000000,1527.000000,2399.000000,2924.000000,7034.000000,WA,0.000000,6.403100,2701.972482,0.663776,0.216804,0.117287,0.077871,0.558146,0.415695,0.000000,0.346034,7034.000000
6102,0,0.554900,0.589540,13949.000000,32.000000,1410.000000,2.300000,1733.000000,320.000000,2568.000000,2076.000000,536.000000,5195.000000,5850.000000,820.000000,1159.000000,2758.000000,5195.000000,WA,0.000000,7.040900,1981.138775,0.494321,0.399615,0.103176,0.111966,0.380943,0.530895,0.000000,0.274302,5195.000000
6103,0,-0.629840,0.629840,10897.000000,34.000000,1723.000000,2.100000,1760.000000,350.000000,2075.000000,1034.000000,1760.000000,4873.000000,5761.000000,773.000000,1402.000000,2587.000000,4873.000000,WA,0.000000,3.340700,3261.891220,0.425816,0.212190,0.361174,0.154140,0.446337,0.530884,0.000000,0.227581,4873.000000
6104,0,0.364410,0.425060,15082.000000,38.000000,1666.000000,2.300000,1754.000000,350.000000,4434.000000,1064.000000,362.000000,5881.000000,6591.000000,1425.000000,1922.000000,2374.000000,5881.000000,WA,0.000000,10.794800,1397.154185,0.753953,0.180922,0.061554,0.107723,0.569121,0.403673,0.000000,0.397381,5881.000000
6105,0,0.508150,0.554360,16283.000000,35.000000,1558.000000,2.400000,1733.000000,340.000000,4559.000000,1348.000000,328.000000,6262.000000,6990.000000,1584.000000,1968.000000,2523.000000,6262.000000,WA,0.000000,32.838700,495.847887,0.728042,0.215267,0.052379,0.104149,0.567231,0.402906,0.000000,0.385500,6262.000000
6107,0,0.345980,0.413750,48583.000000,33.000000,1727.000000,2.700000,1733.000000,350.000000,13539.000000,2411.000000,763.000000,16801.000000,18275.000000,3637.000000,6393.000000,6204.000000,16801.000000,WA,0.000000,37.533900,1294.376550,0.805845,0.143503,0.045414,0.080657,0.596988,0.369264,0.000000,0.511398,16801.000000
6108,0,0.758900,0.758900,23665.000000,38.000000,1571.000000,2.700000,1625.000000,330.000000,7654.000000,642.000000,104.000000,8401.000000,8913.000000,2795.000000,3578.000000,1775.000000,8401.000000,WA,0.000000,11.591000,2041.670261,0.911082,0.076419,0.012379,0.057444,0.758600,0.211284,0.000000,0.630163,8401.000000
6109,0,0.694260,0.694260,13143.000000,36.000000,1358.000000,2.700000,1517.000000,300.000000,3781.000000,476.000000,181.000000,4583.000000,4966.000000,1117.000000,1986.000000,1288.000000,4583.000000,WA,0.000000,24.784300,530.295389,0.825005,0.103862,0.039494,0.077124,0.677067,0.281039,0.000000,0.642374,4583.000000
6110,0,0.505140,0.505140,44873.000000,36.000000,1618.000000,2.800000,1733.000000,315.000000,13672.000000,1390.000000,250.000000,15341.000000,16295.000000,3687.000000,7379.000000,3760.000000,15341.000000,WA,0.000000,62.030100,723.406862,0.891207,0.090607,0.016296,0.058546,0.721335,0.245095,0.000000,0.644026,15341.000000
6111,0,0.875910,0.875910,23639.000000,41.000000,1543.000000,2.500000,1625.000000,295.000000,7882.000000,747.000000,94.000000,8790.000000,9500.000000,2797.000000,3969.000000,1802.000000,8790.000000,WA,0.000000,457.782100,51.638105,0.896701,0.084983,0.010694,0.074737,0.769738,0.205006,0.000000,0.606257,8790.000000
6112,1,1.303490,1.303490,70564.000000,33.000000,1853.000000,2.800000,1800.000000,320.000000,21382.000000,2059.000000,125.000000,23762.000000,25379.000000,4232.000000,13554.000000,5387.000000,23762.000000,WA,0.000000,135.259800,521.692328,0.899840,0.086651,0.005260,0.063714,0.748506,0.226707,0.000000,0.715512,23762.000000
6121,0,0.322820,0.372990,3101.000000,43.000000,2380.000000,3.100000,2500.000000,375.000000,943.000000,5.000000,8.000000,956.000000,1010.000000,330.000000,530.000000,64.000000,956.000000,WA,0.000000,88.000800,35.238316,0.986402,0.005230,0.008368,0.053465,0.899582,0.066946,0.000000,0.949791,956.000000
6122,0,0.226470,0.286100,21803.000000,31.000000,2104.000000,3.000000,1950.000000,380.000000,6815.000000,68.000000,25.000000,6922.000000,7373.000000,1117.000000,4711.000000,979.000000,6922.000000,WA,0.000000,123.324600,176.793600,0.984542,0.009824,0.003612,0.061169,0.841953,0.141433,0.000000,0.879515,6922.000000
6123,1,1.083740,1.083740,2253.000000,32.000000,1973.000000,2.900000,1950.000000,370.000000,737.000000,0.000000,0.000000,733.000000,793.000000,176.000000,451.000000,90.000000,733.000000,WA,0.000000,35.842800,62.857812,1.005457,0.000000,0.000000,0.075662,0.855389,0.122783,0.000000,0.856753,733.000000
6124,0,-0.519860,0.519860,1205.000000,43.000000,2057.000000,2.600000,1965.000000,325.000000,426.000000,3.000000,0.000000,433.000000,464.000000,133.000000,237.000000,36.000000,433.000000,WA,0.000000,256.386900,4.699928,0.983834,0.006928,0.000000,0.066810,0.854503,0.083141,0.000000,0.766744,433.000000
6125,0,0.367920,0.373280,3622.000000,45.000000,2007.000000,2.800000,2200.000000,350.000000,975.000000,0.000000,0.000000,1100.000000,1161.000000,408.000000,535.000000,100.000000,1100.000000,WA,0.000000,220.607300,16.418314,0.886364,0.000000,0.000000,0.052541,0.857273,0.090909,0.000000,0.838182,1100.000000
6147,0,0.625760,0.649360,15038.000000,38.000000,1458.000000,2.600000,1525.000000,320.000000,4786.000000,676.000000,134.000000,5599.000000,6062.000000,1887.000000,2087.000000,1498.000000,5599.000000,WA,0.000000,8.685000,1731.491077,0.854795,0.120736,0.023933,0.076377,0.709770,0.267548,0.000000,0.551170,5599.000000
6148,0,0.763440,0.811430,18974.000000,42.000000,1904.000000,2.700000,2000.000000,375.000000,5567.000000,1041.000000,121.000000,6740.000000,7232.000000,2634.000000,2322.000000,1495.000000,6740.000000,WA,0.000000,9.611600,1974.072995,0.825964,0.154451,0.017953,0.068031,0.735312,0.221810,0.000000,0.595401,6740.000000
6149,0,0.971570,0.971570,18905.000000,43.000000,2155.000000,2.700000,2167.000000,430.000000,5830.000000,520.000000,344.000000,6694.000000,7106.000000,2932.000000,2418.000000,961.000000,6694.000000,WA,0.000000,11.617300,1627.314436,0.870929,0.077682,0.051389,0.057979,0.799223,0.143561,0.000000,0.664625,6694.000000
6150,0,0.622360,0.629300,13201.000000,43.000000,2112.000000,2.800000,2167.000000,460.000000,3868.000000,333.000000,90.000000,4298.000000,4588.000000,2043.000000,1290.000000,665.000000,4298.000000,WA,0.000000,9.698100,1361.194461,0.899953,0.077478,0.020940,0.063208,0.775477,0.154723,0.000000,0.632620,4298.000000
6151,1,1.164300,1.164300,17226.000000,40.000000,2113.000000,2.200000,2388.000000,375.000000,3238.000000,2261.000000,1746.000000,7254.000000,8510.000000,2324.000000,1888.000000,2811.000000,7254.000000,WA,0.000000,7.756300,2220.904297,0.446374,0.311690,0.240695,0.147591,0.580645,0.387510,0.000000,0.273642,7254.000000
6152,0,0.822840,0.822840,26227.000000,38.000000,1919.000000,2.300000,2167.000000,350.000000,5477.000000,3903.000000,1041.000000,10438.000000,11580.000000,3255.000000,3125.000000,3621.000000,10438.000000,WA,0.000000,12.550500,2089.717541,0.524717,0.373922,0.099732,0.098618,0.611228,0.346906,0.000000,0.371527,10438.000000
6153,1,1.046050,1.065490,21419.000000,43.000000,2340.000000,2.500000,2700.000000,450.000000,5622.000000,1680.000000,863.000000,8174.000000,9163.000000,3395.000000,2503.000000,2091.000000,8174.000000,WA,0.000000,9.126000,2347.030462,0.687791,0.205530,0.105579,0.107934,0.721556,0.255811,0.000000,0.445804,8174.000000
6154,0,0.417270,0.474360,10621.000000,42.000000,2059.000000,2.500000,2383.000000,415.000000,2857.000000,1017.000000,101.000000,3980.000000,4326.000000,1700.000000,1413.000000,728.000000,3980.000000,WA,0.000000,5.533000,1919.573468,0.717839,0.255528,0.025377,0.079982,0.782161,0.182915,0.000000,0.540201,3980.000000
6155,0,0.560290,0.560290,53765.000000,38.000000,2243.000000,3.100000,2000.000000,420.000000,15394.000000,763.000000,429.000000,16599.000000,17300.000000,5556.000000,7553.000000,3076.000000,16599.000000,WA,0.000000,34.090100,1577.144098,0.927405,0.045967,0.025845,0.040520,0.789746,0.185312,0.000000,0.777818,16599.000000
6156,1,1.137920,1.146830,18238.000000,40.000000,2135.000000,2.500000,2199.000000,370.000000,5268.000000,1304.000000,220.000000,6792.000000,7342.000000,2378.000000,2699.000000,1511.000000,6792.000000,WA,0.000000,7.586600,2403.975430,0.775618,0.191991,0.032391,0.074911,0.747497,0.222468,0.000000,0.455241,6792.000000
6157,0,0.491480,0.572780,14603.000000,41.000000,1838.000000,2.300000,2101.000000,350.000000,3702.000000,1990.000000,342.000000,6055.000000,6582.000000,2105.000000,2292.000000,1477.000000,6055.000000,WA,0.000000,6.265100,2330.848670,0.611396,0.328654,0.056482,0.080067,0.726177,0.243931,0.000000,0.365318,6055.000000
6158,0,0.604090,0.784030,7819.000000,44.000000,2288.000000,2.500000,2600.000000,420.000000,1926.000000,548.000000,424.000000,2913.000000,3214.000000,1191.000000,1017.000000,652.000000,2913.000000,WA,0.000000,3.138400,2491.396890,0.661174,0.188122,0.145554,0.093653,0.757981,0.223824,0.000000,0.411260,2913.000000
6159,0,-0.111780,0.471370,3947.000000,48.000000,2387.000000,2.100000,2600.000000,480.000000,511.000000,535.000000,608.000000,1659.000000,1948.000000,619.000000,485.000000,526.000000,1659.000000,WA,0.000000,3.611600,1092.867427,0.308017,0.322483,0.366486,0.148357,0.665461,0.317058,0.000000,0.218807,1659.000000
6160,0,0.232690,0.505430,9251.000000,41.000000,1822.000000,2.000000,2167.000000,380.000000,1622.000000,1306.000000,1116.000000,4068.000000,4746.000000,1153.000000,1111.000000,1689.000000,4068.000000,WA,0.000000,5.534600,1671.484841,0.398722,0.321042,0.274336,0.142857,0.556539,0.415192,0.000000,0.273107,4068.000000
6162,0,0.321880,0.398500,12074.000000,43.000000,1875.000000,2.300000,2200.000000,350.000000,3535.000000,769.000000,375.000000,4832.000000,5317.000000,1794.000000,1595.000000,1302.000000,4832.000000,WA,0.000000,5.431900,2222.794970,0.731581,0.159147,0.077608,0.091217,0.701366,0.269454,0.000000,0.444123,4832.000000
6163,0,0.584750,0.584750,54704.000000,41.000000,1638.000000,2.300000,1815.000000,350.000000,16627.000000,3630.000000,1702.000000,21996.000000,23919.000000,7234.000000,8126.000000,6068.000000,21996.000000,WA,0.000000,42.731000,1280.194706,0.755910,0.165030,0.077378,0.080396,0.698309,0.275868,0.000000,0.485952,21996.000000
6164,1,1.107520,1.107520,66124.000000,34.000000,2210.000000,2.800000,1950.000000,395.000000,19707.000000,1908.000000,1263.000000,22897.000000,24340.000000,4491.000000,12414.000000,5574.000000,22897.000000,WA,0.000000,78.462300,842.748683,0.860680,0.083330,0.055160,0.059285,0.738306,0.243438,0.000000,0.687470,22897.000000
6166,0,0.667440,0.667440,10792.000000,42.000000,2119.000000,2.600000,2167.000000,400.000000,3504.000000,145.000000,30.000000,3888.000000,4118.000000,1572.000000,1681.000000,557.000000,3888.000000,WA,0.000000,35.355700,305.240739,0.901235,0.037294,0.007716,0.055852,0.836677,0.143261,0.000000,0.599023,3888.000000
6167,0,0.007040,0.268260,28476.000000,35.000000,1538.000000,2.600000,1562.000000,300.000000,9136.000000,419.000000,428.000000,9994.000000,10868.000000,1975.000000,4882.000000,2884.000000,9994.000000,WA,0.000000,76.640300,371.553869,0.914148,0.041925,0.042826,0.080420,0.686112,0.288573,0.000000,0.649790,9994.000000
6168,0,0.704720,0.704720,24913.000000,46.000000,1176.000000,2.100000,1440.000000,300.000000,7582.000000,1590.000000,996.000000,10370.000000,11706.000000,3496.000000,3124.000000,3405.000000,10370.000000,WA,0.000000,49.022600,508.194180,0.731148,0.153327,0.096046,0.114130,0.638380,0.328351,0.000000,0.531533,10370.000000
6169,0,0.172200,0.269100,35317.000000,41.000000,1485.000000,2.500000,1582.000000,310.000000,12434.000000,385.000000,528.000000,13350.000000,14736.000000,4222.000000,5561.000000,3290.000000,13350.000000,WA,0.000000,31.341800,1126.833813,0.931386,0.028839,0.039551,0.094055,0.732809,0.246442,0.000000,0.667566,13350.000000
6170,1,1.168620,1.168620,17329.000000,31.000000,2012.000000,3.000000,1820.000000,350.000000,5404.000000,133.000000,106.000000,5648.000000,6012.000000,592.000000,3511.000000,1433.000000,5648.000000,WA,0.000000,25.119700,689.856965,0.956799,0.023548,0.018768,0.060546,0.726452,0.253718,0.000000,0.752302,5648.000000
6171,0,0.590050,0.590050,37697.000000,31.000000,2096.000000,2.900000,1900.000000,360.000000,11843.000000,409.000000,44.000000,12397.000000,13212.000000,1970.000000,7357.000000,2750.000000,12397.000000,WA,0.000000,87.315300,431.734186,0.955312,0.032992,0.003549,0.061686,0.752359,0.221828,0.000000,0.857304,12397.000000
6172,0,0.443830,0.460990,13477.000000,36.000000,1921.000000,2.800000,1700.000000,350.000000,4207.000000,273.000000,0.000000,4488.000000,4787.000000,964.000000,2328.000000,1006.000000,4488.000000,WA,0.000000,21.210700,635.386857,0.937389,0.060829,0.000000,0.062461,0.733512,0.224153,0.000000,0.808601,4488.000000
6173,0,0.450750,0.467280,12474.000000,34.000000,2492.000000,3.100000,2000.000000,380.000000,3822.000000,38.000000,3.000000,3872.000000,4126.000000,712.000000,2363.000000,754.000000,3872.000000,WA,0.000000,6.544800,1905.940594,0.987087,0.009814,0.000775,0.061561,0.794163,0.194731,0.000000,0.800362,3872.000000
6174,1,1.161630,1.184590,5681.000000,30.000000,1891.000000,2.800000,1777.000000,350.000000,1891.000000,39.000000,0.000000,1953.000000,2153.000000,289.000000,1150.000000,481.000000,1953.000000,WA,0.000000,4.414900,1286.778862,0.968254,0.019969,0.000000,0.092894,0.736815,0.246288,0.000000,0.681004,1953.000000
6175,0,0.228650,0.323330,4021.000000,35.000000,2180.000000,2.900000,1950.000000,370.000000,1331.000000,0.000000,0.000000,1336.000000,1486.000000,296.000000,771.000000,250.000000,1336.000000,WA,0.000000,3.611200,1113.480284,0.996257,0.000000,0.000000,0.100942,0.798653,0.187126,0.000000,0.781437,1336.000000
6180,0,0.454780,0.511950,6777.000000,33.000000,1837.000000,2.900000,1779.000000,350.000000,2292.000000,7.000000,0.000000,2300.000000,2479.000000,501.000000,1254.000000,506.000000,2300.000000,WA,0.000000,13.570800,499.381024,0.996522,0.003043,0.000000,0.072207,0.763043,0.220000,0.000000,0.873043,2300.000000
6207,0,-0.401340,0.764740,1243.000000,40.000000,2191.000000,3.000000,2197.000000,250.000000,366.000000,0.000000,0.000000,377.000000,409.000000,100.000000,232.000000,34.000000,377.000000,WA,0.000000,540.214700,2.300937,0.970822,0.000000,0.000000,0.078240,0.880637,0.090186,0.000000,1.196286,377.000000
6208,0,0.700220,0.700220,12946.000000,44.000000,1305.000000,2.400000,1733.000000,310.000000,4474.000000,260.000000,11.000000,4868.000000,5750.000000,1661.000000,1876.000000,1003.000000,4868.000000,WA,0.000000,485.609500,26.659281,0.919063,0.053410,0.002260,0.153391,0.726582,0.206039,0.000000,0.888044,4868.000000
6209,0,-0.406990,0.406990,2002.000000,51.000000,1122.000000,2.400000,1842.000000,250.000000,691.000000,0.000000,3.000000,758.000000,836.000000,352.000000,243.000000,127.000000,758.000000,WA,0.000000,22.554000,88.764742,0.911609,0.000000,0.003958,0.093301,0.784960,0.167546,0.000000,0.705805,758.000000
6210,0,0.918350,0.918350,75034.000000,47.000000,1222.000000,2.300000,1681.000000,300.000000,24367.000000,4448.000000,957.000000,29954.000000,36139.000000,10150.000000,10113.000000,8055.000000,29954.000000,WA,0.000000,63.401200,1183.479177,0.813481,0.148494,0.031949,0.171145,0.676471,0.268912,0.000000,0.699339,29954.000000
6211,0,0.464980,0.644060,8498.000000,45.000000,1436.000000,2.600000,1842.000000,350.000000,2885.000000,106.000000,42.000000,3104.000000,4003.000000,1231.000000,1361.000000,448.000000,3104.000000,WA,0.000000,98.299900,86.449732,0.929446,0.034149,0.013531,0.224582,0.835052,0.144330,0.000000,0.878866,3104.000000
6215,0,0.211190,0.297350,4234.000000,48.000000,1312.000000,2.400000,1625.000000,260.000000,1459.000000,96.000000,0.000000,1584.000000,2108.000000,649.000000,581.000000,273.000000,1584.000000,WA,0.000000,831.853400,5.089839,0.921086,0.060606,0.000000,0.248577,0.776515,0.172348,0.000000,0.696970,1584.000000
6220,0,0.167760,0.291700,4346.000000,44.000000,1465.000000,2.500000,1519.000000,280.000000,1517.000000,83.000000,0.000000,1626.000000,1901.000000,643.000000,472.000000,445.000000,1626.000000,WA,0.000000,778.693800,5.581141,0.932964,0.051046,0.000000,0.144661,0.685732,0.273678,0.000000,0.657442,1626.000000
6225,0,0.090150,0.248880,9164.000000,45.000000,1240.000000,2.300000,1300.000000,250.000000,3279.000000,108.000000,104.000000,3520.000000,4010.000000,1444.000000,1267.000000,675.000000,3520.000000,WA,0.000000,2920.936000,3.137350,0.931534,0.030682,0.029545,0.122195,0.770170,0.191761,0.000000,0.582386,3520.000000
6230,0,0.425800,0.463060,44972.000000,41.000000,1469.000000,2.400000,1517.000000,300.000000,13976.000000,2667.000000,553.000000,17342.000000,19311.000000,5004.000000,6256.000000,5517.000000,17342.000000,WA,0.000000,100.536800,447.318793,0.805905,0.153788,0.031888,0.101963,0.649291,0.318129,0.000000,0.494695,17342.000000
6232,0,0.839310,0.839310,11402.000000,38.000000,1711.000000,2.600000,1647.000000,350.000000,3766.000000,293.000000,15.000000,4111.000000,4440.000000,1157.000000,1894.000000,847.000000,4111.000000,WA,0.000000,8.278200,1377.352565,0.916079,0.071272,0.003649,0.074099,0.742155,0.206033,0.000000,0.699343,4111.000000
6233,0,0.968990,0.968990,20432.000000,38.000000,1888.000000,2.700000,1733.000000,350.000000,6732.000000,248.000000,43.000000,7139.000000,7917.000000,2141.000000,3455.000000,1370.000000,7139.000000,WA,0.000000,170.818100,119.612617,0.942989,0.034739,0.006023,0.098270,0.783863,0.191904,0.000000,0.698697,7139.000000
6236,0,-0.116620,0.292390,2213.000000,48.000000,1989.000000,2.600000,1799.000000,290.000000,780.000000,0.000000,0.000000,785.000000,899.000000,328.000000,339.000000,92.000000,785.000000,WA,0.000000,432.335000,5.118716,0.993631,0.000000,0.000000,0.126808,0.849682,0.117197,0.000000,0.765605,785.000000
6237,0,0.017490,0.367850,2656.000000,46.000000,1929.000000,2.700000,1993.000000,325.000000,906.000000,9.000000,0.000000,921.000000,996.000000,398.000000,381.000000,106.000000,921.000000,WA,0.000000,289.594800,9.171435,0.983713,0.009772,0.000000,0.075301,0.845820,0.115092,0.000000,0.766558,921.000000
6239,0,0.350930,0.483650,4657.000000,47.000000,1406.000000,2.500000,1591.000000,300.000000,1639.000000,44.000000,5.000000,1702.000000,1883.000000,686.000000,686.000000,275.000000,1702.000000,WA,0.000000,553.252200,8.417499,0.962985,0.025852,0.002938,0.096123,0.806110,0.161575,0.000000,0.771445,1702.000000
6244,0,-0.525900,0.525900,1580.000000,48.000000,1286.000000,2.300000,1170.000000,218.000000,574.000000,4.000000,0.000000,585.000000,728.000000,292.000000,141.000000,107.000000,585.000000,WA,0.000000,2363.766900,0.668425,0.981197,0.006838,0.000000,0.196429,0.740171,0.182906,0.000000,0.471795,585.000000
6253,0,-0.416120,0.424580,655.000000,58.000000,951.000000,2.000000,1408.000000,255.000000,283.000000,0.000000,0.000000,295.000000,395.000000,156.000000,83.000000,35.000000,295.000000,WA,0.000000,264.832100,2.473265,0.959322,0.000000,0.000000,0.253165,0.810169,0.118644,0.000000,0.698305,295.000000
6255,0,0.117310,0.419930,4403.000000,51.000000,1208.000000,2.300000,1500.000000,300.000000,1648.000000,56.000000,7.000000,1727.000000,2098.000000,759.000000,610.000000,269.000000,1727.000000,WA,0.000000,731.264800,6.021075,0.954256,0.032426,0.004053,0.176835,0.792704,0.155761,0.000000,0.565721,1727.000000
6258,0,0.356870,0.361430,6483.000000,45.000000,1275.000000,2.300000,1300.000000,235.000000,2292.000000,193.000000,18.000000,2525.000000,2979.000000,914.000000,786.000000,712.000000,2525.000000,WA,0.000000,2766.233100,2.343620,0.907723,0.076436,0.007129,0.152400,0.673267,0.281980,0.000000,0.363564,2525.000000
6271,0,-0.059320,0.481210,3461.000000,44.000000,1465.000000,2.500000,1517.000000,330.000000,1214.000000,68.000000,0.000000,1288.000000,1544.000000,434.000000,567.000000,233.000000,1288.000000,WA,0.000000,208.809900,16.574885,0.942547,0.052795,0.000000,0.165803,0.777174,0.180901,0.000000,0.774068,1288.000000
6275,0,0.040760,0.238000,1506.000000,56.000000,1102.000000,2.100000,1400.000000,257.000000,556.000000,13.000000,15.000000,590.000000,875.000000,294.000000,169.000000,106.000000,590.000000,WA,0.000000,2607.692000,0.577522,0.942373,0.022034,0.025424,0.325714,0.784746,0.179661,0.000000,0.703390,590.000000
6280,0,0.268950,0.453730,30585.000000,45.000000,1382.000000,2.400000,1733.000000,350.000000,10138.000000,1116.000000,48.000000,11526.000000,13922.000000,4117.000000,3991.000000,2881.000000,11526.000000,WA,0.000000,871.729500,35.085425,0.879577,0.096825,0.004164,0.172102,0.703453,0.249957,0.000000,0.632049,11526.000000
6281,1,1.086640,1.170160,8543.000000,43.000000,1770.000000,2.600000,1950.000000,450.000000,2631.000000,241.000000,24.000000,2962.000000,5115.000000,1072.000000,1190.000000,589.000000,2962.000000,WA,0.000000,120.649200,70.808592,0.888251,0.081364,0.008103,0.420919,0.763673,0.198852,0.000000,0.768737,2962.000000
6282,0,0.909310,0.925270,1522.000000,48.000000,2193.000000,2.600000,2350.000000,400.000000,480.000000,9.000000,5.000000,504.000000,1069.000000,227.000000,187.000000,59.000000,504.000000,WA,0.000000,94.618600,16.085632,0.952381,0.017857,0.009921,0.528531,0.821429,0.117063,0.000000,1.202381,504.000000
6284,1,1.709080,1.936280,2875.000000,39.000000,1910.000000,2.700000,1950.000000,380.000000,859.000000,16.000000,0.000000,898.000000,1195.000000,270.000000,422.000000,167.000000,898.000000,WA,0.000000,596.203500,4.822179,0.956570,0.017817,0.000000,0.248536,0.770601,0.185969,0.000000,0.624722,898.000000
6285,1,1.244890,1.244890,10633.000000,40.000000,1641.000000,2.600000,1713.000000,380.000000,3359.000000,207.000000,27.000000,3654.000000,4689.000000,1116.000000,1451.000000,937.000000,3654.000000,WA,0.000000,843.106500,12.611693,0.919267,0.056650,0.007389,0.220729,0.702518,0.256431,0.000000,0.504379,3654.000000
6290,0,0.957560,0.957560,1837.000000,61.000000,901.000000,1.900000,1500.000000,275.000000,720.000000,49.000000,4.000000,822.000000,1495.000000,442.000000,156.000000,174.000000,822.000000,WA,0.000000,154.075600,11.922718,0.875912,0.059611,0.004866,0.450167,0.727494,0.211679,0.000000,0.480535,822.000000
6302,0,0.042890,0.239040,3485.000000,56.000000,1126.000000,2.200000,1400.000000,260.000000,1353.000000,39.000000,6.000000,1422.000000,1711.000000,686.000000,426.000000,237.000000,1422.000000,WA,0.000000,2757.396900,1.263873,0.951477,0.027426,0.004219,0.168907,0.781997,0.166667,0.000000,0.732771,1422.000000
6304,0,-0.467890,0.473630,1669.000000,56.000000,1055.000000,2.200000,1159.000000,200.000000,641.000000,11.000000,0.000000,670.000000,872.000000,364.000000,175.000000,78.000000,670.000000,WA,0.000000,1744.714200,0.956604,0.956716,0.016418,0.000000,0.231651,0.804478,0.116418,0.000000,0.783582,670.000000
6308,0,-0.008600,0.407690,1568.000000,51.000000,1148.000000,2.200000,1083.000000,200.000000,599.000000,8.000000,0.000000,610.000000,734.000000,290.000000,155.000000,118.000000,610.000000,WA,0.000000,2262.250700,0.693115,0.981967,0.013115,0.000000,0.168937,0.729508,0.193443,0.000000,0.588525,610.000000
6312,0,-1.231810,1.231810,4556.000000,43.000000,1312.000000,2.200000,1170.000000,240.000000,1584.000000,133.000000,5.000000,1735.000000,2066.000000,624.000000,487.000000,523.000000,1735.000000,WA,0.000000,1299.442100,3.506120,0.912968,0.076657,0.002882,0.160213,0.640346,0.301441,0.000000,0.436888,1735.000000
6315,0,-0.816190,0.816190,1878.000000,49.000000,1206.000000,2.200000,875.000000,180.000000,684.000000,38.000000,0.000000,730.000000,859.000000,344.000000,193.000000,153.000000,730.000000,WA,0.000000,2699.865100,0.695590,0.936986,0.052055,0.000000,0.150175,0.735616,0.209589,0.000000,0.539726,730.000000
6317,0,-0.096630,0.594640,4085.000000,39.000000,1350.000000,2.500000,1042.000000,200.000000,1322.000000,126.000000,5.000000,1466.000000,1694.000000,489.000000,452.000000,433.000000,1466.000000,WA,0.000000,1822.974000,2.240844,0.901774,0.085948,0.003411,0.134593,0.641883,0.295362,0.000000,0.382674,1466.000000
6324,0,-0.263590,0.341010,3743.000000,47.000000,1191.000000,2.400000,1300.000000,220.000000,1308.000000,26.000000,3.000000,1358.000000,1643.000000,570.000000,388.000000,305.000000,1358.000000,WA,0.000000,2719.138500,1.376539,0.963181,0.019146,0.002209,0.173463,0.705449,0.224595,0.000000,0.396171,1358.000000
6330,0,0.722060,0.722940,38042.000000,45.000000,1349.000000,2.400000,1517.000000,300.000000,13090.000000,1090.000000,67.000000,14488.000000,16663.000000,5446.000000,4727.000000,3745.000000,14488.000000,WA,0.000000,1428.356600,26.633405,0.903506,0.075235,0.004625,0.130529,0.702167,0.258490,0.000000,0.329928,14488.000000
6333,0,0.080270,0.287380,6310.000000,50.000000,1134.000000,2.300000,1517.000000,300.000000,2162.000000,169.000000,3.000000,2362.000000,3263.000000,1105.000000,645.000000,484.000000,2362.000000,WA,0.000000,1859.848700,3.392749,0.915326,0.071550,0.001270,0.276126,0.740898,0.204911,0.000000,0.485605,2362.000000
6375,0,-0.116650,0.328420,880.000000,47.000000,1326.000000,2.200000,867.000000,183.000000,329.000000,17.000000,0.000000,352.000000,420.000000,166.000000,76.000000,83.000000,352.000000,WA,0.000000,1708.136300,0.515181,0.934659,0.048295,0.000000,0.161905,0.687500,0.235795,0.000000,0.696023,352.000000
6383,0,-1.197050,1.197050,935.000000,55.000000,1115.000000,2.200000,779.000000,130.000000,289.000000,6.000000,0.000000,306.000000,375.000000,175.000000,55.000000,51.000000,306.000000,WA,0.000000,1797.248500,0.520240,0.944444,0.019608,0.000000,0.184000,0.751634,0.166667,0.000000,0.683007,306.000000
6390,0,0.338300,0.493430,1673.000000,42.000000,1732.000000,2.500000,1695.000000,280.000000,563.000000,18.000000,0.000000,587.000000,736.000000,199.000000,196.000000,167.000000,587.000000,WA,0.000000,2687.886900,0.622422,0.959114,0.030664,0.000000,0.202446,0.672913,0.284497,0.000000,0.684838,587.000000
6395,0,-1.572020,1.572020,1543.000000,43.000000,1452.000000,2.300000,1073.000000,200.000000,559.000000,30.000000,0.000000,597.000000,759.000000,230.000000,133.000000,174.000000,597.000000,WA,0.000000,1816.903000,0.849247,0.936348,0.050251,0.000000,0.213439,0.608040,0.291457,0.000000,0.432161,597.000000
6401,0,0.634880,0.634880,8283.000000,42.000000,1263.000000,2.400000,1300.000000,250.000000,2769.000000,139.000000,15.000000,2965.000000,3531.000000,1088.000000,944.000000,810.000000,2965.000000,WA,0.000000,1369.530200,6.048059,0.933895,0.046880,0.005059,0.160295,0.685329,0.273187,0.000000,0.544013,2965.000000
6415,0,-0.243450,0.556730,2771.000000,40.000000,1396.000000,2.300000,1066.000000,220.000000,975.000000,43.000000,3.000000,1032.000000,1279.000000,336.000000,321.000000,318.000000,1032.000000,WA,0.000000,1687.816100,1.641767,0.944767,0.041667,0.002907,0.193120,0.636628,0.308140,0.000000,0.558140,1032.000000
6430,0,0.722930,0.722930,21920.000000,34.000000,2429.000000,2.600000,1703.000000,310.000000,6143.000000,1282.000000,125.000000,7648.000000,8920.000000,1313.000000,3157.000000,2900.000000,7648.000000,WA,0.000000,145.270400,150.891028,0.803217,0.167626,0.016344,0.142601,0.584467,0.379184,0.000000,0.321391,7648.000000
6432,0,0.852780,0.867820,7150.000000,35.000000,2001.000000,2.500000,1309.000000,300.000000,1964.000000,288.000000,0.000000,2329.000000,2742.000000,506.000000,962.000000,767.000000,2329.000000,WA,0.000000,17.096500,418.214254,0.843280,0.123658,0.000000,0.150620,0.630313,0.329326,0.000000,0.382568,2329.000000
6437,0,-1.221690,1.221690,747.000000,30.000000,2562.000000,2.900000,520.000000,46.000000,109.000000,7.000000,0.000000,121.000000,215.000000,0.000000,0.000000,69.000000,121.000000,WA,0.000000,11582.600500,0.064493,0.900826,0.057851,0.000000,0.437209,0.000000,0.570248,0.000000,1.561983,121.000000
6450,1,1.088350,1.092460,13159.000000,42.000000,1515.000000,2.400000,1572.000000,265.000000,4117.000000,413.000000,95.000000,4757.000000,5805.000000,1648.000000,1451.000000,1373.000000,4757.000000,WA,0.000000,13851.546100,0.950002,0.865461,0.086819,0.019971,0.180534,0.651461,0.288627,0.000000,0.240067,4757.000000
6501,0,-0.348550,0.420640,921.000000,47.000000,1859.000000,2.700000,2000.000000,360.000000,323.000000,0.000000,0.000000,323.000000,359.000000,104.000000,172.000000,27.000000,323.000000,WA,0.000000,215.952400,4.264829,1.000000,0.000000,0.000000,0.100279,0.854489,0.083591,0.000000,1.012384,323.000000
6502,0,-0.012600,0.251400,1221.000000,49.000000,1379.000000,2.400000,1688.000000,290.000000,409.000000,3.000000,15.000000,432.000000,531.000000,193.000000,158.000000,58.000000,432.000000,WA,0.000000,464.747400,2.627234,0.946759,0.006944,0.034722,0.186441,0.812500,0.134259,0.000000,0.988426,432.000000
6503,0,-0.330530,0.415430,2354.000000,44.000000,1525.000000,2.500000,1733.000000,268.000000,766.000000,11.000000,0.000000,796.000000,1035.000000,312.000000,272.000000,143.000000,796.000000,WA,0.000000,2267.379100,1.038203,0.962312,0.013819,0.000000,0.230918,0.733668,0.179648,0.000000,0.943467,796.000000
6510,0,-1.053000,1.106350,1940.000000,43.000000,1459.000000,2.300000,1033.000000,230.000000,624.000000,49.000000,0.000000,694.000000,866.000000,263.000000,197.000000,170.000000,694.000000,WA,0.000000,1463.400200,1.325680,0.899135,0.070605,0.000000,0.198614,0.662824,0.244957,0.000000,0.537464,694.000000
6516,0,0.309380,0.323430,1985.000000,52.000000,1187.000000,2.200000,1625.000000,320.000000,711.000000,25.000000,4.000000,779.000000,1430.000000,350.000000,204.000000,192.000000,779.000000,WA,0.000000,525.887300,3.774573,0.912709,0.032092,0.005135,0.455245,0.711168,0.246470,0.000000,0.896021,779.000000
6525,0,-0.043320,0.232420,3680.000000,53.000000,1168.000000,2.200000,1537.000000,250.000000,1238.000000,130.000000,23.000000,1437.000000,1849.000000,650.000000,355.000000,345.000000,1437.000000,WA,0.000000,2369.329800,1.553182,0.861517,0.090466,0.016006,0.222823,0.699374,0.240084,0.000000,0.659708,1437.000000
6530,0,0.960000,0.960000,33378.000000,40.000000,1483.000000,2.400000,1517.000000,250.000000,10390.000000,1499.000000,225.000000,12227.000000,14024.000000,3849.000000,4137.000000,3790.000000,12227.000000,WA,0.000000,127.278900,262.242996,0.849759,0.122598,0.018402,0.128137,0.653145,0.309970,0.000000,0.506584,12227.000000
6532,0,0.686660,0.801830,6915.000000,39.000000,2009.000000,2.700000,1800.000000,320.000000,2207.000000,13.000000,0.000000,2335.000000,2628.000000,783.000000,1019.000000,437.000000,2335.000000,WA,0.000000,23479.295200,0.294515,0.945182,0.005567,0.000000,0.111492,0.771734,0.187152,0.000000,0.622270,2335.000000
6535,0,0.110460,0.297490,1609.000000,55.000000,1068.000000,2.200000,1192.000000,200.000000,547.000000,7.000000,15.000000,598.000000,814.000000,320.000000,128.000000,84.000000,598.000000,WA,0.000000,2596.627000,0.619650,0.914716,0.011706,0.025084,0.265356,0.749164,0.140468,0.000000,0.697324,598.000000
6536,0,-0.782470,0.782470,1478.000000,53.000000,1122.000000,2.100000,1600.000000,258.000000,441.000000,72.000000,0.000000,557.000000,810.000000,246.000000,127.000000,150.000000,557.000000,WA,0.000000,3651.852500,0.404726,0.791741,0.129264,0.000000,0.312346,0.669659,0.269300,0.000000,0.694794,557.000000
6556,0,0.212700,0.336330,1969.000000,44.000000,1981.000000,2.700000,1950.000000,375.000000,703.000000,0.000000,0.000000,704.000000,764.000000,227.000000,395.000000,69.000000,704.000000,WA,0.000000,197.384400,9.975459,0.998580,0.000000,0.000000,0.078534,0.883523,0.098011,0.000000,0.731534,704.000000
6560,0,-0.329130,0.466260,1372.000000,46.000000,1520.000000,2.500000,1400.000000,250.000000,497.000000,11.000000,0.000000,509.000000,593.000000,176.000000,234.000000,78.000000,509.000000,WA,0.000000,55.169400,24.868858,0.976424,0.021611,0.000000,0.141653,0.805501,0.153242,0.000000,0.638507,509.000000
6562,0,-0.682610,0.682610,1413.000000,45.000000,1547.000000,2.600000,1800.000000,300.000000,475.000000,0.000000,0.000000,477.000000,566.000000,170.000000,245.000000,45.000000,477.000000,WA,0.000000,348.370100,4.056031,0.995807,0.000000,0.000000,0.157244,0.870021,0.094340,0.000000,0.903564,477.000000
6566,0,0.067060,0.386780,3296.000000,54.000000,1190.000000,2.200000,1495.000000,280.000000,1254.000000,10.000000,0.000000,1291.000000,1626.000000,561.000000,475.000000,164.000000,1291.000000,WA,0.000000,637.143600,5.173088,0.971340,0.007746,0.000000,0.206027,0.802479,0.127033,0.000000,0.886909,1291.000000
6701,1,2.208800,2.365780,5259.000000,40.000000,1399.000000,2.300000,1300.000000,209.000000,1320.000000,215.000000,48.000000,1774.000000,2204.000000,554.000000,373.000000,739.000000,1774.000000,WA,0.000000,55074.934200,0.095488,0.744081,0.121195,0.027057,0.195100,0.522548,0.416573,0.000000,0.263811,1774.000000
6707,1,2.195360,2.255670,3074.000000,37.000000,1983.000000,2.500000,2103.000000,330.000000,856.000000,25.000000,50.000000,1093.000000,1343.000000,247.000000,346.000000,444.000000,1093.000000,WA,0.000000,5978.968000,0.514136,0.783166,0.022873,0.045746,0.186150,0.542543,0.406221,0.000000,0.318390,1093.000000
6714,1,2.476370,2.909520,17657.000000,32.000000,3188.000000,2.800000,1972.000000,320.000000,4017.000000,676.000000,298.000000,5089.000000,6333.000000,329.000000,1285.000000,3038.000000,5089.000000,WA,0.000000,14823.761200,1.191128,0.789350,0.132836,0.058558,0.196431,0.317155,0.596974,0.000000,0.207899,5089.000000
6722,1,1.167050,1.167050,11305.000000,32.000000,2595.000000,2.700000,1408.000000,240.000000,2462.000000,720.000000,204.000000,3445.000000,4415.000000,237.000000,670.000000,2297.000000,3445.000000,WA,0.000000,4872.070800,2.320369,0.714659,0.208999,0.059216,0.219706,0.263280,0.666763,0.000000,0.110305,3445.000000
6725,1,3.353380,3.695250,11236.000000,34.000000,2040.000000,2.700000,2167.000000,260.000000,2593.000000,473.000000,67.000000,3376.000000,3986.000000,445.000000,870.000000,1787.000000,3376.000000,WA,0.000000,55384.203200,0.202874,0.768069,0.140107,0.019846,0.153036,0.389514,0.529325,0.000000,0.249408,3376.000000
6726,0,0.574850,1.380540,5730.000000,34.000000,2181.000000,2.700000,2167.000000,371.000000,1393.000000,231.000000,58.000000,1794.000000,2030.000000,329.000000,479.000000,903.000000,1794.000000,WA,0.000000,9.344800,613.175242,0.776477,0.128763,0.032330,0.116256,0.450390,0.503344,0.000000,0.163880,1794.000000
6728,1,1.086580,1.421340,5365.000000,32.000000,1357.000000,2.800000,1638.000000,100.000000,1186.000000,78.000000,0.000000,1369.000000,1790.000000,166.000000,127.000000,938.000000,1369.000000,WA,0.000000,101758.309500,0.052723,0.866326,0.056976,0.000000,0.235196,0.214025,0.685172,0.000000,0.197224,1369.000000
6743,0,0.017400,1.403150,6455.000000,33.000000,1971.000000,2.700000,2000.000000,242.000000,1182.000000,229.000000,117.000000,1817.000000,2249.000000,253.000000,287.000000,1100.000000,1817.000000,WA,0.000000,59304.410600,0.108845,0.650523,0.126032,0.064392,0.192085,0.297193,0.605394,0.000000,0.231701,1817.000000
7000,0,0.500110,0.500110,15645.000000,36.000000,1858.000000,2.300000,1852.000000,400.000000,3717.000000,710.000000,1602.000000,6098.000000,6821.000000,1825.000000,1530.000000,2579.000000,6098.000000,TAS,0.000000,10.948000,1429.028133,0.609544,0.116432,0.262709,0.105996,0.550180,0.422926,0.000000,0.185471,6098.000000
7004,0,0.544100,0.544100,7982.000000,39.000000,1820.000000,2.200000,1690.000000,400.000000,1981.000000,514.000000,777.000000,3300.000000,3734.000000,1164.000000,804.000000,1200.000000,3300.000000,TAS,0.000000,9.802500,814.282071,0.600303,0.155758,0.235455,0.116229,0.596364,0.363636,0.000000,0.216364,3300.000000
7005,0,0.203110,0.258530,13947.000000,37.000000,1903.000000,2.400000,2167.000000,420.000000,3653.000000,683.000000,870.000000,5269.000000,5920.000000,2124.000000,1153.000000,1785.000000,5269.000000,TAS,0.000000,8.380700,1664.180796,0.693300,0.129626,0.165117,0.109966,0.621940,0.338774,0.000000,0.195103,5269.000000
7007,0,0.174050,0.257490,3387.000000,40.000000,1892.000000,2.600000,1759.000000,330.000000,1071.000000,148.000000,55.000000,1269.000000,1358.000000,502.000000,442.000000,312.000000,1269.000000,TAS,0.000000,6.467700,523.679206,0.843972,0.116627,0.043341,0.065538,0.743893,0.245863,0.000000,0.298660,1269.000000
7008,0,0.420430,0.420430,13210.000000,38.000000,1750.000000,2.400000,1710.000000,350.000000,4047.000000,396.000000,738.000000,5214.000000,5614.000000,1698.000000,1658.000000,1759.000000,5214.000000,TAS,0.000000,12.195800,1083.159776,0.776180,0.075949,0.141542,0.071250,0.643652,0.337361,0.000000,0.207326,5214.000000
7009,0,0.130480,0.244990,13898.000000,35.000000,1427.000000,2.400000,1387.000000,340.000000,4557.000000,413.000000,371.000000,5404.000000,5746.000000,1516.000000,1633.000000,2117.000000,5404.000000,TAS,0.000000,8.474700,1639.940057,0.843264,0.076425,0.068653,0.059520,0.582717,0.391747,0.000000,0.174500,5404.000000
7010,0,0.263320,0.285700,18372.000000,37.000000,1222.000000,2.400000,1300.000000,320.000000,5839.000000,345.000000,1111.000000,7345.000000,7776.000000,2077.000000,2098.000000,2928.000000,7345.000000,TAS,0.000000,17.227800,1066.415909,0.794963,0.046971,0.151259,0.055427,0.568414,0.398639,0.000000,0.163240,7345.000000
7011,0,0.285440,0.341000,15742.000000,38.000000,1295.000000,2.400000,1300.000000,320.000000,4967.000000,274.000000,1004.000000,6255.000000,6600.000000,1806.000000,2189.000000,2029.000000,6255.000000,TAS,0.000000,27.207800,578.584083,0.794085,0.043805,0.160512,0.052273,0.638689,0.324380,0.000000,0.210711,6255.000000
7015,0,0.291960,0.314470,11290.000000,45.000000,1595.000000,2.300000,1625.000000,400.000000,4132.000000,297.000000,101.000000,4536.000000,4823.000000,1817.000000,1545.000000,929.000000,4536.000000,TAS,0.000000,15.312400,737.310938,0.910935,0.065476,0.022266,0.059507,0.741182,0.204806,0.000000,0.240741,4536.000000
7017,0,0.389010,0.389010,6300.000000,40.000000,1885.000000,2.600000,1533.000000,400.000000,2126.000000,19.000000,135.000000,2298.000000,2396.000000,857.000000,1154.000000,246.000000,2298.000000,TAS,0.000000,137.819200,45.712063,0.925152,0.008268,0.058747,0.040902,0.875109,0.107050,0.000000,0.409051,2298.000000
7018,0,0.505590,0.516970,23450.000000,42.000000,1575.000000,2.400000,1600.000000,360.000000,8615.000000,604.000000,163.000000,9407.000000,9938.000000,3691.000000,3124.000000,2392.000000,9407.000000,TAS,0.000000,23.091200,1015.538387,0.915807,0.064208,0.017328,0.053431,0.724461,0.254279,0.000000,0.248538,9407.000000
7019,0,0.869810,0.869810,7744.000000,32.000000,1306.000000,2.500000,1361.000000,320.000000,2792.000000,149.000000,7.000000,2953.000000,3067.000000,564.000000,1140.000000,1192.000000,2953.000000,TAS,0.000000,14.676200,527.657023,0.945479,0.050457,0.002370,0.037170,0.577040,0.403657,0.000000,0.220115,2953.000000
7020,0,0.168190,0.208870,2665.000000,43.000000,2164.000000,2.800000,1725.000000,400.000000,903.000000,0.000000,7.000000,908.000000,966.000000,383.000000,462.000000,57.000000,908.000000,TAS,0.000000,56.414400,47.239712,0.994493,0.000000,0.007709,0.060041,0.930617,0.062775,0.000000,0.460352,908.000000
7021,0,0.248920,0.368860,2592.000000,42.000000,1877.000000,2.600000,1600.000000,405.000000,894.000000,55.000000,0.000000,957.000000,1015.000000,361.000000,447.000000,98.000000,957.000000,TAS,0.000000,4.837600,535.802877,0.934169,0.057471,0.000000,0.057143,0.844305,0.102403,0.000000,0.313480,957.000000
7025,0,-0.055680,0.190840,1822.000000,50.000000,1576.000000,2.400000,1636.000000,340.000000,664.000000,9.000000,0.000000,715.000000,778.000000,327.000000,265.000000,102.000000,715.000000,TAS,0.000000,93.906700,19.402236,0.928671,0.012587,0.000000,0.080977,0.827972,0.142657,0.000000,0.416783,715.000000
7030,0,0.313660,0.329740,19720.000000,35.000000,1295.000000,2.600000,1300.000000,270.000000,6450.000000,126.000000,517.000000,7130.000000,8366.000000,1887.000000,2763.000000,2264.000000,7130.000000,TAS,0.000000,3309.971700,5.957755,0.904628,0.017672,0.072511,0.147741,0.652174,0.317532,0.000000,0.248808,7130.000000
7050,0,0.266840,0.391650,14593.000000,38.000000,1518.000000,2.500000,1625.000000,380.000000,5021.000000,547.000000,128.000000,5703.000000,6007.000000,2001.000000,1927.000000,1605.000000,5703.000000,TAS,0.000000,38.698500,377.094719,0.880414,0.095914,0.022444,0.050608,0.688760,0.281431,0.000000,0.261792,5703.000000
7052,0,0.439890,0.455970,7688.000000,42.000000,1806.000000,2.500000,1655.000000,400.000000,2702.000000,120.000000,85.000000,2917.000000,3074.000000,1220.000000,1022.000000,628.000000,2917.000000,TAS,0.000000,6.205200,1238.960872,0.926294,0.041138,0.029140,0.051074,0.768598,0.215290,0.000000,0.298937,2917.000000
7053,0,0.466270,0.488870,3637.000000,47.000000,1910.000000,2.500000,1785.000000,425.000000,1335.000000,30.000000,8.000000,1369.000000,1457.000000,677.000000,451.000000,189.000000,1369.000000,TAS,0.000000,8.016600,453.683607,0.975164,0.021914,0.005844,0.060398,0.823959,0.138057,0.000000,0.313367,1369.000000
7054,0,0.229720,0.246370,9609.000000,40.000000,1895.000000,2.800000,1690.000000,375.000000,3244.000000,37.000000,7.000000,3331.000000,3543.000000,1291.000000,1496.000000,472.000000,3331.000000,TAS,0.000000,308.276000,31.170120,0.973882,0.011108,0.002101,0.059836,0.836686,0.141699,0.000000,0.376764,3331.000000
7109,0,0.431990,0.431990,9872.000000,43.000000,1397.000000,2.500000,1430.000000,290.000000,3527.000000,79.000000,12.000000,3654.000000,4153.000000,1474.000000,1495.000000,569.000000,3654.000000,TAS,0.000000,1133.435600,8.709802,0.965244,0.021620,0.003284,0.120154,0.812534,0.155720,0.000000,0.360153,3654.000000
7112,0,0.176960,0.246350,3496.000000,47.000000,1016.000000,2.300000,1215.000000,285.000000,1355.000000,29.000000,5.000000,1412.000000,1818.000000,666.000000,437.000000,253.000000,1412.000000,TAS,0.000000,179.261800,19.502203,0.959632,0.020538,0.003541,0.223322,0.781161,0.179178,0.000000,0.413598,1412.000000
7116,0,0.512930,0.523210,2490.000000,48.000000,1129.000000,2.400000,1141.000000,280.000000,961.000000,4.000000,5.000000,981.000000,1167.000000,449.000000,355.000000,136.000000,981.000000,TAS,0.000000,13222.566100,0.188314,0.979613,0.004077,0.005097,0.159383,0.819572,0.138634,0.000000,0.389399,981.000000
7120,0,-0.271280,0.313210,1892.000000,52.000000,1027.000000,2.200000,895.000000,188.000000,752.000000,12.000000,19.000000,782.000000,946.000000,367.000000,239.000000,125.000000,782.000000,TAS,0.000000,1512.664100,1.250773,0.961637,0.015345,0.024297,0.173362,0.774936,0.159847,0.000000,0.258312,782.000000
7140,0,0.291320,0.312410,12069.000000,42.000000,1197.000000,2.400000,1192.000000,270.000000,4315.000000,127.000000,83.000000,4582.000000,5365.000000,1676.000000,1743.000000,993.000000,4582.000000,TAS,0.000000,5233.238600,2.306220,0.941729,0.027717,0.018114,0.145946,0.746181,0.216718,0.000000,0.246617,4582.000000
7150,0,0.154790,0.189940,3191.000000,50.000000,1435.000000,2.400000,1426.000000,273.000000,1194.000000,10.000000,3.000000,1224.000000,2062.000000,594.000000,458.000000,117.000000,1224.000000,TAS,0.000000,503.659200,6.335633,0.975490,0.008170,0.002451,0.406402,0.859477,0.095588,0.000000,0.481209,1224.000000
7155,0,0.019280,0.248120,943.000000,51.000000,1412.000000,2.400000,1517.000000,365.000000,348.000000,0.000000,0.000000,371.000000,413.000000,191.000000,127.000000,38.000000,371.000000,TAS,0.000000,14.964600,63.015383,0.938005,0.000000,0.000000,0.101695,0.857143,0.102426,0.000000,0.557951,371.000000
7170,0,0.099930,0.262380,5734.000000,43.000000,2326.000000,2.800000,1950.000000,400.000000,1923.000000,0.000000,6.000000,1976.000000,2045.000000,836.000000,943.000000,128.000000,1976.000000,TAS,0.000000,93.164700,61.546916,0.973178,0.000000,0.003036,0.033741,0.900304,0.064777,0.000000,0.422065,1976.000000
7171,0,0.614810,0.616490,3824.000000,39.000000,1522.000000,2.400000,1427.000000,370.000000,1437.000000,48.000000,7.000000,1505.000000,1592.000000,440.000000,702.000000,337.000000,1505.000000,TAS,0.000000,31.555400,121.183696,0.954817,0.031894,0.004651,0.054648,0.758804,0.223920,0.000000,0.253156,1505.000000
7172,0,0.140360,0.301680,4435.000000,41.000000,1362.000000,2.400000,1517.000000,350.000000,1675.000000,44.000000,3.000000,1722.000000,1816.000000,621.000000,650.000000,399.000000,1722.000000,TAS,0.000000,241.912600,18.333067,0.972706,0.025552,0.001742,0.051762,0.738095,0.231707,0.000000,0.292683,1722.000000
7173,0,0.305870,0.335010,7509.000000,43.000000,1383.000000,2.400000,1300.000000,330.000000,2902.000000,4.000000,0.000000,2921.000000,3864.000000,1069.000000,1342.000000,418.000000,2921.000000,TAS,0.000000,114.874000,65.367272,0.993495,0.001369,0.000000,0.244048,0.825402,0.143102,0.000000,0.377268,2921.000000
7190,0,0.291570,0.318530,3458.000000,59.000000,975.000000,2.100000,1083.000000,245.000000,1440.000000,32.000000,0.000000,1486.000000,2947.000000,809.000000,342.000000,264.000000,1486.000000,TAS,0.000000,1792.460600,1.929192,0.969044,0.021534,0.000000,0.495758,0.774563,0.177658,0.000000,0.467026,1486.000000
7212,0,-0.149470,0.220430,1778.000000,50.000000,1320.000000,2.300000,1300.000000,273.000000,689.000000,7.000000,26.000000,726.000000,826.000000,346.000000,236.000000,119.000000,726.000000,TAS,0.000000,1082.652000,1.642264,0.949036,0.009642,0.035813,0.121065,0.801653,0.163912,0.000000,0.348485,726.000000
7215,0,0.097460,0.226070,4066.000000,52.000000,931.000000,2.100000,1083.000000,250.000000,1603.000000,11.000000,31.000000,1695.000000,2964.000000,898.000000,384.000000,348.000000,1695.000000,TAS,0.000000,1041.001000,3.905856,0.945723,0.006490,0.018289,0.428138,0.756342,0.205310,0.000000,0.456047,1695.000000
7216,0,0.283470,0.291440,3563.000000,57.000000,847.000000,2.000000,1083.000000,245.000000,1405.000000,79.000000,69.000000,1589.000000,2519.000000,827.000000,346.000000,353.000000,1589.000000,TAS,0.000000,791.921100,4.499186,0.884204,0.049717,0.043424,0.369194,0.738200,0.222152,0.000000,0.446193,1589.000000
7248,0,0.216700,0.319470,17177.000000,33.000000,1121.000000,2.400000,1100.000000,260.000000,5115.000000,1055.000000,205.000000,6427.000000,6924.000000,1602.000000,1664.000000,2933.000000,6427.000000,TAS,0.000000,36.902200,465.473603,0.795861,0.164151,0.031897,0.071779,0.508169,0.456356,0.000000,0.194025,6427.000000
7249,0,0.451140,0.459900,14056.000000,38.000000,1349.000000,2.300000,1300.000000,300.000000,4701.000000,530.000000,538.000000,5784.000000,6217.000000,1631.000000,1951.000000,1927.000000,5784.000000,TAS,0.000000,12.610000,1114.670896,0.812759,0.091632,0.093015,0.069648,0.619295,0.333160,0.000000,0.196231,5784.000000
7250,0,0.453700,0.453700,51133.000000,41.000000,1400.000000,2.300000,1300.000000,285.000000,16827.000000,1575.000000,2102.000000,20611.000000,22223.000000,7336.000000,6650.000000,6024.000000,20611.000000,TAS,0.000000,174.185200,293.555365,0.816409,0.076416,0.101984,0.072537,0.678570,0.292271,0.000000,0.241133,20611.000000
7252,0,0.149410,0.184560,2993.000000,49.000000,1619.000000,2.500000,1440.000000,290.000000,1121.000000,0.000000,0.000000,1124.000000,1385.000000,557.000000,438.000000,87.000000,1124.000000,TAS,0.000000,496.590000,6.027105,0.997331,0.000000,0.000000,0.188448,0.885231,0.077402,0.000000,0.472420,1124.000000
7253,0,0.010520,0.132250,5160.000000,47.000000,911.000000,2.200000,953.000000,220.000000,1865.000000,251.000000,27.000000,2168.000000,2459.000000,843.000000,522.000000,725.000000,2168.000000,TAS,0.000000,153.811500,33.547557,0.860240,0.115775,0.012454,0.118341,0.629613,0.334410,0.000000,0.309502,2168.000000
7255,0,-1.158970,1.158970,856.000000,57.000000,1095.000000,2.000000,867.000000,140.000000,372.000000,12.000000,0.000000,388.000000,597.000000,195.000000,61.000000,97.000000,388.000000,TAS,0.000000,1416.219200,0.604426,0.958763,0.030928,0.000000,0.350084,0.659794,0.250000,0.000000,0.667526,388.000000
7256,0,-1.457600,1.457600,1617.000000,45.000000,1330.000000,2.100000,1083.000000,190.000000,622.000000,23.000000,4.000000,652.000000,816.000000,283.000000,157.000000,161.000000,652.000000,TAS,0.000000,1095.740700,1.475714,0.953988,0.035276,0.006135,0.200980,0.674847,0.246933,0.000000,0.493865,652.000000
7260,0,-0.502730,0.502730,3334.000000,47.000000,1041.000000,2.300000,1083.000000,210.000000,1278.000000,59.000000,4.000000,1346.000000,1482.000000,576.000000,410.000000,290.000000,1346.000000,TAS,0.000000,760.429000,4.384367,0.949480,0.043834,0.002972,0.091768,0.732541,0.215453,0.000000,0.300892,1346.000000
7262,0,-0.042610,0.134270,1891.000000,51.000000,1224.000000,2.200000,1300.000000,250.000000,725.000000,10.000000,23.000000,765.000000,1263.000000,338.000000,228.000000,157.000000,765.000000,TAS,0.000000,717.529500,2.635432,0.947712,0.013072,0.030065,0.394299,0.739869,0.205229,0.000000,0.350327,765.000000
7270,0,0.054090,0.123720,4370.000000,55.000000,960.000000,2.200000,1086.000000,250.000000,1790.000000,0.000000,27.000000,1866.000000,2450.000000,922.000000,546.000000,303.000000,1866.000000,TAS,0.000000,265.161900,16.480497,0.959271,0.000000,0.014469,0.238367,0.786710,0.162379,0.000000,0.465166,1866.000000
7275,0,0.450150,0.450150,3366.000000,50.000000,1304.000000,2.400000,1300.000000,295.000000,1301.000000,3.000000,0.000000,1310.000000,1437.000000,600.000000,513.000000,147.000000,1310.000000,TAS,0.000000,340.310300,9.890973,0.993130,0.002290,0.000000,0.088379,0.849618,0.112214,0.000000,0.427481,1310.000000
7277,0,0.266140,0.266140,6524.000000,44.000000,1649.000000,2.600000,1517.000000,350.000000,2323.000000,30.000000,29.000000,2397.000000,2547.000000,1050.000000,994.000000,304.000000,2397.000000,TAS,0.000000,98.065200,66.527168,0.969128,0.012516,0.012098,0.058893,0.852733,0.126825,0.000000,0.406758,2397.000000
7290,0,-0.373220,0.464220,2429.000000,39.000000,1483.000000,2.500000,1356.000000,250.000000,801.000000,110.000000,24.000000,951.000000,1006.000000,318.000000,434.000000,185.000000,951.000000,TAS,0.000000,10.689200,227.238708,0.842271,0.115668,0.025237,0.054672,0.790747,0.194532,0.000000,0.293375,951.000000
7300,0,-0.382930,0.398190,3933.000000,41.000000,1504.000000,2.500000,1364.000000,280.000000,1368.000000,5.000000,152.000000,1534.000000,1607.000000,551.000000,694.000000,249.000000,1534.000000,TAS,0.000000,110.707600,35.526016,0.891786,0.003259,0.099087,0.045426,0.811604,0.162321,0.000000,0.302477,1534.000000
7301,0,-0.080870,0.179570,4717.000000,47.000000,1229.000000,2.300000,1300.000000,260.000000,1648.000000,79.000000,143.000000,1898.000000,2049.000000,750.000000,605.000000,453.000000,1898.000000,TAS,0.000000,418.437000,11.272904,0.868282,0.041623,0.075342,0.073694,0.713909,0.238672,0.000000,0.312961,1898.000000
7303,0,-0.111380,0.147430,3031.000000,47.000000,1148.000000,2.300000,1213.000000,250.000000,1141.000000,45.000000,3.000000,1199.000000,1307.000000,544.000000,381.000000,235.000000,1199.000000,TAS,0.000000,295.717300,10.249654,0.951626,0.037531,0.002502,0.082632,0.771476,0.195997,0.000000,0.328607,1199.000000
7304,0,0.119220,0.155610,6265.000000,49.000000,1074.000000,2.300000,1170.000000,240.000000,2359.000000,86.000000,6.000000,2486.000000,3045.000000,1189.000000,663.000000,514.000000,2486.000000,TAS,0.000000,3543.669800,1.767941,0.948914,0.034594,0.002414,0.183580,0.744972,0.206758,0.000000,0.351569,2486.000000
7306,0,-0.187450,0.192430,4276.000000,50.000000,1182.000000,2.300000,1300.000000,208.000000,1498.000000,78.000000,0.000000,1590.000000,1757.000000,775.000000,560.000000,204.000000,1590.000000,TAS,0.000000,1543.500300,2.770327,0.942138,0.049057,0.000000,0.095048,0.839623,0.128302,0.000000,0.359119,1590.000000
7307,0,0.277590,0.317080,11849.000000,49.000000,1240.000000,2.300000,1318.000000,260.000000,4367.000000,249.000000,33.000000,4709.000000,5350.000000,2039.000000,1469.000000,1058.000000,4709.000000,TAS,0.000000,505.567500,23.437029,0.927373,0.052877,0.007008,0.119813,0.744956,0.224676,0.000000,0.301763,4709.000000
7310,0,0.220290,0.241290,28635.000000,43.000000,1194.000000,2.300000,1213.000000,250.000000,10317.000000,1240.000000,23.000000,11702.000000,12635.000000,4211.000000,3663.000000,3505.000000,11702.000000,TAS,0.000000,373.705700,76.624467,0.881644,0.105965,0.001965,0.073843,0.672876,0.299521,0.000000,0.226799,11702.000000
7315,0,0.295260,0.306850,15635.000000,48.000000,1136.000000,2.300000,1220.000000,246.000000,5681.000000,592.000000,26.000000,6411.000000,6895.000000,2781.000000,1976.000000,1441.000000,6411.000000,TAS,0.000000,613.589500,25.481205,0.886133,0.092341,0.004056,0.070196,0.742006,0.224770,0.000000,0.264857,6411.000000
7316,0,0.032790,0.211220,6285.000000,46.000000,1362.000000,2.400000,1300.000000,250.000000,2314.000000,123.000000,4.000000,2490.000000,2702.000000,1036.000000,913.000000,434.000000,2490.000000,TAS,0.000000,277.204000,22.672833,0.929317,0.049398,0.001606,0.078460,0.782731,0.174297,0.000000,0.304819,2490.000000
7320,0,0.212560,0.362910,17138.000000,40.000000,1187.000000,2.300000,1090.000000,240.000000,6279.000000,633.000000,141.000000,7074.000000,7734.000000,2263.000000,2162.000000,2475.000000,7074.000000,TAS,0.000000,32.292600,530.709822,0.887617,0.089483,0.019932,0.085337,0.625530,0.349873,0.000000,0.181934,7074.000000
7321,0,-0.140860,0.227550,4968.000000,46.000000,1341.000000,2.400000,1213.000000,230.000000,1851.000000,6.000000,6.000000,1888.000000,2462.000000,830.000000,720.000000,250.000000,1888.000000,TAS,0.000000,2370.286200,2.095949,0.980403,0.003178,0.003178,0.233144,0.820975,0.132415,0.000000,0.306674,1888.000000
7322,0,-0.131030,0.175060,4067.000000,48.000000,1100.000000,2.200000,1192.000000,240.000000,1536.000000,114.000000,6.000000,1709.000000,1823.000000,682.000000,509.000000,467.000000,1709.000000,TAS,0.000000,26.889100,151.250879,0.898771,0.066706,0.003511,0.062534,0.696899,0.273259,0.000000,0.225863,1709.000000
7325,0,-0.031500,0.184550,9015.000000,47.000000,1152.000000,2.300000,1226.000000,230.000000,3406.000000,234.000000,8.000000,3663.000000,3958.000000,1524.000000,1181.000000,861.000000,3663.000000,TAS,0.000000,799.932900,11.269695,0.929839,0.063882,0.002184,0.074533,0.738466,0.235053,0.000000,0.268359,3663.000000
7330,0,-0.383100,0.503810,6731.000000,40.000000,1292.000000,2.400000,1083.000000,220.000000,2342.000000,101.000000,18.000000,2470.000000,2919.000000,879.000000,818.000000,555.000000,2470.000000,TAS,0.000000,2296.088800,2.931507,0.948178,0.040891,0.007287,0.153820,0.687045,0.224696,0.000000,0.242510,2470.000000
