postcode,2016,2017,2018,2019,2020,2021,2022,2023,2024,cluster,mean_signed_residual,mean_absolute_annual_residual
0200,-0.075849,-0.075849,-0.075849,-0.075849,-0.075849,-0.075849,-0.075849,-0.075849,-0.075849,0,-0.075849,0.075849
0800,-0.029709,-0.160288,0.178060,0.953602,-1.107139,-0.076865,-0.344720,-0.471314,-0.392714,0,-0.161232,0.412712
0801,-0.198299,-0.182038,-0.196222,-0.121632,-0.029431,-0.113424,-0.166379,-0.184075,-0.178223,0,-0.152192,0.152192
0803,-0.100418,-0.034044,-0.187492,-0.109439,-0.109439,-0.109439,-0.109439,-0.109439,-0.109439,0,-0.108732,0.108732
0804,-0.170120,-0.124718,-0.093075,-0.173504,-0.103437,-0.145190,-0.100034,-0.116392,-0.161456,0,-0.131992,0.131992
0810,6.286200,3.253882,5.225796,9.188477,-1.935776,-2.353267,2.525491,-1.232899,-1.502504,1,2.161711,3.722699
0811,-0.109439,-0.109439,-0.109439,-0.109439,-0.109439,-0.109439,-0.109439,-0.109439,-0.109439,0,-0.109439,0.109439
0812,1.449368,3.051790,3.634948,4.435555,-3.444495,-1.929193,0.774697,-2.065276,-1.017912,0,0.543276,2.422582
0813,-0.232427,-0.166093,-0.152863,-0.152863,-0.176615,-0.136496,-0.112764,-0.112764,-0.112764,0,-0.150628,0.150628
0814,-0.145939,-0.114979,-0.114979,-0.114979,-0.114979,-0.127483,-0.234136,-0.105537,-0.105537,0,-0.130950,0.130950
0820,1.888500,1.778397,1.335469,1.262469,-0.256276,-0.542641,-0.721336,-0.177038,-0.388749,0,0.464311,0.927875
0821,0.051688,-0.337765,-0.130290,-0.131796,-0.240269,-0.112764,-0.112764,-0.112764,-0.034002,0,-0.128970,0.140456
0822,1.517104,1.763258,1.917125,1.756420,1.800673,-0.558999,-0.214689,-0.817115,-0.278184,0,0.765066,1.180396
0828,0.495854,-0.778216,0.057282,0.435986,0.027752,0.501184,0.145970,0.426539,-0.166659,0,0.127299,0.337271
0829,0.020241,-0.527699,-0.046587,-0.059333,0.021785,-0.365088,-0.206225,-0.087021,-0.204194,0,-0.161569,0.170908
0830,2.187698,2.608392,4.635267,0.584045,-1.377570,-0.895479,-0.414530,-1.087671,-0.574717,0,0.629493,1.596152
0831,-0.043983,-0.191845,-0.092843,-0.143737,-0.108487,-0.108487,-0.108487,-0.108487,-0.124403,0,-0.114529,0.114529
0832,5.355437,3.418531,5.083793,2.499602,-2.061687,0.773599,0.450715,-0.590264,-0.366073,1,1.618184,2.288856
0834,0.368166,0.373135,0.285664,0.089530,0.071195,-0.325722,-0.394065,-0.520620,-0.558093,0,-0.067868,0.331799
0835,0.394693,0.943070,0.873456,1.408211,0.494062,-0.772220,-0.955498,-0.904298,-0.419154,0,0.118036,0.796073
0836,1.695882,0.888297,3.212711,2.350640,-0.809765,-0.219458,-0.347794,-1.214933,-0.695005,0,0.540064,1.270498
0837,0.231169,-0.266156,0.153929,-0.081226,-0.147155,-0.346001,-0.328628,-0.048618,-0.451390,0,-0.142675,0.228253
0838,-0.063649,0.190796,0.030414,0.244282,0.084159,-0.534118,-0.222830,-0.603665,-0.410015,0,-0.142736,0.264881
0839,-0.004205,-0.057185,-0.090456,-0.213026,-0.480752,-0.151019,0.163368,-0.632424,0.034865,0,-0.158982,0.203033
0840,-0.293255,0.061889,-0.037399,0.807179,-0.668571,-0.083088,-0.500306,-0.518828,-0.518921,0,-0.194589,0.387715
0841,-0.236346,-0.104607,-0.053159,-0.108537,-0.036533,-0.050097,-0.415770,-0.399869,-0.283577,0,-0.187611,0.187611
0845,-0.091770,-0.296766,-0.012673,-0.192950,-0.176003,-0.290928,-0.069954,-0.532434,-0.126633,0,-0.198901,0.198901
0846,0.044191,-0.225866,-0.184879,0.002064,-0.263870,-0.193515,-0.192045,-0.255236,-0.419311,0,-0.187608,0.197886
0847,-0.251584,0.049332,-0.212953,-0.223002,0.164092,-0.366988,-0.293853,-0.185271,-0.185271,0,-0.167278,0.214705
0850,-1.052987,-0.500749,1.455266,1.227346,5.688035,-3.014750,-0.361629,-2.091407,-0.877429,0,0.052411,1.807733
0851,0.069541,-0.521978,-0.260395,-0.397586,-0.327180,-0.358887,-0.261339,-0.380544,-0.382874,0,-0.313471,0.328925
0852,0.385804,-0.315969,0.224147,0.435858,0.265566,1.326698,0.923811,-0.387133,-1.211870,0,0.182990,0.608539
0853,-0.040792,-0.090309,-0.075849,-0.075849,-0.075849,-0.019067,-0.176496,-0.109439,-0.109439,0,-0.085899,0.085899
0854,-0.279477,-0.137794,-0.160684,-0.072018,0.077192,-0.321762,-0.288583,-0.108480,-0.175241,0,-0.162983,0.180137
0860,-0.854732,-0.783627,-0.085025,0.303379,-0.560782,0.452730,-0.468041,0.474638,-1.192429,0,-0.301543,0.575042
0861,-0.168360,-0.149378,-0.149378,-0.149378,-0.186186,-0.065775,-0.302815,-0.185271,-0.185271,0,-0.171312,0.171312
0862,-0.086748,0.249700,-0.656945,0.098415,-0.297330,-0.285353,1.038089,1.105858,-1.633029,0,-0.051927,0.605719
0870,3.193007,0.733495,0.632526,1.362149,-0.060628,1.162984,-2.468707,-0.941426,-0.550725,0,0.340297,1.233961
0871,-0.380564,-0.369078,-0.381624,-0.220401,-0.382797,-0.328543,-0.357214,-0.381624,-0.253236,0,-0.339454,0.339454
0872,-0.052750,0.330192,-0.358395,-0.205060,-0.275171,1.432556,-0.649825,-0.912779,-0.192930,0,-0.098240,0.489962
0873,0.008132,-0.747590,0.140333,-0.008864,0.582854,-0.581038,-0.625662,-0.380518,-0.268330,0,-0.208965,0.371480
0874,-0.175366,-0.154049,-0.174203,0.152408,-0.704053,-0.165061,-0.099163,-0.172688,-0.205385,0,-0.188618,0.222486
0875,-0.878635,-0.833045,-0.308095,-0.179493,0.536394,-0.024067,-0.465165,-0.703428,-0.591360,0,-0.382988,0.502187
0880,0.093128,-0.427051,-0.182271,-0.182271,-0.095343,-0.225321,0.210145,-0.353976,0.115817,0,-0.116349,0.209480
0881,-0.173309,-0.173309,-0.173309,-0.173309,-0.173309,-0.173309,0.038158,-0.386309,-0.232879,0,-0.180098,0.188578
0885,-0.009738,-0.303490,-0.139352,0.115087,-0.490593,0.505103,-0.662670,-0.267479,-0.162610,0,-0.157305,0.295125
0886,-0.082653,-0.150558,-0.108487,-0.038112,-0.193889,-0.029049,-0.203026,-0.156156,-0.156156,0,-0.124232,0.124232
1340,-0.075849,-0.075849,-0.075849,-0.075849,-0.075849,-0.075849,-0.075849,-0.075849,-0.075849,0,-0.075849,0.075849
1355,-0.075849,-0.075849,-0.075849,-0.075849,-0.075849,-0.075849,0.007484,-0.198313,-0.109439,0,-0.083929,0.085592
1435,-0.075849,-0.075849,-0.075849,-0.075849,-0.075849,-0.075849,-0.075849,-0.075849,-0.075849,0,-0.075849,0.075849
1460,-0.040792,-0.090309,-0.075849,-0.075849,-0.075849,-0.075849,-0.075849,-0.075849,-0.075849,0,-0.073560,0.073560
1465,-0.048119,-0.048119,-0.048119,-0.048119,-0.048119,-0.048119,-0.048119,0.024613,-0.126873,0,-0.048789,0.054258
1470,-0.075849,-0.037843,-0.183129,-0.109439,-0.109439,-0.109439,-0.109439,-0.109439,-0.109439,0,-0.105939,0.105939
1475,-0.075849,-0.019067,-0.093162,-0.244864,-0.114979,-0.114979,-0.114979,-0.100573,-0.255095,0,-0.125950,0.125950
1480,-0.109439,-0.109439,-0.109439,-0.109439,-0.109439,-0.109439,-0.109439,-0.109439,-0.109439,0,-0.109439,0.109439
1485,-0.075849,-0.075849,-0.075849,-0.075849,-0.075849,-0.075849,-0.075849,-0.075849,-0.075849,0,-0.075849,0.075849
1490,-0.075849,-0.075849,-0.075849,-0.075849,-0.075849,-0.075849,-0.075849,-0.099780,-0.145270,0,-0.086221,0.086221
1495,-0.075849,-0.075849,-0.075849,-0.075849,-0.034044,-0.187492,-0.109439,-0.013612,-0.245126,0,-0.099234,0.099234
1560,-0.048119,-0.048119,0.035214,-0.122836,-0.075849,-0.075849,-0.075849,-0.075849,-0.075849,0,-0.062567,0.070393
1570,-0.109439,-0.109439,-0.109439,-0.109439,-0.109439,-0.109439,-0.109439,-0.080839,-0.159158,0,-0.111785,0.111785
1595,-0.109439,-0.109439,-0.109439,-0.070310,-0.156014,-0.114979,-0.114979,-0.037525,-0.254666,0,-0.119643,0.119643
1630,-0.112541,-0.145270,0.179690,-0.503323,-0.189262,-0.121632,-0.112764,-0.112764,-0.112764,0,-0.136737,0.176668
1640,-0.048119,-0.048119,0.118547,-0.259908,-0.109439,-0.109439,-0.109439,-0.070310,-0.156014,0,-0.088027,0.114370
1655,-0.048119,-0.048119,-0.001163,-0.181991,-0.145939,-0.114979,-0.114979,-0.093352,-0.270277,0,-0.113213,0.113213
1658,-0.075849,-0.075849,-0.075849,-0.075849,-0.075849,-0.075849,-0.075849,-0.075849,-0.075849,0,-0.075849,0.075849
1660,-0.075849,-0.075849,-0.075849,-0.075849,-0.070548,-0.166749,-0.026105,-0.225646,-0.234136,0,-0.114064,0.114064
1670,-0.075849,-0.075849,-0.075849,-0.075849,-0.075849,-0.075849,-0.075849,-0.099780,-0.145270,0,-0.086221,0.086221
1675,-0.048119,-0.048119,-0.048119,-0.048119,-0.048119,-0.048119,-0.048119,-0.004183,-0.107697,0,-0.049857,0.049857
1680,-0.185550,-0.109439,-0.109439,-0.109439,-0.109439,-0.109439,-0.109439,-0.129796,-0.136256,0,-0.123137,0.123137
1685,-0.048119,-0.048119,-0.048119,-0.048119,-0.048119,-0.004183,-0.107697,0.115374,-0.476201,0,-0.079256,0.104895
1710,0.003278,-0.118006,-0.075849,-0.075849,-0.075849,-0.075849,-0.075849,0.007484,-0.198313,0,-0.076089,0.078481
1715,-0.109439,-0.109439,-0.109439,-0.109439,-0.109439,-0.109439,-0.109439,-0.109439,-0.109439,0,-0.109439,0.109439
1730,-0.114979,-0.114979,-0.114979,-0.100573,-0.255095,-0.105537,-0.105537,-0.030911,-0.285247,0,-0.136426,0.136426
1741,-0.075849,-0.075849,-0.075849,-0.075849,-0.075849,-0.075849,-0.075849,-0.075849,-0.075849,0,-0.075849,0.075849
1750,-0.048119,-0.048119,-0.048119,-0.048119,-0.048119,-0.048119,-0.048119,-0.006233,-0.117168,0,-0.051138,0.051138
1755,-0.075849,-0.099780,-0.145270,-0.109439,-0.109439,-0.109439,-0.109439,-0.032406,-0.263800,0,-0.117207,0.117207
1765,-0.111529,-0.247275,-0.112764,-0.112764,-0.095461,-0.146143,-0.102512,0.102654,-0.357606,0,-0.131489,0.154301
1790,-0.234827,-0.300405,-0.105537,-0.105537,-0.105537,-0.105537,-0.105537,-0.105537,-0.022204,0,-0.132296,0.132296
1800,-0.075849,-0.075849,-0.075849,-0.075849,-0.075849,-0.075849,-0.075849,-0.075849,-0.103804,0,-0.078955,0.078955
1805,-0.152574,-0.109439,-0.109439,-0.109439,-0.109439,-0.109439,-0.109439,-0.109439,-0.109439,0,-0.114232,0.114232
1825,-0.048119,-0.048119,-0.048119,-0.048119,-0.048119,-0.048119,-0.048119,-0.048119,-0.048119,0,-0.048119,0.048119
1830,-0.075849,-0.075849,-0.075849,-0.075849,-0.075849,-0.075849,-0.075849,-0.075849,-0.075849,0,-0.075849,0.075849
1835,-0.075849,-0.075849,-0.075849,-0.075849,-0.075849,-0.075849,-0.075849,-0.051584,-0.162474,0,-0.082778,0.082778
1848,-0.075849,-0.075849,-0.075849,-0.075849,-0.075849,-0.075849,-0.075849,-0.075849,-0.075849,0,-0.075849,0.075849
1860,-0.114979,-0.114979,-0.114979,-0.114979,-0.114979,-0.114979,-0.114979,-0.114979,-0.114979,0,-0.114979,0.114979
1871,-0.075849,-0.075849,-0.075849,-0.075849,-0.075849,-0.075849,-0.075849,-0.073335,-0.158140,0,-0.084713,0.084713
1875,-0.075849,-0.075849,-0.075849,-0.075849,-0.075849,-0.075849,-0.075849,-0.075849,-0.075849,0,-0.075849,0.075849
1885,-0.118268,-0.118268,-0.118268,-0.118268,-0.118268,-0.118268,-0.118268,-0.118268,-0.118268,0,-0.118268,0.118268
1890,-0.295017,-0.105537,-0.105537,-0.105537,-0.085521,-0.175414,-0.118268,-0.091588,-0.197310,0,-0.142192,0.142192
2000,-0.104814,1.054801,-0.922853,-0.271692,-0.048406,-0.080114,-0.227446,-0.240138,0.213675,0,-0.069665,0.351549
2007,-0.148281,-0.175241,-0.149378,-0.063420,0.132113,-0.316711,-0.110081,-0.055955,-0.249083,0,-0.126226,0.155585
2008,0.207410,-0.599593,0.291801,-0.515733,0.149215,-0.075030,0.082007,-0.414603,-0.332262,0,-0.134088,0.296406
2009,-0.047337,-0.164293,-0.195975,0.062271,-0.355267,0.093446,-0.234616,0.124952,-0.240949,0,-0.106419,0.168790
2010,-0.111375,0.126007,-0.740015,0.003395,0.481488,-0.033585,0.079780,-0.184675,-0.019195,0,-0.044242,0.197724
2011,-0.142636,-0.179391,-0.041148,-0.035466,-0.257164,0.090808,-0.078524,-0.386528,-0.315164,0,-0.149468,0.169648
2015,0.226017,0.289938,-0.283140,0.054985,0.082253,0.558857,0.466941,1.227751,-0.935675,0,0.187547,0.458395
2016,-0.014538,0.143872,-0.028689,-0.003408,0.206143,-0.264627,-0.108926,0.152328,0.689591,0,0.085750,0.179125
2017,-0.185076,-0.294098,-0.141008,0.323307,0.311740,-0.084914,0.732181,-0.931701,1.106407,0,0.092982,0.456715
2018,0.711035,-0.708211,-0.125215,0.898448,0.718917,0.727567,-0.058939,0.441379,-0.350932,0,0.250450,0.526738
2019,-0.646552,-0.146395,0.661635,0.276437,0.216709,0.630290,1.078912,-0.023015,-0.351887,0,0.188459,0.447981
2020,0.088295,-0.388334,-0.293260,0.606644,0.875907,-0.351055,0.313874,0.358268,0.006668,0,0.135223,0.364701
2021,0.230905,-0.086237,0.146289,0.288983,0.436768,0.140028,0.269037,-0.077808,-0.662430,0,0.076171,0.259832
2022,-0.185938,-0.417354,0.103372,0.512070,0.579779,0.157056,0.195525,0.420846,-0.205452,0,0.128878,0.308599
2023,0.571108,-0.396513,0.754048,-0.105845,0.463153,0.325157,0.699158,0.483987,-0.267356,0,0.280766,0.451814
2024,-0.232789,0.669645,0.017269,0.467802,0.241347,0.352036,0.293309,1.375438,-0.865367,0,0.257632,0.501667
2025,-0.030051,-0.169910,0.195338,0.173895,0.027135,0.239138,0.058716,0.016221,0.129359,0,0.071094,0.115529
2026,0.075951,0.435736,0.004711,0.517711,1.008800,0.840773,0.795926,0.046310,0.564949,0,0.476763,0.476763
2027,-0.046985,-0.197300,-0.206013,0.188275,-0.221560,0.035994,-0.141834,0.066107,-0.205602,0,-0.080991,0.145519
2028,-0.105025,-0.171786,0.248968,-0.033537,-0.120186,0.037010,-0.272471,0.087685,-0.132482,0,-0.051314,0.134350
2029,-0.159770,-0.244218,-0.073494,-0.114768,0.678588,0.368599,0.614399,0.385236,-0.378971,0,0.119511,0.335338
2030,-0.061355,0.413547,0.414434,0.185592,1.538858,0.927158,0.015924,1.553570,-0.091096,0,0.544070,0.577948
2031,-0.333179,0.130390,0.617085,1.233307,0.654187,2.337517,-0.345973,1.436474,0.888184,0,0.735332,0.886255
2032,-0.504690,0.193056,1.062256,0.156835,0.162105,0.721333,1.511164,-0.439260,0.368158,0,0.358995,0.568762
2033,-0.344091,-0.288638,0.388047,-0.209949,0.288027,0.077584,0.629286,0.291824,-0.120767,0,0.079036,0.293135
2034,-0.232435,0.218491,0.992621,0.448516,0.662555,0.714662,0.468527,0.808517,-0.849604,0,0.359094,0.599548
2035,-0.537056,0.366086,2.061732,-1.160898,3.366300,0.542175,2.452249,2.880344,-1.558425,0,0.934723,1.658363
2036,-0.704646,-0.012110,0.630906,0.295278,3.168964,3.696460,1.881970,2.691468,-0.612138,0,1.226239,1.521549
2037,-0.148818,0.528518,-0.057335,-0.358877,0.385179,0.219499,-0.211203,0.324792,0.447223,0,0.125442,0.297938
2038,0.097893,-0.030580,0.376197,0.051609,0.632343,-0.013487,0.592260,0.011893,0.033139,0,0.194585,0.204378
2039,-0.581052,0.367048,0.485169,-0.174204,0.081079,0.264806,0.874965,-0.148603,-0.405409,0,0.084867,0.375815
2040,-0.077462,0.287377,0.760054,0.491810,1.476072,1.171189,0.299882,1.247849,0.120620,0,0.641932,0.659146
2041,-0.387197,-0.091702,0.957728,-0.068688,0.632024,0.660465,0.755409,-0.376316,0.453093,0,0.281646,0.486958
2042,-0.149212,-0.020945,0.036923,0.599277,0.484858,0.303535,-0.074549,1.429563,-0.992286,0,0.179685,0.454572
2043,-0.072827,-0.240422,0.038151,0.006366,0.179821,-0.337079,0.020151,0.200048,-0.000772,0,-0.022951,0.121737
2044,0.158485,-0.197419,-0.388938,0.095770,-0.075906,1.223544,-0.304591,0.944987,0.171786,0,0.180857,0.395714
2045,-0.082942,0.738876,0.381117,0.203763,0.900285,0.566172,0.547441,0.097911,0.430600,0,0.420358,0.438790
2046,-0.333664,-0.158977,0.669197,1.137584,2.654103,1.477215,0.961902,0.780839,1.361905,0,0.950012,1.059487
2047,-0.375869,-0.100231,0.232754,-0.026804,0.838869,0.264049,0.967550,0.016761,-0.356359,0,0.162302,0.353250
2048,-0.268544,-0.228557,0.402641,0.047869,0.477199,0.117150,1.198826,0.073271,-0.222110,0,0.177527,0.337352
2049,-0.229622,-0.199295,0.101122,0.469219,0.746251,0.225439,0.475227,0.215858,-0.232984,0,0.174580,0.321669
2050,-0.230432,-0.090157,-0.347349,-0.440050,0.106325,-0.314235,0.157458,-0.542471,0.186686,0,-0.168247,0.268351
2055,-0.075849,-0.075849,-0.075849,-0.075849,-0.075849,-0.075849,-0.075849,-0.075849,-0.075849,0,-0.075849,0.075849
2057,-0.153789,-0.112383,0.002099,-0.160142,-0.277115,-0.140035,-0.018145,-0.150448,-0.261683,0,-0.141293,0.141760
2059,-0.177606,-0.153451,-0.114979,-0.114979,-0.114979,-0.114979,-0.114979,-0.114979,-0.114979,0,-0.126212,0.126212
2060,-0.168282,-0.232320,-0.053169,0.041404,1.088648,-0.543854,-0.254535,0.887659,-0.544358,0,0.024577,0.423803
2061,-0.198231,-0.196249,0.039687,-0.237606,-0.214540,0.010487,0.108778,-0.172430,-0.043723,0,-0.100425,0.135748
2062,-0.318345,0.454768,0.088171,-0.016968,0.159781,0.401306,0.129302,0.663829,-0.515466,0,0.116264,0.305326
2063,-0.431077,0.526634,0.266026,-0.071104,1.014679,0.594069,0.920903,-0.235121,-0.453946,0,0.236785,0.501507
2064,0.313451,0.144868,0.528119,-0.052788,0.729556,0.017607,-0.385671,0.297648,-0.793859,0,0.088770,0.362619
2065,-0.118544,-0.459083,0.691870,0.215575,1.185685,0.693536,0.953578,0.628484,0.130393,0,0.435721,0.564083
2066,-0.230459,1.367603,0.865652,1.305133,2.589200,1.630828,3.692216,2.020775,-1.320800,0,1.324461,1.669185
2067,-0.149057,0.234853,-0.047838,0.174386,1.306717,0.455143,0.659805,0.547922,-0.310129,0,0.319089,0.431761
2068,-0.499947,0.399344,-0.112223,2.249378,2.270039,1.477295,1.485171,1.987867,-0.476696,0,0.975581,1.217551
2069,-0.674132,0.184412,1.211243,-0.180467,2.229180,1.099493,1.602630,1.590941,0.308989,0,0.819143,1.009054
2070,-0.240438,0.389377,1.040970,0.663783,1.605469,1.302836,0.947972,0.511984,-0.129842,0,0.676901,0.759185
2071,-0.082614,-0.197273,0.467335,1.296553,2.776746,0.430994,1.067736,-0.022809,-0.681960,0,0.561634,0.780447
2072,0.025022,0.121403,0.187328,0.251898,0.629700,0.782753,-0.305686,0.986921,0.145545,0,0.313876,0.381806
2073,-0.955095,1.626253,0.632472,0.225900,2.052226,2.195196,1.238231,0.922732,0.056980,0,0.888322,1.100565
2074,-0.652126,1.024976,0.673563,1.592721,2.769499,1.674524,1.339574,2.271174,-1.162252,0,1.059072,1.462268
2075,-0.446872,0.712801,1.228695,-0.345220,6.609161,-0.338179,1.238953,2.191333,-0.725460,0,1.125024,1.537408
2076,-0.876415,0.470055,0.714100,1.520225,2.097917,1.851381,1.601929,2.828388,0.167880,0,1.152829,1.347588
2077,-0.013154,0.233030,2.063134,1.838769,3.263280,0.838059,1.110718,1.910164,1.247856,0,1.387984,1.390907
2079,-0.631823,0.369809,0.123871,0.263009,1.735681,0.258492,0.441309,1.408440,0.071891,0,0.448964,0.589369
2080,-0.155553,-0.412152,0.067753,0.143587,0.197516,-0.125821,-0.213853,0.416235,-0.314055,0,-0.044038,0.227392
2081,-0.187088,-0.553111,0.035738,1.263429,0.098092,-0.235006,0.634771,0.338443,0.484672,0,0.208882,0.425594
2082,-0.102437,-0.209086,0.203097,2.605524,-0.610779,-0.135354,0.357125,-0.402485,0.237428,0,0.215893,0.540368
2083,-0.402778,-0.341090,-0.005208,0.108566,0.317308,-0.381623,-0.255235,-0.436301,0.104844,0,-0.143502,0.261439
2084,-0.566905,0.270108,-0.094031,0.231356,0.534613,-0.281214,-0.020563,0.781677,-0.457936,0,0.044123,0.359823
2085,-0.338603,0.534458,0.061952,0.517411,2.275397,0.212051,2.157867,0.914873,0.180364,0,0.723974,0.799219
2086,-1.033397,0.752559,0.274954,1.001461,3.007861,0.800043,0.287639,1.762374,0.153488,0,0.778553,1.008197
2087,-0.337780,-0.280583,0.677718,1.428687,1.675220,0.108432,1.451503,2.238937,-0.542732,0,0.713267,0.971288
2088,-0.164367,-0.053879,1.304757,1.540516,2.047910,-0.381304,1.763951,0.816586,1.191445,0,0.896179,1.029413
2089,-0.130181,0.028733,0.184426,0.056065,0.740449,-0.310298,-0.006022,0.073897,-0.219816,0,0.046361,0.194432
2090,-0.106547,-0.074561,-0.347594,0.656152,-0.190476,-0.037537,0.312586,0.280281,0.833062,0,0.147263,0.315422
2092,-0.015435,0.223437,0.002894,0.586456,0.895592,0.119910,0.633287,1.276672,-0.799429,0,0.324820,0.505901
2093,-0.552019,0.567992,0.941240,1.623996,1.562331,1.827849,2.936376,1.399288,0.902241,0,1.245477,1.368148
2094,-0.174944,-0.054592,-0.137092,-0.165105,0.784547,0.434756,0.433531,-0.019706,-0.431060,0,0.074482,0.292815
2095,-0.227582,-0.208286,0.248383,0.117632,0.668040,0.983856,0.145469,0.349265,-0.002618,0,0.230462,0.327903
2096,-0.038252,-0.819121,0.585749,0.373408,1.937550,-0.310846,1.989812,0.746145,-0.099070,0,0.485042,0.766661
2097,-0.443376,-0.135151,0.400992,0.458838,2.070251,-0.187470,1.758243,0.295891,0.991959,0,0.578909,0.749130
2099,-0.140101,0.755289,0.831219,3.576027,1.833604,1.005001,2.371468,2.392747,-0.178177,0,1.383009,1.453737
2100,-0.827236,0.528441,2.504021,0.543148,3.077882,1.582648,2.453320,1.202846,-0.035550,0,1.225502,1.417232
2101,-0.545332,-0.422735,0.206556,0.860062,1.412045,1.474077,0.891499,1.055485,-0.655182,0,0.475164,0.835886
2102,-0.746215,-0.795107,0.064531,0.222996,1.900643,-0.363939,0.434071,0.156048,-0.299219,0,0.063757,0.553641
2103,-0.963689,0.029323,-0.003636,0.026760,1.849404,0.478958,1.163723,1.377176,-0.328889,0,0.403237,0.691284
2104,0.026859,0.123613,-0.345948,0.247021,0.539129,-0.102840,0.618498,0.205111,0.021110,0,0.148061,0.247792
2105,0.076384,-0.283095,0.073401,0.274436,-0.304492,0.058829,0.016447,-0.120827,-0.217089,0,-0.047334,0.158333
2106,-0.225448,0.114621,-0.169785,1.155700,0.663786,1.116850,2.031347,0.159324,-0.779919,0,0.451831,0.712976
2107,-0.059091,0.124505,0.242297,1.245088,1.886632,0.971660,1.042645,0.903283,-0.425127,0,0.659099,0.766703
2108,-0.433912,0.100055,-0.251274,-0.376428,0.566129,0.076166,-0.337192,1.231029,-0.417464,0,0.017457,0.421072
2109,-0.075849,-0.075849,-0.075849,-0.075849,-0.075849,-0.075849,-0.075849,-0.075849,-0.075849,0,-0.075849,0.075849
2110,-0.074101,0.843553,-0.377427,0.637313,0.695808,0.508631,0.837582,0.111334,0.228654,0,0.379039,0.479378
2111,-0.325901,0.331047,0.249093,0.499726,1.769833,0.276543,0.968159,0.609624,0.729770,0,0.567544,0.639966
2112,-0.251877,-0.124010,1.098182,0.838048,5.314723,0.201829,1.403084,3.228912,0.144776,0,1.317074,1.400605
2113,-0.371643,0.440422,0.822793,1.249317,1.344236,2.157093,0.322294,1.731223,-0.630811,0,0.784991,1.007759
2114,-0.270492,0.278267,-0.442482,1.729359,1.793499,0.518391,0.829090,2.071980,-0.845385,0,0.629136,0.975439
2115,-0.556994,0.071532,-0.121868,0.998492,1.772404,0.744318,0.762082,0.434459,0.391233,0,0.499518,0.650376
2116,0.257512,0.081699,0.201926,0.088469,0.550513,0.466391,0.170167,0.587442,0.143362,0,0.283053,0.283053
2117,-0.404563,-0.083691,0.352959,1.046141,2.633084,1.749827,1.036177,2.237743,1.317005,0,1.098298,1.206799
2118,-0.447288,-0.089491,0.899807,1.973881,3.614286,0.859482,1.784371,3.780891,-1.896623,0,1.164369,1.705124
2119,-0.870016,0.355678,0.681373,1.029611,1.212139,0.460944,0.620422,1.006382,0.351453,0,0.538665,0.732002
2120,-0.007842,-0.494842,0.949353,2.147079,4.002705,0.549899,1.937569,2.243646,0.167396,0,1.277218,1.388926
2121,-0.697785,0.569351,1.208181,2.453433,3.250465,1.175657,1.784559,2.077500,0.633498,0,1.383873,1.538936
2122,-0.430690,-1.194801,0.408682,1.530134,4.339354,0.820439,1.126985,1.810344,-0.182223,0,0.914247,1.315961
2123,-0.075849,-0.075849,-0.075849,-0.075849,-0.075849,-0.075849,-0.075849,-0.075849,-0.075849,0,-0.075849,0.075849
2124,-0.093352,-0.270277,-0.096891,-0.150725,-0.118268,-0.119635,-0.176942,-0.152863,-0.152863,0,-0.147979,0.147979
2125,-1.102980,0.946690,0.862108,1.942163,5.206919,1.404955,0.655251,3.449354,-1.191866,0,1.352510,1.862476
2126,-0.992530,0.978791,0.466045,2.867307,5.362905,0.063823,1.215398,3.230055,-0.499003,0,1.410310,1.741762
2127,-0.072286,0.189161,-0.102977,0.128604,0.325046,0.034151,0.656612,0.175511,0.546467,0,0.208921,0.247868
2128,0.044153,0.082735,-0.134665,-0.260431,0.435596,-0.356263,0.340044,0.432011,-0.846037,0,-0.029206,0.325771
2130,0.206937,-0.386588,0.242951,-0.198896,0.656727,0.385164,-0.142265,0.668309,-0.315027,0,0.124146,0.355874
2131,-0.115620,-1.014524,0.527387,-0.435101,1.205675,-0.570525,0.204239,0.659534,-0.495369,0,-0.003812,0.580886
2132,-0.071412,-0.190751,-0.065781,0.061230,0.923283,0.023788,0.097526,0.380200,0.483332,0,0.182380,0.255256
2133,-0.805253,-0.240962,0.565626,-0.083843,0.943258,0.258190,0.679918,0.417332,-0.310935,0,0.158148,0.478369
2134,-0.764647,-0.341401,0.316095,-0.402720,0.811523,-0.447687,0.222487,0.509673,-0.478045,0,-0.063858,0.477142
2135,-0.684295,0.560114,0.261068,0.893563,3.146259,0.932255,-0.937305,2.124514,-0.179094,0,0.679675,1.079830
2136,-0.162889,-0.507893,0.086170,0.432607,0.713124,0.175447,0.046510,0.093440,0.748632,0,0.180572,0.329635
2137,0.118992,-0.424528,1.434831,0.533661,2.642280,1.197247,2.354293,1.468884,-0.118957,0,1.022967,1.143741
2138,-0.265166,0.021893,0.936203,-0.194571,1.285510,0.245804,0.485517,0.942535,-0.703375,0,0.306039,0.564508
2140,-0.234906,-0.375421,0.125736,-0.447855,0.962679,-0.712474,0.559287,0.148124,-0.332531,0,-0.034151,0.433224
2141,-0.367108,-0.396368,0.763101,0.299995,3.485113,1.463727,0.515704,0.652635,0.829802,0,0.805178,0.974839
2142,-1.078380,-0.081037,-0.245638,0.512579,1.871608,0.422864,0.301385,0.801126,0.066051,0,0.285618,0.597852
2143,-0.240051,-0.653518,-0.736501,0.510328,0.483763,0.565653,-0.063459,0.150149,0.451419,0,0.051976,0.428316
2144,-0.343626,-0.990716,0.353377,1.817283,4.819684,-0.067857,0.265189,1.277257,1.057199,0,0.909754,1.221354
2145,-0.218783,-0.693894,3.400444,7.248488,10.823814,-2.003487,5.466182,5.439368,0.501835,1,3.329330,3.977366
2146,0.252882,-0.756211,2.134686,0.792552,3.390744,0.454998,1.060533,2.107950,0.410659,0,1.094310,1.262357
2147,1.119949,-0.601312,1.754780,5.313189,6.544576,0.304023,2.022095,7.870408,-1.740455,1,2.509695,3.030087
2148,2.740086,0.112174,3.017805,6.648489,12.550585,-1.999049,-0.308450,7.942796,1.931730,1,3.626241,4.139018
2150,-0.416853,-0.312465,-0.020355,0.226375,1.108012,-0.071381,-0.308388,0.754658,-0.608744,0,0.038984,0.425248
2151,0.427071,-0.016063,0.206692,1.783332,2.295707,0.117612,1.025483,1.460205,-0.670000,0,0.736671,0.889129
2152,-0.490737,0.102121,-0.457953,0.194552,1.377913,0.451317,0.184159,1.304686,-0.489941,0,0.241791,0.561487
2153,1.602681,0.769065,2.683815,8.689358,10.894308,2.786301,2.770377,13.504743,-0.201148,1,4.833278,4.877977
2154,0.287015,1.659718,0.956943,4.232423,11.634915,0.322994,2.752555,2.218499,1.575562,1,2.848958,2.848958
2155,-0.389814,4.817011,5.268120,16.946056,16.219211,-7.891377,9.785816,11.237023,-2.459909,1,5.948015,8.334926
2156,0.603461,0.412949,0.785867,1.328223,2.458446,1.479252,1.252236,0.767781,-1.574867,0,0.834817,1.184787
2157,0.077026,0.251344,0.507167,-0.447796,1.474273,-0.096001,0.333075,0.013730,0.619278,0,0.303566,0.424410
2158,0.247818,-0.078375,0.704273,0.241749,2.753984,-0.191308,1.819963,0.139621,0.736426,0,0.708239,0.768169
2159,-0.241783,0.138941,0.610619,0.023480,0.480526,2.171194,-0.595720,0.693836,-1.014717,0,0.251820,0.663424
2160,-0.061409,-0.749146,1.652695,0.493083,5.579565,-0.179132,1.436777,4.077713,-1.231322,0,1.224314,1.717871
2161,-0.014151,1.614267,-0.875524,3.014689,2.226549,2.805175,2.125268,0.622791,0.280625,0,1.311076,1.508782
2162,-0.400234,-0.788721,0.183416,0.328130,3.492306,0.005738,0.035269,2.279701,-0.548632,0,0.509664,0.895794
2163,-0.189097,0.051070,-0.722010,-0.096185,1.061697,1.445448,-0.752236,-0.031474,0.386071,0,0.128143,0.526143
2164,0.614408,1.306878,-0.287561,1.735468,3.897821,-0.358568,-0.064808,3.150814,0.800081,0,1.199393,1.357379
2165,-0.520365,0.529063,-0.522924,0.467910,4.708014,1.008537,1.465959,2.534118,0.431751,0,1.122452,1.354294
2166,-1.023132,0.326801,1.390088,0.538216,7.353315,1.551959,1.721494,4.477269,1.676596,1,2.001401,2.228763
2167,-0.271393,-0.649308,1.296290,1.392350,1.806746,0.188930,-0.283094,1.324590,0.091809,0,0.544102,0.811612
2168,-1.101524,0.638334,1.135026,3.810103,9.511897,3.554191,1.117531,2.407693,6.081374,1,3.017181,3.261964
2170,-1.712577,4.711532,6.051555,8.104810,16.621761,-6.943414,12.134257,11.810980,3.167042,1,5.993994,7.917547
2171,-0.130384,1.550934,1.313781,4.290244,6.583388,-0.427355,2.607750,2.683829,0.192937,1,2.073903,2.197845
2172,-0.606086,0.128277,0.462497,-0.004880,1.681608,-0.351676,-0.372901,0.102893,-0.124637,0,0.101677,0.426162
2173,-0.460567,-0.000438,0.065840,1.417530,4.923353,-0.735001,0.836952,0.234088,0.340758,0,0.735835,1.001614
2174,0.107769,0.806953,-0.306380,1.020842,6.229329,-3.971239,2.173516,0.906819,1.522620,0,0.943359,1.893941
2175,0.238083,-0.097422,0.565833,-0.712128,1.067789,0.162028,-0.512674,0.161947,-0.810056,0,0.007044,0.480884
2176,-1.148042,0.235599,2.561625,3.048354,10.515889,-1.886622,3.260653,2.481570,2.830297,1,2.433258,3.107628
2177,-0.578988,-0.145332,-0.110030,0.993914,4.003350,0.494735,0.939509,0.966426,-0.257086,0,0.700722,0.943263
2178,0.199237,0.072248,0.119670,-0.094555,0.662191,-0.058014,0.245247,-0.002838,0.170728,0,0.145990,0.180525
2179,0.037425,0.177888,2.469185,4.345735,7.850515,2.949738,5.945891,8.417501,5.227051,1,4.157881,4.157881
2190,0.027655,-0.869055,0.327182,0.991141,2.978632,1.340777,1.485801,2.176627,-0.050561,0,0.934244,1.138603
2191,0.136667,-0.423853,-0.584814,0.435527,0.152041,0.558449,0.252311,0.089071,-0.379614,0,0.026198,0.334705
2192,-0.439099,-0.157450,0.716269,-0.372490,-0.477522,0.440085,0.009293,0.794786,-0.228662,0,0.031690,0.403962
2193,-0.544490,-0.059609,0.507335,-0.297032,1.384624,0.804404,1.218769,-0.291511,-0.798936,0,0.213728,0.656301
2194,-0.654058,-0.492533,-0.143654,-0.205959,-0.074115,0.368679,0.511731,0.313705,-0.366739,0,-0.082549,0.347908
2195,-0.526735,-0.380817,-0.614902,-0.125622,1.000889,0.250782,0.282469,0.120170,0.304324,0,0.034506,0.400745
2196,-0.606220,0.681282,-0.300241,1.868463,2.045483,1.274251,2.266094,1.644484,-0.080068,0,0.977059,1.196287
2197,0.682390,-0.407161,-0.246851,-0.010014,1.262493,-0.203831,0.331674,1.021509,-0.437192,0,0.221446,0.511457
2198,-0.220518,-0.716687,0.817373,-0.235464,1.281963,-0.125071,1.128308,-0.200154,0.108940,0,0.204299,0.537164
2199,-0.756383,-0.822027,-0.293260,1.596444,1.667565,0.671203,0.434715,0.909825,-0.278519,0,0.347729,0.825549
2200,-0.209306,0.101694,0.508994,1.369597,2.425036,1.965937,1.227716,0.604091,1.588484,0,1.064694,1.111206
2203,-0.215601,-0.513029,0.367728,-0.372307,0.721192,0.322969,0.716242,1.127549,-1.146166,0,0.112064,0.611420
2204,-0.365198,0.471004,0.423969,0.657629,1.710301,0.987875,1.102968,1.120544,0.039696,0,0.683199,0.764354
2205,-0.388805,-0.123231,-0.235309,-0.046077,0.828391,0.094265,0.379476,1.221008,-0.723870,0,0.111761,0.448937
2206,-0.149954,0.345599,-0.112724,1.332481,1.396407,0.570380,2.344920,0.880307,1.101987,0,0.856600,0.914973
2207,-0.302060,-0.331472,0.094318,-0.145048,2.927376,1.043200,1.860806,0.864504,1.604513,0,0.846238,1.019255
2208,-0.392082,-0.415819,0.490409,-0.033593,1.874678,0.553565,-0.264055,1.437971,-0.553079,0,0.299777,0.668361
2209,-0.261992,0.030525,-0.024614,0.833794,1.824545,1.001299,-0.461441,1.002439,-0.209698,0,0.414984,0.627816
2210,-0.725761,0.549162,0.879870,1.725987,3.326491,1.866280,2.976141,0.562688,2.186866,0,1.483080,1.644361
2211,-1.139889,-0.004332,1.279958,1.326338,3.103010,1.591903,0.298650,1.819187,0.744048,0,1.002097,1.256368
2212,0.027472,-0.732533,0.564404,0.969727,2.861032,2.470277,0.480581,1.943943,0.124006,0,0.967656,1.130442
2213,-1.124821,1.167242,1.764711,1.299545,3.715074,2.275455,1.584192,3.114706,0.313256,0,1.567707,1.817667
2214,-0.890452,-0.267903,0.644195,0.844876,0.786293,0.522921,0.191369,0.318177,-0.274714,0,0.208307,0.526767
2216,-0.539976,-0.336243,-0.119686,0.263801,1.691152,1.211674,-0.363546,1.909796,-1.499404,0,0.246397,0.881698
2217,-0.632165,0.333044,-0.221791,1.064768,1.109217,0.597457,0.951335,0.406803,-0.228445,0,0.375580,0.616114
2218,-0.526092,-0.414264,0.082846,-0.777481,1.486259,1.342209,-0.428652,0.618358,-0.062821,0,0.146707,0.637665
2219,-1.034008,0.095162,0.552851,0.041211,1.006992,1.480337,0.774846,-0.177218,-0.827108,0,0.212563,0.665526
2220,-0.359992,-0.211120,-0.543878,1.001188,3.187720,0.291535,1.192136,0.938492,0.457890,0,0.661552,0.909328
2221,-0.655983,0.216912,0.632496,0.309123,2.601475,3.342969,-0.858308,2.434048,-0.096805,0,0.880659,1.238680
2222,-0.141329,-0.519789,0.280992,0.267378,1.020130,-0.039426,0.514478,-0.034390,-0.737683,0,0.067818,0.395066
2223,-1.093559,0.361638,0.438896,0.606108,3.810668,0.970360,0.118830,1.368081,0.130023,0,0.745672,0.988685
2224,-0.268582,-0.243964,0.266966,1.288767,2.084613,0.164017,1.124968,-0.101199,-0.100801,0,0.468309,0.627097
2225,-0.301167,0.471931,0.113053,0.255770,1.460433,-0.384598,1.114200,0.258213,-0.421441,0,0.285155,0.531201
2226,-0.490822,0.280094,0.626740,1.008711,1.972043,0.437282,1.319495,-0.012466,0.016559,0,0.573071,0.684912
2227,-0.985391,-0.211496,0.835927,0.391028,1.995296,1.121739,0.746038,0.745452,-0.754962,0,0.431514,0.865259
2228,-0.644677,0.438602,0.411906,0.792150,2.855662,0.538736,0.359586,1.718877,-0.514477,0,0.661818,0.919408
2229,-0.774618,1.316356,1.474186,1.250856,4.649657,2.042460,2.097156,3.584368,-0.239815,0,1.711178,1.936608
2230,-0.328344,1.331492,1.228917,1.542003,3.005031,1.219468,0.434789,2.705595,-1.154564,0,1.109376,1.438911
2231,-0.187501,0.014786,-0.096895,0.286326,0.607308,0.336464,-0.264055,-0.093227,-0.941761,0,-0.037617,0.314258
2232,-0.776634,1.618411,1.387476,0.429024,4.452499,-0.048359,2.732699,4.179557,-0.619145,0,1.483948,1.804867
2233,-1.357134,1.687909,2.001402,1.637786,4.092290,3.007625,2.946332,5.102679,-1.753360,1,1.929503,2.620724
2234,-0.329158,1.872130,2.773077,2.346913,8.715526,0.727540,2.376739,4.629378,-2.989376,1,2.235863,2.973315
2250,1.685825,5.098585,1.577879,5.299859,6.356497,-2.759984,2.786784,7.908271,-1.703011,1,2.916745,3.908522
2251,-0.444100,0.985360,2.626011,3.300530,5.469255,0.198101,3.834723,2.525533,-1.101986,1,1.932603,2.276178
2256,-0.423017,0.810081,0.895252,1.559941,1.876540,-0.016530,1.563446,1.407723,-1.634968,0,0.670941,1.131944
2257,0.094150,2.455396,1.150949,2.445972,2.916440,2.020630,2.479285,7.986333,-2.509325,1,2.115537,2.673164
2258,0.591413,0.043093,0.122213,0.787753,0.802640,-0.566915,0.695338,0.566617,-0.868077,0,0.241564,0.560451
2259,3.739378,3.714508,4.807414,6.061202,7.393287,1.631032,11.548926,1.460002,-1.753454,1,4.289144,4.678800
2260,0.857234,1.226316,2.681527,2.964670,2.828205,1.429054,4.437402,2.120863,0.852683,1,2.155328,2.155328
2261,1.974597,0.784152,4.571503,8.020840,8.273574,-0.962424,5.240848,6.109814,-3.176012,1,3.426321,4.345974
2262,0.439770,0.032193,2.336045,2.676982,3.387396,-2.752945,2.012005,0.945160,-0.196500,0,0.986679,1.642111
2263,0.319529,-0.034371,2.879702,0.804756,3.680622,0.656230,1.792482,2.128354,-1.312861,0,1.212716,1.512101
2264,2.133178,0.375467,2.260812,1.621168,0.463735,1.035727,1.523690,0.031440,-0.248858,0,1.021818,1.077120
2265,0.405032,0.712992,0.889929,1.683202,1.225643,0.840360,0.649694,2.540333,0.133557,0,1.008971,1.008971
2267,0.387232,-0.061014,-0.075133,-0.257016,0.805271,-0.963323,0.428851,0.231863,-0.177936,0,0.035422,0.376404
2278,0.775249,-0.196391,0.590757,0.260183,0.586191,-0.233751,0.056347,-0.223511,-0.690327,0,0.102750,0.401412
2280,0.728463,2.577842,1.765919,2.529526,4.821225,0.427875,0.743415,6.481850,-2.374594,1,1.966836,2.494523
2281,0.800826,0.885930,3.268980,3.432713,2.056929,0.215954,1.552300,5.103661,-1.630651,1,1.742960,2.105327
2282,0.426487,1.615909,0.887656,2.468457,1.970466,0.779347,0.489245,4.026796,-1.508577,0,1.239532,1.574771
2283,2.148808,1.986533,1.755329,2.251757,6.000164,0.080200,2.895934,2.619959,-1.162751,1,2.063993,2.322382
2284,0.568437,1.888103,1.268817,2.455199,0.994541,0.895801,0.146296,0.960945,0.868738,0,1.116320,1.116320
2285,1.756882,2.422933,2.335782,5.216473,7.052586,1.939334,1.171079,3.804178,-0.043240,1,2.850668,2.860277
2286,0.694850,-0.296550,0.855143,-0.014141,1.232235,-0.529470,0.473258,0.121237,-0.579559,0,0.217445,0.532938
2287,1.856574,2.033476,3.560401,4.623895,6.883613,-0.386176,-0.087686,2.913489,-0.435087,1,2.329166,2.531155
2289,0.274328,1.026393,0.897796,2.028884,3.435302,-0.729062,1.717804,1.358550,-0.095614,0,1.101598,1.284859
2290,2.178905,1.322131,2.071865,0.773731,6.085350,-0.595168,1.058248,5.168115,-1.541350,1,1.835759,2.310540
2291,-0.189770,0.428745,0.794880,0.896008,1.707631,0.789945,1.231869,1.889530,1.116430,0,0.962808,1.004979
2292,-0.419442,0.223616,-0.323598,0.357955,0.198327,0.401356,0.219666,-0.138986,0.267164,0,0.087340,0.283346
2293,-0.173901,0.231166,0.154505,0.054693,1.608857,-1.196723,-0.197950,0.107873,0.085590,0,0.074901,0.423473
2294,-0.279439,-0.007646,-0.086996,-0.122028,0.026840,0.512740,-0.711595,0.362307,-0.174648,0,-0.053385,0.253804
2295,0.042612,1.988980,-0.308553,0.685048,3.060787,0.193736,-0.237913,0.472196,-0.962234,0,0.548296,0.883562
2296,-0.291949,-0.001156,-0.029924,0.008486,-0.010028,-0.194427,-0.242036,-0.005261,0.204066,0,-0.062470,0.109704
2297,-0.237327,-0.157857,-0.049706,0.033509,0.207000,-0.020934,-0.050659,-0.061884,-0.740098,0,-0.119773,0.173219
2298,-0.240396,-0.627933,0.430372,0.905649,1.568675,0.760472,0.190066,0.220637,-0.463515,0,0.304892,0.600857
2299,-0.188374,0.856896,-0.525872,1.363547,0.900766,0.564833,-0.108969,0.835113,-0.098372,0,0.399952,0.604749
2300,-0.183600,-0.295606,0.284358,0.117262,1.071599,-0.566126,-0.468659,0.536170,-0.119532,0,0.041763,0.404768
2302,-0.185262,-0.031137,0.041553,-0.382738,-0.137363,-0.036303,-0.381837,0.045770,-0.275261,0,-0.149176,0.168581
2303,-0.388714,-0.055644,-0.023563,-0.076143,2.373896,-0.277055,0.923120,0.433907,-0.953601,0,0.217356,0.611738
2304,0.136591,1.754668,-0.867186,1.259015,1.316237,0.198502,0.899397,1.904492,-0.099210,0,0.722501,0.937255
2305,0.509169,0.782827,-0.770873,1.604103,2.955095,-1.234378,1.609649,0.786281,0.674296,0,0.768463,1.214075
2306,-0.169409,-0.096750,-0.216138,0.299526,-0.187058,0.798571,-0.743256,-0.204909,-0.118790,0,-0.070913,0.314934
2307,-0.212414,-0.203914,0.007204,0.247456,0.164851,0.475753,-0.412783,1.253464,1.468068,0,0.309743,0.493990
2308,-0.026105,-0.244864,-0.114979,-0.114979,-0.100369,-0.285072,-0.105537,-0.105537,-0.105537,0,-0.133665,0.133665
2311,0.191479,-0.177889,0.313904,-0.225644,-0.278338,0.163729,0.111144,-0.207370,0.053337,0,-0.006183,0.191426
2312,-0.338247,0.143153,0.057236,0.105235,0.674733,0.013190,-0.249604,-0.486734,-0.137812,0,-0.024317,0.245105
2315,-0.763454,1.461672,1.694126,0.434722,3.785316,-0.241219,1.688618,0.251958,-1.478629,0,0.759234,1.311079
2316,-0.940655,1.643498,1.942359,0.332399,2.631104,-0.334632,0.199996,0.907521,-0.994120,0,0.598608,1.102920
2317,-0.563021,1.360398,0.053812,0.939696,0.578519,-0.221882,0.547379,0.922975,-0.785602,0,0.314697,0.663698
2318,1.337754,2.077378,2.458094,1.805024,6.653847,-0.826839,3.083114,7.612600,-3.062743,1,2.348692,3.213044
2319,-0.102751,0.842133,0.777147,0.538236,1.676335,0.592808,0.435782,-0.281743,-1.571518,0,0.322937,0.757606
2320,2.035189,5.346102,5.541304,0.030665,5.736493,-1.915271,4.564330,1.754604,-1.427094,1,2.407369,3.150117
2321,1.305806,1.936067,3.537229,2.754336,4.496749,0.310590,4.186097,1.479374,-0.197944,1,2.200923,2.244910
2322,-0.000790,4.013853,1.658310,6.299505,5.230683,0.691071,0.881822,4.680182,1.003719,1,2.717595,2.717771
2323,1.858298,4.624603,0.316459,0.346184,4.377669,0.187451,-0.711427,4.554982,0.789019,1,1.815915,1.974010
2324,0.649024,5.588889,2.701800,2.416223,4.747574,-1.979277,2.530510,2.478675,0.360147,1,2.165952,2.605791
2325,1.321184,4.366869,4.039199,4.820791,3.541887,0.055866,4.158972,4.505013,-1.193109,1,2.846297,3.111432
2326,-0.383047,2.274721,1.048897,0.636753,1.684009,-1.208887,1.489691,0.278203,-1.119356,0,0.522331,1.124840
2327,-0.291780,1.790711,0.710539,-0.636778,1.898081,-0.580712,-0.040850,0.230827,-0.256174,0,0.313763,0.715161
2328,0.259223,-0.574732,-0.126724,0.759702,0.723218,-0.249538,-0.890938,-0.366602,-0.777312,0,-0.138189,0.525332
2329,0.557061,0.079630,-0.235243,0.182161,-0.108360,-0.414784,-0.680805,-0.356744,-0.505418,0,-0.164723,0.346689
2330,0.686574,5.210986,1.463163,2.099350,5.118548,2.545795,0.187109,3.819010,-0.541630,1,2.287656,2.408018
2333,0.810368,-0.124486,2.121481,0.565210,4.179916,-1.362624,1.634403,1.947209,-1.751340,0,0.891126,1.610782
2334,-0.137985,0.606539,-0.145497,0.857543,1.216145,0.319506,0.600167,0.062024,-0.319954,0,0.339832,0.473929
2335,-0.087311,1.682504,1.214175,0.835687,2.943473,0.638286,2.792484,2.577220,1.048542,0,1.516118,1.535520
2336,-0.208871,1.254035,-0.184902,0.683754,0.139756,-0.197896,-0.236511,0.245992,-0.499766,0,0.110621,0.405720
2337,-0.233953,1.993932,-0.402096,1.032476,0.689595,-0.200033,0.313552,0.246664,-1.188864,0,0.250142,0.700129
2338,0.460993,-0.229867,0.094274,0.626689,0.078410,-0.090008,-0.125158,-0.083390,0.215263,0,0.105245,0.222672
2339,-0.312381,-0.116870,-0.087735,0.081201,-0.063420,-0.320026,-0.212281,-0.283815,-0.300833,0,-0.179573,0.197618
2340,1.270492,5.986202,4.942059,8.538950,8.365546,-1.059834,-0.330368,6.826346,-2.487141,1,3.561361,4.422993
2341,-0.077152,0.543045,-0.286446,0.651617,0.051610,-0.636073,-0.066970,-0.052268,-0.493887,0,-0.040725,0.317674
2342,-0.156634,0.009186,-0.140619,-0.420257,0.115875,-0.369100,-0.234052,0.138437,-0.277644,0,-0.148312,0.206867
2343,-0.323508,1.036599,-0.222919,0.920106,0.052036,-0.913716,0.034697,0.962436,0.216725,0,0.195828,0.520305
2344,-0.066475,-0.096952,-0.070793,-0.125118,-0.047946,-0.484057,-0.511630,0.003598,0.072055,0,-0.147480,0.164292
2345,-0.146775,-0.127960,0.292097,-0.050704,-0.024410,-0.523840,-0.191605,-0.352157,0.101755,0,-0.113733,0.201256
2346,-0.049780,1.134917,0.474894,0.181144,-0.147155,-0.609477,-0.252458,0.516393,-0.506713,0,0.082418,0.430326
2347,-0.371182,-0.151766,0.319730,0.189904,0.640734,-0.274445,-0.594639,-0.345679,-0.497417,0,-0.120529,0.376166
2350,-0.598838,3.926365,1.193502,4.952651,-1.252464,-2.267784,2.513251,0.782570,-0.673414,0,0.952871,2.017871
2352,0.599942,0.509823,-0.998053,0.288212,0.744219,-0.248034,-0.092801,0.168922,-0.679362,0,0.032541,0.481041
2353,-0.188490,0.332675,-0.198486,-0.386575,0.448445,-0.532111,-0.563909,-0.220501,-1.073866,0,-0.264758,0.438340
2354,0.206413,0.177321,-0.003268,-0.129556,-0.321552,-0.428629,-0.517025,0.432829,0.015725,0,-0.063083,0.248035
2355,-0.258538,0.033112,0.038798,-0.133164,-0.198360,-0.008213,-0.284141,-0.325422,0.013775,0,-0.124684,0.143725
2356,-0.503657,-0.230324,-0.144589,-0.021013,-0.270582,-0.204576,-0.141586,-0.166869,-0.248917,0,-0.214679,0.214679
2357,2.849778,-0.362270,0.137324,-1.213268,0.100233,-0.575001,0.802879,-1.715943,0.113119,0,0.015206,0.874424
2358,-0.455208,0.468588,0.585049,0.257289,0.596130,-0.514631,0.014499,0.353178,-0.213159,0,0.121304,0.384192
2359,0.275669,-0.612549,-0.015021,-0.121526,-0.127525,-0.241359,-0.169310,-0.614936,-0.427817,0,-0.228264,0.289524
2360,0.233851,0.619305,1.892054,0.063158,2.627093,-0.199832,-1.877802,0.887673,-0.483134,0,0.418041,0.987100
2361,-0.235350,-0.192942,0.144160,-0.161887,-0.529448,0.223733,0.455579,-0.500508,-1.025180,0,-0.202427,0.385421
2365,0.496694,0.463964,0.603534,-0.004082,0.286795,-0.096929,-0.473801,-0.261200,-0.614948,0,0.044448,0.366883
2369,-0.909679,-0.286758,-0.322570,-0.389022,-0.136764,-0.343834,-0.276515,-0.547790,-0.444670,0,-0.406400,0.406400
2370,0.505885,0.301427,0.500325,-0.339840,1.190749,-0.328327,0.054431,-0.674727,0.407181,0,0.179678,0.478099
2371,-0.162804,-0.670398,0.212125,-0.459088,0.850049,-0.521159,-0.628846,-0.237953,-0.332499,0,-0.216730,0.452769
2372,-0.560688,1.081377,0.695530,0.049431,-0.464321,-0.075961,0.039746,0.266155,0.132273,0,0.129282,0.373942
2379,-0.018084,-0.608363,-0.072214,-0.231245,0.068596,0.000642,-0.293695,-0.319765,-0.270870,0,-0.193889,0.209275
2380,-0.106417,0.233709,2.693429,0.511685,3.334927,-1.434281,1.330389,1.891586,-2.385174,0,0.674428,1.546844
2381,-1.200348,-0.342675,-0.125158,-0.056632,0.367722,-0.357939,0.195067,-0.093465,-0.824789,0,-0.270913,0.395977
2382,-0.129910,0.260632,-0.242949,-0.375964,0.493055,-0.045199,-0.194232,-0.169748,-0.533570,0,-0.104209,0.271695
2386,0.142697,-0.161084,-0.402651,-0.246570,0.215864,-0.312128,-0.277035,-0.324026,-0.316022,0,-0.186773,0.266453
2387,-0.032243,-0.172477,-0.148030,-0.170331,-0.144835,0.019437,-0.170076,-0.026761,-0.263696,0,-0.123223,0.127543
2388,0.584452,-0.821879,2.252630,-1.777298,-0.878626,-0.707061,-0.863142,-1.175653,-0.336949,0,-0.413725,1.044188
2390,-1.329036,-1.126215,10.308969,-7.118706,1.134878,-1.446662,2.033752,-0.132207,-1.933817,0,0.043440,2.951582
2395,-1.131509,0.029164,-0.253099,-0.338228,-0.024082,-0.117057,-0.138024,-0.672739,0.086877,0,-0.284300,0.310086
2396,0.310640,-0.123043,-0.733547,-0.383370,0.003204,-0.320563,-0.624485,-0.583741,-0.913138,0,-0.374227,0.443970
2397,-0.234725,-0.248711,-0.110274,-0.355349,-0.058197,-0.474974,-0.281091,-0.307694,-0.319382,0,-0.265599,0.265599
2398,-0.069092,-0.064345,-0.062851,-0.407868,-0.204090,-0.305484,-0.302707,0.055709,-0.354976,0,-0.190634,0.203014
2399,-0.186040,-0.156693,0.144402,-0.242250,-0.399178,-0.301414,-0.160892,-0.544216,-0.413931,0,-0.251135,0.283224
2400,0.437201,1.886797,1.407795,-4.993680,-1.143521,0.400518,-1.149492,0.419016,-0.717735,0,-0.383678,1.395084
2401,-0.279783,-0.150814,0.070415,0.086780,-0.292773,-0.057968,-0.534134,-0.182423,-0.234597,0,-0.175033,0.209965
2402,-0.388613,0.886088,0.186164,-0.582803,-0.502912,-0.836413,0.459979,-0.790892,-1.217303,0,-0.309634,0.650130
2403,0.210943,-0.401676,-0.128822,0.237634,-0.186855,-0.447384,-0.439578,-0.452802,-0.454499,0,-0.229227,0.328910
2404,-0.063853,0.671267,-0.053792,-0.193499,0.124400,0.066858,-0.308225,-0.778468,0.002558,0,-0.059195,0.251436
2405,-0.429870,-0.318710,-0.135997,-0.358430,0.053070,-0.261537,-0.303060,-0.062542,-0.698412,0,-0.279499,0.291292
2406,0.156181,-0.350658,0.684374,-0.859866,-0.356114,0.171054,-0.751477,-1.151480,-0.255845,0,-0.301537,0.526339
2408,-0.193906,-0.235289,-0.055366,-0.358651,0.201323,-0.336198,-0.260578,-0.197452,-0.359589,0,-0.199523,0.244261
2409,-0.312479,-0.152265,0.183938,-0.103706,-0.050918,0.787750,-0.556396,-0.295902,-0.482161,0,-0.109127,0.325057
2410,-0.678951,-0.295841,0.020790,-0.351777,-0.112284,-0.346242,-0.294208,-0.195331,-0.303790,0,-0.284182,0.288802
2411,-0.284441,0.158877,-0.388032,0.091808,-0.379771,-0.143619,-0.091768,-0.218945,-0.090879,0,-0.149641,0.205349
2415,-0.198933,-0.346299,-0.134050,-0.209432,-0.116615,-0.219675,-0.234424,-0.176730,0.392142,0,-0.138224,0.225367
2420,0.472613,-0.047547,0.061283,1.091056,0.258634,-0.069656,-0.127478,0.069069,-0.633493,0,0.119387,0.314537
2421,0.528392,0.198359,0.963952,-0.112353,0.436824,-0.591722,-0.022662,0.277635,-0.369751,0,0.145408,0.389072
2422,0.003455,0.255252,0.770464,-0.355768,1.869676,0.076633,0.225960,-0.034851,-0.390308,0,0.268946,0.442485
2423,0.001414,0.099307,0.290614,0.017811,0.659132,0.030006,0.262279,-0.396663,0.431546,0,0.155049,0.243197
2424,-0.208883,0.012914,-0.424067,-0.231732,0.200768,-0.068758,-0.106520,-0.551771,-0.142096,0,-0.168905,0.216390
2425,0.266319,0.441960,0.489599,-0.268113,1.353720,-0.979452,0.561398,-0.674804,0.137679,0,0.147590,0.574783
2426,-0.397513,-0.063518,0.456205,0.057366,-0.269703,-0.007645,-0.371557,-0.299107,-0.443492,0,-0.148774,0.262901
2427,-1.166984,1.243194,1.118756,0.253650,1.177507,-0.064332,-0.137802,0.166121,0.013757,0,0.289318,0.593567
2428,-0.888096,2.059646,1.831325,2.957702,4.181732,4.542716,4.096824,1.137055,2.796361,1,2.523918,2.721273
2429,-0.952139,0.722581,2.663083,0.896188,1.737674,0.035408,-0.355481,1.805653,-1.822054,0,0.525657,1.221140
2430,2.215291,2.218544,3.574320,7.960045,3.268929,0.617586,1.716251,2.452086,-1.556432,1,2.496291,2.842165
2431,-0.080301,-0.095386,0.596042,0.441250,2.208763,0.203448,0.085220,-0.045242,-1.383460,0,0.214482,0.571012
2439,-0.201173,0.838227,2.207781,0.011275,1.857582,-1.362230,0.638258,-0.450125,0.796577,0,0.481797,0.929247
2440,-0.640207,2.254478,2.836325,5.360971,5.873591,-2.393841,1.464845,-0.124463,-0.222720,1,1.600998,2.352382
2441,-0.829721,0.038745,0.014340,-0.107958,1.923839,0.186531,-0.493941,0.313424,-0.743751,0,0.033501,0.516917
2443,0.417578,0.927293,0.342306,0.655111,0.475545,-0.939313,0.862172,-0.725078,0.492530,0,0.278683,0.648547
2444,1.522837,3.959384,6.785471,13.589081,1.473313,1.760239,10.266070,5.195645,-3.318352,1,4.581521,5.318933
2445,0.182632,0.821885,1.632851,2.008333,1.100445,0.880658,0.703585,-0.169044,-0.137464,0,0.780431,0.848544
2446,0.437081,1.220174,2.856715,2.471792,2.705089,-0.140928,2.583273,-0.366154,0.413021,0,1.353340,1.466025
2447,0.162522,1.196015,0.850759,0.915314,1.923202,0.245961,0.467377,0.150247,-0.604399,0,0.589666,0.723977
2448,0.555054,0.849193,0.605861,1.253985,0.570678,0.712121,-0.510767,0.948497,-1.708212,0,0.364046,0.857152
2449,0.023764,-0.424156,0.628843,-0.396200,1.021982,0.786564,-1.410625,-0.487871,-0.750190,0,-0.111988,0.658911
2450,1.189964,6.809514,7.948077,4.554146,5.398673,-1.553325,3.026463,4.945693,-0.465253,1,3.539328,3.987901
2452,-0.229365,1.698035,0.508116,2.397066,3.074359,-2.146201,4.597221,-1.913312,-1.380075,0,0.733983,1.993750
2453,-0.277976,-0.041538,-0.017732,-0.161657,0.159253,-0.917798,1.234936,-1.148304,0.132084,0,-0.115415,0.454587
2454,0.197232,2.414010,-0.421261,1.054744,0.833393,-0.011971,-0.313849,0.647131,-1.261995,0,0.348604,0.795065
2455,-0.363137,0.014417,0.326074,0.475431,1.157903,-0.430110,-0.081034,0.235468,-0.784033,0,0.061220,0.429734
2456,0.715565,1.935498,3.571297,2.356299,3.893436,1.049600,-0.247929,0.846858,1.053875,1,1.686056,1.741151
2460,-0.835597,7.902204,2.217474,4.491536,1.344870,-1.370354,0.580486,2.314437,3.975328,1,2.291154,2.781365
2462,-0.327561,0.290380,-0.127801,0.043310,0.639651,-0.105337,-0.235198,-0.720172,-0.187299,0,-0.081114,0.297412
2463,-0.461901,1.604683,2.417748,2.485938,2.587247,-1.924688,-0.375071,1.101386,-1.437190,0,0.666461,1.599539
2464,0.139959,1.024596,0.494992,2.013273,1.136887,-0.169942,-0.460278,1.487481,0.231838,0,0.655423,0.795472
2465,-0.082471,-0.123167,-0.062794,0.022946,0.174069,-0.230409,-0.270951,-0.196864,-0.248656,0,-0.113144,0.156925
2466,-0.610359,0.618121,0.735642,1.251326,0.143916,-0.922460,-0.439266,0.017427,-0.560676,0,0.025964,0.588799
2469,-0.005826,0.812788,0.538866,0.391640,0.916195,-0.152196,-1.144744,0.955823,-0.401112,0,0.212382,0.591021
2470,0.805035,5.158296,1.944629,3.856073,2.471759,-2.630560,-0.700603,1.186075,-0.474085,1,1.290735,2.136346
2471,-0.790918,1.022425,0.644042,0.404538,0.008886,-0.276830,-0.643547,-0.492811,-0.119054,0,-0.027030,0.489228
2472,-0.476240,0.517078,-0.327334,-0.189850,0.380082,-0.420797,-0.862598,0.053376,-0.281908,0,-0.178688,0.389918
2473,-0.506393,1.096949,-0.741484,-0.019672,0.975963,-0.119831,-1.417913,2.960094,0.364546,0,0.288029,0.911427
2474,1.950917,0.685466,0.326475,0.551151,1.282137,0.278836,-1.472023,0.181274,-0.800276,0,0.331551,0.836506
2475,-0.302990,-0.207358,-0.000504,-0.158539,0.047143,-0.132060,-0.255585,-0.008495,-0.233819,0,-0.139134,0.149610
2476,-0.207879,-0.264020,0.466327,-0.394844,-0.190803,-0.026556,-0.531888,0.098459,-0.395016,0,-0.160691,0.286199
2477,-0.201092,3.732615,2.993813,-0.031216,3.530033,-2.228866,0.163132,1.543813,-0.609042,0,0.988132,1.670402
2478,4.921292,8.725009,1.889631,7.933806,4.686499,0.914876,-0.458010,3.530346,-2.899733,1,3.249302,3.995467
2479,0.113826,1.754759,0.828261,1.974790,-0.455489,1.165247,0.035382,-0.718081,-0.371088,0,0.480845,0.824102
2480,0.701852,12.009428,5.056574,6.597324,3.011057,2.121901,1.856369,1.422572,0.259243,1,3.670702,3.670702
2481,0.089527,3.719155,1.409015,4.286334,2.192752,1.248348,-1.591539,2.219583,0.542203,1,1.568375,1.922050
2482,0.489279,1.074333,0.796045,2.039742,1.053787,-0.583896,0.049932,-0.218247,-0.406465,0,0.477168,0.745747
2483,-0.036018,3.349163,1.242115,3.944972,3.706281,-0.216524,-0.417202,0.755322,-0.238709,0,1.343267,1.545145
2484,0.278825,6.703221,2.211628,5.427579,0.262348,1.934597,-0.102962,2.165843,-0.694922,1,2.020684,2.197991
2485,1.870219,1.906096,-0.333697,3.398524,0.736016,0.712089,-1.221429,0.522544,-0.175022,0,0.823926,1.208404
2486,4.369419,5.745246,-0.170751,10.628315,7.136197,-0.837778,1.169459,0.616648,0.056170,1,3.190325,3.414443
2487,-0.287228,5.648282,2.845098,5.318448,3.186625,1.946926,0.238950,0.071599,0.960443,1,2.214349,2.278178
2488,-0.467172,0.738308,0.302783,0.704639,0.102314,1.163534,-0.589519,-0.160165,-0.610712,0,0.131557,0.537683
2489,-0.583031,2.981133,1.458044,2.624675,0.901222,-0.128470,-0.847493,-0.565896,-1.359696,0,0.497832,1.272185
2490,0.045121,0.300630,-0.145583,0.187739,0.109942,0.016348,-0.478376,-0.469773,-0.573955,0,-0.111990,0.258607
2500,-0.450472,1.470029,1.080598,2.307465,2.504799,0.504165,1.032370,2.005938,0.128185,0,1.175897,1.276002
2502,-0.962069,0.319854,1.320625,1.218899,1.176490,1.614077,-1.342508,-0.027277,0.370278,0,0.409819,0.928009
2505,-0.519726,0.401668,-0.174492,0.473466,1.183744,-0.035552,0.561987,0.589136,-0.236340,0,0.249321,0.464012
2506,-0.671927,-0.010812,0.570220,1.191378,1.325378,1.102545,-0.803257,0.696037,-0.705938,0,0.299292,0.786388
2508,-0.770249,0.477140,-0.018281,1.512206,0.498466,0.503029,1.224555,-0.752360,-0.142342,0,0.281352,0.655403
2515,-0.815391,0.495332,0.781908,1.227104,1.982486,0.558853,0.331519,2.175555,-0.508856,0,0.692057,0.986334
2516,-0.095889,0.013098,0.097335,2.104165,1.036878,0.624615,-0.048252,0.745483,-0.503276,0,0.441573,0.585444
2517,-0.738575,0.603962,0.821853,2.334533,2.160104,0.626617,0.735708,0.030045,0.085299,0,0.739950,0.904077
2518,-0.770079,1.266655,1.550222,2.611384,2.595434,0.025200,0.504860,2.316916,-0.435602,0,1.073888,1.341817
2519,-0.719479,0.211250,0.914412,2.160735,3.019359,0.434438,0.605703,1.755286,-0.475657,0,0.878450,1.144035
2520,-0.118268,-0.118268,-0.118268,-0.034935,-0.214130,-0.152863,-0.152863,-0.152863,-0.126699,0,-0.132129,0.132129
2525,-0.560256,1.339796,1.127877,1.526587,3.926622,-0.346642,-0.150776,0.825825,-0.421672,0,0.807485,1.136228
2526,-0.604485,0.550192,3.164434,1.533566,2.115325,2.047376,0.629843,0.526464,-0.601393,0,1.040147,1.308120
2527,-0.380112,1.750073,5.605110,6.733757,6.191576,4.739216,2.758760,1.721546,-2.269486,1,2.983382,3.572182
2528,-0.266487,1.568176,1.996354,1.124875,2.253504,0.859432,0.569504,0.276077,-0.005523,0,0.930657,0.991104
2529,-0.453970,2.117978,4.297760,3.062487,7.466436,2.514701,1.552707,3.115747,0.395456,1,2.674367,2.775249
2530,0.223197,2.265396,7.923184,3.139145,6.075582,1.363945,0.742885,0.395757,3.780878,1,2.878885,2.878885
2533,0.058109,1.683171,2.959175,3.947639,3.818046,-1.129725,1.497595,1.169489,-1.725665,0,1.364204,1.998735
2534,-0.951560,0.108431,0.204349,1.115593,1.376534,0.530266,0.376588,0.795181,-0.896262,0,0.295458,0.706085
2535,0.583586,0.733631,1.999080,0.329022,2.672073,0.898848,0.295208,-1.044204,0.154355,0,0.735733,0.967779
2536,0.763401,3.382430,4.656474,-0.954305,4.779388,4.878133,-0.007416,1.825588,0.461181,1,2.198319,2.412035
2537,0.232102,1.760943,2.913538,0.458014,2.938414,2.547404,1.005159,1.805884,-0.127159,0,1.503811,1.532068
2538,-0.192318,-0.028134,0.404649,0.426947,1.060227,0.322516,-0.317618,-0.235739,0.164513,0,0.178338,0.350296
2539,1.144888,0.389208,3.240390,4.018055,9.667074,2.289525,2.591869,0.856951,-1.460427,1,2.526393,2.850932
2540,0.331875,6.163185,7.381671,9.673195,5.767570,2.745668,6.446319,4.120143,-2.734212,1,4.432824,5.040426
2541,-0.471799,2.816716,4.979819,5.888030,0.990884,7.963147,0.814323,3.874314,-1.317051,1,2.837598,3.235120
2545,-0.365866,0.196706,-0.188868,-0.336983,0.189857,-0.048524,-0.264271,-0.443717,-0.241778,0,-0.167049,0.252952
2546,-1.399825,1.918454,0.280797,0.363133,0.319187,1.915828,-0.336110,0.186156,-0.164733,0,0.342543,0.764914
2548,0.511624,0.662619,0.166978,1.352016,0.602172,0.802655,-0.236742,-0.593803,0.267336,0,0.392762,0.577327
2549,-0.300550,0.488509,-0.194176,0.021893,0.874206,-0.118593,0.239937,-0.362364,-0.176686,0,0.052464,0.308546
2550,-0.927026,1.612767,0.336761,1.252822,7.964199,0.096262,1.998258,-0.904305,0.110800,0,1.282282,1.689244
2551,-0.565125,0.844566,-0.868418,0.436529,1.337465,0.547420,-1.195725,-0.564563,-0.840724,0,-0.096508,0.800059
2552,-0.075849,-0.075849,-0.075849,-0.075849,-0.075849,-0.075849,-0.075849,-0.075849,-0.075849,0,-0.075849,0.075849
2555,-0.109439,-0.080839,-0.153429,-0.262601,-0.105537,-0.105537,-0.061489,0.145922,-0.455572,0,-0.132058,0.164485
2556,-0.340695,-0.101486,-0.041984,-0.443734,-0.106833,-0.168325,-0.395730,0.351668,-0.375993,0,-0.180346,0.258494
2557,0.089488,1.742412,1.874822,6.032236,5.959748,3.886673,4.553015,4.433704,-0.217372,1,3.150525,3.198830
2558,-1.287582,0.295270,0.913811,1.974983,2.756138,0.307848,-0.512782,0.136989,0.192543,0,0.530802,0.930883
2559,-0.093602,-0.240124,0.827446,0.081707,-0.688355,-0.436482,0.358133,0.749837,0.459759,0,0.113147,0.437272
2560,-1.526650,4.472094,4.431456,9.865030,15.831055,-4.898973,10.472626,6.538250,2.192838,1,5.264192,6.692108
2563,-0.081191,-0.163098,0.008225,-0.214972,-0.234736,-0.106446,1.225046,-1.313866,-0.553576,0,-0.159402,0.433462
2564,-0.314019,-0.609081,0.715454,1.330540,3.955301,0.105491,-0.260206,2.581734,2.132712,0,1.070880,1.333838
2565,-0.119822,1.505790,4.344963,9.419886,16.897268,-0.594689,0.652224,1.457340,1.368598,1,3.881284,4.040064
2566,0.727865,0.453872,1.828022,5.370248,6.815025,1.729540,-0.272292,4.836555,1.308891,1,2.533081,2.593590
2567,-0.219916,2.177370,6.356535,5.529557,8.466457,-0.846264,5.879110,0.651404,0.036800,1,3.114561,3.351490
2568,-0.727445,-0.495379,0.296773,-0.033518,-0.395963,-0.093097,-0.027411,0.656420,1.539168,0,0.079950,0.473908
2569,-0.690371,-0.085373,-0.071435,0.440345,-0.052952,-0.257672,-0.355865,-0.180906,-0.140383,0,-0.154957,0.252811
2570,1.095378,4.363691,6.065815,11.335387,8.878593,5.074564,10.078932,7.912480,-5.931438,1,5.430378,6.748476
2571,-0.684008,1.233006,0.148252,3.258511,2.675802,2.843412,-0.102161,1.588168,4.119057,0,1.675560,1.850264
2572,-0.608035,1.092763,-0.571645,0.638722,1.295915,-0.413374,1.558691,-0.551578,0.334833,0,0.308477,0.785062
2573,-0.107971,0.783260,0.178442,0.386121,1.181113,0.655176,1.057975,1.399471,2.293280,0,0.869652,0.893645
2574,-0.471334,0.451093,0.142420,2.260311,0.441051,-0.547897,0.799167,0.616804,-0.394997,0,0.366291,0.680564
2575,0.560437,1.677080,1.552301,3.709060,2.134242,1.233981,3.859419,2.995848,0.126035,1,1.983156,1.983156
2576,-0.686802,1.248460,0.785191,2.075896,2.222153,0.389770,2.035353,1.727386,-1.135577,0,0.962426,1.367399
2577,0.172710,1.852922,1.292449,3.189936,3.754592,3.840505,4.698611,1.680664,-0.601440,1,2.208994,2.342648
2578,-0.516444,0.331391,-0.111596,0.585022,0.714588,0.794252,-0.299623,0.293277,0.089684,0,0.208950,0.415097
2579,-0.165256,0.170233,0.985922,0.008905,0.438527,1.429434,-0.185391,-0.297228,-0.298017,0,0.231903,0.442101
2580,0.652564,2.749099,4.972345,1.117802,2.996419,3.733954,1.044538,-1.281297,-1.648823,1,1.592956,2.244093
2581,0.097237,0.188622,0.262340,-0.033601,0.267437,0.493123,-0.390843,-0.217692,-0.178175,0,0.054272,0.236563
2582,-0.548873,1.696411,1.097030,2.043045,2.963224,2.220574,0.857332,0.350487,0.606852,0,1.254009,1.375981
2583,-0.173863,0.747488,-0.013547,-0.758037,0.046452,0.217166,-0.311406,1.129885,-1.295347,0,-0.045690,0.521466
2584,-0.761083,0.044318,-0.118910,-0.123692,0.344371,-0.337754,-0.313905,-0.299160,-0.289068,0,-0.206098,0.292473
2585,-0.236779,0.140947,-0.352387,-0.054970,-0.257390,-0.005213,-0.123946,-0.127313,-0.116599,0,-0.125961,0.157283
2586,-0.732903,0.628454,0.539331,0.252395,-0.024835,-0.529278,-0.107685,-0.836926,-0.413630,0,-0.136120,0.451715
2587,-0.752610,0.899229,-0.714132,2.068007,0.535832,-0.864641,0.106852,-1.063369,0.488969,0,0.078237,0.832627
2588,-0.262543,-0.356694,-0.091950,0.100798,-0.218816,-0.247459,-0.330552,-0.372237,-0.289450,0,-0.229878,0.252278
2590,-0.965385,0.707469,0.759094,2.080834,0.815347,0.880884,-1.448883,-0.649815,-0.255737,0,0.213757,0.951494
2594,-0.966733,1.363290,0.121817,1.159128,2.806595,0.574366,-0.315893,-0.034450,0.596360,0,0.589387,0.882070
2600,0.058503,0.234340,0.257938,1.062773,1.048432,0.057591,1.026050,-0.244680,-0.727822,0,0.308125,0.524237
2601,-0.082049,-0.151324,-0.098622,-0.336068,0.040571,-0.089231,-0.091702,-0.005145,-0.067430,0,-0.097889,0.106905
2602,-0.101166,1.892645,2.118481,1.388586,4.123320,3.066464,5.944156,0.653921,-3.198023,1,1.765376,2.498529
2603,-0.235653,1.503214,-0.341616,0.784865,0.751570,1.463677,0.774952,-0.520277,1.258215,0,0.604328,0.848226
2604,-0.380262,-0.014547,1.664911,5.947322,-3.571160,0.329582,3.643188,-1.237496,-0.409024,0,0.663613,1.910832
2605,-0.429196,1.063097,0.333952,1.144408,-0.226376,1.727986,2.332050,-0.410264,-1.548163,0,0.443055,1.023944
2606,-0.039924,-0.100277,0.468862,0.319564,0.692528,0.353652,1.721425,-0.185489,-1.022083,0,0.245362,0.544867
2607,-1.055953,0.801793,0.803401,0.700851,1.785286,0.885872,4.981656,0.699685,-1.817813,0,0.864975,1.503590
2609,0.269221,-0.324576,0.702296,1.102582,-1.126066,1.071607,-0.776371,0.284541,0.284927,0,0.165351,0.660243
2611,0.464176,4.189406,5.369893,3.763160,6.993270,11.235279,10.271588,-1.246075,0.873368,1,4.657118,4.934024
2612,-0.326612,0.011514,0.290242,1.023017,0.946213,-0.079544,1.006912,-0.994955,0.090145,0,0.218548,0.529906
2614,-0.346156,1.911396,1.200579,0.567369,3.778533,1.314040,4.249972,-0.211641,-1.988665,0,1.163936,1.729817
2615,-0.649609,4.804475,3.753000,5.568243,11.011020,8.281289,11.667272,-4.295348,-1.747880,1,4.265829,5.753126
2616,-0.070011,-0.183677,0.001491,-0.254679,-0.108487,-0.108487,-0.107794,-0.033484,-0.252578,0,-0.124189,0.124521
2617,0.079089,1.607486,2.855393,2.087292,4.973541,3.018753,9.760309,-0.113792,-3.830233,1,2.270871,3.147321
2618,-0.257306,0.268934,-0.435261,0.276024,0.177236,0.548442,-0.520438,-0.326805,-0.507565,0,-0.086304,0.368668
2619,-0.234369,0.522324,1.207168,0.205297,3.112268,0.426475,0.173397,0.382916,-1.480755,0,0.479413,0.860552
2620,1.591032,2.780153,3.520424,5.022973,12.222329,1.193799,-0.326421,8.632727,6.442402,1,4.564380,4.636918
2621,-0.246781,1.251090,0.347191,0.403384,1.865060,0.714805,-0.796927,0.440085,-0.149319,0,0.425399,0.690516
2622,0.004477,0.102167,1.545042,-0.078210,0.462812,0.950163,0.263227,0.918873,-1.425391,0,0.304795,0.638929
2623,-0.253825,-0.028336,0.263422,-0.361724,-0.203753,-0.012768,-0.034798,-0.229014,-0.205257,0,-0.118450,0.176989
2624,-0.109439,-0.109439,-0.109439,-0.080839,-0.193711,-0.138147,-0.274680,-0.004444,-0.290436,0,-0.145619,0.145619
2625,-0.114979,-0.114979,-0.093352,-0.270277,-0.105537,-0.022204,-0.221631,-0.118268,-0.118268,0,-0.131055,0.131055
2626,-0.067294,-0.141536,-0.086414,-0.148121,0.211499,0.091527,-0.056075,-0.327465,0.002548,0,-0.057926,0.125831
2627,-0.055824,-0.096038,0.491909,1.639361,1.996873,-0.316675,0.763533,0.089566,0.062608,0,0.508368,0.612487
2628,-0.625057,0.221291,0.583901,0.099017,0.093326,0.288587,-0.306508,-0.611786,0.149341,0,-0.011988,0.330979
2629,-0.367796,-0.182465,0.140008,0.149485,0.015387,0.070499,-0.316864,-0.183892,-0.443577,0,-0.124357,0.207775
2630,-0.240762,0.740812,1.833440,-0.391286,0.388516,0.422033,-0.514869,-0.503018,0.415475,0,0.238927,0.605579
2631,-0.272203,-0.236594,0.026255,-0.272262,-0.101144,0.292784,-0.303129,-0.495366,-0.058269,0,-0.157770,0.228668
2632,-0.414812,-0.337096,0.739151,-0.423187,1.078397,-0.620730,-0.326527,-0.895116,-0.467570,0,-0.185277,0.589176
2633,-0.336092,-0.152525,-0.122337,-0.028990,0.182225,-0.292924,-0.233511,-0.201224,-0.012703,0,-0.133120,0.173615
2640,-0.369371,4.412174,3.785616,4.796562,10.474968,8.433578,-4.905592,4.970188,2.874877,1,3.830333,5.002547
2641,0.021908,0.235674,1.475895,1.873991,4.013319,-2.451387,0.583830,-0.364825,0.054520,0,0.604770,1.230594
2642,-0.770512,0.933732,0.155358,0.671988,1.587962,0.420033,-0.994847,0.632320,-1.130826,0,0.167246,0.810842
2643,-0.722975,-0.548481,-0.368547,0.596862,0.517111,-0.279524,0.112182,-0.278327,0.038577,0,-0.103680,0.384732
2644,-0.218606,-0.336451,-0.185701,-0.250930,0.766073,0.894265,-0.780596,-0.406625,-0.078790,0,-0.066373,0.435337
2645,-0.227824,-0.361202,0.166556,-0.033948,-0.226741,0.361565,-0.670469,-0.443324,0.251896,0,-0.131499,0.304836
2646,-1.382631,0.847866,0.790535,-0.253273,1.961904,-0.200739,-0.124669,-0.561903,-0.074368,0,0.111414,0.688654
2647,-0.848897,-0.442521,0.293759,0.582746,0.599345,0.185764,-0.142375,0.298467,-0.652189,0,-0.013989,0.449563
2648,-0.332251,-0.392898,1.417457,0.175663,-0.488767,0.493962,0.325083,-0.615120,0.877434,0,0.162285,0.568737
2649,-0.114979,-0.114979,-0.114979,-0.114979,-0.057162,-0.125589,-0.201253,-0.240269,-0.112764,0,-0.132995,0.132995
2650,0.401442,2.655546,6.848297,14.707058,9.341789,4.852650,-0.485556,6.235191,1.447751,1,5.111574,5.219476
2651,-0.173429,0.778743,-0.023055,0.285439,0.681571,-0.106490,-0.132299,-0.410810,1.538405,0,0.270897,0.458916
2652,-0.005574,0.430737,0.297892,1.310126,-0.256011,0.945627,0.332824,-1.045105,0.652747,0,0.295918,0.586294
2653,0.469388,-0.934927,0.087574,0.309657,0.143239,0.029315,0.288677,-0.198799,-0.969471,0,-0.086150,0.381227
2655,-0.741262,-0.378386,-0.257626,0.619527,0.431609,-0.566444,-0.302866,-0.202141,-0.192294,0,-0.176654,0.410239
2656,-0.321673,-0.566854,0.006387,0.305619,0.008252,0.513365,-0.638644,-0.459293,-0.043687,0,-0.132948,0.318197
2658,-0.011937,-0.447066,0.171975,-0.154970,0.984779,-1.092234,0.283321,-0.945040,-0.026356,0,-0.137503,0.457520
2659,-0.658030,-0.303411,-0.187163,0.011824,-0.452248,-0.273615,-0.522456,-0.258669,0.162831,0,-0.275660,0.314472
2660,0.360710,-0.240652,0.112626,-0.416765,0.668713,-0.711844,-1.070060,0.006857,0.111465,0,-0.130995,0.411077
2661,-0.048119,-0.048119,-0.048119,-0.048119,-0.048119,0.035214,-0.122836,-0.075849,-0.089293,0,-0.054818,0.062643
2663,-1.100184,0.057298,0.212993,0.614192,-0.198708,-0.314430,-0.476659,-0.492420,0.689294,0,-0.112069,0.461798
2665,-0.786792,0.222146,-0.026904,0.417391,-0.284973,0.768141,-0.405733,-0.068681,0.191706,0,0.002922,0.352496
2666,-0.224368,0.918319,-0.790304,1.887369,3.320958,0.057525,-0.737786,0.674474,-0.427581,0,0.519845,1.004298
2668,-0.403857,-0.101777,0.014472,0.311907,-0.513583,0.021718,-0.246062,0.079039,0.047792,0,-0.087817,0.193356
2669,-0.139785,-0.517078,-0.711520,0.473432,-0.033686,0.382610,-0.119658,-1.152438,-0.031199,0,-0.205480,0.395712
2671,-0.867879,0.181037,0.150119,0.952204,-0.165012,0.265085,-1.047250,-0.909241,-0.524324,0,-0.218362,0.562461
2672,-0.580880,-0.625444,0.665085,-0.781176,0.079611,1.068544,-1.018042,-0.363904,1.679661,0,0.013717,0.762483
2675,-0.353281,-0.147746,0.458640,-0.640441,0.688363,-0.294753,-0.206870,-0.796764,-0.368741,0,-0.184622,0.439511
2678,-0.048119,-0.048119,-0.048119,-0.048119,0.006402,-0.116516,-0.075849,-0.075849,-0.075849,0,-0.058904,0.060327
2680,-0.080350,1.434952,1.417632,16.706562,-3.286922,1.530330,0.199102,1.987665,0.779671,1,2.298738,3.047021
2681,-0.120175,-0.162940,-0.349053,0.185231,0.252446,-0.137262,-0.425350,-0.425602,-0.779210,0,-0.217991,0.315252
2700,-1.331363,-0.406478,0.372163,3.426180,-0.700052,-0.843350,0.129895,0.813140,-1.157868,0,0.033585,1.020054
2701,-0.858599,0.364495,0.817811,0.181155,-0.419084,-0.474204,-0.180578,0.628467,-0.087991,0,-0.003170,0.445820
2702,-0.157719,-0.099783,0.167249,-0.528742,-0.428087,0.713056,-0.735178,-0.121227,-0.247566,0,-0.159777,0.355401
2703,-0.005447,-0.554702,-0.159204,0.710206,-0.634714,-0.244695,-0.194485,-0.320360,-0.473180,0,-0.208509,0.366332
2705,0.620724,-0.436933,2.370800,8.622473,-4.599346,0.233400,-0.544706,0.640610,-0.135379,0,0.752405,2.022708
2706,-0.248563,-0.213894,-0.417006,-0.165999,0.172742,-0.450339,-0.173836,-0.290384,-0.047167,0,-0.203827,0.242214
2707,-0.341995,-0.252111,0.053010,-0.247555,0.002919,-0.328288,-0.615534,0.026078,-0.609161,0,-0.256959,0.275183
2710,0.126297,-0.621726,1.898787,4.012470,2.550923,-1.477563,-0.670783,0.886348,-0.484156,0,0.691178,1.414339
2711,-0.612590,-0.457906,3.101146,-0.624855,-0.113097,-0.133002,-0.111306,2.081251,-2.624910,0,0.056081,1.095563
2712,-0.391434,-0.565025,0.768393,-0.296953,-0.651856,1.636195,-1.492843,-0.093242,-0.767661,0,-0.206047,0.740400
2713,-0.032763,-0.298411,-0.080111,0.059105,0.047863,-0.059572,-0.597528,0.135939,0.043206,0,-0.086919,0.150500
2714,-0.684791,-0.277066,0.797025,-1.086244,0.762318,-0.837326,-1.159904,-0.557722,0.353314,0,-0.298933,0.723968
2715,-0.730614,-1.382103,-0.206722,0.681932,-1.106496,0.360884,-0.408507,0.423200,-0.799504,0,-0.351992,0.677773
2716,-0.150913,-0.163592,-0.252823,0.078254,-0.157018,0.879062,-1.138213,-0.545655,-0.416678,0,-0.207508,0.420245
2717,-0.677464,-0.473731,0.648090,-0.305070,-0.417837,1.210199,-0.299946,-1.052642,-0.116371,0,-0.164975,0.577928
2720,0.206892,2.428591,-1.275598,2.073522,1.341081,0.636601,-0.347322,-0.370341,-0.810199,0,0.431470,1.054461
2721,-0.370867,-0.093733,-0.346493,-0.078088,-0.069487,-0.212780,0.149268,-0.402058,0.197082,0,-0.136351,0.213318
2722,0.279486,-0.183577,-0.004985,0.359245,0.707625,0.904130,-0.595010,-0.434535,-0.797995,0,0.026043,0.474065
2725,-0.340263,-0.252853,-0.185366,-0.189709,0.255706,-0.149585,-0.087137,-0.315575,-0.020844,0,-0.142847,0.199671
2726,-0.255002,-0.071189,0.248523,-0.503426,0.165912,-0.622809,-0.253098,-0.240944,-0.332642,0,-0.207186,0.299283
2727,-0.410080,0.190133,-0.003050,-0.441548,-0.284489,-0.027225,-0.175599,-0.300752,-0.387348,0,-0.204440,0.246692
2729,0.135803,1.354289,-0.536464,0.344307,0.331600,-0.084054,-0.540975,-0.978214,-1.050778,0,-0.113832,0.595165
2730,-0.588428,0.658454,-0.462838,-0.079406,0.418180,-0.054672,-0.186508,-0.703900,-0.452434,0,-0.161283,0.400536
2731,-0.875738,0.652983,-0.498394,3.659316,0.587685,0.540280,0.018102,0.526610,0.447703,0,0.562061,0.867424
2732,-0.318949,-0.022479,-0.140579,-0.498188,-0.220325,-0.639071,-0.987520,0.469965,0.409858,0,-0.216365,0.411881
2733,-0.160558,-0.426240,-0.099374,-0.014306,0.434990,-0.610603,0.384183,-0.614955,-0.213108,0,-0.146663,0.328702
2734,-0.271186,-0.205183,0.055023,0.008100,-0.119172,0.348418,-0.493035,-0.085661,0.119521,0,-0.071464,0.189478
2735,-0.254327,-0.217681,-0.144394,-0.228459,-0.469881,-0.146177,-0.221612,-0.247791,-0.475987,0,-0.267368,0.267368
2736,0.071558,-0.552353,-0.353387,-0.120781,-0.329371,-0.112651,-0.206061,0.212993,-0.667612,0,-0.228629,0.291863
2737,0.101460,-0.026196,-0.253468,-0.010961,0.435242,-0.444414,0.028971,-0.057967,-0.360914,0,-0.065361,0.191066
2738,0.456096,-0.051795,0.529631,0.480399,1.591172,-0.384559,0.755501,-0.308972,0.113325,0,0.353422,0.519050
2739,-0.174522,0.168248,0.283676,-0.536949,0.009678,-0.038148,0.222102,-0.676312,0.204986,0,-0.059693,0.257180
2745,0.009459,1.826767,1.381221,6.017409,5.492840,-0.822060,1.385319,2.933707,-1.377703,1,1.871884,2.360721
2747,2.966417,2.744553,7.464163,12.768871,8.822551,-6.251697,2.901018,3.713661,0.328260,1,3.939755,5.329021
2748,-0.275288,-0.677564,0.160059,0.490488,0.103195,-0.185916,-0.367532,-0.458007,-0.353202,0,-0.173752,0.341250
2749,0.208778,1.161397,1.480812,1.746259,3.871763,-0.667627,0.627224,2.345514,-0.833616,0,1.104500,1.438110
2750,0.072433,3.441337,1.949068,4.794345,6.178644,0.094348,3.366438,2.716011,-0.055885,1,2.506304,2.518723
2751,-0.127339,-0.272403,-0.146143,-0.102512,-0.102512,-0.102512,-0.102512,-0.005292,-0.609878,0,-0.174567,0.174567
2752,-0.469714,-0.396656,1.024028,0.756116,1.899374,0.482324,2.424078,1.797618,-0.652459,0,0.762745,1.100263
2753,-0.137023,1.128846,0.468317,0.853314,2.938813,-1.194939,1.564378,3.365273,-1.165034,0,0.869105,1.423993
2754,0.378974,0.772974,0.555257,1.538521,2.314181,0.741227,1.413947,1.151235,-0.255335,0,0.956776,1.013517
2756,0.122575,2.276675,5.421258,3.010849,3.427557,0.770867,2.224532,3.206212,-0.879007,1,2.175724,2.371059
2757,0.054943,-0.074099,-0.009820,0.153733,-0.195892,0.118014,-0.130130,0.183653,-0.259805,0,-0.017711,0.131121
2758,0.201632,0.184068,0.796427,0.579938,1.637551,0.361122,0.782868,1.793835,-1.506814,0,0.536736,0.871584
2759,0.784188,0.290476,2.545510,3.568791,5.182814,-0.187488,2.810598,3.091980,-0.169505,1,1.990818,2.070150
2760,1.302324,-0.126029,1.270412,2.812499,6.043729,3.258974,0.239563,5.542651,-1.485988,1,2.095348,2.453574
2761,0.875330,-0.499897,4.011682,5.223029,10.750566,-0.476715,0.304014,3.651061,-1.570616,1,2.474273,3.040323
2762,1.607888,1.854080,2.726526,8.645567,9.420230,-0.365795,-1.016989,5.413443,1.992774,1,3.364191,3.671477
2763,0.429510,-0.711939,1.929618,6.076948,8.305752,1.375142,3.572210,7.822031,-1.053539,1,3.082859,3.475188
2765,0.610367,1.585489,7.426013,18.361563,22.597096,8.415067,9.651592,20.161612,13.841590,1,11.405599,11.405599
2766,-0.045148,-0.469922,1.066714,1.387105,4.154415,1.069672,-0.421970,0.997771,0.151110,0,0.876639,1.084870
2767,-2.631005,-0.402823,2.487651,1.712290,4.468556,-4.663744,-0.206600,3.256882,-1.142804,0,0.319823,2.330262
2768,-0.058835,0.167925,1.263472,5.995321,11.290720,-0.872969,-0.627341,3.201864,0.610586,1,2.330082,2.676559
2769,1.682543,0.130591,1.745958,4.217983,8.755779,-1.047286,-1.695616,5.037430,-2.004243,1,1.869238,2.924159
2770,-0.428321,1.216074,0.882336,5.497399,6.943034,10.840323,-0.646762,4.241120,7.203532,1,3.972082,4.210989
2773,-1.004941,0.386040,0.341451,0.887098,0.596034,0.264198,0.458648,0.860822,-0.513014,0,0.252926,0.590250
2774,-1.401162,1.354509,-0.271403,0.430515,2.123456,0.684027,1.282072,1.624067,-0.928827,0,0.544139,1.122226
2775,0.074753,-0.487052,-0.030714,-0.299242,0.259917,-0.172348,0.189987,0.069545,-0.708410,0,-0.122618,0.254663
2776,-0.797864,-0.296117,-0.339856,0.247337,0.622525,-0.302774,0.343766,-0.196693,-0.664469,0,-0.153794,0.423489
2777,0.294440,0.762674,-0.304256,-0.008639,3.093178,1.698088,0.468417,1.919572,0.511038,0,0.937168,1.006700
2778,-0.464760,-0.353484,-0.417644,0.475181,0.439945,-0.606491,0.163918,-0.189329,-0.488349,0,-0.160113,0.399900
2779,-1.015639,-0.195617,-0.684823,0.402676,-0.111895,0.958105,0.049434,0.134010,-0.728492,0,-0.132471,0.475632
2780,-0.156698,1.322451,0.201999,0.172118,2.411748,0.076628,0.539954,0.801768,0.398720,0,0.640965,0.675787
2782,-0.349990,0.188587,-0.418282,1.620809,0.930246,-0.449892,1.369358,-0.312375,-0.544660,0,0.225978,0.687133
2783,-0.507188,0.138385,-0.563150,-0.458326,0.168023,0.098152,-0.189392,-0.063990,-0.146897,0,-0.169376,0.259278
2784,-0.291937,-0.265388,0.098934,-0.010376,-0.162427,-0.412663,0.352723,-0.242050,-0.521035,0,-0.161580,0.261948
2785,-0.101992,-0.022712,0.256170,0.587010,0.769915,0.619947,0.444147,-0.262022,0.169566,0,0.273337,0.359276
2786,-0.160721,-0.032387,-0.121336,0.003367,0.089775,0.039051,-0.178425,-0.573372,0.181341,0,-0.083634,0.153308
2787,-0.133441,0.467788,0.024597,-0.292224,1.179810,0.388299,-0.053350,0.339136,0.207842,0,0.236495,0.342943
2790,-0.759092,1.173598,0.049004,5.398474,2.339365,-0.657465,-0.702518,2.674402,-1.710109,0,0.867295,1.718225
2791,-0.177288,-0.057155,-0.001775,-0.402064,-0.192533,-0.007115,0.027370,-0.384722,-0.133864,0,-0.147683,0.153765
2792,-0.281845,-0.160183,-0.122171,-0.276069,-0.144787,-0.342953,-0.087788,-0.174808,0.018949,0,-0.174628,0.178839
2793,-0.265320,-0.124755,0.364827,-0.093159,-0.090586,0.001326,-0.384786,-0.374002,0.272210,0,-0.077138,0.218997
2794,-0.581238,2.751094,-0.432191,3.364831,2.404211,-2.614466,-0.526768,0.100832,-0.248113,0,0.468688,1.447083
2795,0.316578,3.721584,6.308844,9.601761,7.126437,5.923860,-3.207455,3.637264,-2.463143,1,3.440637,4.700769
2797,-0.795465,-0.303679,0.401710,-0.308698,-0.231558,-0.197260,0.154114,-0.305876,-0.271524,0,-0.206471,0.329987
2798,-0.758733,-0.190582,0.482265,0.508190,0.791729,-0.713786,-0.588370,-0.026291,-0.612138,0,-0.123079,0.519120
2799,-0.558312,0.309802,0.508134,0.220369,0.701920,0.840229,0.076654,-0.859996,-0.364124,0,0.097186,0.493282
2800,-1.226589,3.419581,6.099829,13.011644,7.292642,15.160206,-8.540571,0.573808,1.245780,1,4.115148,6.285628
2803,-0.565309,0.076159,0.366879,-0.355968,-0.355122,-0.053403,-0.207734,-0.230224,-0.201646,0,-0.169596,0.268049
2804,-0.917687,0.670172,0.116773,0.049906,0.675564,0.451979,-0.694733,-1.038452,-0.756427,0,-0.160323,0.596855
2805,-0.242197,-0.168353,-0.177730,-0.066577,-0.184217,-0.233274,0.135484,-0.340045,-0.280605,0,-0.173057,0.203165
2806,-0.378323,-0.160288,0.694573,-0.573956,-0.150155,-0.015629,-0.284847,-0.594947,-0.157517,0,-0.180121,0.334470
2807,-0.481845,-0.478245,-0.093800,0.037343,-0.201942,0.293283,-0.384364,-0.165972,-0.463044,0,-0.215399,0.288871
2808,-0.102190,-0.178499,-0.000329,0.112063,-0.159009,-0.076569,-0.185209,-0.355320,0.014625,0,-0.103382,0.131535
2809,-0.183981,-0.048305,0.105363,-0.245698,-0.008922,-0.178794,-0.001905,-0.392766,-0.348160,0,-0.144797,0.168211
2810,-1.150641,0.141540,0.520952,1.405603,0.704167,-0.920349,0.003205,-1.038464,0.657126,0,0.035904,0.726894
2817,-0.385564,-0.214716,-0.359116,0.001568,-0.277592,0.245914,-0.230141,-0.429657,-0.268636,0,-0.213104,0.268101
2818,0.036249,0.048439,-0.010098,0.285802,-0.652040,0.410091,-0.260716,0.099059,-0.601755,0,-0.071663,0.267139
2820,-0.670431,0.475499,-0.131093,5.489302,-2.136616,4.792465,-2.923444,0.458479,0.205973,0,0.617793,1.920367
2821,2.209411,-0.373473,1.654764,-0.010899,-0.721763,-0.446267,0.143320,-0.493739,-1.061387,0,0.099996,0.790558
2822,-0.361319,-0.069041,-0.432972,0.087577,-0.228207,0.339171,-0.483163,-0.165532,-0.205934,0,-0.168825,0.263657
2823,-0.591357,0.639718,0.306804,-0.692600,0.504565,0.590551,-1.063872,-0.291346,-1.223250,0,-0.202310,0.656007
2824,0.043999,0.704658,2.119291,-1.298938,-1.189098,-0.139106,0.165051,-0.701841,-0.674725,0,-0.107857,0.781856
2825,-0.480696,0.331329,2.914004,-1.366642,-0.467594,-1.136953,-1.148183,0.152634,-0.092735,0,-0.143871,0.898974
2826,0.074584,-0.519952,0.245773,-0.306635,-0.249766,-0.228177,-0.099010,-0.348645,-0.254363,0,-0.187355,0.258545
2827,0.443431,0.691539,0.319854,0.836784,0.074479,-1.050047,-0.924154,0.437148,-1.066448,0,-0.026379,0.649320
2828,0.469327,-0.815900,-0.120105,-0.718969,0.488509,-0.461580,-0.349901,-0.905726,-0.591140,0,-0.333943,0.546795
2829,0.766649,-0.532983,2.942038,-1.268106,-1.074430,3.045815,-0.203919,-1.091851,-0.783193,0,0.200002,1.300998
2830,4.518842,2.021850,5.615728,22.815369,2.058605,-0.835485,-2.180268,6.180883,-1.847107,1,4.260935,5.341571
2831,0.717543,-1.338078,-0.126547,0.462070,-0.765195,-0.922436,-0.386539,-1.109771,-0.256875,0,-0.413981,0.676117
2832,0.125151,5.912184,-2.543769,-0.974204,-0.506988,1.974727,-1.417550,1.165349,-1.851368,0,0.209281,1.830143
2833,-0.659377,-0.313343,0.058137,-0.883559,0.729350,-1.043877,0.205281,-1.025914,-0.868668,0,-0.422441,0.643056
2834,-0.657144,-0.420752,0.784695,-0.715903,0.652636,1.214409,-1.267883,-0.259641,-1.149287,0,-0.202097,0.791372
2835,-0.259490,3.548948,-1.150539,-0.180172,0.335042,0.517155,0.677239,-1.002366,-2.079979,0,0.045093,1.083436
2836,-0.054077,-0.082701,-0.826746,-0.366115,-0.476124,0.358835,-0.883937,-0.247858,-1.104970,0,-0.409299,0.489040
2838,-0.383079,-0.430379,-0.121557,-0.134147,-0.112383,-0.194753,0.282851,-0.378789,-0.412395,0,-0.209403,0.272259
2839,-0.345036,0.174622,1.003476,-1.043990,2.945622,-2.666963,-1.017886,-0.989189,-0.778608,0,-0.301995,1.218377
2840,-0.316397,1.114447,-0.571835,-0.689235,2.292184,-1.032359,-1.133341,-0.511065,-0.750083,0,-0.177521,0.934550
2842,-0.227752,-0.457741,-0.110184,0.139300,-0.640711,0.509391,-0.192102,-0.304913,-0.447783,0,-0.192499,0.336653
2843,-0.914815,0.181742,-0.651066,-0.135395,0.155451,-1.151780,1.680587,-1.459554,-0.557295,0,-0.316903,0.765298
2844,0.197045,0.762905,-0.147142,0.588025,-0.286426,0.019946,-0.641644,-0.234560,-0.978432,0,-0.080031,0.428458
2845,-0.627865,-0.528844,-0.398753,1.023434,-0.654258,0.617049,-0.214680,-0.759332,-0.620956,0,-0.240467,0.605019
2846,-0.283180,-0.174883,-0.220457,-0.281095,-0.119174,-0.023195,-0.192852,-0.220227,-0.444232,0,-0.217700,0.217700
2847,-0.284491,0.241702,-0.144078,0.583116,-0.646331,-0.378058,0.258668,-0.449833,-0.217848,0,-0.115239,0.356014
2848,-0.245719,0.474301,-0.371158,0.333095,0.189092,-0.541700,0.161010,-0.372881,-0.494998,0,-0.096551,0.353773
2849,0.235310,0.583394,-0.131614,0.710966,-0.333630,-0.006518,-0.878074,-0.337821,-0.526470,0,-0.076051,0.415978
2850,0.207179,1.346937,3.852340,5.374411,3.450688,5.364140,-0.436230,1.961869,0.238152,1,2.373276,2.470216
2852,-0.107452,-0.423624,0.728832,0.463683,1.672362,-0.481555,-0.231567,-0.479622,-0.900441,0,0.026735,0.609904
2864,-1.025463,-0.453328,0.139099,-0.707400,-0.040493,0.277648,-0.553243,0.187845,-0.546556,0,-0.302432,0.436786
2865,-1.016775,-0.050684,0.511908,-0.572716,-0.259752,-0.192503,-0.904667,-0.621296,-0.307830,0,-0.379368,0.493126
2866,-0.499194,-0.069790,0.755966,0.308403,0.148086,0.299350,-0.083462,-0.690696,-0.360123,0,-0.021273,0.357230
2867,-0.353852,-0.447349,0.252760,-0.028584,-0.438352,-0.334648,-0.273330,-0.030800,-0.625896,0,-0.253339,0.309508
2868,-0.309501,-0.100747,-0.278862,0.259931,-0.339281,0.017999,-0.140941,-0.645314,0.061321,0,-0.163933,0.239322
2869,-0.187930,-0.623956,0.105022,-0.206823,-0.069780,-0.378354,0.102027,-1.466615,0.202683,0,-0.280414,0.371466
2870,-0.887716,1.019038,1.866058,1.863396,2.412176,-2.191095,-1.441643,-0.017264,-0.255684,0,0.263030,1.328230
2871,-1.129055,0.497623,0.036443,2.108164,0.263071,-2.180773,-0.908678,0.925483,-0.479686,0,-0.096379,0.947664
2873,0.223078,-0.260765,0.308259,-0.313898,-0.383354,-0.490517,-0.520058,0.177011,-0.833714,0,-0.232662,0.390073
2874,-0.619873,-0.208297,-0.215502,-0.329609,-0.177906,-0.181161,-0.143639,-0.580569,-0.456877,0,-0.323715,0.323715
2875,0.022766,-0.123903,0.020210,-0.145541,-0.323396,0.006148,-0.241805,-0.350205,-0.392232,0,-0.169773,0.180689
2876,-0.389151,-0.213306,0.285978,-0.394991,-0.140897,-0.255716,0.044847,-0.439187,0.004176,0,-0.166472,0.240917
2877,-0.312077,1.063885,2.538700,-1.419795,0.195433,0.870239,-1.313738,1.342031,-0.216364,0,0.305368,1.030251
2878,0.038264,-0.225529,-0.435619,-0.371971,0.087214,-0.522327,0.156707,-0.339283,-0.488699,0,-0.233472,0.296179
2879,0.784688,-1.108465,0.279635,-0.089806,0.119688,0.085763,-0.464072,-0.212387,-1.127903,0,-0.192540,0.474712
2880,0.155187,6.637858,4.146058,1.791104,2.919834,1.078386,3.335448,3.554656,-1.626547,1,2.443554,2.805009
2898,-0.330257,-0.363351,-0.287961,-0.287961,-0.287961,-0.204628,-0.324984,-0.338415,-0.287961,0,-0.301498,0.301498
2899,-0.099037,-0.211599,-0.109262,-0.472699,-0.291015,-0.051211,-0.639380,3.419582,-1.264204,0,0.031242,0.728665
2900,-0.158776,0.252573,0.022856,-0.099915,1.041131,1.362186,-0.737712,0.435954,-1.138614,0,0.108854,0.583302
2901,-0.075849,-0.075849,-0.075849,-0.075849,-0.075849,-0.075849,-0.075849,-0.075849,-0.075849,0,-0.075849,0.075849
2902,-0.790202,1.207325,0.941894,1.830920,2.237982,2.367284,5.126173,2.202689,-3.749732,0,1.263815,2.272689
2903,-0.611570,0.594602,0.872933,0.644137,1.603052,1.449390,2.449518,-0.231137,-2.256893,0,0.501559,1.190359
2904,-0.842314,0.489897,1.170799,0.824115,2.054605,11.681812,-1.194793,-1.026515,-1.548062,0,1.289949,2.314768
2905,-0.106616,2.574943,2.108931,4.488646,4.624348,5.017172,11.613715,-2.569589,-3.018774,1,2.748086,4.013637
2906,-0.893664,1.352499,1.311721,2.969248,3.561608,1.570075,6.510915,-2.112003,-1.697402,0,1.397000,2.442126
2911,0.212751,0.008964,0.780449,1.085549,1.565179,0.386950,1.826737,-0.373816,-1.088467,0,0.489366,0.814318
2912,-0.501671,-0.292962,0.560808,0.146607,1.562747,0.293562,0.474440,0.032499,1.278415,0,0.394938,0.571524
2913,-0.657176,3.175942,1.916612,3.649213,8.133155,10.229260,13.276115,-0.072355,-2.275473,1,4.152810,4.820589
2914,0.197758,3.099472,3.140003,3.413106,9.935474,3.198390,7.377521,-1.231207,-2.357961,1,2.974728,3.772321
3000,-0.248443,0.055573,-0.057332,-0.197283,-0.052211,0.244055,-0.387677,0.470073,-0.646200,0,-0.091049,0.262094
3002,-0.280257,0.010035,0.089659,-0.008642,-0.221455,-0.211369,-0.206175,-0.066977,-0.156845,0,-0.116892,0.139046
3003,-0.194251,-0.049030,-0.028868,-0.190557,0.068298,-0.020307,-0.179166,-0.368529,-0.549601,0,-0.168001,0.183179
3004,-0.172850,-0.183003,-0.079957,-0.279741,-0.067501,-0.172321,-0.163948,0.139947,-0.430927,0,-0.156700,0.187799
3006,0.013020,-0.160830,-0.262532,-0.025602,0.054865,-0.237921,-0.104433,-0.236076,-0.264847,0,-0.136039,0.151125
3008,-0.239934,-0.306164,-0.299419,-0.157263,-0.479374,-0.024716,-0.422496,-0.493181,-0.208160,0,-0.292301,0.292301
3011,-0.311407,-0.232375,0.348032,0.931523,0.021801,1.266546,-0.311538,0.472354,-0.099511,0,0.231714,0.443899
3012,-0.959134,-0.046138,1.967174,0.437759,0.813838,2.171349,0.145222,0.729072,-0.073695,0,0.576161,0.815931
3013,-0.660817,0.108388,0.785380,-0.223313,1.015338,1.070785,0.464766,-0.492582,-0.359293,0,0.189850,0.575629
3015,0.239388,0.875527,-0.883563,0.457892,1.509681,0.269012,0.623105,1.394013,0.188126,0,0.519242,0.715590
3016,0.054018,1.316271,0.052135,0.729848,-0.435366,1.323104,-0.254585,2.058189,0.031338,0,0.541661,0.694984
3018,0.016819,-0.417202,1.026770,-0.151112,0.139033,0.940509,0.217206,1.047258,-0.575645,0,0.249293,0.503506
3019,-0.375019,-0.271106,0.010516,-0.093414,0.785582,0.622947,-0.643241,0.116519,-0.095093,0,0.006410,0.334826
3020,-0.821250,-0.061290,4.321822,1.294377,3.125727,4.924790,-0.170286,0.552908,0.908762,0,1.563951,1.797912
3021,-0.377522,0.061598,5.416513,1.639339,6.613740,2.523957,-2.376507,1.982938,2.639761,1,2.013757,2.625764
3022,-0.355993,-0.547707,0.294013,-0.427548,-0.211830,0.247662,-0.448467,-0.449581,-0.057679,0,-0.217459,0.337831
3023,-2.276899,0.957522,6.463520,4.294387,15.673606,-3.003091,-2.198978,3.549402,3.910208,1,3.041075,4.703068
3024,-1.562250,1.217976,6.886923,11.218329,12.413596,-0.709846,-4.051120,5.405907,5.334003,1,4.017057,5.422217
3025,0.066309,-0.556850,0.791682,0.081603,1.392960,0.818908,3.088641,3.889437,0.083315,0,1.072889,1.196634
3026,-0.308698,0.319922,2.022236,-1.506653,0.852210,1.496166,-0.829229,0.527833,0.582618,0,0.350712,0.938396
3027,0.027432,0.021399,1.368133,1.716710,2.040766,0.263940,-1.419943,-0.100453,0.670289,0,0.509808,0.847674
3028,-0.029004,0.703651,1.575749,-0.211514,2.575277,2.581758,-1.797997,0.842122,0.936371,0,0.797379,1.250383
3029,-3.391026,3.969961,31.565581,40.516884,38.413790,57.229593,-3.172956,26.202417,26.206081,1,24.171147,25.629810
3030,-1.351749,4.657565,16.591360,10.067061,14.324189,-2.833886,2.094038,6.384203,6.868940,1,6.311302,7.241444
3031,-0.659659,-0.072630,-0.040563,0.401629,-0.085672,0.806632,-0.277352,1.253135,-0.839027,0,0.054055,0.492922
3032,0.682609,-0.342357,2.196916,-0.149710,0.346295,1.642641,-0.541563,1.180754,-0.858990,0,0.461844,0.882426
3033,0.303314,-1.188948,0.081659,0.382314,1.097172,0.072378,-0.242255,0.284879,0.225810,0,0.112925,0.430970
3034,-0.185672,-1.211370,0.001782,0.428898,0.086595,1.123529,-0.846215,0.268934,-0.261232,0,-0.066083,0.490469
3036,0.141548,-0.176887,0.827981,-0.539995,0.248756,-0.048601,0.033233,-0.353271,-0.298789,0,-0.018447,0.296563
3037,-1.164672,-0.207298,3.640044,3.366904,8.825564,1.161605,-2.777239,2.055313,4.900778,1,2.200111,3.122157
3038,-0.674678,-0.105400,3.607664,1.045426,1.981273,2.216970,-1.781057,1.214006,-0.631282,0,0.763658,1.473084
3039,0.152953,-0.102519,-0.788870,-0.278883,0.568992,0.743862,-0.004285,-0.106890,-0.123141,0,0.006802,0.318933
3040,1.000197,-1.394951,0.762882,0.002328,1.554308,-0.151782,0.299126,0.829459,-1.075600,0,0.202885,0.785626
3041,-0.209365,-0.677762,0.442212,0.711553,0.021574,0.798552,-1.073903,0.921382,-0.072239,0,0.095778,0.547616
3042,-0.760752,-0.177328,1.049966,-0.008170,1.310230,0.631067,-0.150198,1.388958,-0.855769,0,0.269778,0.703604
3043,-0.348209,0.036465,0.508128,0.454931,1.512441,0.904523,0.030208,-1.126033,0.748877,0,0.302370,0.629979
3044,-1.423397,0.465273,1.145991,0.170991,4.079380,-0.472476,0.002867,0.142854,0.310400,0,0.491320,0.912625
3045,-0.217181,-0.105537,-0.105537,-0.105537,-0.063135,-0.055234,-0.323121,0.019511,-0.185044,0,-0.126757,0.131093
3046,-2.531928,1.402682,1.595547,0.146790,1.807833,1.461129,0.141639,0.172194,1.307758,0,0.611516,1.174167
3047,-0.542433,-0.757346,2.124886,0.967564,3.181750,0.521755,-0.536043,-0.561681,0.847081,0,0.582837,1.115615
3048,-1.446855,-0.434641,1.722112,0.321783,5.598639,0.295133,-1.612078,-0.480295,0.101580,0,0.451709,1.334791
3049,-0.823502,-0.359086,0.881395,0.217045,1.313721,0.407321,0.017116,-0.212303,-0.198808,0,0.138100,0.492255
3051,-0.159916,0.018193,-0.248791,0.507837,-0.813924,0.706442,-0.422635,0.119968,0.275593,0,-0.001915,0.363700
3052,-0.320223,0.034558,-0.045803,0.219342,-0.163429,-0.081307,-0.252199,-0.178346,-0.134969,0,-0.102486,0.158909
3053,-0.176247,-0.031689,0.339006,-0.140628,-0.314053,-0.410833,0.290437,-0.786113,-0.005548,0,-0.137296,0.277173
3054,-0.402205,0.295280,-0.116314,0.620701,-0.269907,0.522314,-0.498202,-0.247806,-0.529850,0,-0.069554,0.389175
3055,-1.369820,-0.665817,0.714416,-0.036279,0.167123,0.482882,-0.040861,0.241520,0.263818,0,-0.027002,0.442504
3056,-1.089875,0.559900,1.685292,0.552413,-0.119980,2.055598,0.399633,-0.818243,0.481146,0,0.411765,0.862453
3057,-0.858382,0.293331,0.588560,-0.456824,0.530193,-0.099202,0.316762,0.843879,-0.593829,0,0.062721,0.508996
3058,-1.661883,0.648050,3.319182,0.448241,3.143254,2.419589,0.702819,-0.192951,1.520334,0,1.149626,1.561812
3059,0.074337,0.362489,1.511936,1.210120,8.852384,3.986955,-2.150712,2.534117,0.419302,0,1.866770,2.344706
3060,-1.115853,-0.556133,1.484985,-0.004769,0.363641,1.022642,-0.526346,0.529718,-0.271778,0,0.102901,0.652874
3061,0.005848,0.566612,-0.141058,1.005324,0.489564,1.385310,0.007075,-0.012997,0.004021,0,0.367744,0.401979
3062,-0.186996,0.144451,-0.320369,-0.093234,-0.159344,0.401244,-0.312628,-0.205648,-0.382045,0,-0.123841,0.245107
3063,0.020209,-0.416409,-0.084230,0.062312,-0.193540,-0.013314,-0.461489,-0.349092,-0.139285,0,-0.174982,0.193320
3064,-1.684229,2.997801,21.609334,19.081435,48.666844,28.982881,0.113170,5.431303,15.597391,1,15.643992,16.018265
3065,-0.631139,0.070825,0.180950,0.671725,-0.481140,-0.489225,0.780271,-0.176781,-0.180154,0,-0.028296,0.406912
3066,0.151767,-0.473731,0.025760,0.163256,-0.365958,0.009888,0.234666,-0.095317,-0.730312,0,-0.119998,0.250073
3067,-0.268403,-0.143962,-0.371018,0.799230,-0.081940,-0.032611,-0.244345,0.175402,-0.153071,0,-0.035635,0.252220
3068,-0.912229,-0.042821,0.576535,1.251835,-0.040368,0.740916,1.067724,-0.334267,-0.445238,0,0.206898,0.601326
3070,0.677587,-0.878100,1.944646,2.447522,0.839599,1.055677,0.347569,2.670128,-1.472180,0,0.848050,1.370334
3071,0.483143,-0.657215,1.729487,0.490468,0.727160,0.474052,-0.366584,0.318172,-0.895470,0,0.255913,0.682417
3072,1.325951,-0.702792,3.873953,1.268106,0.567118,2.790980,0.548465,2.510699,-0.893089,0,1.254377,1.609017
3073,1.720046,-1.378604,6.521715,0.786869,3.173091,1.192872,1.283634,2.425929,-0.024327,1,1.744581,2.056343
3074,-0.436241,0.178805,1.406191,1.147685,1.858041,0.694101,0.395580,-0.426790,-0.711315,0,0.456229,0.806083
3075,-1.370907,0.704186,1.998612,0.409071,3.605399,0.561001,-1.153342,-0.209162,0.041630,0,0.509610,1.117034
3076,-0.680129,-0.095802,3.119065,2.482763,10.775804,-1.937727,-0.787902,1.071542,0.677410,0,1.625003,2.403127
3078,-0.212838,-0.619292,1.903983,1.103692,-1.096875,1.517616,0.114966,0.091805,-0.955179,0,0.205320,0.846249
3079,-0.665825,0.327147,0.316402,1.317685,1.071760,0.590447,0.257136,0.087503,-0.615321,0,0.298548,0.583247
3081,-0.353851,0.494402,0.664263,-0.101379,1.061175,-0.532178,0.566352,0.221677,-0.920933,0,0.122170,0.546246
3082,-1.630543,-0.096189,2.250469,2.497786,2.486527,-0.250753,-0.134934,0.621364,0.665304,0,0.712114,1.181541
3083,-0.070672,0.980682,1.715516,1.110283,3.236150,1.763670,-2.320251,0.991883,0.056421,0,0.829298,1.360614
3084,-1.403903,1.009911,1.012841,1.434506,1.059484,1.212933,0.288333,1.131919,0.183822,0,0.658872,0.970850
3085,-0.186501,0.125591,0.361873,0.537714,0.363421,0.808584,-0.422040,0.571752,0.330109,0,0.276722,0.411954
3087,0.180846,-0.495092,-0.090628,0.527717,0.418127,0.741676,-0.433380,1.497017,-1.060427,0,0.142873,0.604990
3088,0.435480,-0.233950,1.799681,0.846215,2.245579,1.874025,0.051438,1.146883,-0.729732,0,0.826180,1.040331
3089,0.489643,0.071108,1.159453,0.044939,2.275257,0.614010,0.204133,0.079387,-0.546888,0,0.487893,0.609424
3090,-0.369805,0.047963,0.372904,0.015271,0.136400,0.503848,-0.113859,0.590985,-0.339428,0,0.093809,0.276718
3091,-0.352614,0.261959,0.237398,-0.149152,-0.386424,0.134101,0.143107,-0.468426,-0.348543,0,-0.103177,0.275747
3093,-0.644894,-0.355565,0.585140,-0.026239,0.847350,-0.201779,-0.395162,-0.189236,0.057392,0,-0.035888,0.366973
3094,0.043627,0.068046,-0.305164,0.586961,0.773501,1.059883,0.554867,0.183549,-0.616177,0,0.261010,0.465753
3095,0.347987,1.062746,2.005535,1.150464,1.810002,1.073040,0.773024,1.287526,-0.297669,0,1.023628,1.089777
3096,-0.294741,-0.414035,0.275405,-0.320425,-0.149960,0.277907,-0.200900,-0.425588,-0.302000,0,-0.172704,0.295662
3097,-0.434993,-0.115844,-0.042219,-0.076519,-0.093494,0.310262,-0.311748,-0.530603,-0.129166,0,-0.158258,0.227205
3099,-0.648654,0.003152,0.006634,-0.587882,1.113483,-0.962933,0.212953,-0.801904,-0.519087,0,-0.242693,0.539631
3101,-0.169087,0.485179,1.452712,0.924175,0.369852,1.265250,0.242958,1.262455,-1.020374,0,0.534791,0.799116
3102,-0.022741,-0.116788,-0.215932,0.327941,0.609437,0.358170,0.095560,0.019974,-0.252156,0,0.089274,0.224300
3103,-0.301594,0.503115,0.019166,1.059433,0.466957,1.628540,-0.479785,0.451884,-0.232256,0,0.346162,0.571415
3104,-0.192375,0.762430,1.292476,0.855055,1.564566,1.771607,0.002432,0.257828,0.870542,0,0.798285,0.841035
3105,-0.619677,-0.484871,0.309615,0.786905,0.783781,0.852216,-0.472667,0.078668,-0.499050,0,0.081658,0.543050
3106,-0.272373,0.575443,0.769880,1.511136,2.457524,0.653858,-0.481366,0.446584,-0.788581,0,0.541345,0.884083
3107,0.191672,-0.866992,0.901504,0.675262,0.671532,1.528212,-0.066408,-0.488365,0.316110,0,0.318059,0.634006
3108,-0.520513,-0.231821,1.420576,2.860170,3.242338,1.259309,-0.809742,-0.582852,0.691287,0,0.814306,1.290957
3109,-0.243826,-0.241597,2.719713,3.405934,2.131621,1.963843,0.297919,0.211798,3.044350,0,1.476639,1.584511
3111,-0.208877,-0.053149,1.328054,0.263231,1.693203,1.046212,-0.589093,0.333859,-0.928115,0,0.320592,0.715977
3113,0.129069,0.241436,-0.236556,-0.673057,1.596738,0.271453,-0.421357,0.390396,-0.497205,0,0.088991,0.495252
3114,0.085603,-0.159103,-0.258210,-0.033965,0.265168,0.118790,-0.306346,0.136392,0.008942,0,-0.015859,0.152502
3115,-0.045667,0.279075,0.649159,-0.244827,-0.636877,-0.179277,0.408166,0.300363,-0.712392,0,-0.020253,0.383978
3116,-0.419265,0.961901,1.288449,0.864682,0.156499,0.349061,0.569685,0.137060,-1.018132,0,0.321104,0.640526
3121,1.892510,-1.568732,0.346342,0.011930,0.053868,1.080224,-0.338784,0.639826,-0.835145,0,0.142449,0.751929
3122,-0.296040,0.590758,-0.102636,0.562585,-0.077934,0.648042,0.099200,0.467412,0.315386,0,0.245197,0.351110
3123,-0.499666,0.232251,-0.041271,-0.537943,0.381673,0.756993,0.060540,0.301629,0.765195,0,0.157711,0.397462
3124,-0.009528,0.194533,0.486779,1.314906,0.540931,1.819394,-0.036979,0.043277,0.644831,0,0.555349,0.565684
3125,-1.093286,-0.337566,0.653914,0.497680,0.942530,0.298013,-0.454646,0.687595,0.635345,0,0.203287,0.622286
3126,-0.030342,-0.043248,0.071474,-0.278408,0.942626,-0.162904,0.206371,0.508643,0.089653,0,0.144874,0.259296
3127,0.181580,0.186090,0.481565,1.278402,0.112295,1.427930,0.297316,0.865285,-1.137777,0,0.410298,0.663138
3128,-0.608693,0.049806,-0.362298,2.797350,0.343386,1.409636,-0.479835,0.992713,-0.732870,0,0.378799,0.864065
3129,-0.594721,0.120296,1.371673,0.260281,1.810036,1.163078,0.105694,0.010580,0.665217,0,0.545793,0.677953
3130,-0.389136,1.034566,1.803212,2.558298,1.911134,1.663623,0.031540,1.857644,-0.269471,0,1.133490,1.279847
3131,-1.150481,0.335380,3.535514,0.954639,2.521345,0.981549,-0.102053,1.244954,-0.932112,0,0.820971,1.306447
3132,0.064974,-0.762735,0.973402,2.732211,1.342850,0.180472,0.376103,0.180408,0.360608,0,0.605366,0.774863
3133,-0.062079,0.213698,2.806320,2.038793,3.692443,1.232559,-1.279582,1.091117,0.733403,0,1.162964,1.461111
3134,0.226458,1.345138,1.855059,1.130962,4.657336,2.317158,-0.154671,0.267959,-0.385622,0,1.251086,1.371151
3135,-1.027826,1.493430,1.887107,0.756243,0.920723,2.228797,-0.476238,0.818925,0.430421,0,0.781287,1.115523
3136,0.286084,0.946730,2.781810,2.841738,3.663467,2.906153,0.232986,2.950070,-0.592269,1,1.779641,1.911256
3137,-0.086299,-0.221196,0.995930,0.158819,1.883424,0.034582,0.568010,0.593772,-0.362592,0,0.396050,0.544958
3138,-0.989606,0.660257,2.303053,0.641574,0.973083,1.351655,0.289266,-0.168300,0.074278,0,0.570584,0.827897
3139,0.561199,0.298829,1.258275,0.398852,1.199804,-0.487459,2.076650,-1.271356,-1.126354,0,0.323160,0.964309
3140,0.041818,0.235712,0.920703,0.215246,0.436342,2.466776,0.456257,1.625342,0.202764,0,0.733440,0.733440
3141,-0.175479,1.066006,-0.288357,0.113243,-0.049184,0.426093,-0.370565,0.232749,-0.191640,0,0.084763,0.323702
3142,-0.346898,0.332510,0.347848,0.617283,-0.332312,0.476571,-0.065692,0.020775,0.158049,0,0.134237,0.299771
3143,0.067890,0.323340,0.171156,0.116180,-0.209632,0.145797,-0.391855,0.174026,-0.528566,0,-0.014629,0.236494
3144,0.081643,0.885536,0.240779,-0.305345,0.692377,-0.300348,0.108131,0.033068,-0.225603,0,0.134471,0.319203
3145,-0.648558,1.977642,0.322541,0.781335,0.294866,1.901854,-0.116511,0.301720,-0.605429,0,0.467718,0.772273
3146,-0.198605,1.640494,0.743701,0.971343,1.581691,0.610264,1.560919,1.016120,-0.571622,0,0.817145,0.988307
3147,-0.395626,0.324207,0.885769,0.124404,1.451857,1.134005,0.417530,0.164452,-0.819756,0,0.365205,0.635290
3148,-0.915752,-0.456746,0.505802,0.553897,0.677447,1.155471,-1.009764,0.089858,0.164372,0,0.084954,0.614345
3149,-1.065176,1.268892,3.271146,1.932590,3.746457,1.861171,-0.561104,1.260433,1.074687,0,1.421011,1.782406
3150,-0.242720,1.250828,6.407249,4.890781,8.299363,1.134874,-0.492246,3.818185,2.342867,1,3.045465,3.208790
3151,-0.661208,-0.200152,0.266257,0.563672,5.358610,0.376439,0.292700,-0.649439,-0.542615,0,0.533807,0.990121
3152,-0.652161,-0.534402,4.082598,4.678481,6.224582,0.629914,1.479680,1.666569,0.762351,1,2.037513,2.301193
3153,-1.033858,1.548006,1.048508,1.494901,1.596518,2.801382,-1.629147,2.226632,1.358627,0,1.045730,1.637509
3154,0.068644,-0.046900,-0.154102,0.073960,0.299755,-0.201939,-0.335102,0.053117,-0.508608,0,-0.083464,0.193570
3155,0.288112,-0.283079,1.990444,0.984581,1.996882,1.167369,-0.307146,1.275599,0.766770,0,0.875504,1.006665
3156,-0.649770,2.319154,2.417897,3.082918,3.924764,1.651271,1.154542,3.629534,1.260116,1,2.087825,2.232219
3158,0.070735,-0.448460,0.217103,0.284186,0.477539,0.378375,-0.480471,0.794938,-1.139705,0,0.017138,0.476835
3159,-0.444909,0.021806,-0.185295,-0.090218,0.236038,0.321108,-0.559581,-0.301568,-0.408888,0,-0.156834,0.285490
3160,-0.384266,-0.515252,0.998521,-0.118390,0.944389,0.357740,0.352310,-0.157446,-0.766239,0,0.079041,0.510506
3161,0.346528,0.023685,0.557288,0.719911,1.294656,-0.085573,0.284985,1.173129,-0.709730,0,0.400542,0.577276
3162,-0.894983,0.037131,0.394092,1.023369,0.422598,1.429832,0.625896,0.261082,0.476678,0,0.419522,0.618407
3163,-0.130091,0.209923,1.278206,1.211802,0.312516,1.798895,0.713602,-0.604203,1.209692,0,0.666705,0.829881
3164,-0.111077,-0.263578,0.005662,-0.213941,-0.203215,-0.171879,-0.088546,-0.210921,-0.174707,0,-0.159133,0.160392
3165,-0.878799,0.718673,2.893967,-0.043206,1.904321,2.216055,0.659310,0.743607,0.262929,0,0.941873,1.146763
3166,-0.693251,-0.440492,1.183943,1.489294,0.933040,1.447024,-0.977238,1.668896,-0.165076,0,0.494016,0.999806
3167,-0.541874,-0.461099,0.821215,0.353744,1.363512,0.113402,-0.971709,0.728896,0.436734,0,0.204758,0.643576
3168,-0.803878,-0.327721,1.222828,0.848052,0.610239,0.748878,0.298706,-1.025348,1.017369,0,0.287681,0.767002
3169,-0.962439,0.392560,3.437599,-0.048113,2.275892,1.024779,-1.847359,0.564888,0.212843,0,0.561183,1.196275
3170,-0.532366,-0.305123,2.191023,1.594648,2.559553,0.972714,-1.430633,1.229791,0.432580,0,0.745799,1.249826
3171,-1.178338,-0.683071,2.501661,1.923929,1.276433,2.034563,-2.221996,0.902501,-0.933620,0,0.402452,1.517346
3172,-0.597143,-0.118257,3.344940,1.787251,2.866936,0.918725,-0.370711,-0.031343,0.536603,0,0.926334,1.174656
3173,-0.604895,1.139688,7.722260,1.871692,8.818958,-2.024332,-1.936537,0.952529,1.292884,1,1.914694,2.929308
3174,-1.557371,1.014741,4.348945,3.022027,6.958961,-0.393359,-1.180522,1.588152,2.127564,0,1.769904,2.465738
3175,-0.353934,0.851976,7.986069,4.572257,5.575098,3.226563,2.059315,2.410215,2.409671,1,3.193026,3.271678
3176,-0.004183,-0.107697,-0.075849,-0.075849,-0.075849,-0.075849,-0.075849,-0.075849,-0.075849,0,-0.071425,0.071425
3177,-0.429765,-0.772804,0.824249,1.300783,1.160689,0.302990,-0.083804,1.273716,-0.150363,0,0.380632,0.699907
3178,-0.502269,0.055163,5.269049,4.415882,4.067228,1.812279,-1.874619,3.667286,2.550466,1,2.162274,2.690471
3179,-0.543499,-0.837871,0.562059,1.021356,0.399316,-0.132810,0.036156,-0.053615,0.382326,0,0.092602,0.441001
3180,-0.452335,-0.668469,0.779620,0.929072,1.159030,0.110399,-0.284001,-0.215677,0.284561,0,0.182467,0.542574
3181,0.423009,0.788236,-0.053416,-0.269151,0.147092,-0.554564,0.485172,1.342420,-1.087622,0,0.135686,0.572298
3182,-0.766829,1.181199,-0.505170,-0.076698,0.201484,-0.532422,-0.156370,-0.182634,0.915401,0,0.008662,0.502023
3183,0.047073,0.915302,0.562147,-0.401321,0.397372,0.788369,-0.213748,-0.941735,-0.421748,0,0.081301,0.520979
3184,0.068892,1.099603,-0.264009,-0.694695,0.225794,0.907505,0.047596,0.214388,-0.646854,0,0.106469,0.463260
3185,-0.384589,0.161771,0.102866,0.039609,0.507408,1.006650,0.258522,1.078926,-1.292461,0,0.164300,0.536978
3186,1.007390,-0.305865,1.161879,0.902641,1.030350,0.433294,0.417499,1.801619,-0.576485,0,0.652480,0.848558
3187,0.255877,-0.520331,0.589249,0.803117,0.680763,1.281406,0.261974,0.189357,-0.347014,0,0.354933,0.547676
3188,-0.621901,0.925535,0.331506,0.390018,1.101111,0.560483,1.312157,1.387818,-0.172985,0,0.579305,0.755946
3189,-0.068490,0.198547,-0.473064,-0.289190,1.283066,0.267911,-0.703040,0.546508,-0.800623,0,-0.004264,0.514493
3190,-0.287124,-0.558060,0.730916,0.395854,0.653951,0.646476,0.684245,0.446237,-0.617310,0,0.232798,0.557797
3191,-0.801451,0.251571,0.258594,0.697190,0.872938,0.621018,0.206367,0.741388,1.080129,0,0.436416,0.614516
3192,-1.026609,1.260683,2.819862,-0.174811,0.770884,2.001123,-0.138378,2.535106,-1.213238,0,0.759402,1.326744
3193,-0.258621,1.752835,0.939987,-0.076016,2.437505,-0.160271,2.372455,1.630019,-0.456802,0,0.909010,1.120501
3194,-0.149337,0.165948,1.010735,0.516953,0.840843,-0.242733,1.132860,-0.160945,-0.009331,0,0.344999,0.469965
3195,-0.855492,1.864395,4.386032,2.101687,2.691950,2.764998,1.252013,1.682231,0.947440,1,1.870584,2.060693
3196,-1.279137,0.752774,1.933723,0.953758,0.973615,0.928280,0.948963,-0.113793,0.373429,0,0.607957,0.917497
3197,-0.877644,0.364181,-0.490650,1.251408,1.039923,0.041572,-0.480053,-0.256308,0.288448,0,0.097875,0.565576
3198,-0.790241,0.833038,1.589435,0.439034,-0.691257,1.878633,0.510867,0.810013,-0.786229,0,0.421477,0.925416
3199,-0.148165,2.242314,2.720096,2.271256,5.548931,1.103320,1.502105,2.837731,-0.657909,1,1.935520,2.114647
3200,-0.528961,-0.250617,0.006752,0.252490,-0.277339,-0.235391,-0.512892,-0.276461,0.321672,0,-0.166749,0.295842
3201,-0.254731,0.394711,2.614636,0.436812,4.097550,0.880582,-1.403961,1.561016,1.297667,0,1.069365,1.437963
3202,-0.625129,0.233263,0.276012,-0.127929,-0.151233,0.083878,0.026746,0.428139,-0.465325,0,-0.035731,0.268628
3204,-0.933439,-0.049032,1.936388,1.633092,3.084568,1.406340,0.723726,1.932083,-0.388083,0,1.038405,1.342972
3205,0.201277,0.241815,-0.185992,0.177657,0.323801,-0.256035,0.178589,-0.231493,-0.748450,0,-0.033203,0.282790
3206,0.118393,0.979215,-0.450482,-0.304487,0.293909,-0.301277,0.294515,-0.468181,0.169001,0,0.036734,0.375496
3207,-0.563218,0.667344,0.119108,0.397471,-0.090302,0.697007,-0.332870,0.600737,-1.112648,0,0.042514,0.508967
3211,-0.255351,-0.092717,0.283657,-0.146861,-0.226065,-0.087748,-0.861185,-0.478185,-0.398436,0,-0.251433,0.314467
3212,-0.105378,-0.131768,2.070165,0.953611,1.283929,2.676658,-1.073444,3.056571,0.976505,0,1.078539,1.369781
3213,0.786543,-0.211140,0.705111,0.581861,0.582813,0.889876,-0.728531,0.709508,-0.129453,0,0.354065,0.591648
3214,-0.923266,0.367199,0.643398,0.979344,3.038015,1.130990,-0.632389,-0.457943,0.375751,0,0.502344,0.949811
3215,-0.874919,0.318544,0.809170,1.868935,0.116835,0.454885,-0.007468,1.012159,-0.806136,0,0.321334,0.696561
3216,0.116409,1.005205,5.506276,0.485493,3.235920,1.738958,2.701457,3.177588,0.576512,1,2.060424,2.060424
3217,-0.626651,1.095912,2.031942,2.793735,2.676373,2.816895,0.693136,3.261226,4.029402,1,2.085774,2.225030
3218,-0.499625,-0.247496,0.679926,1.943876,0.248693,0.883791,-0.838372,1.533069,0.692779,0,0.488516,0.840847
3219,-0.771794,0.055372,1.641468,0.180572,0.628155,0.100618,-1.169511,1.439055,-1.093464,0,0.112274,0.786668
3220,0.094514,0.484971,2.169551,-0.407632,1.167258,0.391082,0.480708,1.045633,-1.055848,0,0.485582,0.810800
3221,-0.543451,-0.307947,-0.510906,-0.660664,-0.262768,-0.941507,-0.590126,-0.428319,-0.673877,0,-0.546618,0.546618
3222,1.650117,-0.134924,2.781453,1.067770,2.257745,1.664898,-0.324550,0.809476,-0.416963,0,1.039447,1.234211
3223,0.444475,-0.441097,1.681034,1.529088,1.416531,1.703668,1.132574,1.150874,0.001887,0,0.957670,1.055692
3224,-0.120448,0.613931,0.973992,0.240357,0.565976,-0.091640,-0.484275,0.645170,-0.601119,0,0.193549,0.481879
3225,-0.597212,0.704036,-0.842716,0.486760,1.001633,1.309165,0.223980,1.460814,-0.293814,0,0.383627,0.768904
3226,0.529173,0.114930,4.898389,-0.010140,0.269933,1.164050,0.485673,1.733179,-0.643362,0,0.949092,1.094314
3227,-0.289832,-0.216320,1.550049,-0.796196,1.503404,-0.065177,0.349827,0.253624,-0.920305,0,0.152119,0.660526
3228,-0.799881,2.010815,2.044252,4.294076,2.684312,2.076289,2.641311,2.498016,-2.399546,1,1.672183,2.383166
3230,-0.819417,0.138695,0.438505,0.052690,0.562996,-0.017330,-0.224644,-0.116155,-0.369908,0,-0.039396,0.304482
3231,-0.141773,0.403365,0.362427,0.219115,-0.142092,0.561787,-0.317656,-0.672098,0.327098,0,0.066686,0.349712
3232,-0.206123,0.150928,-0.144360,0.156169,-0.035506,-0.200205,0.363688,-0.153519,0.191703,0,0.013642,0.178022
3233,-0.573271,0.259590,0.213047,0.505640,0.877360,-0.655040,0.133184,0.342910,0.080640,0,0.131562,0.404520
3234,-0.115458,-0.231685,0.030817,-0.460329,0.233357,-0.392400,0.119057,-0.505226,0.176224,0,-0.127294,0.251617
3235,-0.501742,-0.048503,-0.097934,0.056221,-0.079658,0.380224,-0.450196,-0.155682,-0.271755,0,-0.129892,0.226879
3236,-0.157804,-0.243057,0.131305,0.002145,-0.156348,0.060849,-0.234704,-0.362748,-0.203775,0,-0.129349,0.172526
3237,-0.007867,-0.151351,-0.158923,0.020635,-0.060472,-0.165693,-0.020748,-0.119460,-0.377556,0,-0.115715,0.120301
3238,-0.084906,-0.158460,0.022433,-0.220078,-0.104153,-0.013470,-0.114525,-0.296033,-0.231122,0,-0.133368,0.138353
3239,-0.257155,0.259667,-0.095223,-0.204810,-0.288261,-0.128764,-0.113595,0.505685,-0.898618,0,-0.135675,0.305753
3240,-0.237863,0.031694,0.004412,-0.117938,0.216623,0.507917,-0.960358,-0.096282,-0.991829,0,-0.182625,0.351658
3241,0.005951,0.464748,-0.212574,0.543095,0.097673,0.209364,-0.899949,0.420790,-0.743177,0,-0.012675,0.399702
3242,-0.401868,0.160516,0.095204,-0.400737,0.721645,0.216579,-0.686621,-0.169745,0.023875,0,-0.049017,0.319643
3243,-0.248907,-0.079419,0.070734,-0.190733,-0.228896,-0.305801,0.345820,-0.466802,-0.242785,0,-0.149643,0.242211
3249,-0.325976,0.998816,-0.020255,-0.219122,-0.783359,-0.480876,-0.252680,0.071010,-1.168429,0,-0.242319,0.480058
3250,0.703799,0.439069,-0.149221,0.377185,-0.061762,0.228312,0.690545,0.159336,-1.085321,0,0.144660,0.432728
3251,-0.108748,-0.081419,-0.253970,-0.207906,-0.316493,0.109160,-0.325036,-0.135983,-0.422801,0,-0.193688,0.217946
3254,-0.143239,-0.156766,-0.249998,-0.043843,-0.149167,-0.341965,-0.190556,-0.246511,-0.115297,0,-0.181927,0.181927
3260,-0.397195,1.163783,0.333203,0.198649,-0.940822,-0.467416,0.244396,0.674294,-1.089628,0,-0.031193,0.612154
3264,-0.209285,0.462813,0.516841,-0.424671,-0.067076,-0.194666,-0.613078,0.290797,-0.575626,0,-0.090439,0.372762
3265,-0.243214,-0.204527,1.946444,-0.629714,-0.513196,-1.031658,-0.683654,-0.236929,-0.926436,0,-0.280321,0.712864
3266,-0.773680,0.795207,0.500073,-0.328697,-0.377931,-0.431697,0.583718,-0.018915,-0.670675,0,-0.080289,0.497844
3267,-0.062552,-0.186077,-0.019289,-0.244573,-0.116201,-0.030162,-0.139688,-0.189411,-0.271267,0,-0.139913,0.139913
3268,-0.299453,0.774153,0.264968,0.344064,-1.121110,0.026074,-0.516041,0.034344,-1.169821,0,-0.184758,0.505559
3269,0.057791,-0.090004,-0.168247,-0.078268,-0.340606,0.144086,-0.246639,0.901239,-1.210383,0,-0.114559,0.359696
3270,0.015893,-0.291478,-0.149313,-0.140472,-0.139013,-0.066739,-0.026455,-0.191578,-0.115386,0,-0.122727,0.126259
3271,-0.119108,-0.118302,-0.128180,0.632270,-1.178012,-0.165553,-0.211677,-0.379038,-0.151295,0,-0.202099,0.342604
3272,-0.442276,0.334718,0.032003,-0.267673,0.115981,-0.396605,-0.177912,-0.755402,-0.573012,0,-0.236687,0.343954
3273,-0.232895,-0.028811,-0.348898,-0.137927,-0.081387,0.028561,-0.335339,-0.123141,-0.207527,0,-0.163040,0.169387
3274,-0.281899,-0.143670,0.030116,-0.209518,-0.110968,-0.240547,-0.308749,-0.324151,-0.151908,0,-0.193477,0.200170
3275,-0.178905,-0.117157,-0.044330,-0.181555,-0.057146,-0.372451,-0.020816,-0.295990,-0.100422,0,-0.152086,0.152086
3276,-0.088180,-0.077266,-0.235201,0.388628,-0.367895,-0.123333,-0.167023,-0.241616,-0.166736,0,-0.119847,0.206208
3277,-0.660936,-0.085444,0.000027,0.240313,0.007348,-0.441323,0.181125,-0.455927,0.083149,0,-0.125741,0.239510
3278,-0.034190,-0.221787,0.124706,-0.295073,-0.261244,-0.098537,0.222163,-0.165577,-0.375127,0,-0.122741,0.199823
3279,-0.202103,-0.170853,-0.199395,-0.090363,-0.196144,0.076887,-0.196095,-0.077635,-0.046299,0,-0.122445,0.139530
3280,0.854014,0.499203,1.333053,2.479514,1.794726,0.967376,2.660466,0.839558,0.891836,0,1.368861,1.368861
3281,-0.093753,-0.356563,0.349735,0.077630,-0.350807,-0.110153,0.105962,-0.609032,-0.167960,0,-0.128327,0.246844
3282,-0.026735,-0.048346,-0.372150,-0.074552,0.581852,-0.087196,0.051481,-0.079868,-0.148580,0,-0.022677,0.163418
3283,-0.083725,-0.071339,0.097824,-0.016527,-0.258801,-0.124934,-0.335365,0.685291,-0.582695,0,-0.076697,0.250722
3284,-0.714557,0.059315,-0.024834,0.529556,0.179717,-0.391279,-0.233541,0.199195,-1.049389,0,-0.160646,0.375709
3285,-0.293116,0.198628,-0.441978,-0.078221,0.016115,-0.093886,-0.492897,0.003474,-0.592956,0,-0.197204,0.245697
3286,-0.298440,-0.153959,-0.153720,0.009599,-0.250488,0.171751,-0.425048,-0.292929,-0.393198,0,-0.198492,0.238792
3287,-0.184385,-0.139958,-0.112101,-0.188225,-0.148753,-0.112808,-0.288124,-0.163072,-0.263117,0,-0.177838,0.177838
3289,-0.345346,0.084100,-0.404654,-0.222691,-0.106549,0.080572,-0.432743,-0.590303,-0.240595,0,-0.242023,0.278617
3292,-0.123838,0.095034,-0.110142,-0.221023,-0.154848,-0.005512,-0.239663,-0.286581,-0.073334,0,-0.124434,0.145553
3293,-0.154163,-0.127707,-0.210063,-0.119531,-0.087262,-0.278949,-0.247712,-0.330354,-0.168761,0,-0.191611,0.191611
3294,-0.214511,-0.000989,-0.194990,0.207222,-0.386133,0.080402,-0.135807,-0.446269,-0.301369,0,-0.154716,0.218632
3300,-0.567396,0.568146,0.546163,1.029560,0.661854,-0.310011,0.249929,-0.631877,-0.020714,0,0.169517,0.509517
3301,0.088362,-0.313788,0.236536,-0.213464,-0.287770,-0.395250,-0.351247,-0.377814,0.277371,0,-0.148563,0.282400
3302,-0.159998,-0.014618,-0.165330,0.125360,-0.286475,-0.117174,-0.150965,-0.331548,-0.308288,0,-0.156560,0.184417
3303,-0.248207,-0.195464,-0.075469,0.054964,-0.116109,-0.425079,-0.274677,-0.113128,-0.250317,0,-0.182610,0.194824
3304,-0.250026,0.383489,-0.152976,-0.066257,-0.496155,-0.067499,-1.234179,-0.142009,-1.086176,0,-0.345754,0.430974
3305,-0.696023,-0.073720,2.181091,0.128582,1.744085,-1.316928,-1.060821,0.838323,-1.551755,0,0.021426,1.065703
3309,-0.129232,-0.119635,-0.064124,-0.349463,0.008542,-0.317235,-0.106446,-0.112586,-0.120273,0,-0.145606,0.147504
3310,-0.150011,-0.139767,-0.214540,0.059980,-0.095716,-0.303575,-0.021220,-0.239118,-0.346957,0,-0.161214,0.174543
3311,-0.349860,0.040874,-0.544039,-0.217718,0.166210,-0.239072,-0.520435,-0.621066,-0.274896,0,-0.284445,0.330463
3312,0.028364,-0.261223,-0.126115,0.193846,-0.050092,-0.390193,-0.268931,-0.175214,-0.706430,0,-0.195110,0.244490
3314,-0.165782,-0.254300,0.012151,-0.175439,-0.119452,-0.073600,-0.128057,-0.051754,-0.651550,0,-0.178643,0.181343
3315,-0.327767,-0.250435,0.511283,-0.128262,-0.067287,0.161387,-0.526106,-0.077378,-0.550550,0,-0.139457,0.288940
3317,-0.271657,-0.034002,-0.223819,-0.036994,-0.128129,-0.118809,-0.043575,-0.245145,-0.221211,0,-0.147038,0.147038
3318,-0.394250,-0.353819,0.520471,-0.268648,-0.306373,0.237993,0.136116,0.120892,-1.336760,0,-0.182709,0.408369
3319,0.062153,-0.237088,-0.120725,-0.136419,-0.142458,-0.075329,-0.003763,-0.158030,-0.361376,0,-0.130337,0.144149
3321,0.108716,-0.177809,0.291938,-0.152919,-0.001981,-0.161115,-0.282415,-0.069648,0.187106,0,-0.028681,0.159294
3322,-0.216737,-0.117641,-0.081264,-0.203435,-0.087294,-0.036215,-0.224554,-0.204697,-0.122183,0,-0.143780,0.143780
3323,-0.109439,-0.109439,-0.061504,-0.101930,-0.257297,-0.090928,-0.105821,-0.190610,-0.195917,0,-0.135876,0.135876
3324,-0.116258,0.087274,0.232153,-0.164170,-0.036983,-0.191354,-0.552053,-0.268437,-0.298072,0,-0.145322,0.216306
3325,-0.265586,-0.122965,-0.143567,-0.276827,-0.375895,0.050492,-0.068642,-0.133255,-0.380161,0,-0.190712,0.201932
3328,0.052612,0.062149,0.610883,0.227673,0.000596,-0.136667,-0.027081,-0.291209,0.174114,0,0.074786,0.175887
3329,-0.045486,-0.114265,-0.058150,-0.121949,0.044185,-0.327099,-0.306207,-0.200208,-0.208497,0,-0.148631,0.158449
3330,-0.163163,-0.168878,-0.219176,-0.183428,-0.122636,-0.209172,-0.104408,-0.098104,-0.160474,0,-0.158826,0.158826
3331,0.619815,-0.486177,0.783345,0.777268,0.607452,-0.712132,-0.024941,-0.100048,-0.101429,0,0.151462,0.468067
3332,-0.052719,-0.168347,-0.323680,-0.225340,-0.146344,-0.250575,-0.543974,0.425205,-0.827171,0,-0.234772,0.329262
3333,0.088434,-0.426732,-0.161912,0.067644,-0.341184,0.642112,-0.854621,-0.029669,-0.610541,0,-0.180719,0.358094
3334,-0.144902,-0.123850,-0.015188,-0.263555,-0.099747,-0.339693,0.229510,-0.509602,-0.148289,0,-0.157257,0.208260
3335,-0.088581,1.169831,1.462394,3.036757,7.287344,2.679879,2.076623,4.886146,4.688255,1,3.022072,3.041757
3336,-0.048119,1.069414,1.177266,3.751179,2.352236,0.380597,-0.678707,9.574436,5.677413,1,2.583968,2.745485
3337,-0.268063,-0.974388,4.657165,2.887326,6.029589,2.275015,-2.322223,2.725798,2.660626,1,1.963427,2.755577
3338,0.566909,1.510434,4.553905,8.243781,14.772802,1.219918,-2.381371,4.784046,4.904835,1,4.241696,4.770889
3340,-0.447605,-0.484639,2.701163,1.303873,2.997276,1.311470,-1.320042,0.560342,0.835002,0,0.828538,1.329046
3341,-0.427325,-0.369812,-0.139976,-0.206388,0.087975,-0.198084,-0.614102,-0.334376,-0.654171,0,-0.317362,0.336912
3342,-0.590301,-0.348738,-0.470587,-0.121497,0.280913,-0.475042,0.597770,-0.569718,-0.718438,0,-0.268404,0.463667
3345,-0.306830,0.214091,-0.398034,-0.015250,0.185858,-0.092203,-0.432643,0.366845,-0.478823,0,-0.106332,0.276731
3350,-0.400765,2.181123,8.175695,2.581772,4.069953,3.351729,2.031118,4.037241,4.073027,1,3.344544,3.433603
3351,0.115557,1.756227,0.723945,-0.217520,1.038483,0.302919,-0.097397,-0.355193,0.422287,0,0.409923,0.558836
3352,0.201531,1.573663,3.304265,1.075835,2.200542,0.156254,0.567550,1.019155,0.540259,0,1.182117,1.182117
3353,-0.112383,-0.112383,-0.112383,-0.112383,-0.112383,-0.074925,-0.095508,-0.204845,-0.173309,0,-0.123389,0.123389
3354,-0.075849,-0.075849,-0.075849,-0.075849,-0.075849,-0.075849,-0.075849,0.007484,-0.198313,0,-0.080197,0.081860
3355,-1.298218,0.766870,1.562641,0.487797,0.856726,0.792642,0.526118,-0.512403,-0.723090,0,0.273231,0.836278
3356,0.084346,-0.104839,3.668908,0.605349,2.248905,-0.377150,0.010964,0.084897,-0.100134,0,0.680139,0.809499
3357,-0.111788,0.118179,0.746486,0.187327,0.157805,0.300256,-0.187590,-0.183251,-0.147998,0,0.097714,0.237853
3358,-0.048119,0.141584,-0.247727,-0.197171,-0.587499,-0.156054,-0.555707,1.365754,0.556928,0,0.030221,0.428505
3360,-0.251806,-0.235451,0.649961,-0.472664,0.025948,-0.076427,-0.192623,0.131964,-0.542676,0,-0.107086,0.286613
3361,-0.307874,0.246045,-0.386910,-0.196907,-0.205523,-0.193520,0.013754,-0.491248,-0.155214,0,-0.186378,0.244111
3363,0.128855,0.331317,0.844663,-0.563557,0.435051,-0.100564,0.758812,-0.307181,-0.770286,0,0.084123,0.471143
3364,-0.780559,0.162933,-0.088907,0.572105,0.169171,0.185923,-0.102111,-0.435389,-0.580580,0,-0.099713,0.341964
3370,-0.303654,-0.119442,1.393187,-0.416473,0.352730,-0.591635,0.200662,-0.935787,-0.606235,0,-0.114072,0.546645
3371,-0.413081,-0.040358,-0.002994,0.112977,-0.177268,0.308166,-0.269403,-0.386904,-0.690096,0,-0.173218,0.266805
3373,-0.151124,0.314318,-0.001118,-0.029336,0.280263,-0.032068,0.172943,-0.840523,-0.321621,0,-0.067585,0.238146
3374,-0.268385,-0.215862,-0.059191,-0.159231,-0.170666,-0.095673,-0.453805,-0.118841,-0.343320,0,-0.209442,0.209442
3375,-0.185113,0.014358,-0.360534,-0.103055,-0.097419,-0.056151,-0.229719,-0.023762,-0.110496,0,-0.127988,0.131179
3377,-0.147822,0.545256,3.826840,-2.085080,1.391074,-0.158228,-0.055724,0.222733,-0.963540,0,0.286168,1.044033
3378,-0.122435,-0.129822,-0.228363,-0.271454,-0.145649,-0.025791,-0.311842,-0.110353,-0.128996,0,-0.163856,0.163856
3379,0.031165,-0.081034,0.152889,-0.445407,0.241637,-0.525224,-0.344280,-0.492902,-0.403114,0,-0.207363,0.301961
3380,-0.374065,0.560460,0.031023,-0.496727,0.577223,0.057795,0.066140,0.445126,-1.736584,0,-0.096623,0.482794
3381,0.045117,-0.079909,0.562948,-0.280547,-0.254104,0.492829,0.034618,0.345474,-0.761507,0,0.011658,0.317450
3384,-0.122378,-0.104447,-0.080433,0.077663,-0.265380,-0.029735,0.047867,-0.287694,-0.338271,0,-0.122534,0.150430
3385,-0.124831,-0.448219,0.447897,-0.637004,0.322490,-0.550146,-0.204169,-0.333935,-0.235740,0,-0.195962,0.367159
3387,-0.145034,-0.289312,0.094567,-0.222927,-0.427560,-0.116555,-0.208866,-0.380533,0.060120,0,-0.181789,0.216164
3388,0.058727,-0.063944,-0.119493,-0.317039,-0.168889,-0.185767,-0.602883,-0.371589,-0.400215,0,-0.241233,0.254283
3390,-0.129225,-0.212644,-0.115993,-0.683609,0.381080,-0.261913,-0.653359,-0.343119,-0.443260,0,-0.273560,0.358245
3391,0.036841,-0.201636,-0.269169,-0.027201,-0.130630,-0.232719,-0.100125,0.062128,-0.151913,0,-0.112714,0.134707
3392,-0.400356,0.098227,-0.212424,-0.464963,-0.140399,-0.359886,-0.063188,-0.550861,-0.270116,0,-0.262663,0.284491
3393,-0.683724,0.254483,0.200053,-1.030484,0.532916,-0.452198,-0.935107,0.010089,-1.258055,0,-0.373558,0.595234
3395,-0.406145,-0.197841,-0.378447,0.070464,-0.210871,-0.308936,-0.292897,-0.239381,-0.402133,0,-0.262910,0.278568
3396,-0.545884,-0.220257,-0.046390,-0.336544,-0.357282,0.061931,-0.412434,-0.044577,-0.702022,0,-0.289273,0.303036
3400,0.229669,0.467949,2.755403,-0.738260,1.818994,0.872344,-0.835523,-0.188328,-0.732479,0,0.405530,0.959883
3401,-0.375741,-0.132415,0.360824,-0.380659,0.986030,-0.491478,-0.077571,-0.022360,-1.452868,0,-0.176249,0.475550
3402,-0.337189,-0.182271,-0.182271,-0.182271,-0.182271,-0.182271,-0.182271,-0.182271,-0.113322,0,-0.191823,0.191823
3407,0.005513,-0.312865,0.116921,-0.371858,-0.202071,0.130187,-0.403224,-0.254816,-0.462205,0,-0.194935,0.251073
3409,-0.105836,-0.304185,0.326617,-0.637818,-0.252080,-0.195843,-0.472632,-0.376234,-0.971294,0,-0.332145,0.404726
3412,-0.056167,-0.176333,-0.244764,-0.270121,-0.285502,-0.106011,-0.410397,0.431532,-0.761810,0,-0.208842,0.304737
3413,-0.158929,-0.106446,-0.034640,-0.187526,-0.177455,-0.161377,-0.041427,-0.150324,-0.289147,0,-0.145252,0.145252
3414,-0.567479,-0.284463,0.070898,-0.533885,-0.180979,-0.675678,-0.565041,-0.540814,0.063582,0,-0.357095,0.386980
3415,-0.048119,0.030515,-0.132137,0.007484,-0.198313,-0.080839,-0.159158,-0.114979,-0.031645,0,-0.080799,0.089243
3418,-0.695763,-0.520896,-0.106123,-0.925381,0.153089,-0.052828,-0.959533,-1.241467,-0.383306,0,-0.525801,0.559821
3419,-0.715546,-0.444905,-0.066233,-0.545048,-0.494690,-0.136849,-0.412135,0.266953,-0.716567,0,-0.362780,0.422103
3420,-0.182271,-0.114280,-0.156150,-0.106536,-0.055740,-0.058713,-0.243218,-0.353141,-0.102914,0,-0.152552,0.152552
3423,-0.589055,-0.298611,0.557223,-0.739477,-0.244283,-0.284861,-0.517498,0.253464,-0.419986,0,-0.253676,0.433829
3424,-0.344446,-0.089550,0.145409,-0.430311,0.068590,0.292633,-0.385772,-0.203891,-0.799874,0,-0.194134,0.306719
3427,0.032781,0.021264,1.423628,2.218201,1.108256,-0.043441,0.486355,-0.020702,0.834339,0,0.673409,0.687663
3428,0.026073,-0.138888,-0.010825,-0.424472,0.044085,-0.147019,-0.213561,-0.584338,-0.278382,0,-0.191925,0.207516
3429,0.671879,1.064402,3.517770,3.461392,5.922208,1.133406,2.392540,5.603759,3.288870,1,3.006247,3.006247
3430,-0.246147,-0.231183,0.027129,-0.238946,-0.035365,-0.059561,-0.310698,-0.202428,-0.236676,0,-0.170430,0.176459
3431,-0.299676,0.044194,-0.125602,0.464294,0.210575,0.003241,0.008053,-0.001109,-0.742359,0,-0.048710,0.211012
3432,-0.215869,-0.126184,0.039548,-0.366807,-0.066883,-0.073759,-0.246492,-0.195698,-0.314508,0,-0.174073,0.182861
3433,-0.175445,-0.134399,-0.140904,-0.060652,0.083311,-0.400500,-0.060219,-0.365817,-0.133965,0,-0.154288,0.172801
3434,-0.233839,-0.038460,1.818122,-0.513898,0.200543,0.817190,0.048975,0.143505,-0.994493,0,0.138627,0.534336
3435,-0.365670,0.938774,-0.039653,-0.055907,0.189675,0.181090,-0.404563,0.024541,-1.142810,0,-0.074947,0.371409
3437,-0.471854,1.387979,1.378279,-0.030786,1.099100,0.721129,-0.186482,1.271353,-1.188419,0,0.442255,0.859487
3438,0.751090,-0.936477,0.611420,-0.230921,0.065323,0.126093,-0.411384,0.491452,-0.356572,0,0.012225,0.442303
3440,-0.182852,-0.148624,0.349202,-0.100632,-0.140654,-0.266433,0.114731,-0.312502,-0.388058,0,-0.119536,0.222632
3441,0.083581,-0.105029,0.067377,-0.064856,-0.163008,-0.037811,-0.379423,-0.078798,-0.704166,0,-0.153570,0.187116
3442,0.229825,1.346126,0.101756,0.515316,2.003545,0.610440,-0.103024,0.427283,-1.196869,0,0.437156,0.726021
3444,0.524953,0.539151,0.344932,0.264604,0.989972,-0.445272,0.322332,0.449147,-0.737262,0,0.250284,0.513070
3446,-0.191710,-0.320336,0.125910,-0.325089,0.276783,-0.735820,-0.083360,0.167405,-0.140206,0,-0.136269,0.262958
3447,-0.208324,-0.219887,-0.149109,-0.137506,0.002452,-0.377076,0.045369,-0.426577,-0.247361,0,-0.190891,0.201518
3448,0.027745,-0.296519,-0.409816,-0.012107,0.398527,-0.318399,-0.745560,0.091571,-0.421978,0,-0.187393,0.302469
3450,0.196897,-0.302882,1.144058,0.121765,0.239810,-0.269051,-0.707315,1.140881,-0.838575,0,0.080621,0.551248
3451,0.679655,0.439815,1.538165,-0.345130,0.319442,0.144267,-0.363813,-0.465537,-0.113359,0,0.203723,0.489909
3453,0.111437,-0.198176,0.523422,-0.561121,-0.091553,-0.192692,-0.431283,-0.240605,-1.033066,0,-0.234849,0.375928
3458,0.319722,-0.388127,1.222079,-0.211301,-0.305761,0.605090,-0.025598,0.127060,-0.337951,0,0.111690,0.393632
3460,-0.573429,0.512369,0.713683,-0.667120,0.377891,0.160542,-0.495850,0.306648,-0.838414,0,-0.055964,0.516216
3461,0.044314,0.499479,1.164499,0.157510,0.612673,-0.115748,-0.611967,0.607747,-0.263121,0,0.232821,0.453006
3462,-0.457471,0.755787,-0.283882,-0.636108,0.451269,-0.720401,-0.754700,-0.250626,-0.483577,0,-0.264412,0.532647
3463,-0.746037,-0.032559,0.272637,-0.186236,-0.032308,0.045465,-0.382019,-0.910902,-0.731702,0,-0.300407,0.371096
3464,-0.406241,0.484868,-0.409875,-0.094472,-0.200154,-0.330063,0.013104,-0.050818,-0.696885,0,-0.187837,0.298498
3465,0.160243,0.655579,1.419033,-0.537465,0.169751,0.638922,0.476725,-0.771787,-0.942490,0,0.140946,0.641333
3467,-0.237946,0.276785,-0.457872,-0.317574,-0.088356,-0.885534,-0.630324,-0.238252,-0.377354,0,-0.328492,0.390000
3468,-0.724886,0.092935,-0.310308,-0.319851,-0.118452,-0.213328,-0.174429,-0.355348,-0.180133,0,-0.255978,0.276630
3469,-0.131161,-0.002729,-0.250263,-0.164214,0.077676,-0.086431,-0.256959,-0.324407,-0.257863,0,-0.155150,0.172411
3472,-0.440690,-0.496662,0.585439,-0.497569,-0.310485,-0.230773,-0.613256,-0.620598,-1.192266,0,-0.424095,0.554193
3475,0.114692,-0.196098,0.131123,-0.270076,-0.282780,-0.188477,-0.008896,-0.580254,-0.243083,0,-0.169317,0.223942
3477,-0.080874,-0.572471,0.123669,-0.132200,-0.247895,0.096152,-0.489495,-0.572714,-0.604982,0,-0.275646,0.324495
3478,-0.832335,-0.207726,0.685148,-0.676097,-0.019068,0.797286,-1.021892,-0.347328,-0.900202,0,-0.280246,0.609676
3480,-0.142482,-0.207578,0.424507,-0.252194,0.538972,-0.146401,0.108072,-0.653584,-0.546645,0,-0.097482,0.335604
3482,-0.092080,-0.270932,-0.138315,0.078081,-0.047300,-0.209685,-0.199115,-0.363576,-0.291060,0,-0.170442,0.187794
3483,0.250416,0.477545,-0.468263,-0.026860,0.137392,-0.311540,-0.640432,-0.596706,-0.501620,0,-0.186674,0.378975
3485,-0.152674,0.340988,-0.401432,-0.224938,-0.135975,-0.227144,-0.322264,0.101828,-0.491277,0,-0.168099,0.266502
3487,-0.153165,-0.209680,-0.010887,-0.224009,-0.103547,-0.136658,-0.170496,0.008297,-0.214539,0,-0.134965,0.136809
3488,-0.108487,0.083341,-0.436064,-0.105042,-0.177133,-0.129826,-0.109791,-0.048431,-0.264429,0,-0.143985,0.162505
3489,-0.105537,-0.090928,-0.141899,-0.176942,-0.075292,-0.271657,0.010360,-0.237459,-0.165127,0,-0.139387,0.141689
3490,0.055779,-0.138414,-0.450114,-0.206322,-0.197896,-0.429952,0.005146,0.422404,-1.055164,0,-0.221615,0.329021
3491,0.015591,-0.434315,-0.116037,-0.131195,-0.184492,0.029542,-0.296614,-0.134685,-0.271146,0,-0.169261,0.179291
3494,-0.315121,-0.160233,-0.070620,0.018998,0.597521,-0.640257,-0.410164,0.475931,-0.586676,0,-0.121180,0.363947
3496,-0.093223,1.805481,0.167800,0.763859,1.102459,-0.658242,0.926377,-0.598958,-0.067939,0,0.371957,0.687149
3498,-0.429103,0.348224,2.013542,0.791472,1.398821,0.104030,-0.050151,-0.094528,-0.298603,0,0.420411,0.614275
3500,1.868494,2.750799,2.946486,4.044658,5.487838,0.854573,-0.442636,0.599193,1.921061,1,2.225607,2.323971
3501,-0.143808,0.381201,0.360254,0.085273,1.411377,-0.368460,-0.899263,-0.144158,-0.641041,0,0.004597,0.492760
3502,-0.280749,-0.143619,-0.143619,-0.143619,-0.143619,-0.143619,0.648629,-0.861771,-0.384197,0,-0.177354,0.321494
3505,-0.288974,-0.285802,1.270190,-0.159297,1.612620,-0.863841,-0.678247,0.722278,-0.297394,0,0.114615,0.686516
3506,-0.116516,-0.037843,-0.183129,-0.109439,-0.109439,-0.109439,-0.115758,-0.145939,-0.114979,0,-0.115831,0.115831
3507,-0.208968,-0.153093,-0.014579,-0.230260,-0.103425,-0.185215,-0.110509,-0.140861,-0.206108,0,-0.150335,0.150335
3509,-0.015985,-0.087379,-0.412166,-0.082720,-0.356246,-0.246570,-0.050158,-0.195759,-0.261217,0,-0.189800,0.189800
3512,-0.358559,-0.272052,-0.253511,-0.213726,0.019145,-0.300264,-0.314057,-0.068949,-0.338242,0,-0.233357,0.237612
3515,-0.568937,0.399642,0.114845,0.721403,0.044988,0.383900,-0.175811,0.362752,-0.275729,0,0.111895,0.338668
3516,0.112379,-0.328142,-0.444228,-0.406409,0.016717,-0.234627,-0.310067,-0.500705,-0.564678,0,-0.295529,0.324217
3517,0.275397,-0.009350,-0.809566,0.411034,-0.267010,-0.239275,-0.909692,-0.736415,-0.386283,0,-0.296795,0.449336
3518,-0.295302,-0.181356,-0.041791,-0.182137,-0.088810,-0.405226,-0.495659,-0.396379,-0.600359,0,-0.298558,0.298558
3520,-0.212549,0.028613,-0.269583,-0.031709,-0.348126,-0.227845,-0.278200,-0.189383,-0.340342,0,-0.207681,0.214039
3521,-0.607246,-0.123952,0.387804,-0.599163,-0.142930,-0.157504,-0.178080,-0.408444,-0.352017,0,-0.242393,0.328571
3522,-0.334808,-0.175686,-0.243042,-0.227732,-0.087926,-0.113054,0.047919,-0.291848,-0.000823,0,-0.158556,0.169204
3523,0.601635,0.099812,0.578222,0.083649,-0.019873,-0.156570,-0.044269,-0.312061,-0.306675,0,0.058208,0.244752
3525,-0.425290,-0.015261,0.153453,-0.411129,-0.439570,-0.116224,-0.456417,-0.427936,-0.342276,0,-0.275628,0.309728
3527,-0.152123,0.014335,-0.569661,0.033769,-0.355378,-0.213560,-0.527085,0.162835,-0.522631,0,-0.236611,0.283486
3529,-0.190610,0.045848,-0.374762,-0.167381,-0.164459,-0.170186,-0.110790,-0.136721,-0.094870,0,-0.151548,0.161736
3530,0.053902,-0.086590,-0.451252,-0.126355,-0.083556,-0.213790,-0.134753,-0.037596,-0.267877,0,-0.149763,0.161741
3531,-0.049646,-0.288490,-0.193901,-0.209162,-0.098938,-0.142332,-0.197068,0.096592,-0.375129,0,-0.162008,0.183473
3533,-0.475742,0.203736,-0.527683,-0.143004,-0.188739,-0.199956,-0.510264,-0.721759,-0.157351,0,-0.302307,0.347582
3537,-0.123217,-0.071545,-0.466684,-0.006090,-0.699388,0.221375,-0.144908,-0.127242,-0.758507,0,-0.241801,0.290995
3540,-0.272471,-0.430238,0.006412,-0.283459,-0.228549,-0.387813,-0.051844,-0.191168,-0.455352,0,-0.254942,0.256367
3542,0.146375,-0.486278,-0.099059,-0.325678,-0.040298,-0.270888,-0.180116,-0.246541,-0.287379,0,-0.198874,0.231401
3544,-0.104868,-0.198063,-0.153149,-0.213079,-0.073752,-0.181973,-0.409025,-0.207296,-0.364744,0,-0.211772,0.211772
3546,-0.145906,-0.259256,-0.068698,-0.376972,-0.248839,-0.174266,-0.195518,-0.180807,-0.498903,0,-0.238796,0.238796
3549,-0.451577,0.663600,0.179270,0.677148,2.090206,-0.744461,2.795532,-1.951581,0.247078,0,0.389468,1.088939
3550,0.100361,3.040620,3.656999,2.703070,2.957716,-0.464547,1.259714,2.480290,1.745722,1,1.942216,2.045449
3551,0.419270,2.021008,6.737964,3.281762,6.642734,-2.354420,2.788826,0.166411,2.098329,1,2.422432,2.945636
3552,-0.174829,-0.088606,-0.253357,-0.182271,-0.182271,-0.182271,-0.182271,-0.182271,-0.182271,0,-0.178935,0.178935
3554,-0.109439,-0.109439,-0.109439,-0.109439,-0.109439,-0.109439,-0.109439,-0.109439,-0.109439,0,-0.109439,0.109439
3555,-1.094670,0.724434,2.238825,1.674019,1.430296,0.630215,-0.133381,0.185645,0.150410,0,0.645088,0.917988
3556,-0.335592,0.520699,0.775936,2.419219,0.852280,0.315056,0.167722,-0.173388,0.724733,0,0.585185,0.698292
3557,-0.354703,-0.250304,0.220542,0.013717,-0.313928,-0.162954,-0.172828,-0.509893,-0.348546,0,-0.208766,0.260824
3558,-0.260742,-0.284920,-0.088304,-0.487057,-0.238770,-0.499850,-0.199293,-0.287011,-0.315915,0,-0.295762,0.295762
3559,-0.166070,-0.218546,0.036081,-0.392535,0.029067,-0.166627,-0.264507,-0.097076,-0.351664,0,-0.176875,0.191352
3561,-0.521186,-0.560949,0.936974,0.285176,0.052892,-0.608008,-0.342427,-0.175791,-0.559851,0,-0.165908,0.449250
3562,-0.247201,-0.061839,0.067337,-0.080719,-0.025603,-0.170089,-0.057570,-0.173878,-0.483208,0,-0.136974,0.151938
3563,-0.246006,0.025102,0.024355,0.059085,-0.330504,-0.236339,0.426327,-0.389752,-0.338336,0,-0.111785,0.230645
3564,-0.312518,1.099322,2.468754,0.397988,4.162334,-0.868967,1.039419,-0.364522,0.668410,0,0.921136,1.264693
3565,-0.108487,-0.108487,0.027682,-0.214398,-0.172993,-0.035857,-0.102089,-0.199447,-0.148435,0,-0.118057,0.124208
3566,-0.318295,0.177386,0.040897,0.079661,-0.328492,-0.309432,-0.503738,-0.252766,-0.415015,0,-0.203310,0.269520
3567,0.049312,0.179400,-0.420712,0.447735,-0.288876,-0.431395,-0.395406,-0.357427,0.058393,0,-0.128775,0.292073
3568,0.417136,0.310402,0.393818,0.197554,0.423624,-0.668015,-0.758321,-0.533721,-0.031542,0,-0.027674,0.414903
3570,0.156336,-0.557430,-0.180316,-0.256234,0.036054,-0.254445,-0.672817,0.233452,-0.816745,0,-0.256905,0.351537
3571,-0.009387,0.071718,-0.367021,-0.005909,-0.270249,-0.228100,-0.298186,-0.266983,-0.261385,0,-0.181722,0.197660
3572,-0.125457,-0.020268,-0.247944,-0.069571,-0.192031,-0.039130,-0.186732,-0.211829,-0.180521,0,-0.141498,0.141498
3573,-0.235151,-0.109027,-0.195376,-0.041033,0.048036,-0.145392,-0.542719,-0.003380,-0.304568,0,-0.169846,0.180520
3575,-0.186716,-0.085744,-0.237128,0.229215,-0.123374,0.045759,-0.267945,-0.556542,-0.691298,0,-0.208197,0.269303
3576,-0.086894,-0.161701,-0.064458,-0.170583,-0.163941,-0.024857,-0.290176,-0.297887,-0.131495,0,-0.154666,0.154666
3579,0.306378,-0.090491,-0.246070,-0.191295,1.281306,-1.141331,-0.713005,0.114533,-0.112538,0,-0.088057,0.466327
3580,0.119547,-0.208400,0.085579,-0.322114,-0.260750,0.175109,-0.423952,-0.253556,-0.667925,0,-0.195162,0.279659
3581,-0.127402,0.011798,-0.366765,-0.093560,-0.224061,-0.303442,0.071266,-0.322488,-0.252513,0,-0.178574,0.197033
3583,-0.069943,-0.318854,-0.028735,0.025855,-0.373956,-0.229499,-0.185239,0.076106,-0.232097,0,-0.148485,0.171143
3584,0.372993,-0.254788,0.209831,0.200977,-0.368302,-0.637185,0.027253,-0.087344,-0.689088,0,-0.136184,0.316418
3585,1.003457,-0.533080,1.655986,0.662614,0.982136,0.184477,-0.220676,-1.011483,-0.971427,0,0.194667,0.802815
3586,-0.246177,-0.238299,0.225319,-0.270099,-0.151923,-0.404458,-0.415850,-0.351110,-0.452443,0,-0.256116,0.306186
3588,0.135344,-0.257164,0.234529,-0.068356,-0.227469,-0.398007,-0.034244,-0.497760,-0.289275,0,-0.155822,0.238016
3589,-0.151324,0.534330,-0.648211,-0.231016,-0.105242,-0.268790,-0.396515,-0.182426,-0.129011,0,-0.175356,0.294096
3590,-0.038646,-0.041745,-0.388155,-0.266956,-0.003567,-0.243912,-0.319920,-0.149930,-0.280402,0,-0.192582,0.192582
3591,-0.108487,-0.072018,0.034710,-0.471649,-0.122363,-0.189305,-0.013092,-0.399825,-0.180813,0,-0.169205,0.176918
3594,-0.047151,-0.128771,0.105991,-0.038160,-0.203139,-0.471587,0.396326,-0.711653,-0.621467,0,-0.191068,0.302694
3595,0.283259,-0.831077,0.043407,-0.513285,-0.523732,-0.481477,0.008802,-0.483517,-0.492665,0,-0.332254,0.406802
3596,-0.123962,-0.168512,-0.203769,-0.102512,0.057036,-0.420950,-0.046146,-0.298472,-0.114172,0,-0.157940,0.170615
3597,0.082396,-0.482447,-0.055971,-0.052948,-0.048007,-0.217139,0.153164,-0.575894,-0.043408,0,-0.137806,0.190153
3599,-0.180669,-0.149378,-0.123897,0.115011,-0.412083,-0.138697,-0.223008,-0.106726,-0.198316,0,-0.157529,0.183087
3607,-0.262011,-0.239366,-0.039130,-0.256315,-0.006300,-0.261305,-0.093468,-0.154218,-0.170081,0,-0.164688,0.164688
3608,-0.613688,1.290686,-0.544143,0.330258,-0.014399,0.413451,-0.318300,-0.800460,-0.067430,0,-0.036003,0.488090
3610,0.214955,-0.216890,-0.004714,-0.130271,-0.304052,-0.237670,-0.131198,-1.148415,-0.358317,0,-0.257397,0.305165
3612,0.072307,-0.584738,0.060598,-0.313865,0.547925,-0.527048,-0.647093,-0.518773,-0.442194,0,-0.261431,0.412727
3614,-0.016411,0.116493,0.035794,-0.391989,0.329714,-0.419730,-0.623454,-0.501345,-0.129398,0,-0.177814,0.284925
3616,-0.003587,0.188875,1.054529,0.047805,1.009163,0.109075,-0.732960,-0.030731,-0.586086,0,0.117342,0.418090
3617,-0.186252,-0.073379,-0.184063,-0.129601,-0.237530,-0.077611,-0.229961,-0.154031,-0.130306,0,-0.155859,0.155859
3618,-0.297093,-0.264067,0.125162,0.224204,-0.067205,-0.388817,-0.218923,-0.192289,-0.539696,0,-0.179858,0.257495
3619,0.057475,-0.581351,-0.367139,-0.205786,-0.388907,-0.365519,-0.253947,-0.116908,-0.374635,0,-0.288524,0.301296
3620,-0.615790,0.398302,0.069315,1.187553,2.114657,-1.323955,-0.139814,-0.150237,-0.118374,0,0.157962,0.679777
3621,-0.047992,-0.241251,-0.327529,-0.339565,-0.443884,0.244548,-0.692372,-0.199863,-1.284964,0,-0.370319,0.424663
3622,-0.309595,-0.190428,-0.286494,-0.139223,-0.049645,-0.302981,-0.194647,-0.452463,-0.277532,0,-0.244779,0.244779
3623,-0.102783,0.039331,-0.271981,-0.454403,0.202514,-0.078006,-0.511475,-0.381023,-0.402709,0,-0.217837,0.271581
3624,-0.323978,0.115843,-0.293239,0.324640,-0.587317,-0.107127,-0.451647,-0.114701,-0.415059,0,-0.205843,0.303728
3629,0.203119,-0.269986,2.150133,-1.170168,1.399543,-1.502962,2.153921,0.879125,-1.130552,0,0.301353,1.206612
3630,0.210466,1.676075,5.306024,1.215624,5.037297,-0.822209,5.806966,-1.850503,2.026966,1,2.067412,2.661348
3631,2.577597,0.548406,3.723686,0.861097,5.484181,0.965987,-0.918270,0.547127,0.120593,1,1.545600,1.749660
3632,0.102491,-0.101957,-0.367219,-0.409518,-0.382874,-0.263819,-0.381150,-0.382874,-0.382874,0,-0.285533,0.308309
3633,-0.053139,-0.386607,-0.157075,-0.429587,-0.033461,-0.325633,-0.562801,-0.398123,-0.532866,0,-0.319921,0.319921
3634,-0.187133,-0.030094,-0.254571,0.299951,0.150808,-0.202891,-1.166801,-0.165854,-0.842617,0,-0.266578,0.366747
3635,-0.373209,0.226610,-0.331345,0.398922,-0.352837,-0.317414,-0.600784,-0.076547,-0.392674,0,-0.202142,0.341149
3636,-0.087405,1.649424,-0.273554,-0.259959,0.723806,-1.149962,-0.090152,-0.529998,-0.474852,0,-0.054739,0.582124
3637,0.190854,-0.245238,0.156088,-0.606671,-0.260841,-0.193430,-0.276342,-0.447939,0.039741,0,-0.182642,0.268572
3638,0.208503,-0.255961,-0.040291,0.115042,-0.407620,-0.591929,-0.311348,-0.608382,-0.242614,0,-0.237178,0.309077
3639,0.134167,-0.553507,0.565648,-0.420784,-0.007359,-0.246503,-0.098006,-0.441748,-0.789668,0,-0.206418,0.361932
3640,0.062562,-0.278035,-0.262451,-0.011302,0.526947,-0.613715,-0.045289,-0.992442,-0.465906,0,-0.231070,0.362072
3641,0.104429,-0.142969,-0.010432,-0.515860,0.250837,-1.104495,-0.121425,-0.098422,-0.410512,0,-0.227650,0.306598
3643,0.238283,-0.381104,-0.367767,-0.270296,-0.278309,-0.323808,-0.270296,0.454712,-0.647833,0,-0.205158,0.359156
3644,0.550611,0.491786,1.368791,0.776270,0.605640,1.307909,-1.357144,-2.013358,0.748562,0,0.275452,1.024452
3646,0.003930,-0.490695,-0.106102,-0.441625,-0.066594,-0.424765,-0.328911,-0.078899,-0.441153,0,-0.263868,0.264742
3647,-0.109439,-0.109439,-0.109439,-0.109439,-0.109439,-0.109439,-0.109439,-0.079127,-0.064477,0,-0.101075,0.101075
3649,-0.100960,-0.301025,-0.147958,0.171618,-0.271091,-0.271399,-0.338574,-0.100142,-0.508028,0,-0.207507,0.245644
3658,-0.049174,0.422140,-0.071566,0.077023,0.737325,-0.187086,0.160744,-0.030867,0.766741,0,0.202809,0.278074
3659,-0.262426,-0.102835,0.310895,-0.823059,0.167890,-0.152125,-0.493029,-0.465230,-0.115327,0,-0.215027,0.321424
3660,0.236901,0.397912,-0.015573,1.262201,0.014008,0.125211,0.378291,0.242401,-0.772739,0,0.207624,0.382804
3661,-0.004886,-0.276334,-0.373929,-0.266614,-0.320439,-0.270296,-0.270296,-0.270296,-0.270296,0,-0.258154,0.258154
3662,-0.182279,-0.114979,-0.068758,-0.146284,-0.129944,-0.251430,-0.112764,-0.131122,-0.053612,0,-0.132352,0.132352
3663,-0.582676,-0.072325,-0.144666,-0.025838,-0.337736,-0.129559,-0.431321,-0.170792,-0.272393,0,-0.240812,0.240812
3664,-0.345961,0.146282,-0.078945,-0.449080,-0.035383,0.171494,0.104603,-0.416575,-0.493768,0,-0.155259,0.249121
3665,-0.308413,-0.050912,-0.139621,-0.499218,-0.170585,0.142191,-0.341979,-0.415356,-0.325212,0,-0.234345,0.265943
3666,0.141962,0.853256,-0.020776,0.903774,-0.743858,-0.210461,-0.331793,-0.068048,-0.756333,0,-0.025809,0.447807
3669,0.140282,-0.375683,0.126524,-0.308350,-0.111864,-0.120887,-0.575075,-0.393872,-0.030832,0,-0.183306,0.242596
3670,-0.251059,-0.181572,-0.257395,-0.060978,-0.050007,-0.462610,-0.350010,-0.320653,-0.367209,0,-0.255721,0.255721
3671,0.003839,-0.313778,-0.236274,-0.429266,-0.061264,0.059522,-0.010962,-0.354681,-0.623919,0,-0.218532,0.232612
3672,0.605267,0.740152,1.719990,0.246014,1.363844,0.525823,-0.672934,1.527697,-0.203705,0,0.650239,0.845047
3673,-0.521081,0.037245,0.229561,-0.323429,0.115747,0.113441,0.056698,-0.912432,-0.086209,0,-0.143384,0.266205
3675,-0.387500,-0.537738,0.215950,0.421053,0.075059,-0.147732,-0.129237,-0.604294,-0.385997,0,-0.164493,0.322729
3676,-0.230109,-0.421473,-0.341047,-0.618412,-0.310721,0.446584,-0.508736,-0.575878,-0.304782,0,-0.318286,0.417527
3677,0.082459,-0.502260,3.793679,1.122675,3.873204,0.318055,0.329099,1.734872,1.229128,0,1.331212,1.442826
3678,-0.624627,1.259789,1.372364,0.071436,1.852979,-0.610897,0.197087,0.625083,-0.957728,0,0.353943,0.841332
3682,-0.515124,-0.432950,-0.279484,0.225353,-0.015373,-0.324932,-0.308117,-0.151494,-0.665746,0,-0.274208,0.324286
3683,-0.571349,-0.104172,-0.476031,-0.074947,0.631779,-0.937901,-0.460878,-0.522751,-0.394567,0,-0.323424,0.463819
3685,-0.486900,-0.874923,0.248538,-0.166228,1.518572,-1.066430,-0.155587,0.256727,-0.524639,0,-0.138985,0.588727
3687,-0.022194,-0.317431,0.469817,-0.642724,-0.045772,-0.173435,-0.463827,0.141679,-0.526450,0,-0.175593,0.311481
3688,-0.339940,-0.000185,-0.378723,0.423761,0.331620,-0.247394,-1.190754,-0.078049,-0.564326,0,-0.227110,0.394973
3689,0.184231,-0.704741,0.083370,-0.692657,-0.491502,-0.123504,-0.085025,0.092994,-0.667539,0,-0.267153,0.347285
3690,-0.204994,1.231947,8.426817,0.622383,14.142724,-1.313183,1.600161,2.778836,0.377015,1,3.073523,3.410896
3691,-0.777241,1.743312,2.685865,0.801406,4.959804,3.661500,-0.752939,0.641914,0.642364,0,1.511776,1.851816
3694,-0.100034,-0.100034,-0.100034,-0.100034,-0.100034,-0.100034,-0.100034,-0.100034,-0.100034,0,-0.100034,0.100034
3695,-0.354391,-0.215996,0.041264,-0.106817,-0.061601,-0.460516,-0.349877,-0.399405,-0.345358,0,-0.250300,0.259470
3697,-0.208178,-0.264756,-0.077125,-0.176341,-0.041453,-0.306998,-0.583459,-0.154130,-0.182730,0,-0.221686,0.221686
3698,-0.238560,-0.172380,0.028575,-0.012949,0.083561,-0.069054,-0.373041,0.190871,-0.690619,0,-0.139288,0.206623
3699,-0.542452,0.028787,-0.045237,-0.098011,0.024768,-0.177014,0.103235,0.169392,-0.330211,0,-0.096305,0.168790
3700,-0.553271,-0.288567,0.565149,-0.030200,0.219122,-0.961484,-0.322824,-0.310435,-0.936562,0,-0.291008,0.465290
3701,0.157802,-0.567800,0.538752,0.099661,-0.277376,0.345180,-0.500777,-0.603282,-0.939163,0,-0.194111,0.447755
3704,-0.137420,-0.118268,-0.118268,-0.075465,-0.106905,-0.223934,-0.126445,-0.107794,-0.138226,0,-0.128081,0.128081
3705,-0.373284,-0.281072,-0.195796,-0.442299,0.027045,-0.136237,-0.400426,-0.221979,0.014367,0,-0.223298,0.232500
3707,-1.032184,-0.582785,0.292970,-0.292917,-0.759883,-0.086355,-0.192776,1.131364,-1.623654,0,-0.349580,0.666099
3708,-0.108487,-0.108487,-0.095581,-0.205808,-0.176408,0.188432,-0.354839,-0.043873,-0.426322,0,-0.147930,0.189804
3709,-0.249087,-0.317861,-0.139193,-0.149483,-0.248953,0.077768,-0.659125,-0.204452,-0.417342,0,-0.256414,0.273696
3711,0.190419,-0.129087,0.142783,-0.443061,-0.352414,0.392482,-0.623376,-0.453223,-0.506625,0,-0.198011,0.359275
3712,-0.288434,-0.222590,-0.033684,-0.073687,-0.069663,-0.088036,-0.051538,-0.393215,-0.390899,0,-0.179083,0.179083
3713,-0.266723,-0.055654,-0.322720,-0.116719,-0.434983,0.068585,-0.059862,-0.617588,-0.361792,0,-0.240829,0.256070
3714,-0.201980,-0.443955,0.485457,-0.688845,0.643934,0.684952,-0.682633,-0.009802,-1.481389,0,-0.188251,0.591439
3715,-0.307220,-0.127911,-0.275187,0.191981,0.039633,-0.222315,-0.027416,-0.309953,-0.097266,0,-0.126184,0.177654
3717,0.100055,0.356379,0.318820,-0.080455,0.213669,0.158922,0.245843,0.453172,-1.482333,0,0.031563,0.378850
3718,-0.130490,-0.121692,-0.089551,-0.233672,-0.124482,-0.087112,-0.298391,-0.091844,-0.074290,0,-0.139058,0.139058
3719,-0.274786,-0.277971,-0.107100,-0.330487,0.178337,-0.184523,-0.477014,-0.223013,-0.324704,0,-0.224585,0.264215
3720,-0.051340,0.224404,-0.566869,0.054091,-0.042305,0.172905,-0.091190,-0.290208,-0.414006,0,-0.111613,0.211924
3722,0.060301,0.411821,1.974171,1.385337,0.904548,0.272455,-0.771905,0.344795,-1.105763,0,0.386196,0.803455
3723,-0.135336,-0.141398,0.829145,-0.386554,1.293625,-0.291236,-0.236424,0.073537,-0.672537,0,0.036980,0.451088
3724,-0.280282,-0.005983,-0.217289,-0.216771,-0.129826,-0.109791,-0.171397,-0.149378,-0.149378,0,-0.158899,0.158899
3725,-0.401844,0.046246,-0.032917,0.004896,-0.391018,0.354028,-0.548789,-0.553230,-0.091048,0,-0.179297,0.269335
3726,-0.200616,-0.102134,-0.220253,0.247992,-0.740820,-0.383230,-0.146629,-0.312711,-0.199502,0,-0.228656,0.283765
3727,-0.292816,-0.080897,-0.222141,-0.068298,-0.337493,-0.249119,-0.033300,-0.310363,-0.280610,0,-0.208338,0.208338
3728,-0.244768,-0.164603,-0.343592,0.047456,-0.272973,-0.446518,0.062698,-0.066635,-0.953880,0,-0.264757,0.289236
3730,1.218258,-0.821359,2.451375,0.947048,0.698384,1.151649,-0.491163,0.658469,1.646894,0,0.828839,1.120511
3732,-0.249706,-0.410309,0.231754,-0.064687,-0.022793,-0.396590,-0.167061,-0.246061,-0.763031,0,-0.232054,0.283555
3733,0.063316,-0.342636,0.079930,0.364702,-0.785214,-0.223034,-0.133942,-0.339429,-0.352542,0,-0.185428,0.298305
3735,-0.413596,-0.227080,0.083200,-0.188846,0.212242,-0.217043,-0.424343,-0.259591,-0.010824,0,-0.160653,0.226307
3736,-0.169255,-0.146144,-0.120458,-0.025665,-0.384228,-0.180813,-0.180813,-0.137706,-0.312359,0,-0.184160,0.184160
3737,-0.737601,0.214780,0.188019,1.150052,0.260579,0.487762,-1.213341,0.383414,-0.915112,0,-0.020161,0.616740
3738,-0.086527,-0.179116,-0.162826,0.100581,-0.433320,-0.230786,-0.070694,0.043205,-0.309008,0,-0.147610,0.179562
3739,-0.273886,-0.106331,-0.080214,-0.096333,-0.076407,-0.342240,-0.062292,-0.406403,-0.259928,0,-0.189337,0.189337
3740,-0.135761,-0.341113,-0.143439,-0.150260,-0.235423,-0.167245,-0.274347,0.654523,-0.115517,0,-0.100954,0.246403
3741,-0.284582,-0.508043,1.460617,-0.507043,-0.066878,0.592885,0.070826,0.015047,-0.828339,0,-0.006168,0.481584
3744,-0.367273,-0.189724,-0.310988,0.142734,-0.208870,0.019488,-0.292242,-0.334723,-0.234534,0,-0.197348,0.233397
3746,-0.097376,-0.395738,0.052040,-0.451580,-0.270902,-0.208206,-0.384549,-0.172389,-0.575800,0,-0.278278,0.289842
3747,-0.695994,0.983011,0.073442,0.583420,0.830188,0.607082,-0.278210,-0.123618,-0.627950,0,0.150152,0.533657
3749,-0.365960,3.143298,-1.720049,0.040495,0.013238,-0.452742,-0.505173,-0.760715,-0.407750,0,-0.112817,0.823269
3750,-1.126917,2.109190,6.743802,5.914106,14.829060,-6.628068,-2.753570,6.281928,5.320387,1,3.409991,5.745225
3751,-0.105928,-0.242540,-0.161852,-0.116528,-0.169436,-0.063814,-0.092859,-0.194990,-0.024870,0,-0.130313,0.130313
3752,0.257407,0.214970,3.591149,0.852280,4.316483,-0.453623,-0.334385,0.986854,0.253554,0,1.076077,1.251189
3753,-0.153145,-0.225107,1.266404,1.860099,1.058199,-0.255229,-0.478920,2.925470,3.334418,0,1.036910,1.284110
3754,2.564249,1.525206,5.858613,7.273848,15.353497,-8.115745,0.565714,3.016154,-0.210104,1,3.092381,4.942570
3755,-0.098864,-0.152974,-0.028937,-0.234551,-0.180508,-0.174386,-0.305175,-0.124840,-0.238721,0,-0.170995,0.170995
3756,1.680123,-0.777013,1.151100,1.799109,5.788760,2.460797,-1.712330,1.379801,1.464998,0,1.470594,2.023781
3757,0.166291,-0.069052,1.091099,-0.771599,1.306815,0.784629,-0.329546,-0.514433,-0.527929,0,0.126253,0.617933
3758,0.126574,-0.179156,0.473921,-0.489711,-0.073069,-0.174217,-0.947855,-0.064703,-0.533858,0,-0.206897,0.340341
3759,0.307886,-0.076303,-0.307695,-0.159305,0.045596,-0.172110,-0.468907,-0.269440,-0.796668,0,-0.210772,0.289323
3760,-0.320728,-0.062920,-0.357733,-0.253511,0.164179,-0.249205,-0.225307,-0.424346,-0.124722,0,-0.206033,0.242517
3761,-0.266424,-0.292168,0.200820,-0.673439,0.346022,0.191015,-0.439058,-0.408409,-1.123646,0,-0.273921,0.437889
3762,-0.119620,-0.133123,-0.241690,-0.018857,-0.246934,-0.149378,-0.053517,-0.117613,-0.163791,0,-0.138280,0.138280
3763,0.364768,-0.321624,0.013182,-0.247755,-0.059701,-0.036988,-0.449861,-0.236116,-0.623453,0,-0.177505,0.261494
3764,0.630848,0.270925,0.848314,1.120331,0.737597,1.192296,-0.429847,0.762278,-1.428961,0,0.411531,0.824600
3765,0.168984,-0.922909,0.056351,0.521326,0.112290,0.087065,-0.199605,0.167996,-0.694498,0,-0.078111,0.325669
3766,-0.006735,-0.070493,0.029230,-0.288744,-0.135058,0.282868,-0.090540,0.164241,-0.845840,0,-0.106786,0.212639
3767,-0.022844,-0.038195,-0.046517,-0.399986,-0.175044,0.195530,-0.285824,0.126350,0.038665,0,-0.067541,0.147662
3770,-0.597431,1.586410,-0.399704,-0.101389,0.163087,-0.066699,-1.234745,0.025202,-0.207765,0,-0.092559,0.486937
3775,-0.176762,0.111787,0.383865,-0.247142,0.220074,-0.245017,-0.110146,-0.343910,-0.891746,0,-0.144333,0.303383
3777,-0.100885,-0.100442,2.112331,-0.587459,1.618844,0.339488,0.086036,-0.286198,-0.636665,0,0.271672,0.652039
3778,-0.231137,-0.019516,-0.283319,0.013333,-0.206395,-0.001888,-0.172178,-0.273875,-0.306058,0,-0.164559,0.167522
3779,-0.100331,-0.026461,-0.070710,-0.055099,0.304666,-0.391289,-0.168262,-0.457170,-0.386906,0,-0.150174,0.217877
3781,-0.211067,-0.320152,0.427739,0.501767,-0.209399,0.049362,-0.561159,-0.545036,-0.566561,0,-0.159389,0.376916
3782,-0.379820,-0.203306,0.799144,-0.040627,0.766636,-0.017080,0.273996,-0.484042,-0.564046,0,0.016762,0.392077
3783,-0.169095,-0.297559,0.455535,-0.805976,0.076829,0.473413,-0.441092,-1.014348,-0.387798,0,-0.234454,0.457961
3785,-0.048119,-0.048119,-0.048119,-0.048119,-0.048119,0.006402,-0.128870,-0.145270,-0.109439,0,-0.068642,0.070064
3786,-0.122146,-0.215990,-0.130297,0.001714,0.125879,0.026246,0.003893,0.110391,-0.416467,0,-0.068531,0.128114
3787,-0.202845,-0.073008,0.156650,-0.442692,-0.081511,-0.033264,-0.136918,-0.150293,-0.087468,0,-0.116817,0.151628
3788,0.126809,-0.309698,0.053906,0.044981,-0.047303,0.153817,-0.451122,-0.076371,-0.493641,0,-0.110958,0.195294
3789,-0.123749,0.109926,-0.379275,-0.173309,-0.173309,-0.083702,-0.096305,-0.114290,-0.167931,0,-0.133549,0.157977
3791,-0.151702,-0.254998,0.364923,-0.060925,-0.051095,0.040802,-0.371585,0.098263,-0.522374,0,-0.100966,0.212963
3792,-0.025521,-0.199609,-0.129378,0.138097,-0.060122,-0.214011,-0.260083,-0.150619,-0.445671,0,-0.149657,0.180346
3793,-0.220378,0.083875,-0.113680,0.179458,-0.559757,0.175436,-0.413327,0.100471,-1.132439,0,-0.211149,0.330980
3795,0.163209,-0.427146,0.347141,-0.339253,-0.488681,0.248718,-0.745496,0.317451,-0.529747,0,-0.161534,0.400760
3796,1.148348,-0.094041,0.651397,-0.954268,1.183590,0.388042,0.384863,-0.318374,-0.760112,0,0.181049,0.653671
3797,-0.069045,0.394025,-0.167925,-0.513506,-0.035163,-0.032366,-0.980072,-0.147459,-0.749492,0,-0.255667,0.343228
3799,0.006495,0.771391,0.210517,-0.872170,0.681074,0.201433,0.069614,-0.878347,-0.609837,0,-0.046648,0.477875
3802,0.061727,-0.047409,3.772962,1.194392,6.179917,0.920278,-2.085898,1.617480,-0.000545,0,1.290323,1.764512
3803,-0.490324,-0.078597,1.824476,1.184065,0.755673,1.143212,-1.923986,0.579308,-0.551870,0,0.271328,0.947946
3804,-0.755587,0.909611,0.769873,0.337499,1.180123,-0.716516,-0.367950,0.855144,0.305281,0,0.279720,0.688620
3805,-1.016603,2.852456,7.808287,6.624574,12.902724,-0.155671,-2.310974,5.735265,-0.354041,1,3.565113,4.417844
3806,-1.170374,3.084340,5.908687,6.157600,13.824366,-0.051435,-1.525705,4.991290,0.813602,1,3.559152,4.169711
3807,-0.173441,0.116903,0.873693,0.256776,0.844196,0.967505,-0.942573,0.417315,-0.893304,0,0.163008,0.609523
3808,-0.585118,-0.025966,0.735121,-0.208398,0.426793,0.020619,-0.276314,-0.388743,-0.599334,0,-0.100149,0.362934
3809,0.860225,1.363243,5.672752,5.690105,5.167002,1.051443,-1.056821,3.189531,3.139715,1,2.786355,3.021204
3810,-0.369911,1.914269,7.795306,2.991098,12.495844,2.023438,-0.150520,3.983439,1.521320,1,3.578254,3.693905
3812,-0.568471,-0.024694,-0.047747,-0.261020,-0.151889,0.143860,-0.118282,-1.138618,0.128114,0,-0.226528,0.286966
3813,-0.345145,0.251109,-0.156200,0.233461,-0.485716,-0.226463,0.135974,0.189508,-0.701661,0,-0.122793,0.302804
3814,-0.284778,-0.238565,0.382519,0.588741,-0.293390,-0.739743,-0.134391,-0.807603,-0.735541,0,-0.251417,0.467252
3815,-0.578016,-0.411348,-0.046480,0.166979,0.558041,0.305447,-0.554045,-0.191205,0.084065,0,-0.074062,0.321736
3816,-0.409367,0.325315,0.075868,0.176834,-0.546737,0.131788,0.041682,-0.244825,-1.053113,0,-0.166951,0.333948
3818,-0.178486,1.283449,2.566397,0.441702,1.528877,1.036392,-0.571680,1.451775,0.748171,0,0.922955,1.089659
3820,0.337568,1.786707,1.430435,2.659701,2.086486,0.935108,0.939956,1.452643,1.690089,0,1.479855,1.479855
3821,-0.477273,-0.341264,0.323171,-0.278784,-0.061922,0.237798,-0.159637,-1.139830,-0.532963,0,-0.270078,0.394738
3822,-0.535164,-0.175073,0.074480,-0.280272,-0.296844,-0.172703,-0.369240,-0.260342,-0.227389,0,-0.249172,0.265723
3823,-0.243797,0.008867,0.183717,-0.344516,0.396824,-0.750059,0.546885,-0.075416,-0.898262,0,-0.130640,0.383149
3824,-0.189127,0.040276,0.216239,0.137820,-0.029292,0.082612,0.008494,-0.179304,0.072967,0,0.017854,0.106237
3825,-1.151120,1.449360,1.059102,0.923140,0.314962,0.096934,0.394277,0.308493,3.008386,0,0.711504,0.967308
3831,-0.206405,0.053248,0.092688,0.101938,-0.431810,-0.189972,-0.672195,-0.511924,-1.162457,0,-0.325210,0.380293
3832,0.064042,-0.349599,-0.042919,0.001858,-0.149098,-0.204733,-0.413071,-0.133229,-0.152266,0,-0.153224,0.167868
3833,-0.327661,-0.043969,-0.153199,-0.187343,-0.061757,-0.276613,-0.058753,-0.406543,-0.128752,0,-0.182732,0.182732
3835,-0.176517,-0.081903,-0.421625,0.282208,-0.589261,-0.128201,-0.056466,-0.066476,-0.343500,0,-0.175749,0.238462
3840,0.193508,1.433635,0.821227,0.248642,0.745385,0.908572,0.842538,-0.018541,1.602992,0,0.753106,0.757227
3842,-0.895193,0.446607,-0.260711,0.100134,0.485571,-0.268347,0.241396,-0.520414,-0.031694,0,-0.078072,0.361119
3844,0.040503,2.052778,0.653718,3.172643,1.292243,2.014637,1.435120,1.945771,2.692146,1,1.699951,1.699951
3847,-0.390476,0.218974,0.299294,0.040640,-0.142872,-0.150592,-0.679280,0.319333,-0.969769,0,-0.161639,0.356803
3850,-0.924073,1.780831,0.381405,-0.140062,0.806808,0.087007,-0.256672,0.222366,1.053634,0,0.334583,0.628095
3851,-0.303052,0.681870,0.390731,0.358532,1.823676,-0.166301,-1.082866,0.992994,-0.844618,0,0.205663,0.738293
3852,-0.075849,0.014289,-0.229289,-0.114979,-0.114979,-0.114979,-0.095964,-0.262601,-0.105537,0,-0.122210,0.125385
3853,-0.195803,-0.126512,-0.113677,-0.108487,-0.108487,-0.108487,-0.108487,-0.108487,-0.108487,0,-0.120768,0.120768
3854,-0.352264,0.024876,-0.098102,-0.084151,0.064287,0.225497,-0.350903,0.165086,-0.335332,0,-0.082334,0.188944
3856,0.060271,-0.252601,-0.369673,-0.088181,-0.369363,-0.482273,-0.189058,-0.293397,-0.781625,0,-0.307322,0.320716
3857,-0.358605,-0.212625,-0.331942,-0.029475,-0.110266,-0.311574,-0.180850,-0.293772,-0.403849,0,-0.248107,0.248107
3858,0.160150,-0.396548,0.302741,-0.056661,0.753187,-0.477187,-0.250958,-0.432946,-0.952805,0,-0.150114,0.420354
3859,-0.294947,-0.449098,0.261463,-0.124725,-0.481155,-0.233711,0.221226,-0.197112,-0.828346,0,-0.236267,0.343532
3860,-0.609552,0.159074,0.585549,-0.235463,0.657466,-1.320647,0.470247,-0.182244,-0.357673,0,-0.092583,0.508657
3862,0.271433,-0.415625,-0.240168,0.017530,0.246404,-0.081497,-0.391703,0.112769,-0.564194,0,-0.116117,0.260147
3864,-0.314427,0.118673,-0.365773,-0.108582,-0.273802,-0.186849,-0.190704,-0.099962,-0.085184,0,-0.167401,0.193773
3865,-0.212710,0.111916,-0.052345,-0.359681,0.042346,-0.200840,-0.367995,-0.264577,-0.412239,0,-0.190681,0.224961
3869,-0.635461,0.703762,-0.317480,0.029192,0.169437,-0.135234,0.079831,-0.889389,-0.279582,0,-0.141658,0.359930
3870,-0.714762,-0.296020,-0.040196,-0.136539,-0.689733,-0.082525,-0.195583,-0.579032,-0.781784,0,-0.390686,0.390686
3871,-0.298196,0.260610,-0.620476,0.063357,-0.373429,0.250215,-0.277344,-0.814922,-0.490835,0,-0.255669,0.383265
3873,-0.476525,-0.089363,-0.155465,-0.089516,-0.146103,-0.112580,-0.323289,-0.219120,-0.367118,0,-0.219898,0.219898
3874,-0.428091,-0.122946,-0.152087,-0.073068,-0.253718,-0.596907,-0.172074,-0.501973,-0.366518,0,-0.296376,0.296376
3875,0.340794,1.141800,3.099501,0.025761,2.563035,0.890189,0.808501,-0.340215,-0.231611,0,0.921973,1.049045
3878,-0.316125,0.105368,-0.223032,0.551653,0.578838,0.068595,-0.547986,-0.464551,-0.750215,0,-0.110828,0.400707
3880,-0.514879,0.064438,0.476156,0.240783,1.411316,-0.322705,-0.086493,-0.482769,-0.132658,0,0.072576,0.414688
3882,-0.177140,-0.147784,0.189343,-0.050204,0.233910,-0.107340,-0.116836,-0.462967,-0.364619,0,-0.111515,0.205571
3885,-0.207635,-0.589044,-0.284169,0.123636,-0.874220,-0.379744,-0.464838,-0.417104,-0.564404,0,-0.406391,0.433866
3886,0.035500,-0.134266,-0.116151,-0.256573,0.090202,-0.436722,-0.132866,-0.456174,0.159931,0,-0.138569,0.202043
3887,-0.054564,-0.152058,-0.130075,-0.309829,-0.167704,-0.084310,0.730921,-0.933879,-0.626216,0,-0.191968,0.354395
3888,-0.822136,0.360627,0.448950,-0.687557,0.840285,-0.563357,-1.136295,-0.051276,-0.779344,0,-0.265567,0.632203
3889,-0.083903,-0.275275,0.081933,-0.257670,-0.023882,-0.075963,-0.203245,-0.258277,-0.110138,0,-0.134047,0.152254
3890,-0.138925,0.024313,-0.264150,-0.235631,0.254158,-0.351437,-0.369868,-0.055201,-0.483016,0,-0.179973,0.241856
3891,-0.102685,-0.262458,-0.162610,0.078276,-0.398580,-0.076647,-0.363828,-0.190234,-0.217047,0,-0.188424,0.205818
3892,-0.463090,-0.349332,0.316065,-0.485949,-0.042409,0.001775,-0.288265,-0.395258,0.155037,0,-0.172381,0.277465
3893,-0.184604,-0.026105,-0.218462,-0.285072,-0.105537,-0.105537,-0.125214,-0.129232,-0.118268,0,-0.144226,0.144226
3895,-0.111682,-0.187400,-0.213286,0.064725,-0.315280,0.002090,-0.247765,-0.065387,-0.353187,0,-0.158575,0.173422
3896,-0.039532,-0.015386,-0.111753,-0.278240,-0.114564,-0.230940,-0.380829,-0.087243,-0.317952,0,-0.175160,0.175160
3898,0.052473,0.386020,-0.167269,-0.257549,-0.345100,-0.001667,-0.464863,-0.376467,0.198419,0,-0.108445,0.249981
3900,-0.202712,-0.101841,-0.193924,-0.112943,-0.127389,-0.148451,-0.127571,-0.189391,-0.198902,0,-0.155903,0.155903
3902,-0.398027,-0.189868,0.177765,-0.154288,0.203165,-0.156843,-0.539368,-0.207714,-0.148951,0,-0.157125,0.241777
3903,-0.217074,-0.469200,-0.157544,-0.284037,-0.377125,-0.202562,0.065948,0.047846,-0.433279,0,-0.225225,0.250513
3904,0.023321,-0.637011,0.076364,0.637874,0.268305,-0.010389,-0.373998,-0.188286,-0.565281,0,-0.085456,0.308981
3909,-1.704333,-0.222843,1.725635,-0.863460,1.257997,0.173087,0.388273,-0.212146,-0.818499,0,-0.030699,0.818475
3910,-0.578731,0.639124,3.729455,0.143296,2.267365,0.460968,-0.122964,0.780879,-0.110507,0,0.800987,0.981476
3911,0.174043,0.038475,0.584931,0.037258,0.050431,-0.625381,-0.252337,-0.239980,-0.695441,0,-0.103111,0.299809
3912,0.644289,0.115753,0.812937,0.692884,1.225027,0.919952,-1.079220,0.097561,-1.447321,0,0.220207,0.781660
3913,0.277250,-0.319082,-0.672908,0.249781,-0.243218,0.330746,-0.066415,-0.772384,-0.984508,0,-0.244526,0.435144
3915,0.665951,0.673174,0.433502,0.715309,2.592459,-1.194124,0.094778,-0.280742,-0.513979,0,0.354036,0.796002
3916,-0.429499,-0.027222,0.175215,-0.230356,0.425275,-0.184013,0.077516,-0.074878,-0.397164,0,-0.073903,0.224571
3918,-0.291611,-0.535381,0.144258,3.201907,0.050039,-0.767429,-0.930170,-0.138492,-0.842275,0,-0.012128,0.766840
3919,-0.610087,0.088041,0.287358,-0.092495,0.008929,-0.330595,-0.432764,-0.080256,-0.756394,0,-0.213140,0.298546
3921,0.058202,-0.283885,-0.214689,-0.213506,0.117732,-0.119622,-0.431078,-0.102814,-0.532872,0,-0.191392,0.230489
3922,1.514952,0.281755,2.788034,1.040878,3.115837,0.342193,0.414071,-0.151127,-1.088492,0,0.917567,1.193038
3923,-0.339262,0.075944,-0.013210,0.035778,-0.069431,-0.231457,-0.206969,0.204091,-0.292661,0,-0.093020,0.163200
3925,-0.361194,0.945289,0.985073,-0.371075,1.762885,0.868086,-0.346974,0.360902,-0.688119,0,0.350541,0.743289
3926,0.233494,-0.267290,0.279580,0.217393,0.990602,0.410613,-0.407338,-0.254152,-1.044429,0,0.017608,0.456099
3927,-0.316524,-0.402207,1.376834,0.141945,-0.038325,0.386722,-0.749178,-0.207739,-0.027144,0,0.018265,0.405180
3928,-0.059995,0.122922,-0.360548,-0.163394,0.252598,-0.664480,0.038178,-0.077425,-0.475975,0,-0.154235,0.246168
3929,-0.279924,-0.107035,0.606590,-0.149162,0.561373,0.408343,-0.432099,0.061080,0.084463,0,0.083737,0.298897
3930,0.252216,0.515439,2.615349,1.423323,3.179409,0.972489,0.295762,1.821449,-0.807690,0,1.140861,1.320347
3931,-0.414445,1.375805,1.976880,1.227057,2.440645,1.087487,1.227981,-0.626624,-0.407279,0,0.876390,1.198245
3933,-0.027432,-0.295636,0.391578,0.072847,-0.468689,-0.231502,-0.167479,-0.457552,-0.404621,0,-0.176498,0.279704
3934,-0.240628,1.174062,1.544831,0.550178,3.183510,1.303482,1.092436,-0.958648,0.438738,0,0.898662,1.165168
3936,0.402284,0.174073,1.253181,0.444916,2.571691,-0.905153,0.418431,1.123294,-0.689242,0,0.532608,0.886918
3937,0.216078,-0.326281,-0.230041,0.361793,0.422939,0.153727,0.130550,-0.348155,-0.175055,0,0.022840,0.262736
3938,-0.009816,0.265671,-0.294369,-0.040187,0.619382,0.023941,0.049827,-0.368235,0.529942,0,0.086239,0.244596
3939,-0.038267,0.816003,0.617951,0.961979,3.568701,-0.003661,1.228756,0.054280,0.247535,0,0.828142,0.837459
3940,-0.149129,-0.330111,-0.064215,0.069282,0.775930,0.259520,-0.617690,-0.606712,-0.488446,0,-0.127952,0.373448
3941,-0.004753,0.100856,2.852327,0.735808,2.638399,1.199054,1.407399,0.175073,-0.425041,0,0.964347,1.059857
3942,-0.399653,0.144393,0.396041,0.525157,0.499941,0.825376,-0.524501,0.570299,-0.322249,0,0.190534,0.467512
3943,-0.255307,0.892620,0.046893,0.711628,0.275712,0.413504,-0.252372,0.268138,0.389634,0,0.276717,0.389534
3944,-0.132748,0.049444,0.127891,-0.313830,0.304644,0.187471,0.200242,-0.187554,-0.264100,0,-0.003171,0.196436
3945,-0.205114,-0.101417,0.421251,-0.216676,-0.319319,0.067381,-0.067636,-0.998418,-0.819214,0,-0.248796,0.357381
3946,-0.141551,0.185868,-0.193889,-0.285216,0.019181,-0.214462,0.064744,-0.491015,-0.240398,0,-0.144082,0.204036
3950,-0.555299,0.848154,-0.031581,-1.026478,-0.201977,-0.319895,0.687916,-0.623130,-0.405211,0,-0.180833,0.522182
3951,0.005467,-0.218249,0.709427,-0.550090,0.069065,-0.111619,-0.622184,-0.341515,0.029255,0,-0.114494,0.295208
3953,0.736117,0.717042,0.409178,0.066928,0.539589,-0.681822,0.252292,-0.761003,-0.139344,0,0.126553,0.478146
3954,-0.242611,0.021565,-0.215188,-0.124294,-0.321566,-0.063897,-0.288197,-0.368372,-0.247435,0,-0.205555,0.210347
3956,-0.571117,0.411897,0.393752,-0.435416,-0.194608,0.547931,0.052046,-0.676626,0.716346,0,0.027134,0.444416
3957,-0.140407,0.116984,-0.463149,0.178374,0.004974,-0.421418,-0.199607,-0.202981,-0.252889,0,-0.153347,0.220087
3958,-0.025720,0.197974,-0.241594,-0.208484,-0.238493,-0.080251,-0.118146,-0.267373,-0.139198,0,-0.124587,0.168581
3959,-1.153710,0.429798,-0.310682,-0.101270,0.414587,-0.704059,-0.952434,-0.571717,-0.367127,0,-0.368513,0.556154
3960,-0.756582,-0.117364,-0.465582,0.345982,0.177896,-0.342268,-0.669470,-0.228892,-0.708468,0,-0.307194,0.423611
3962,-0.526176,-0.157168,-0.436960,-0.392900,0.030027,-0.574178,-0.484937,-0.790076,-0.197047,0,-0.392157,0.398830
3964,-0.233954,-0.041329,-0.188828,-0.231680,-0.145356,-0.059312,-0.301933,-0.075788,-0.099688,0,-0.153096,0.153096
3965,-0.160181,-0.177443,-0.053515,-0.292370,-0.089728,-0.032283,-0.194424,-0.282386,-0.438930,0,-0.191251,0.191251
3966,-0.132786,-0.184190,0.263977,-0.123295,-0.545058,-0.186993,-0.338712,-0.370046,-0.509510,0,-0.236290,0.294952
3967,-0.207743,-0.004878,-0.213017,-0.318323,-0.107777,0.010555,-0.275929,-0.266501,-0.170841,0,-0.172717,0.175063
3971,-0.389891,-0.271574,-0.560941,0.216314,-0.185732,-0.099814,-0.105917,-0.114604,0.190226,0,-0.146881,0.237224
3975,-0.404023,-0.020421,5.480438,4.192915,6.447824,0.966023,-1.450875,0.348329,1.157050,1,1.857473,2.274211
3976,-0.478730,-0.773835,3.964678,3.285744,7.768975,-0.457069,-1.672291,1.177553,1.151404,0,1.551825,2.303364
3977,0.932503,5.907654,18.032588,16.871996,25.813432,-4.102285,4.695477,3.726154,5.277016,1,8.572726,9.484345
3978,0.369461,2.679597,14.857071,11.769795,13.102233,-4.213309,1.438166,9.439103,18.473901,1,7.546224,8.482515
3979,-0.191981,-0.150233,-0.158480,-0.016155,-0.055581,-0.204565,-0.445152,0.026095,-0.291466,0,-0.165280,0.171079
3980,0.401397,0.002818,0.192929,-0.627537,0.210918,-0.353675,-0.344625,-0.486739,-1.175528,0,-0.242227,0.421796
3981,0.432587,0.143138,0.616437,-0.400383,1.226086,0.098570,-0.486885,-0.043149,-0.000631,0,0.176197,0.383096
3984,0.334030,0.764270,0.476763,0.535133,1.986871,0.677595,0.769675,-1.152853,0.367630,0,0.528791,0.784980
3987,0.069295,0.369542,-0.375140,-0.112562,0.185559,-0.980861,-0.475444,-0.199099,-0.059243,0,-0.175328,0.314083
3988,-0.315603,-0.324273,0.526956,-0.516681,-0.179164,-0.370879,-0.609766,-0.454587,-0.754091,0,-0.333121,0.450222
3990,-0.338512,-0.101245,-0.102760,-0.270102,0.013239,-0.313682,-0.096116,-0.169246,-0.186464,0,-0.173877,0.176818
3991,-0.585811,-0.167864,0.026440,-0.108362,-0.326642,-0.354281,-0.104000,-0.284316,-0.155325,0,-0.228907,0.234782
3992,-0.186058,0.120907,-0.009530,-0.300825,-0.116751,0.790033,-0.245131,0.470926,-0.635380,0,-0.012423,0.319504
3995,0.278347,1.064243,1.103650,1.187504,1.005312,2.474705,0.801891,0.770378,-0.379952,0,0.922898,1.007331
3996,0.722290,0.543615,2.373134,-0.097002,1.036895,-0.873977,0.491625,-0.038284,0.265900,0,0.491577,0.715858
4000,-0.526053,-0.296283,0.111040,-0.040284,0.285578,0.420412,-0.394692,-0.367031,-0.329087,0,-0.126267,0.307829
4001,-0.120656,-0.176408,-0.173309,-0.092920,-0.169678,-0.087924,-0.204223,-0.113651,-0.073111,0,-0.134653,0.134653
4002,-0.075849,-0.075849,-0.075849,-0.075849,-0.075849,-0.075849,-0.075849,-0.075849,-0.075849,0,-0.075849,0.075849
4004,-0.229297,-0.112764,-0.112764,-0.112764,-0.112764,-0.112764,-0.112764,-0.112764,-0.112764,0,-0.125712,0.125712
4005,-0.090966,0.245915,-0.285454,1.490181,0.190604,0.498079,-0.101649,0.304640,-0.409855,0,0.204611,0.401927
4006,-0.098347,0.185868,0.113853,0.958521,-0.450434,-0.057287,0.600644,-0.216949,-0.438198,0,0.066408,0.346678
4007,0.864294,0.674594,1.632180,-0.256087,-0.039814,0.857678,0.278425,0.221168,-0.675346,0,0.395233,0.611065
4008,0.169437,-0.044607,-0.053040,-0.118183,0.459703,-0.657726,0.161676,0.037383,-0.152229,0,-0.021954,0.205998
4009,-0.019110,0.011232,-0.131770,0.121032,0.001970,0.147347,0.561620,0.118350,-0.550562,0,0.028901,0.184777
4010,-0.348661,-0.395431,0.053535,-0.504348,0.688039,-0.386486,-0.153101,-0.418212,0.089877,0,-0.152754,0.337521
4011,0.307581,1.089770,0.374987,1.123877,1.185074,1.705453,-0.646657,1.471768,-1.183619,0,0.603137,1.009865
4012,0.185810,0.397217,0.260386,2.570058,1.330545,0.191449,1.918034,0.301854,0.191752,0,0.816345,0.816345
4013,-0.305304,0.385149,-0.667553,0.955608,-0.274694,-0.699925,0.002328,0.044062,-0.323056,0,-0.098154,0.406409
4014,0.510020,-0.171650,0.627064,1.598575,1.775874,-0.275726,0.868737,0.428752,-1.033197,0,0.480939,0.809955
4017,0.178985,1.290685,2.067438,4.673998,6.035626,-0.581598,1.440342,2.033753,1.936533,1,2.119529,2.248773
4018,-0.074284,2.612972,-0.688169,3.707098,0.483739,-1.377601,-0.960787,0.252310,0.092925,0,0.449800,1.138876
4019,0.749612,-0.334028,0.778619,1.370238,2.266857,-0.198205,1.934432,-0.051879,-0.240095,0,0.697283,0.880440
4020,-0.196058,0.149878,3.317169,1.880517,3.171025,1.407174,2.707125,-0.562269,1.510798,0,1.487262,1.655779
4021,-0.848732,0.153188,-0.066149,0.751532,0.315723,-0.390546,0.095150,-1.424950,0.490821,0,-0.102663,0.504088
4022,-1.372957,-0.136830,-1.073597,1.544356,0.903936,-1.110634,-0.971446,0.041131,1.758786,0,-0.046362,0.990408
4025,-0.313944,-0.513044,-0.676303,-0.422006,-0.567199,-0.493486,-0.372026,-0.183318,-0.598062,0,-0.459932,0.459932
4030,-0.976743,1.140458,-0.247319,1.513265,2.230345,-0.332773,-0.252228,0.467402,-0.190461,0,0.372438,0.816777
4031,0.298104,0.064693,1.210187,0.953311,1.993246,-0.661433,0.703746,2.003076,-1.968504,0,0.510714,1.095144
4032,-0.532354,0.116299,-0.529527,0.688997,1.982083,-0.686289,-0.691456,0.592611,-0.166132,0,0.086026,0.665083
4034,0.082624,0.869912,2.321670,6.965973,3.894903,-0.973786,1.896278,2.939906,0.991423,1,2.109878,2.326275
4035,-0.506779,2.179686,2.062144,6.393757,4.948466,-1.580589,4.274101,-0.789686,1.773600,1,2.083855,2.723201
4036,-0.718345,-0.264742,1.108636,-0.128568,0.396926,-0.017594,-0.595034,0.385342,-0.814782,0,-0.072018,0.492219
4037,-0.365006,1.056472,0.174984,0.381522,1.797781,-1.097417,-0.969117,0.161282,-0.844728,0,0.032864,0.760923
4051,0.091934,1.979723,0.666862,3.559202,3.466160,1.911232,1.336569,1.415004,0.110698,0,1.615265,1.615265
4053,-0.432530,3.076271,1.389833,6.470597,3.214126,1.342091,1.559604,-0.233056,1.494522,1,1.986829,2.134737
4054,0.046422,0.413802,-0.193356,1.250188,0.895874,-1.322905,1.033000,1.333015,-1.140400,0,0.257293,0.847663
4055,-0.931446,1.944503,1.733937,2.188970,3.718211,0.837467,-1.050353,3.232393,-0.241008,0,1.270297,1.764254
4059,-0.576736,0.991672,-1.009084,1.096002,0.878271,0.720256,-0.061007,0.223801,-0.734250,0,0.169881,0.699009
4060,-0.558476,1.306084,0.180964,1.707660,0.720979,0.707642,0.212619,0.727617,-1.400842,0,0.400472,0.835876
4061,0.330706,1.934328,-1.871780,2.658696,0.943035,1.702478,1.469650,-0.659426,-1.216990,0,0.587855,1.420787
4062,-0.075849,-0.075849,-0.075849,-0.075849,-0.075849,-0.075849,-0.075849,-0.075849,-0.075849,0,-0.075849,0.075849
4063,-0.075849,-0.075849,-0.075849,-0.075849,-0.075849,-0.075849,-0.075849,-0.075849,-0.075849,0,-0.075849,0.075849
4064,-0.214385,1.018442,0.218194,1.298442,1.407745,-0.073896,0.049212,-0.072704,-0.366294,0,0.362751,0.524368
4065,-0.314901,1.125174,0.078799,0.918586,1.267273,1.113895,-0.233791,-0.382815,-0.402740,0,0.352165,0.648664
4066,-0.215744,0.579729,0.597298,0.865697,1.528690,0.401264,-0.140098,-0.393310,-0.051546,0,0.352442,0.530375
4067,-0.418346,1.529983,-0.655073,1.065278,0.352486,-0.649656,-0.011263,-0.136431,-1.083963,0,-0.000776,0.655831
4068,0.360603,1.064266,1.608757,2.470454,0.047923,1.254040,0.525924,0.292948,0.995907,0,0.957869,0.957869
4069,1.686561,4.576602,2.062666,3.448224,3.549499,0.526276,1.894915,5.558721,-1.069615,1,2.470428,2.708120
4070,0.470516,1.008939,0.834729,2.455162,3.404481,-0.575003,-0.453577,0.895954,-0.537077,0,0.833792,1.181715
4073,-1.001589,1.160500,-0.709145,1.298838,1.181646,-0.217474,0.744322,-1.203631,-0.947115,0,0.034039,0.940473
4074,-0.935146,2.572806,0.166605,3.021029,4.646852,0.713449,0.551765,1.121384,1.127984,0,1.442970,1.650780
4075,-0.106218,1.186694,1.517566,1.607206,5.228553,0.318634,1.632966,1.420713,0.812857,0,1.513219,1.536823
4076,-0.155827,-0.357997,-0.720582,1.116082,0.524818,0.135109,-0.609176,1.780123,-0.493452,0,0.135456,0.654796
4077,0.077044,1.041887,0.879974,3.545490,5.197509,-0.373318,1.374227,0.296807,1.948010,0,1.554181,1.637141
4078,-1.056751,0.977797,0.385991,5.150961,3.787915,-1.368076,-0.671114,3.754641,-0.165954,0,1.199490,1.924355
4101,-0.341066,0.434277,-0.122591,0.871007,1.079662,-0.460887,-0.702095,0.135499,-0.140523,0,0.083698,0.476401
4102,-0.626220,-0.902188,0.151975,-0.030617,0.690323,0.234580,-0.670851,0.199411,-0.443766,0,-0.155261,0.438881
4103,-0.801924,0.512132,-0.365473,0.909765,1.586733,-0.583094,0.944218,-0.365331,-1.577153,0,0.028875,0.849536
4104,-0.377717,0.417129,0.723463,-0.356649,0.650317,0.236875,0.151357,-0.272198,-0.802541,0,0.041115,0.443138
4105,-0.010273,0.336653,-0.825176,2.286673,0.606808,0.586525,0.212863,0.788238,-0.854248,0,0.347562,0.723051
4106,-0.227908,0.131291,0.443740,0.694429,1.450319,-0.973289,0.414889,-1.190181,-0.170192,0,0.063678,0.632915
4107,-0.282569,0.278959,1.212713,0.884872,0.568680,-0.280241,-0.409017,0.429486,-0.806922,0,0.177329,0.572607
4108,-0.286013,-0.094812,-0.540408,1.332176,1.203997,-1.233269,-0.036756,0.771866,-0.214206,0,0.100286,0.634834
4109,-0.004581,0.713218,2.161948,3.080560,6.447417,1.338515,0.875606,2.694458,2.867836,1,2.241664,2.242682
4110,-0.459953,1.439515,2.758248,7.352955,5.665514,4.042598,1.822816,0.700595,1.821921,1,2.793801,2.896013
4111,-0.481135,-0.109148,-0.616386,-0.167356,-0.319178,-0.184222,-0.274815,-0.130154,-0.594101,0,-0.319611,0.319611
4112,0.006096,0.176007,-0.426731,0.873773,2.572772,-0.426600,-0.817962,-0.349028,-0.561897,0,0.116270,0.690096
4113,0.672056,-0.029297,-0.095197,4.436255,3.294107,0.267465,1.438956,2.843353,0.075014,0,1.433635,1.461300
4114,-2.321996,0.094739,-0.029168,1.181480,3.437110,-0.807889,-0.692725,1.055354,-0.592430,0,0.147164,1.134766
4115,0.188935,-0.164976,-0.178520,4.581592,2.586140,2.459527,-0.509110,2.935521,0.375822,0,1.363881,1.553349
4116,-0.990901,1.349933,-0.268710,4.666129,7.118463,-1.441328,1.156238,1.743800,1.247807,0,1.620159,2.220368
4117,-0.240088,0.055342,0.683622,0.955441,0.978145,-0.541149,0.589281,-0.039941,-0.741192,0,0.188829,0.536022
4118,0.695297,-0.334981,2.096293,5.605292,3.908753,0.973078,0.246576,3.375733,-1.425723,1,1.682258,2.073525
4119,-1.187761,-0.169021,0.862004,0.467658,1.780316,-0.467429,-1.374113,1.024073,-0.663687,0,0.030227,0.888451
4120,-0.478103,0.012967,-0.324199,0.393855,0.158549,0.938880,0.275989,0.468299,-0.977162,0,0.052120,0.447556
4121,0.270894,0.972366,0.049052,3.477665,3.515275,0.747812,1.500180,2.683897,-0.437248,0,1.419988,1.517154
4122,-0.950067,2.116484,0.360928,6.009131,4.478833,-0.115395,2.651868,2.627009,0.707764,1,1.987395,2.224164
4123,0.126144,0.908276,4.687348,3.687891,7.153299,0.051974,1.426789,2.956680,0.067524,1,2.340658,2.340658
4124,0.348735,1.185618,3.504998,4.592640,8.641302,8.296265,-6.563337,-0.611332,4.982902,1,2.708643,4.303014
4125,-0.678849,0.058542,1.739430,1.300696,3.307355,7.259176,-2.082503,0.686074,0.140774,0,1.303411,1.917044
4127,0.211435,0.846616,-0.310776,2.927518,3.335081,0.081664,1.311739,2.751578,-0.023068,0,1.236865,1.311053
4128,-0.228136,1.120896,0.662471,2.126773,1.965733,-0.380422,-0.069581,0.019770,-0.809461,0,0.489782,0.820360
4129,-0.527856,0.498055,-0.678032,1.238723,0.917874,-0.379791,0.088634,-0.804702,-0.426202,0,-0.008144,0.617763
4130,-0.304989,1.052932,-0.579630,1.033755,1.101273,1.219249,-0.636975,0.085125,-0.215687,0,0.306117,0.692180
4131,-1.031365,-0.614243,0.420470,1.224893,-0.206138,0.258472,1.278401,-0.989746,-1.147731,0,-0.089665,0.796829
4132,-1.010088,-0.765378,1.060071,3.141253,2.161272,2.313335,0.184710,0.845244,-3.035626,0,0.543866,1.612997
4133,0.192195,0.503654,2.058401,3.021181,2.597820,7.317519,2.576614,-0.023974,0.171294,1,2.046078,2.051406
4151,0.062610,0.525373,0.390293,1.668925,1.957609,-0.812289,0.766327,-0.412036,-1.162870,0,0.331549,0.862037
4152,1.306208,3.278351,2.244802,5.237311,5.615160,2.392012,0.919574,2.059739,-2.643348,1,2.267757,2.855167
4153,-0.760022,0.060957,-0.450956,0.723051,0.432439,-0.044974,-0.532586,-0.226215,-0.758656,0,-0.172996,0.443317
4154,-0.636809,0.404841,0.966139,1.434670,2.124451,0.336543,1.754972,-1.584380,-0.743428,0,0.450778,1.109581
4155,-0.093190,-0.441263,0.112047,-0.116978,0.508095,-0.161298,-0.515023,-0.120080,-0.826272,0,-0.183773,0.321583
4156,0.311313,-0.591896,0.395224,-0.321272,0.412279,-0.712376,-0.014851,-0.850501,-0.318729,0,-0.187868,0.436493
4157,-0.469001,1.800515,0.055283,2.398195,2.685544,0.886660,-0.467065,0.388630,-0.268171,0,0.778954,1.046563
4158,-0.725206,-0.185214,-0.152394,-0.299701,0.108046,0.601055,-0.362854,-1.162682,-0.036141,0,-0.246121,0.403699
4159,-2.238227,0.618209,0.746453,0.916303,1.851616,0.245313,0.786827,0.221565,-0.059821,0,0.343137,0.853815
4160,-0.347399,0.681575,0.855405,2.312172,3.445648,1.686514,2.112120,0.208032,-0.401331,0,1.172526,1.338911
4161,-0.103676,-0.039558,0.819801,1.835724,2.192830,0.851780,-0.298964,0.057811,-0.831612,0,0.498237,0.781306
4163,-0.929004,1.695548,-0.770463,2.429807,2.867838,-1.339347,0.451312,-0.350642,-0.763203,0,0.365761,1.288574
4164,0.116751,2.196277,1.956310,1.875239,4.461842,-0.173818,2.577902,-1.092195,0.895567,0,1.423764,1.705100
4165,-0.936485,5.013977,2.249733,2.314146,4.551086,2.295835,4.199641,0.475489,0.173512,1,2.259659,2.467767
4169,-0.562736,0.188254,-0.253917,0.455366,0.796805,-0.514379,-0.205713,-0.232649,-0.597190,0,-0.102907,0.423001
4170,0.499478,0.562174,1.416076,2.924535,3.022666,3.489348,0.928185,0.788645,-1.295683,0,1.370603,1.658532
4171,-0.372743,0.870493,0.437338,2.474822,1.648263,1.126462,0.077861,0.472112,-0.548949,0,0.687296,0.892116
4172,-1.173981,-0.066940,-0.110042,0.912361,0.610671,-0.041060,0.499872,-0.525570,-0.584716,0,-0.053267,0.502802
4173,-0.243180,0.240928,-0.410492,1.415557,1.265311,-0.507417,0.123966,-0.493270,-0.944289,0,0.049679,0.627157
4174,-0.713782,-0.312005,-0.069262,0.531484,0.437982,0.450122,-0.247808,0.262504,-0.379023,0,-0.004421,0.378219
4178,-0.786643,1.064522,0.204101,2.926517,4.063294,1.734639,2.398904,0.300899,1.126293,0,1.448059,1.622868
4179,-0.861996,0.827973,0.763770,0.450004,2.885607,-0.142997,0.903297,-0.696608,0.464772,0,0.510425,0.888558
4183,-0.524017,-0.383019,-0.721045,0.291223,-0.125218,0.524025,-0.949933,-0.311444,0.026096,0,-0.241481,0.428446
4184,0.393420,0.332854,0.363774,1.122633,2.892589,0.407889,-0.150941,-0.246325,0.244088,0,0.595553,0.683835
4205,-0.611226,0.735117,-0.100626,0.682739,0.795731,-0.160928,0.557723,0.400981,-1.510734,0,0.087642,0.617312
4207,3.640580,5.865678,4.812457,1.013269,8.409412,-2.671182,7.144863,1.812426,4.315107,1,3.815845,4.409442
4208,1.305331,2.729443,4.436554,2.994925,2.929711,0.512527,1.470436,-0.332464,3.008858,1,2.117258,2.191139
4209,1.993963,7.603753,6.507547,5.141109,6.456678,3.544295,3.548384,-0.634556,-0.237620,1,3.769284,3.963101
4210,1.610663,1.688133,2.795917,6.476836,2.882274,-0.633316,0.244991,0.576956,2.100360,1,1.971424,2.112161
4211,3.320017,2.618297,2.278243,10.843770,4.535465,-0.017124,6.323744,5.234848,2.845484,1,4.220305,4.224110
4212,3.658649,2.802087,4.058301,5.203033,4.717720,2.589924,1.019074,-0.249389,-1.328420,1,2.496776,2.847400
4213,-0.485081,4.625608,0.978988,7.776810,4.766881,0.034949,0.645422,2.962876,2.882234,1,2.687632,2.795428
4214,1.164226,3.558294,2.580048,6.712046,6.068477,1.884612,0.316670,0.541543,0.305402,1,2.570147,2.570147
4215,-1.057316,1.250195,1.913008,4.980844,4.365621,-0.467572,1.473585,1.562063,-0.321206,0,1.522136,1.932379
4216,1.212916,2.182536,1.922468,4.110714,4.442884,-0.311625,2.489291,-0.435675,1.235202,1,1.872079,2.038146
4217,0.558936,0.799375,1.225875,4.088459,4.387155,-0.559150,0.926373,1.078729,-1.052178,0,1.272619,1.630692
4218,1.560104,1.244049,1.297480,3.809481,2.933114,1.173200,1.973146,1.166503,-0.281003,1,1.652897,1.715342
4219,-0.143342,-0.189616,-0.129826,-0.129826,-0.046492,-0.199155,-0.059365,-0.257946,-0.171879,0,-0.147494,0.147494
4220,1.098099,0.757871,3.671594,3.368949,7.142470,0.495635,2.955950,0.446939,0.903135,1,2.315627,2.315627
4221,0.462373,1.749234,1.320031,4.925485,1.953594,2.411558,1.711579,1.382371,0.001956,1,1.768687,1.768687
4223,-1.182601,2.095785,-0.513834,0.954598,2.258297,1.215888,-0.835244,1.544836,0.432859,0,0.663398,1.225994
4224,-0.611975,0.017844,-0.158857,0.919458,0.466761,0.955911,-0.694460,-0.304420,-0.571171,0,0.002121,0.522317
4225,-0.161953,0.072816,0.105884,0.835524,-0.849451,0.609099,-0.578793,-0.294982,-0.008872,0,-0.030081,0.390819
4226,-0.222638,2.983898,1.547794,5.130684,4.223674,-1.408216,1.918883,1.994571,1.032386,1,1.911226,2.273638
4227,0.766156,0.246347,0.763518,3.713260,2.956770,1.299481,-0.055347,1.486061,0.099834,0,1.252898,1.265197
4228,0.949038,0.118428,0.762203,-0.272590,0.202400,1.012690,-0.468297,0.847680,-0.698032,0,0.272613,0.592373
4230,-0.176514,-0.108487,-0.108487,-0.108487,-0.108487,-0.030333,-0.174883,-0.181997,-0.156156,0,-0.128203,0.128203
4237,-0.075849,-0.075849,-0.075849,-0.075849,-0.075849,-0.075849,-0.075849,-0.075849,-0.075849,0,-0.075849,0.075849
4270,-0.080722,0.421102,-0.252342,0.394974,0.284458,-0.401476,-0.576710,-0.166620,0.177696,0,-0.022182,0.306233
4271,-1.418232,-0.614622,-0.663142,-0.205787,-0.702867,-0.470819,-0.276758,-0.409218,-0.099037,0,-0.540053,0.540053
4272,0.165243,0.705041,0.588155,0.547445,1.064159,1.653971,-0.215831,0.358611,0.958188,0,0.647220,0.695183
4275,0.106816,-0.424102,1.154964,0.534262,-0.144582,0.410113,0.526948,-1.123943,0.196796,0,0.137475,0.513614
4276,-0.075849,-0.075849,-0.075849,-0.075849,-0.075849,-0.075849,-0.075849,-0.075849,-0.075849,0,-0.075849,0.075849
4280,1.138973,1.477915,4.734189,3.212965,2.573603,2.233548,-0.109942,2.988805,3.216629,1,2.385187,2.409619
4285,2.154559,-0.169775,1.076366,3.384319,1.820441,2.979066,1.038644,1.026290,3.212952,1,1.835873,1.873601
4287,-0.112303,0.014850,-0.378915,0.245210,-0.292464,-0.014284,0.094896,-0.667835,-0.361543,0,-0.163599,0.242478
4300,2.449724,4.143213,10.135776,4.958121,14.653696,21.406785,-4.981998,9.059693,0.249115,1,6.897125,8.004236
4301,-0.695463,2.172427,3.210246,5.535483,4.951831,1.386069,-0.578266,4.988180,0.266833,1,2.359705,2.642755
4303,-0.243013,-0.064408,-0.469056,0.042829,-0.215656,-0.999270,0.092460,-0.716896,-0.788212,0,-0.373469,0.403533
4304,-0.072950,1.139529,0.453301,1.199843,0.820893,1.462583,1.083028,0.637335,-1.308934,0,0.601625,0.908711
4305,0.474359,4.472128,3.559825,5.841463,3.990410,-2.124499,5.480389,4.686686,-2.218810,1,2.684661,3.649841
4306,3.512593,4.674348,5.923451,5.523501,9.348279,1.587775,2.228927,8.579554,2.638276,1,4.890745,4.890745
4307,-0.468772,-0.089207,0.098617,-0.600394,-0.203127,-0.346262,-0.398610,0.030904,-0.781266,0,-0.306457,0.335240
4309,-0.625387,-0.483374,0.285591,0.197696,1.052319,-0.525260,0.118626,-0.518761,-0.886570,0,-0.153902,0.521509
4310,-0.443963,-0.433930,-0.041649,0.775452,0.442926,-0.729751,0.699544,-0.017365,-0.035556,0,0.023968,0.402237
4311,-1.165856,0.413584,1.324855,1.378286,1.391401,1.968453,-0.032309,1.211213,-0.126050,0,0.707064,1.001334
4312,-1.231716,-0.284546,0.350611,0.637951,-0.802949,0.323162,-1.066194,0.278773,-0.682150,0,-0.275229,0.628673
4313,-1.202039,0.000948,0.492271,-0.857616,-0.348511,0.325864,-0.968144,-0.315277,-1.146534,0,-0.446560,0.628578
4314,-0.048119,0.197181,0.401497,-0.744228,-0.760720,0.133133,1.237764,-0.362999,-0.436306,0,-0.042533,0.480216
4340,-0.189453,-0.376615,0.153987,1.399966,0.837730,1.734179,-2.771547,0.669422,-0.871215,0,0.065162,1.000457
4341,-0.641136,0.980431,4.238848,0.856308,2.835229,-1.031230,3.422459,2.650703,4.542223,1,1.983760,2.355396
4342,-0.874574,0.213325,0.110672,-0.425177,0.253380,-0.105966,-0.776621,-0.594407,1.034020,0,-0.129483,0.487571
4343,-0.604183,1.272938,1.200385,1.661600,1.078972,2.279785,-0.918006,0.320722,7.479162,0,1.530153,1.868417
4344,-0.505985,0.176488,-0.060468,-0.164393,-0.346935,0.191938,-0.546913,0.423440,-1.010877,0,-0.204856,0.380826
4345,-0.075849,-0.075849,-0.075849,-0.075849,-0.075849,-0.075849,-0.075849,-0.075849,-0.075849,0,-0.075849,0.075849
4346,-0.216140,0.170979,0.548970,0.429901,0.110815,-0.497854,-0.702454,-0.288964,-0.294759,0,-0.082167,0.362315
4347,-0.342074,0.237663,0.026152,-0.357803,0.428977,-0.368578,-1.021705,-0.152663,-0.413612,0,-0.218183,0.372136
4350,2.011446,3.461254,9.667578,3.108816,7.204249,-0.653341,7.731701,9.016169,-4.113786,1,4.159343,5.218704
4352,-0.020007,2.166697,7.468175,1.648488,3.132691,2.296893,4.132530,4.319975,-0.082494,1,2.784772,2.807550
4353,-0.190305,-0.254396,-0.243141,-0.314533,-0.260952,0.113042,-0.360262,0.563929,-0.640034,0,-0.176295,0.326733
4354,-0.460265,-0.247332,0.707043,-0.135775,-0.001041,-1.012492,-0.076781,-0.137997,-0.936571,0,-0.255690,0.412811
4355,-1.266655,0.593603,-0.455709,-0.250641,0.670988,-0.900594,0.220585,0.928150,-0.824902,0,-0.142797,0.679092
4356,-0.147512,-0.347842,0.106748,0.749312,-0.035358,-0.805833,-0.295853,0.320512,0.595296,0,0.015497,0.378252
4357,-1.127621,-0.133388,-0.278728,-0.226022,0.162442,-0.568884,-0.500065,-0.249790,0.449690,0,-0.274707,0.410737
4358,-0.424470,-0.134401,-0.169400,0.757797,-0.246327,-0.898253,0.440776,0.450366,-1.112501,0,-0.148491,0.514921
4359,-0.634899,0.055787,-0.211869,0.019545,-0.058287,-0.245588,-0.382395,-0.295499,-0.460092,0,-0.245922,0.262662
4360,-0.240082,-0.258765,-0.215102,-0.187336,0.118887,0.316694,-0.827281,-0.284922,-0.373985,0,-0.216877,0.313673
4361,-0.192538,-0.116834,-0.058122,-0.119718,-0.730743,-0.592484,0.126579,0.243814,-1.343311,0,-0.309262,0.391571
4362,-0.383635,-0.340787,0.019866,-0.104826,-0.769200,-0.455859,-0.279211,-0.322347,-0.689474,0,-0.369497,0.373912
4363,-0.492566,-0.177096,-0.247351,-0.171256,-0.117245,-0.268174,-0.657668,-0.591726,-0.284256,0,-0.334149,0.334149
4364,-0.200799,-0.099289,-0.414908,-0.382263,-0.159820,-0.229231,-0.260895,-0.190670,-0.272958,0,-0.245648,0.245648
4365,-0.291651,-0.043024,0.099997,-0.044442,0.311186,-0.450464,-0.409929,-0.076198,-0.436236,0,-0.148973,0.240348
4370,0.287548,1.383186,0.985616,1.527897,0.508825,1.998172,1.884848,2.872606,1.255905,0,1.411623,1.411623
4371,-0.354497,-0.305842,-0.354284,-0.095631,-0.152122,-0.075818,-0.469608,-0.609670,0.154936,0,-0.251393,0.285823
4372,-0.012921,-0.271281,0.030300,-0.327882,-0.234741,-0.137590,-0.294313,-0.123582,-0.304622,0,-0.186292,0.193026
4373,-0.263342,-0.313668,-0.060023,-0.259820,-0.240608,-0.014973,-0.298609,-0.210721,-0.251701,0,-0.212607,0.212607
4374,-0.258786,-0.127266,-0.255867,-0.270684,0.521086,-0.368167,-0.240124,-0.388350,-0.406011,0,-0.199352,0.315149
4375,-0.133585,-0.139198,-0.194586,-0.038808,-0.215734,-0.150366,-0.286244,-0.165458,-0.378334,0,-0.189146,0.189146
4376,-0.316092,-0.152480,-0.032907,-0.122755,-0.068790,-0.345725,-0.303765,-0.047770,-0.338096,0,-0.192042,0.192042
4377,-0.253524,-0.124502,-0.381924,-0.137336,-0.184024,-0.739794,-0.084356,-0.447105,-0.243893,0,-0.288495,0.288495
4378,0.106543,-0.386016,0.044491,-0.432803,-0.405442,-0.390929,-0.245063,-0.113417,-0.451212,0,-0.252650,0.286213
4380,0.304763,0.553362,0.506633,0.187146,-0.589556,0.566470,-0.212502,0.566456,-0.134380,0,0.194266,0.402363
4381,-0.262020,-0.111930,-0.228638,-0.042085,-0.054595,-0.312601,-0.193686,-0.034143,-0.041946,0,-0.142405,0.142405
4382,-0.312416,-0.146059,-0.278985,-0.207250,-0.328374,-0.314709,-0.404452,-0.374796,0.061660,0,-0.256154,0.269856
4383,-0.096044,-0.251301,0.416651,-0.478727,-0.039178,-0.284071,-0.671676,-0.076747,-0.297848,0,-0.197660,0.290249
4384,-0.075849,-0.075849,-0.075849,-0.075849,-0.010310,-0.203948,-0.209049,-0.049502,-0.202155,0,-0.108707,0.108707
4385,0.310849,-0.431118,-0.264072,-0.165963,-0.044695,-0.763102,-0.200275,-0.388217,0.250487,0,-0.188456,0.313198
4387,0.114806,-0.552183,-0.137864,-0.096582,-0.384694,-0.245731,-0.207621,-0.337192,-0.230674,0,-0.230859,0.256372
4388,-0.417428,-0.274710,-0.267603,-0.177916,-0.253087,-0.343306,-0.236421,-0.182327,-0.342477,0,-0.277253,0.277253
4390,-0.399530,-0.408755,0.407610,-0.424328,-0.015676,-0.311564,-0.795093,0.399541,0.599652,0,-0.105350,0.417972
4400,-0.401692,0.889772,-0.110233,-0.088749,0.179689,-0.319164,-0.157044,-0.397355,-0.690142,0,-0.121658,0.359316
4401,-0.843669,-0.118812,1.768828,-1.091835,0.817479,-0.131395,-0.609007,1.062121,-0.256405,0,0.066367,0.744395
4402,-0.280536,-0.006958,-0.191341,-0.168912,-0.282717,0.134433,-0.381353,-0.178806,-0.137514,0,-0.165967,0.195841
4403,-0.629964,0.023885,0.056209,-0.656709,-0.137546,0.028995,-0.550321,-0.517113,-0.309098,0,-0.299073,0.323315
4404,-0.270519,-0.210369,-0.064964,-0.036913,-0.147409,-0.295753,-0.358810,-0.181722,-0.353512,0,-0.213330,0.213330
4405,0.763419,1.867710,0.258949,0.847163,1.672693,-0.997106,1.351661,0.535469,1.768722,0,0.896520,1.118099
4406,-0.475300,0.232958,-0.269332,0.153075,-0.561077,0.209052,-0.504335,-0.367042,-0.286359,0,-0.207596,0.339837
4407,-0.211620,0.356637,-0.312495,-0.253038,0.110032,0.155072,-0.519460,-0.074871,-0.309117,0,-0.117651,0.255816
4408,0.122691,0.926790,-0.964112,-0.253663,-0.179751,-0.533040,-0.369932,-0.198476,-0.451408,0,-0.211211,0.444429
4410,-0.444050,-0.228193,-0.075949,-0.295212,-0.329526,-0.104066,-0.355884,-0.240701,-0.775326,0,-0.316545,0.316545
4411,-0.269388,0.020814,-0.290499,-0.263335,-0.066295,-0.338171,-0.257333,-0.294670,-0.172632,0,-0.214612,0.219237
4412,-0.166621,-0.033981,-0.211636,0.216385,-0.382382,-0.322020,-0.262471,-0.081161,-0.454315,0,-0.188689,0.236775
4413,-0.770536,1.570109,-0.266465,0.944923,1.007436,-1.331391,0.620785,0.250589,1.308314,0,0.370418,0.896728
4415,-0.399236,0.498253,-0.090320,0.484656,-0.169170,-0.720627,-0.953467,0.326892,-0.349717,0,-0.152526,0.443593
4416,-0.395783,-0.064587,0.151866,-0.207425,-0.321511,-0.235606,-0.188192,0.017834,-0.354643,0,-0.177561,0.215272
4417,-0.239463,0.040832,-0.507396,-0.279611,0.148003,-0.560842,-0.737467,-0.188470,-0.696063,0,-0.335608,0.377572
4418,-0.061823,-0.127762,-0.282884,-0.120734,0.075019,-0.348298,-0.066044,-0.201349,-0.161939,0,-0.143979,0.160650
4419,0.234666,-0.469137,0.377380,-0.728881,-0.225206,0.091435,-0.353870,0.427023,-0.977233,0,-0.180425,0.431648
4420,0.674085,-0.496903,-0.361757,0.035876,-0.747959,-0.361147,-0.234618,-0.569970,-0.575058,0,-0.293050,0.450819
4421,0.282776,0.432779,-0.301914,-0.137620,1.336325,-0.532293,-0.822850,0.016583,0.447548,0,0.080148,0.478965
4422,-0.121689,-0.110354,-0.100387,-0.124407,0.034837,-0.333784,-0.527839,-0.127365,-0.255069,0,-0.185117,0.192859
4423,0.024884,-0.076730,-0.162401,-0.278205,-0.133674,-0.045226,-0.215053,-0.118092,-0.135173,0,-0.126630,0.132160
4424,0.120174,-0.132851,-0.170683,-0.245808,-0.225726,0.049235,-0.183846,-0.247504,-0.332632,0,-0.152182,0.189829
4425,-0.112383,-0.008553,-0.138458,-0.114098,-0.142033,0.008420,-0.325590,-0.119974,-0.233700,0,-0.131819,0.133690
4426,-0.257297,-0.086894,-0.103351,-0.229565,0.111315,-0.546322,-0.128472,-0.158277,-0.199442,0,-0.177589,0.202326
4427,-0.443321,-0.005836,-0.248645,-0.355232,0.043821,-0.458243,-0.521881,-0.215455,-0.162246,0,-0.263004,0.272742
4428,-0.298541,-0.267823,-0.254501,-0.038565,-0.278095,0.214162,-0.634705,-0.525272,-0.185516,0,-0.252095,0.299687
4454,-0.483285,-0.166268,-0.094401,-0.311578,-0.166369,0.136648,-0.555876,-0.391180,-0.476867,0,-0.278798,0.309164
4455,0.007960,-0.145155,0.144494,0.514194,-0.051134,-0.982716,-0.058060,-0.534618,2.362766,0,0.139748,0.533455
4461,-0.030232,-0.346535,-0.097078,-0.168562,0.003416,-0.274450,-0.124718,-0.177686,-0.173309,0,-0.154351,0.155110
4462,-0.102512,-0.102512,-0.048604,-0.167819,0.015680,-0.252217,-0.130990,-0.179590,-0.085108,0,-0.117075,0.120559
4465,-0.558325,-0.349487,-0.566860,0.942892,-1.075071,-0.153512,-0.846126,-1.025178,0.086109,0,-0.393951,0.622618
4467,-0.116402,-0.155650,0.229013,-0.446578,-0.231349,-0.187223,-0.405833,-0.134485,-0.378111,0,-0.202958,0.253849
4468,-0.184569,-0.043915,-0.320413,0.084268,-0.545963,-0.374647,-0.252172,-0.182925,-0.003248,0,-0.202620,0.221347
4470,0.029811,-0.982749,-0.671979,-0.099758,-0.824394,-0.830517,1.146740,-1.304841,-0.103838,0,-0.404614,0.666070
4472,0.047863,-0.222906,-0.559141,0.385191,-0.347526,-0.452025,-0.092406,-0.050363,-0.275768,0,-0.174120,0.270354
4474,-0.104932,-0.229507,-0.125214,-0.102043,-0.225492,-0.216415,-0.142077,-0.172993,-0.173061,0,-0.165748,0.165748
4475,-0.036120,-0.078323,0.040432,-0.249428,-0.114979,-0.114979,-0.114979,-0.114979,-0.114979,0,-0.099815,0.108800
4477,-0.114448,0.407500,-0.552451,-0.306535,-0.423947,-0.298198,-0.240704,-0.444746,-0.139278,0,-0.234756,0.325312
4478,0.085538,-0.185315,-0.349564,-0.329142,-0.265716,-0.371182,-0.153399,0.309895,0.088338,0,-0.130061,0.237565
4479,0.003278,-0.076202,-0.183090,-0.182279,-0.093352,-0.270277,-0.105537,-0.105537,-0.105537,0,-0.124281,0.125010
4480,0.291472,-0.049466,-0.522278,0.181066,-0.006179,0.668061,-0.695760,-0.076330,0.282109,0,0.008077,0.308080
4481,0.187544,-0.596494,-0.194629,-0.087294,-0.195024,-0.027010,-0.195377,-0.144807,-0.024083,0,-0.141908,0.183585
4482,-0.118268,-0.118268,-0.118268,-0.118268,-0.118268,0.115898,-0.354705,-0.246304,-0.246304,0,-0.146973,0.172728
4486,-0.163581,-0.177654,0.352016,-0.414813,-0.599159,-0.146828,-0.367306,-0.341335,-0.131538,0,-0.221133,0.299359
4487,-0.192909,-0.333364,-0.414520,0.175305,-0.158057,-1.054748,-0.452327,0.738145,-0.142300,0,-0.203864,0.406853
4488,-0.344393,-0.282659,-0.330450,-0.354833,-0.305222,-0.163018,-0.414703,-0.233606,0.017754,0,-0.267903,0.271849
4489,-0.049877,-0.194017,-0.242543,0.021823,-0.317235,-0.060433,-0.111425,-0.099887,-0.109193,0,-0.129199,0.134048
4490,0.030442,-0.002156,-0.488297,0.306286,-0.496837,-0.201696,-0.894191,0.322405,-0.807726,0,-0.247974,0.394448
4491,-0.171670,-0.100034,-0.117018,-0.178932,-0.129826,-0.129826,-0.067504,-0.171689,-0.102785,0,-0.129920,0.129920
4492,-0.116573,-0.122568,0.018138,0.394789,0.117799,-0.442506,-0.863579,-0.441008,0.628050,0,-0.091940,0.349446
4493,-0.246192,-0.156014,-0.114979,-0.114979,-0.074773,-0.226286,-0.108487,-0.108487,-0.108487,0,-0.139854,0.139854
4494,-0.110051,-0.198420,-0.122630,-0.199516,-0.198860,-0.272770,-0.162610,-0.120007,-0.248253,0,-0.181457,0.181457
4496,0.001171,-0.236509,-0.000171,-0.202098,0.360444,-0.618799,-0.280454,-0.162414,-0.186909,0,-0.147304,0.227663
4497,-0.384828,-0.148101,0.042106,-0.022904,-0.112867,-0.482487,-0.220676,-0.108296,-0.290771,0,-0.192092,0.201448
4498,-0.147412,0.065616,-0.287651,-0.120156,-0.108353,-0.220442,-0.134921,-0.186888,-0.182271,0,-0.146942,0.161523
4500,3.312621,4.058349,3.145948,4.259696,7.640763,1.640793,1.300305,4.054201,-0.740079,1,3.185844,3.350306
4501,-0.508576,-0.408558,0.161059,0.596695,0.645838,1.069266,-1.151792,0.444205,0.290700,0,0.126538,0.586299
4502,0.040186,-0.614548,0.345614,-0.200245,1.009724,-0.499046,0.280404,-1.056624,-0.047621,0,-0.082462,0.454890
4503,1.764718,4.126678,3.991323,5.670991,7.458612,1.428819,-0.032145,-0.512406,-0.780513,1,2.568453,2.862912
4504,-0.981222,1.840448,2.579493,2.899723,2.702407,3.969335,2.841508,0.053278,1.854129,1,1.973233,2.191282
4505,1.215705,1.933942,2.376424,4.054206,3.938882,0.926657,1.675653,0.499908,5.186487,1,2.423096,2.423096
4506,-0.163350,1.000216,2.047108,2.156103,4.066808,0.677462,1.639149,5.894420,3.455018,1,2.308104,2.344404
4507,0.386259,3.026858,5.637748,3.532996,5.849197,2.447714,-2.349376,1.525544,-2.447369,1,1.956619,3.022562
4508,-1.221823,0.186818,0.872245,1.433185,2.607760,-0.791751,-0.431054,1.147720,-0.331168,0,0.385770,1.002614
4509,0.080087,4.677787,5.219810,2.339322,4.421140,0.489091,0.410067,4.305529,-3.251435,1,2.076822,2.799363
4510,1.732572,5.862790,9.306345,5.699326,5.338040,-1.483544,0.877954,-1.164865,2.151624,1,3.146694,3.735229
4511,-0.751916,2.067435,1.168890,0.486567,1.527918,2.975516,-1.587609,0.493578,-1.971064,0,0.489924,1.447832
4512,-0.572946,1.148977,-0.335678,-0.262147,1.198821,-0.003081,-0.397849,-0.514482,1.280558,0,0.171353,0.634949
4513,-0.048119,-0.048119,-0.048119,-0.048119,-0.048119,-0.048119,-0.048119,-0.048119,-0.048119,0,-0.048119,0.048119
4514,-0.658694,0.646353,1.470745,1.087748,-0.101162,2.381195,-0.196722,1.485261,0.222690,0,0.704157,0.916730
4515,-0.244584,-0.223956,0.331270,0.846935,1.102196,-0.643350,-0.154652,1.356987,-1.166984,0,0.133763,0.674546
4516,-0.341977,0.512464,0.201236,0.521099,1.759064,-0.621756,-0.164083,-0.930830,-0.148914,0,0.087367,0.577936
4517,-0.449083,0.447731,0.277087,-0.912054,0.469826,-0.538277,-0.491245,-0.432251,-0.766909,0,-0.266131,0.531607
4518,-1.451949,0.861816,-0.002053,0.896370,2.351102,-0.498454,-0.227570,-0.362963,-0.829312,0,0.081887,0.831287
4519,0.679124,0.518999,1.660326,-0.105320,2.328349,-0.660375,2.793717,-1.488169,-0.956803,0,0.529983,1.243465
4520,-0.475072,1.069921,0.785126,0.698728,2.644394,1.781739,1.795201,1.208963,-0.812849,0,0.966239,1.252444
4521,0.493900,-0.472945,0.291175,0.939672,1.066130,0.348918,-0.445322,-0.999338,-0.465199,0,0.084110,0.613622
4550,-0.802783,-0.541884,0.579102,1.407944,0.605219,0.273331,2.033566,-1.567204,-1.356500,0,0.070088,1.018615
4551,3.952060,3.452492,5.347747,10.052141,11.459921,-0.483789,6.896101,6.407695,-1.720091,1,5.040475,5.530226
4552,1.458631,-0.197603,-0.525136,1.378252,0.791447,1.498724,-0.720314,0.185908,-0.660510,0,0.356600,0.824058
4553,-0.347574,0.815211,3.058669,3.141688,2.163349,2.510526,3.724658,1.064523,-1.366659,0,1.640488,2.021429
4554,-0.009588,-0.595631,-0.306480,-0.117973,0.385082,-0.454274,-0.623812,0.140256,-0.934991,0,-0.279712,0.396454
4555,0.686239,-0.207586,0.246556,0.692249,1.351242,0.805431,1.756990,-0.474512,-1.805511,0,0.339011,0.891813
4556,2.538555,1.260454,3.476792,5.724216,8.959785,4.328949,8.036299,5.570294,0.376480,1,4.474647,4.474647
4557,0.753066,0.315981,1.274259,1.927908,1.699149,-1.213487,0.243500,1.985702,-0.140042,0,0.760671,1.061455
4558,-0.063706,0.905293,0.167697,2.840030,4.500916,3.369176,-1.260051,-0.543218,0.315647,0,1.136865,1.551748
4559,-0.011748,-0.138489,1.365164,1.770860,0.774460,0.029842,1.264318,-0.158635,-1.815860,0,0.342212,0.814375
4560,3.233196,4.157528,2.886954,5.808311,1.914175,3.392345,2.489999,2.479420,1.329542,1,3.076830,3.076830
4561,0.452456,0.763378,0.523159,1.979226,1.663688,-1.256079,1.349968,0.151432,-0.963034,0,0.518244,1.011380
4562,-0.139889,0.737562,0.517708,2.305495,1.092539,1.261128,-1.211615,0.227993,-0.238797,0,0.505792,0.859192
4563,-0.281605,3.777045,1.061493,2.411638,2.529869,-1.533190,-0.689819,0.246640,-1.043784,0,0.719810,1.508343
4564,0.502918,0.246980,0.465408,1.370920,2.565113,-0.248182,-0.303708,0.423331,-1.373282,0,0.405500,0.833316
4565,1.002990,0.736000,0.893764,1.863399,2.287122,0.898613,-1.444479,-0.186624,-0.269322,0,0.642385,1.064701
4566,0.908312,0.764269,1.513005,1.242376,2.740155,-1.374790,0.452023,-0.000778,-1.601848,0,0.515858,1.177506
4567,0.835080,1.285785,1.614333,1.560127,4.117166,-0.387897,1.709514,-0.730829,0.017165,0,1.113383,1.361989
4568,-0.139302,-0.639360,0.376203,0.752140,0.060121,-0.145150,-0.139186,-0.333230,-0.065431,0,-0.030355,0.294458
4569,0.240309,-0.732403,-0.461783,0.279252,-0.397264,0.001152,-0.697770,-0.753076,-0.943948,0,-0.385059,0.500773
4570,3.832634,1.020864,4.391102,7.636284,2.362392,2.871384,2.944751,8.400252,1.376502,1,3.870685,3.870685
4571,-0.183479,-0.355752,-0.327600,0.165021,0.000656,-0.232912,-0.019297,-0.616313,-0.365900,0,-0.215064,0.251881
4572,0.096606,0.338473,0.067662,0.228559,0.375907,-0.356561,-0.194800,0.631946,-0.924985,0,0.029201,0.357278
4573,0.282750,2.844823,3.806104,6.012133,3.409052,-0.152134,3.665136,3.488551,-0.184067,1,2.574705,2.649417
4574,-0.088146,-0.241477,0.228971,0.065190,0.278477,-0.398630,-0.390505,-0.164343,-1.002304,0,-0.190307,0.317560
4575,-0.214380,2.726678,1.162569,5.347146,4.713714,0.546550,3.228519,0.803822,0.405393,1,2.080001,2.127641
4580,0.061083,-0.028876,0.947470,1.199604,-0.398751,0.414267,-0.693654,4.524505,-4.861181,0,0.129385,1.458821
4581,-1.015327,0.078686,-0.493411,-0.518849,-0.093930,0.083094,-0.207888,-0.265719,-0.643995,0,-0.341927,0.377878
4600,-0.198587,-0.107911,-0.239177,-0.195540,0.003692,-0.182216,-0.489149,0.124264,-0.816729,0,-0.233484,0.261918
4601,-0.337916,-0.234519,0.023052,-0.233569,-0.263737,0.069790,-0.743130,-0.533879,0.349476,0,-0.211604,0.309897
4605,-0.914584,0.033035,0.370075,0.411922,-0.455949,0.099443,-0.808734,0.083789,0.083041,0,-0.121996,0.362286
4606,-1.393039,0.666501,-1.317868,0.613098,-0.284044,-0.842865,-0.362251,-0.344909,-0.127501,0,-0.376986,0.661342
4608,-0.252490,0.100774,0.017962,-0.312419,-0.382936,0.042802,-0.410905,-0.278323,-0.260250,0,-0.192865,0.228762
4610,0.182462,1.696415,0.228534,2.824333,0.767260,0.097432,0.622899,1.076646,1.699628,0,1.021734,1.021734
4611,-0.193203,-0.149378,-0.115202,-0.022157,-0.132728,-0.204247,-0.247937,0.023047,0.060959,0,-0.108983,0.127651
4612,-0.176179,-0.312482,0.130812,-0.283775,-0.362261,-0.404179,-0.169982,-0.136111,-0.151675,0,-0.207315,0.236384
4613,-0.329413,-0.169467,0.054723,-0.107718,-0.581215,-0.164311,0.302317,-0.655018,-0.132165,0,-0.198030,0.277372
4614,-0.597583,-0.415505,-0.228076,-0.195808,0.033761,0.247223,-0.504936,-0.572046,-0.450664,0,-0.298182,0.360622
4615,-1.312473,1.326167,-0.855930,0.835716,0.049294,0.391536,0.433930,0.152926,0.065557,0,0.120747,0.602614
4620,-0.185342,-0.307527,-0.000835,-0.301360,-0.231579,0.125030,-0.428785,-0.110406,-0.285686,0,-0.191832,0.219617
4621,0.043759,-0.205626,-0.275443,0.088252,-0.532856,-0.628158,-0.880271,-0.395119,-0.356153,0,-0.349068,0.378404
4625,-0.114485,-0.359603,-0.100174,-0.262048,0.058914,-0.566418,-0.990478,-0.140519,0.001073,0,-0.274860,0.288190
4626,-0.215246,-0.347082,-0.326332,-0.636378,-0.082176,-0.406661,-0.797872,-0.401684,-0.444778,0,-0.406468,0.406468
4627,0.175294,-0.322113,-0.265213,-0.027676,-0.122926,-0.253246,-0.526965,-0.364948,-0.031106,0,-0.193211,0.232165
4630,-0.082603,0.150297,-0.082699,-0.034998,-0.575252,-0.512968,-0.403440,0.034004,-0.566141,0,-0.230422,0.271378
4650,0.637123,4.306639,3.120640,5.791053,3.746495,-1.503961,0.743768,13.429618,-6.316882,1,2.661610,4.399576
4655,6.292717,5.414452,6.281452,9.952832,7.678246,-2.439423,5.241099,4.181344,1.640294,1,4.915891,5.457984
4659,0.122850,2.239870,0.458174,0.443537,0.454719,-0.746317,-0.362125,0.687502,-0.502340,0,0.310652,0.668604
4660,-0.489329,2.063017,-0.537480,1.356214,0.206410,1.677893,1.121821,0.370287,0.000261,0,0.641010,0.869190
4662,0.085648,-0.061553,0.065463,-0.021581,-0.255633,-0.121119,-0.670526,-0.145343,-0.297390,0,-0.158004,0.191584
4670,4.034211,10.397604,5.811221,8.986033,4.658645,-1.709916,4.207090,-1.332602,-10.629551,1,2.713637,5.751875
4671,0.226379,0.601550,-0.260053,1.182860,-0.362357,0.559537,-0.548707,0.791843,-0.336186,0,0.206096,0.541052
4673,-0.390630,-0.104285,-0.446636,0.354621,-0.608954,-0.185832,-0.283086,-0.325923,0.009844,0,-0.220098,0.301090
4674,0.129885,-0.077677,-0.059345,-0.194117,-0.054813,0.425698,-0.733468,-0.440610,-0.907220,0,-0.212407,0.335870
4676,-0.081315,-0.271176,0.090475,-0.503938,0.144664,-0.414930,-0.319851,-0.156893,-0.522943,0,-0.226212,0.278465
4677,-0.043421,-0.005969,0.353945,0.501607,1.434085,0.896222,-0.207335,0.144563,0.666956,0,0.415628,0.472678
4678,-0.452773,-0.242842,-0.143543,-0.155510,-0.311441,-0.330526,-0.475971,-0.854917,-0.196031,0,-0.351506,0.351506
4680,0.110654,4.901061,5.787166,8.781045,5.732347,1.695992,6.980533,6.903176,1.972245,1,4.762691,4.762691
4694,-0.101049,-0.122426,-0.211420,-0.184962,0.057695,-0.307032,-0.330423,-0.151461,-0.278551,0,-0.181070,0.193891
4695,0.225316,-0.301634,-0.228662,-0.225287,-0.015582,-0.287320,-0.110147,-0.052413,-0.642583,0,-0.182035,0.232105
4697,-0.142658,-0.203714,-0.097798,-0.012919,-0.249724,-0.025597,-0.274018,-0.282799,-0.160549,0,-0.161086,0.161086
4699,0.023059,-0.375663,-0.120152,0.081315,-0.353571,-0.073257,-0.168504,-0.301529,-0.097641,0,-0.153994,0.177188
4700,0.079688,1.337287,1.217663,-0.253859,4.070601,1.085010,-1.281599,0.558743,0.230489,0,0.782669,1.123882
4701,-0.088164,6.325078,-3.756894,1.402178,12.225918,1.308288,-2.247426,0.852897,-0.957605,1,1.673808,3.240494
4702,2.594015,2.779715,5.131389,2.199666,1.171980,2.190120,0.643726,3.401000,1.978063,1,2.454408,2.454408
4703,-0.925350,3.694276,1.341552,1.988996,12.424525,1.446286,2.778312,-1.147568,-0.766893,1,2.314904,2.945973
4704,-0.257869,-0.065096,-0.110871,-0.088695,-0.073512,-0.333890,-0.064382,-0.195851,-0.049438,0,-0.137734,0.137734
4705,-0.071868,-0.154415,0.068171,-0.336884,-0.323189,-0.192717,-0.167087,-0.258256,-0.316566,0,-0.194757,0.209906
4706,-0.114979,-0.116332,-0.099142,-0.095400,-0.251509,-0.168069,-0.177839,-0.109181,-0.189882,0,-0.146926,0.146926
4707,-0.263266,-0.263432,-0.011607,-0.223992,-0.211497,-0.155061,-0.126280,-0.300883,-0.282490,0,-0.204279,0.204279
4709,-0.233133,-0.250597,-0.151456,-0.102512,-0.082653,-0.072404,-0.204165,-0.112383,-0.112383,0,-0.146854,0.146854
4710,-0.057515,0.603623,0.669938,-0.631332,0.368328,0.465249,0.636425,0.576775,-0.144849,0,0.276293,0.461559
4711,-0.734642,0.446432,-0.785887,-0.399072,-0.210477,-0.662863,-0.602947,-0.539053,-0.447181,0,-0.437299,0.536506
4712,-0.090142,-0.199380,-0.043599,-0.097968,-0.300642,0.190644,-0.252825,-0.067594,-0.230435,0,-0.121327,0.163692
4713,-0.112764,-0.112764,-0.112764,0.007456,-0.230695,-0.162449,-0.158929,-0.106446,0.633980,0,-0.039486,0.182027
4714,-0.573099,0.256516,-0.278982,-0.231911,0.270499,-0.594077,0.191125,0.032724,0.145142,0,-0.086896,0.286008
4715,-0.086057,-0.348659,0.178685,-0.711382,-0.065391,-0.318524,1.429760,-0.419987,-0.186178,0,-0.058637,0.416069
4716,-0.306208,-0.260271,0.096837,-0.070761,-0.624327,-0.312921,-0.676230,-0.557018,-0.345211,0,-0.339568,0.361087
4717,0.321528,-0.121674,-0.219555,0.308409,-0.333428,-0.202489,0.488095,0.574890,0.920809,0,0.192954,0.387875
4718,0.148531,0.035568,0.075685,0.069431,-0.759241,-0.396300,-0.689184,0.007387,0.124974,0,-0.153683,0.256256
4719,-0.068855,-0.439643,0.159522,-0.338795,-0.550785,-0.513917,-0.489539,-0.195113,0.000612,0,-0.270724,0.306309
4720,2.014272,-0.284067,0.284058,1.338205,0.525123,0.805914,0.211651,3.034044,-0.648975,0,0.808914,1.016257
4721,0.141534,-1.007562,-0.633597,-0.472588,-0.502624,-0.844977,-0.140668,-1.101074,0.305379,0,-0.472909,0.572222
4722,-0.084714,0.243057,-0.596343,-0.169613,-0.459443,-0.479435,-0.439175,-0.220844,-0.301611,0,-0.278680,0.332693
4723,-0.021553,-0.106341,-0.818435,0.728405,-0.033083,-0.641921,0.054357,-0.555378,0.426815,0,-0.107459,0.376254
4724,-0.226071,0.175546,-0.232912,-0.152544,-0.389656,-0.132603,-0.396179,0.374668,-0.421431,0,-0.155687,0.277956
4725,-0.006697,-0.027181,-0.505557,0.087256,-0.761724,-0.633937,-0.434407,0.228279,0.214553,0,-0.204379,0.322177
4726,0.036563,-0.040080,-0.391402,-0.008154,-0.463810,-0.117352,-0.416303,0.080439,-0.280963,0,-0.177896,0.203896
4727,-0.292982,-0.040275,-0.190468,0.170045,-0.384594,-0.304613,-0.027124,-0.311171,-0.315113,0,-0.188477,0.226265
4728,-0.128024,-0.044725,-0.424915,0.205569,-0.381102,-0.125195,-0.319701,-0.368018,-0.214755,0,-0.200096,0.245778
4730,0.086606,-0.087366,-0.563344,0.274955,-0.232192,-0.962959,-0.016892,-0.198077,0.368691,0,-0.147842,0.310120
4731,-0.171096,-0.079444,-0.326492,0.059113,-0.347877,-0.286119,-0.127760,0.006134,-0.364625,0,-0.182018,0.196518
4732,-0.489213,-0.079070,-0.130295,-0.204347,-0.226710,0.082330,-0.410118,-0.174239,-0.271898,0,-0.211507,0.229802
4733,-0.126914,-0.138281,-0.229758,-0.024831,-0.276547,0.175425,-0.379502,-0.206187,-0.218945,0,-0.158393,0.197377
4735,-0.029541,-0.071709,-0.201212,-0.567538,0.032045,-0.030128,0.525707,-0.357072,0.756968,0,0.006391,0.285769
4736,-0.223919,-0.129871,-0.172021,-0.120273,-0.055321,-0.188948,0.045960,-0.310901,-0.109422,0,-0.140524,0.150737
4737,-0.248239,0.262879,0.162687,0.292741,1.665179,0.011065,-1.267991,1.421854,0.271747,0,0.285769,0.622709
4738,-0.173643,-0.147581,0.196822,0.063533,-0.415280,-0.010135,-0.358862,-0.371162,-0.243377,0,-0.162187,0.220044
4739,-0.383087,-0.038520,-0.426922,0.019912,-0.101766,-0.131869,-0.388699,-0.274944,-0.116623,0,-0.204724,0.209149
4740,5.801580,6.128917,8.457794,6.905045,4.543286,1.382451,2.895490,5.578728,6.823000,1,5.390699,5.390699
4741,0.281296,0.133181,1.078422,1.441869,0.122283,-0.861692,-0.177134,0.732113,1.147651,0,0.433110,0.663960
4742,0.254853,-0.085901,-0.455457,-0.361376,0.175050,-0.572345,0.206983,-0.165600,-0.075061,0,-0.119873,0.261403
4743,-0.162332,-0.156156,-0.115643,-0.194107,-0.089976,-0.209680,-0.115577,-0.115577,-0.115577,0,-0.141625,0.141625
4744,0.594890,0.169382,-0.272211,0.846002,0.936026,-0.658547,-0.342113,0.757617,-0.233446,0,0.199733,0.534470
4745,-0.128841,0.314676,-0.284987,0.223266,-0.521233,-0.400120,-0.120240,-0.115288,-0.382008,0,-0.157197,0.276740
4746,-0.072238,-0.147754,-0.101020,-0.139451,-0.089524,-0.249167,-0.079342,-0.164566,-0.089772,0,-0.125870,0.125870
4750,-0.593124,0.874286,0.379058,0.579640,0.741590,1.087357,0.576664,-0.318118,0.493211,0,0.424507,0.627005
4751,-0.408648,0.292278,-0.592536,0.917085,0.633017,-1.010310,0.256771,0.899303,-0.375000,0,0.067996,0.598328
4753,0.037609,0.289432,0.355722,0.408971,0.229595,0.678433,0.239716,0.124194,0.301685,0,0.296151,0.296151
4754,0.198207,-0.178466,0.334275,-0.530821,0.574862,-0.184673,-0.192603,0.008112,0.171603,0,0.022277,0.263736
4756,-0.404451,0.061982,-0.168591,0.035370,-0.275494,-0.235821,-0.210244,-0.381459,-0.193545,0,-0.196917,0.218551
4757,0.073862,-0.181169,0.078826,-0.008532,-0.272458,-0.376838,-0.080756,-0.258006,-0.003971,0,-0.114338,0.148269
4798,-0.100430,-0.317473,-0.113996,-0.250982,-0.387393,0.008054,-0.494074,-0.351927,-0.273069,0,-0.253477,0.255267
4799,-0.140085,0.083562,-0.025472,0.039876,-0.196453,-0.270991,-0.175162,0.237941,-0.643862,0,-0.121183,0.201489
4800,0.972454,1.009617,1.431890,2.405548,1.082580,0.770797,1.661330,0.433243,1.853201,0,1.291184,1.291184
4802,0.232466,0.937156,3.077683,0.558978,1.474644,2.657486,-0.157258,1.702115,2.802831,0,1.476233,1.511180
4803,-0.075849,-0.075849,-0.075849,-0.075849,-0.075849,-0.075849,-0.075849,-0.075849,-0.075849,0,-0.075849,0.075849
4804,-0.057880,-0.223451,0.516133,-0.525707,0.530219,0.088012,0.658359,-1.098270,0.610475,0,0.055321,0.478723
4805,1.256885,1.293090,-0.275983,0.876943,1.015158,1.028755,1.625751,0.767783,2.645800,0,1.137131,1.198461
4806,0.127391,0.379097,1.282332,0.502635,0.064370,1.905412,-0.168658,0.601378,-0.409056,0,0.476100,0.604481
4807,1.094572,1.367040,1.253267,1.094598,0.438773,-0.070192,0.259483,1.362020,0.781553,0,0.842346,0.857944
4808,0.109833,-0.136221,0.991620,-0.203693,-0.406175,-0.132798,-0.304215,-0.624415,-0.641488,0,-0.149728,0.394495
4809,-0.197524,0.247878,0.353779,0.493139,-0.019980,-0.577592,0.310974,-0.554803,-0.147897,0,-0.010225,0.322619
4810,0.279557,2.190748,0.412333,0.810133,1.191451,1.114504,1.068680,1.287813,1.658232,0,1.112606,1.112606
4811,1.476343,0.214981,1.231777,0.864660,2.040963,-0.144197,2.042906,0.055780,-1.250222,0,0.725888,1.035759
4812,-0.418605,1.346716,0.498314,1.781827,2.622676,-1.132072,1.592438,1.121448,2.161392,0,1.063793,1.408388
4814,4.312255,-0.523243,1.981723,4.851622,1.211684,1.566838,1.713839,2.856977,2.500205,1,2.274656,2.390932
4815,1.119582,2.810318,1.508058,2.895142,2.705505,0.172798,0.677925,3.116379,-0.648166,1,1.595282,1.739319
4816,1.361740,-0.344364,0.034965,1.107961,0.931434,0.526089,0.430180,1.556227,1.238203,0,0.760270,0.836796
4817,1.382596,0.277476,3.612832,4.693918,1.127396,-0.848965,2.283232,3.501396,-0.968886,1,1.673444,2.077411
4818,2.687754,3.243243,4.388951,8.632920,1.565162,2.988158,2.713417,3.544871,3.775148,1,3.726625,3.726625
4819,-0.287310,-0.065354,-0.227424,1.342696,-0.252351,0.046417,0.361469,0.340889,0.629613,0,0.209849,0.394836
4820,0.911363,0.249943,1.187363,-0.078991,0.330751,-1.574379,1.045531,0.306645,2.015650,0,0.488208,0.855624
4821,0.494076,0.285724,-0.571795,-0.287612,-0.329703,0.556473,-0.373733,-0.183217,-1.362296,0,-0.196898,0.493848
4822,-0.085893,0.409135,-0.269740,-0.510293,-0.264890,0.552932,-0.723059,-0.468239,-0.275288,0,-0.181704,0.395497
4823,0.410937,-0.403992,-0.397875,-0.397875,-0.097780,-0.464408,-0.518529,-0.193610,-0.715507,0,-0.308738,0.400057
4824,-0.076703,-0.128376,-0.214034,-0.364506,-0.012759,-0.323010,-0.383608,-0.152542,0.100713,0,-0.172758,0.195139
4825,2.045312,-1.844164,0.012269,2.373135,0.635619,2.087559,-1.237037,1.082972,1.532915,0,0.743175,1.427887
4828,0.090241,-0.422491,-0.106446,0.385229,-0.475491,-0.022097,-0.038927,0.071480,-0.136390,0,-0.072766,0.194310
4829,-0.410518,0.017622,-0.311321,-0.125033,-0.223970,0.667883,-0.510225,-0.286885,-0.345255,0,-0.169745,0.322079
4830,-0.010753,-0.185024,-0.463577,0.074989,-0.585552,-0.046307,-0.249835,-0.264191,-0.143006,0,-0.208139,0.224804
4849,0.182022,0.807893,-0.368606,-0.399258,0.164025,0.163908,-0.484776,-0.469227,0.114309,0,-0.032190,0.350447
4850,0.295945,1.052772,0.236326,0.142942,0.864959,0.085460,0.220947,-0.700754,1.262550,0,0.384572,0.540295
4852,0.238012,0.767850,1.095822,-0.081138,0.808822,-0.437963,0.707926,0.631127,0.273384,0,0.444871,0.560227
4854,0.705434,0.510396,-0.522168,0.167995,0.012953,-0.838820,0.239926,-0.073623,0.509949,0,0.079116,0.397918
4855,-0.050280,-0.055669,-0.217372,-0.447767,-0.299968,-0.208081,0.143606,-0.649444,0.242058,0,-0.171435,0.257138
4856,-0.366080,-0.364189,-0.017230,-0.236094,-0.061833,0.017760,-0.639092,-0.114500,-0.296051,0,-0.230812,0.234759
4857,-0.114979,-0.114979,-0.114979,-0.114979,-0.114979,-0.114979,-0.114979,-0.114979,-0.114979,0,-0.114979,0.114979
4858,0.116205,-0.350510,0.366111,-0.145384,0.369007,-0.911307,-0.149876,-0.320954,0.160939,0,-0.096196,0.321144
4859,-0.090229,-0.125321,-0.297126,-0.172699,-0.261173,-0.043645,-0.512796,-0.315270,-0.031011,0,-0.205475,0.205475
4860,0.349313,1.476361,0.768047,0.154821,0.905495,-0.863308,0.654926,-0.145782,-0.865491,0,0.270487,0.687060
4861,-0.155801,0.409285,0.106432,0.037141,-0.310042,-0.154921,-0.215928,-0.037419,-0.197078,0,-0.057592,0.180450
4865,0.367791,1.755804,0.799263,0.053767,1.090609,0.274814,-0.038730,2.082797,0.032213,0,0.713148,0.721754
4868,0.162605,2.810537,1.394180,1.465559,2.912117,1.903795,0.004655,2.217775,2.465405,1,1.704070,1.704070
4869,0.797077,3.380723,1.219083,2.720879,2.694957,2.496027,1.087149,2.194446,3.509286,1,2.233292,2.233292
4870,1.398791,9.412096,-3.500123,3.368025,9.865979,5.519873,8.610208,2.872809,2.465400,1,4.445895,5.223700
4871,0.021636,2.652938,0.107733,-0.218801,0.488650,0.088377,-0.880507,-0.075787,1.181213,0,0.373939,0.635071
4872,-0.140479,1.185903,0.131444,0.061941,-0.029633,-0.231539,-0.623541,0.410860,0.136369,0,0.100147,0.327968
4873,0.325750,1.391605,0.635554,0.832302,0.025578,0.587180,-0.099179,-0.912308,0.775230,0,0.395746,0.620521
4874,-0.112764,-0.112764,-0.054633,0.081806,-0.538696,-0.136801,-0.051367,-0.300242,-0.199468,0,-0.158325,0.176505
4875,-0.228922,-0.213619,0.020069,-0.417304,0.245444,-0.373907,-0.736539,-0.442614,-0.040197,0,-0.243066,0.302068
4876,-0.182271,-0.135462,-0.158416,-0.128699,-0.219796,0.211686,-0.424160,-0.283107,-0.259596,0,-0.175536,0.222577
4877,-0.067314,1.803222,0.484496,1.331825,0.043281,0.950165,0.006649,-0.113650,1.101162,0,0.615537,0.655751
4878,1.273571,0.677103,2.558283,1.346005,2.760330,2.854446,2.215195,0.301676,4.257824,1,2.027159,2.027159
4879,1.611515,3.384580,0.916597,5.234731,4.984964,1.210788,2.651250,0.911950,0.084555,1,2.332326,2.332326
4880,0.462415,2.575922,1.399121,-0.148708,1.131940,-0.289291,-1.239499,1.993660,1.199192,0,0.787194,1.159972
4881,-0.366884,0.449005,0.072504,0.766548,0.107211,-0.091770,1.301018,-0.850572,0.730675,0,0.235304,0.526243
4882,0.084166,-0.089903,0.684437,-0.442854,0.245200,-0.911746,0.633619,-0.878674,0.900054,0,0.024922,0.541184
4883,0.183076,-0.176653,1.678957,-1.294106,0.169754,1.243064,1.687704,0.094176,-0.304070,0,0.364656,0.759062
4884,-0.711395,0.871129,-0.769460,-0.242400,-0.513869,-0.698422,-0.247587,-0.494311,0.175970,0,-0.292261,0.524949
4885,-0.529372,0.288635,2.253533,-1.336197,-0.611813,0.475769,-0.201433,0.245171,0.167568,0,0.083540,0.678832
4886,0.034798,0.080093,-0.003646,-0.352242,0.000170,0.383386,-0.811334,-0.447828,-0.369476,0,-0.165120,0.275886
4887,-0.538642,-0.029027,-0.000004,0.019637,-0.217456,-0.052480,-0.353960,-0.933041,-0.398469,0,-0.278160,0.282524
4888,-0.206497,0.465859,0.651504,-0.906697,0.197044,-0.248805,0.196377,-1.096660,-0.152578,0,-0.122272,0.458002
4890,0.648771,-0.321762,-0.132267,-0.340430,-0.126414,-0.194497,-0.548461,-0.549397,0.061629,0,-0.166981,0.324848
4891,0.247899,-0.114528,-0.413188,-0.280866,0.146176,0.036282,-0.605430,-0.287747,-0.386499,0,-0.184211,0.279846
4892,-0.363183,0.034388,-0.231391,0.167692,0.156993,-0.214485,-0.276697,-0.434141,-0.304716,0,-0.162838,0.242632
4895,0.234708,0.412222,0.036892,-0.346160,-1.297805,-0.418969,-0.040650,-0.962289,0.037140,0,-0.260546,0.420760
5000,0.627332,1.547955,-1.171871,1.295896,-0.124663,-0.113967,0.161902,-0.150375,-0.663444,0,0.156530,0.650823
5001,-0.198880,-0.068545,-0.037861,-0.307881,-0.115577,-0.115577,-0.115577,-0.115577,-0.115577,0,-0.132339,0.132339
5006,1.626366,-0.330350,-0.634003,0.099589,0.345875,-0.121826,-0.708473,-0.220598,-0.506562,0,-0.049998,0.510405
5007,-0.363855,0.636408,0.134842,1.033310,0.966446,-0.424667,1.771554,-0.953969,2.558866,0,0.595437,0.982658
5008,-0.360666,0.104197,1.568075,1.599171,2.694045,-0.267197,0.172841,-0.724770,0.080845,0,0.540727,0.841312
5009,-0.460081,0.129084,-0.255818,0.805836,0.660543,0.197916,-0.429313,-0.347902,0.227697,0,0.058663,0.390466
5010,-0.364149,-0.530714,0.503800,0.942336,2.630992,-0.707765,-0.600322,0.563383,-0.110963,0,0.258511,0.772714
5011,0.761434,1.442715,1.587737,1.392450,2.677386,0.989767,-0.418801,-0.205791,-0.314440,0,0.879162,1.087836
5012,0.002358,0.065283,1.364811,0.256956,2.208734,0.665898,0.449154,-0.877874,1.750424,0,0.653972,0.849055
5013,0.176262,1.050153,0.733133,1.232606,1.761263,0.890944,-0.656873,1.090434,-0.249942,0,0.669775,0.871290
5014,-0.380756,1.992225,0.237880,0.455849,2.172740,0.430002,-0.677812,0.524267,-0.732594,0,0.446867,0.844903
5015,0.124991,-0.323290,0.271373,0.879129,0.512414,-0.075282,0.182046,0.905668,-1.287262,0,0.132199,0.506828
5016,0.555384,0.402625,-0.334916,1.157941,1.456371,0.254034,0.485616,-0.939635,-0.642426,0,0.266110,0.692105
5017,-0.681333,0.292438,-0.090579,1.026129,0.387519,-0.008640,0.212905,-0.553836,0.861985,0,0.160732,0.457263
5018,-0.284631,-0.488231,-0.583965,0.200037,1.466543,-0.784807,-1.132271,0.638298,-0.551463,0,-0.168943,0.681139
5019,-0.721272,0.224364,0.376959,0.692861,1.304320,-0.122249,0.347810,-0.546464,-0.550787,0,0.111727,0.543009
5020,0.226880,-0.453608,-0.258966,-0.221288,0.251583,0.046571,-0.681543,-0.239215,-0.512780,0,-0.204707,0.321382
5021,0.270992,0.214909,1.144268,-0.467717,1.618113,-0.433718,-0.289669,-0.464934,-0.232679,0,0.151063,0.570778
5022,0.614338,1.394295,0.955301,0.848382,3.440284,-0.637896,0.705701,1.045150,1.945016,0,1.145619,1.287374
5023,-0.102991,2.859920,0.750237,0.781119,2.814026,1.540383,-0.071921,1.250088,-0.332679,0,1.054242,1.167040
5024,-0.204659,1.717553,1.369027,0.439541,2.601182,-0.434425,1.621427,-0.912585,-0.420395,0,0.641852,1.080088
5025,-0.496170,0.408770,1.104075,0.753875,1.429667,-0.551682,0.787289,-0.392851,-1.011663,0,0.225701,0.770671
5031,-0.592637,2.074409,-0.374475,1.201712,1.211611,0.288839,-0.074721,0.158925,-0.578442,0,0.368358,0.728419
5032,0.290619,0.409534,2.039363,-0.870980,3.550245,-0.453350,-0.516948,-0.849492,0.250659,0,0.427739,1.025688
5033,0.081066,0.730049,1.103255,0.279727,0.951942,-1.120798,0.309814,0.689015,-0.534473,0,0.276622,0.644460
5034,0.537218,1.004895,0.233428,0.445401,0.522226,-0.237201,0.493841,0.604517,-1.408761,0,0.243952,0.609721
5035,0.034403,-0.252324,0.082655,0.604324,0.619472,-0.535608,-1.048528,0.648551,-1.307385,0,-0.128271,0.570361
5037,0.196984,0.655152,0.676157,0.220443,2.216652,1.224530,-0.690367,-0.614500,-0.319673,0,0.396153,0.757162
5038,1.044435,2.478288,0.508280,2.055680,1.508752,1.508208,-1.276208,0.675192,-0.634308,0,0.874258,1.298817
5039,-0.352708,0.746002,1.010165,0.306944,1.598396,0.802258,-0.527605,0.301512,-0.836385,0,0.338731,0.720219
5040,-0.859574,-0.063156,-0.126944,0.048043,0.274004,-0.470839,0.161834,-0.930044,-0.941136,0,-0.323090,0.430619
5041,0.101091,2.253477,-0.386884,2.371309,2.166869,0.838508,1.441450,-0.056896,0.087048,0,0.979552,1.078170
5042,-0.009443,1.269834,0.198149,2.289013,1.155316,0.552257,-0.643880,0.077291,-1.391641,0,0.388544,0.842981
5043,-0.245838,1.293377,4.087399,1.739921,3.111417,1.897241,0.832208,-0.830517,0.653855,0,1.393229,1.632419
5044,0.003911,2.028171,0.399962,0.614946,1.913309,0.086170,0.252828,-0.214036,0.411549,0,0.610757,0.658320
5045,1.261020,0.845902,1.590208,0.629632,2.625115,-0.141764,0.785952,-0.384323,0.136830,0,0.816508,0.933416
5046,-0.679497,0.872949,0.989769,2.114702,0.846322,0.475754,-0.816953,-0.655915,0.784412,0,0.436838,0.915142
5047,-0.614563,0.854977,0.097589,2.382492,0.416410,0.602866,-1.073935,-0.317165,-0.182004,0,0.240741,0.726889
5048,0.757872,1.758071,0.648821,1.474331,2.431619,-0.752259,2.363676,-0.066392,0.812147,0,1.047543,1.229465
5049,-0.076052,0.259254,2.267430,0.275292,2.893019,-0.472906,0.418209,0.262999,-1.549599,0,0.475294,0.941640
5050,-0.835123,0.461558,0.662855,0.144591,0.007353,0.126306,-0.170651,0.504925,-0.188121,0,0.079299,0.344609
5051,0.535941,1.414735,0.836857,1.626683,1.501620,0.073470,1.605963,0.877484,-1.264719,0,0.800893,1.081941
5052,-0.559994,1.027454,0.492785,0.085148,1.660929,-0.685184,0.778392,-0.308022,-2.115647,0,0.041762,0.857062
5061,0.879108,1.066099,0.790144,0.622301,2.015971,-0.103535,0.028589,-0.527514,-0.010325,0,0.528982,0.671510
5062,-0.260626,2.934194,0.767945,1.107134,2.069970,-0.087848,3.416774,-1.264181,0.036661,0,0.968891,1.327259
5063,0.219710,1.734793,0.291595,0.479365,1.756355,0.371262,0.175397,0.573481,-1.086096,0,0.501762,0.743117
5064,0.268541,1.806236,0.438985,1.779219,1.596156,1.194972,1.658323,-0.888136,-1.466682,0,0.709735,1.233028
5065,-0.345735,0.929996,0.584829,1.678308,1.388529,0.861701,0.551583,-0.703594,-0.721810,0,0.469312,0.862898
5066,0.262400,0.886968,0.810546,1.840725,1.976672,0.539037,0.153847,0.269024,0.052855,0,0.754675,0.754675
5067,-0.140240,0.631134,1.650634,1.184822,1.409573,-0.511113,-1.051934,1.006728,-0.979099,0,0.355612,0.951697
5068,0.476891,2.013440,0.033975,0.143994,1.860857,1.057404,-0.487241,-0.839701,-1.049582,0,0.356671,0.884787
5069,-0.402607,1.127737,1.217920,-0.036463,1.541524,-0.570112,-0.534428,0.141127,-0.710510,0,0.197132,0.698048
5070,-0.755797,1.624546,1.242553,1.265455,3.239691,-0.352199,0.248109,0.000441,1.622866,0,0.903963,1.150184
5071,-0.114979,-0.114979,-0.114979,-0.114979,-0.114979,-0.114979,-0.114979,-0.114979,-0.114979,0,-0.114979,0.114979
5072,0.292690,2.199201,0.258587,1.504824,3.234844,1.176422,-0.770064,0.317870,1.455856,0,1.074470,1.245595
5073,-0.227757,3.873626,1.010124,1.548565,3.191925,2.031569,2.610230,-1.191674,0.603033,0,1.494405,1.809834
5074,0.011074,0.730278,1.186526,2.504282,1.973905,1.622986,-0.715574,-0.349485,0.851664,0,0.868406,1.105086
5075,-0.784940,1.012573,0.811292,0.626485,2.493765,1.963190,-0.723178,-0.474691,-1.222290,0,0.411356,1.123600
5076,0.221536,0.344735,0.881965,0.583317,2.180430,0.659459,-0.958198,0.703037,-0.909085,0,0.411911,0.826862
5081,0.352097,1.393672,0.698009,1.006990,2.733932,-0.043673,0.292012,-1.046267,0.059293,0,0.605118,0.847327
5082,-0.381004,2.428244,-0.250938,2.695543,2.056078,-0.159665,0.464588,-0.741248,-0.121223,0,0.665597,1.033170
5083,-0.178621,0.815260,0.276536,1.198062,1.425214,-0.935506,-0.237499,-0.535026,0.327634,0,0.239561,0.658818
5084,-0.635551,-0.066545,0.978885,0.802921,2.822852,0.037052,-0.488158,-0.293434,-0.168292,0,0.332192,0.699299
5085,1.745316,3.318554,3.918380,3.770105,4.661663,0.248453,1.315773,2.430996,0.159180,1,2.396491,2.396491
5086,-0.660381,2.136530,2.033426,2.244899,3.033675,1.177071,-0.803515,1.339095,-0.648078,0,1.094747,1.564074
5087,0.238958,1.926962,-0.032853,1.232443,3.457968,0.782441,-0.034491,-0.285383,-0.900572,0,0.709497,0.988008
5088,-0.434779,-0.354068,0.439256,0.208113,1.659994,-0.998364,-0.435051,0.029304,-0.770799,0,-0.072933,0.592192
5089,-0.651663,1.026398,-0.327099,1.165537,0.582153,0.786715,0.973627,-1.075275,-0.472902,0,0.223055,0.784597
5090,-0.891546,0.438798,0.178933,0.705156,-0.162860,0.982430,-0.056431,-0.948951,-0.506263,0,-0.028970,0.541263
5091,-0.798298,0.117040,0.952814,0.949832,1.136097,-0.059099,1.583172,-1.540005,-0.065319,0,0.252915,0.800186
5092,0.562832,1.696166,1.159464,2.019347,2.070815,2.729638,1.001898,-0.631329,0.545106,0,1.239326,1.379622
5093,-1.736319,0.626026,-0.078090,1.363727,0.429283,0.173296,1.423017,-0.643054,0.002543,0,0.173381,0.719484
5094,-0.353604,0.238105,0.431536,0.239367,0.192446,-0.030810,-0.974608,-0.823130,-0.246470,0,-0.147463,0.392231
5095,-0.326956,0.551410,1.992427,2.340730,3.741973,0.498630,-0.209920,-1.173609,0.961569,0,0.930695,1.310803
5096,-0.180573,1.452574,1.312216,0.562462,2.427968,0.071956,-0.344760,0.619826,0.404168,0,0.702871,0.819611
5097,0.142653,1.393246,0.713986,1.068313,2.826381,0.321133,0.149463,-0.719729,-0.271872,0,0.624842,0.845197
5098,-0.417421,0.472659,1.247448,0.939833,1.314761,0.418762,0.186436,0.128158,0.339941,0,0.514509,0.607269
5106,0.106445,-0.335334,0.298204,-0.359524,0.078721,0.192944,-0.388606,-0.558502,-0.188492,0,-0.128238,0.278530
5107,0.067886,0.961259,1.075187,3.293102,1.085409,0.647584,0.194699,-0.834527,0.249159,0,0.748862,0.934312
5108,1.657155,1.548617,6.582296,3.775266,6.071534,0.729284,0.243714,0.480824,3.380873,1,2.718840,2.718840
5109,1.566651,-0.016951,1.748649,2.031518,4.254212,0.335398,3.670009,-1.049593,-0.456099,0,1.342644,1.681009
5110,-0.321750,-0.155819,1.779362,1.648676,2.345678,-0.616607,-0.553365,-1.429560,1.472610,0,0.463247,1.147048
5111,-0.193889,-0.029049,0.160341,-0.582609,0.115028,-0.502300,-0.123556,0.095097,-0.279498,0,-0.148937,0.231263
5112,1.055910,0.037996,1.892346,0.693732,3.884105,-0.571245,2.304729,-2.002824,1.056739,0,0.927943,1.499958
5113,0.525618,0.145145,0.664719,2.236752,2.633159,1.939674,0.591554,0.359084,0.745291,0,1.093444,1.093444
5114,1.768900,3.508015,3.497436,6.573854,7.107292,-0.524014,2.504608,-1.962635,0.102119,1,2.508397,3.060986
5115,1.213785,0.534122,1.659643,2.837366,2.463918,1.365243,1.162325,1.634293,0.586466,0,1.495240,1.495240
5116,1.154076,0.689263,1.465632,0.440988,3.004055,0.869436,2.851355,-0.643036,-1.923163,0,0.878734,1.449000
5117,0.724719,-0.621608,0.433507,1.732483,1.493694,2.759389,1.029902,3.271375,3.984788,0,1.645361,1.783496
5118,-0.059533,2.412768,1.246426,2.159850,1.900333,1.318870,1.606946,1.272079,1.024772,0,1.431390,1.444620
5120,0.355456,-0.050547,0.596916,1.750408,0.974174,0.900449,-0.354737,3.219795,4.568372,0,1.328921,1.418984
5121,-0.222541,-0.094343,0.785222,0.536030,1.617238,-0.211427,-0.802682,0.236753,-0.251283,0,0.176996,0.528613
5125,1.294585,1.202010,0.375107,2.995933,2.606748,1.887659,1.209091,-0.161974,-2.128897,0,1.031140,1.540223
5126,-1.032240,-0.148925,1.117191,0.429649,1.679903,-0.237869,0.356912,-0.327656,-0.562213,0,0.141639,0.654729
5127,-0.140172,0.302838,0.206257,1.378151,-0.050095,-0.691354,0.958910,-1.254647,-1.046350,0,-0.037385,0.669864
5131,-0.422563,0.164536,-0.192257,-0.122181,-0.422873,-0.304494,-0.198049,-0.306131,-0.609570,0,-0.268176,0.304739
5132,-0.086442,-0.119241,0.134474,-0.454549,-0.268004,-0.199350,-0.343600,-0.315195,-0.203816,0,-0.206191,0.236074
5133,-0.276769,-0.213115,-0.239851,-0.111924,-0.338280,-0.574822,-0.295039,-0.402552,-0.107245,0,-0.284400,0.284400
5134,-0.277099,-0.231392,0.135604,-0.476441,0.046188,-0.402890,-0.430852,-0.463329,-0.110701,0,-0.245657,0.286055
5136,-0.324530,-0.061403,-0.216512,0.033620,0.070383,-0.224441,-0.599520,-0.114111,-0.143661,0,-0.175575,0.198687
5137,-0.106900,-0.397542,-0.004553,-0.067349,-0.469722,0.105387,-0.508828,-0.177706,-0.458118,0,-0.231703,0.255123
5138,-0.175837,-0.193413,-0.242464,0.021564,-0.159813,-0.119228,-0.274191,-0.193863,-0.420802,0,-0.195339,0.200131
5139,-0.528057,-0.127084,-0.117104,-0.194983,0.290784,-0.433842,-0.490125,-0.542422,-0.458306,0,-0.289015,0.353634
5140,-0.397425,0.005880,-0.213125,-0.177079,0.110703,-0.094994,-0.418715,-0.235520,-0.220307,0,-0.182287,0.208194
5141,-0.280853,-0.367379,0.121928,-0.356352,-0.016255,-0.707835,-0.101986,-0.373796,-0.697505,0,-0.308893,0.335988
5142,-0.511415,0.122778,-0.407704,-0.298328,-0.168822,-0.201779,-0.050313,-0.498868,-0.574915,0,-0.287707,0.314991
5144,-0.011737,-0.211585,-0.086676,-0.269855,-0.009028,-0.217597,-0.397832,-0.173568,-0.103412,0,-0.164588,0.164588
5150,-0.120656,-0.031713,-0.190810,-0.153240,-0.205976,-0.147104,-0.133748,-0.189573,-0.033448,0,-0.134030,0.134030
5151,-0.255046,-0.058087,-0.261687,-0.256169,-0.019745,-0.336003,-0.122682,-0.300952,-0.226887,0,-0.204140,0.204140
5152,-0.570958,0.653894,0.172921,0.379526,0.761029,0.010936,0.765272,-0.351871,-0.890864,0,0.103321,0.506363
5153,0.144839,0.304672,0.764474,0.772374,1.324982,0.274251,-0.831240,-0.639970,0.191098,0,0.256165,0.583100
5154,-0.343819,-0.073211,-0.004864,0.032451,0.649658,-0.137705,-0.056663,0.204463,-0.774118,0,-0.055979,0.252995
5155,-0.957438,0.036182,-0.111744,-0.171965,1.163818,-0.248227,-0.332003,-0.277234,-0.983292,0,-0.209100,0.475767
5156,-0.499996,-0.494702,-0.102449,-0.364927,-0.273804,0.063556,-0.463768,-0.087752,-0.373698,0,-0.288616,0.302739
5157,0.082267,-1.127019,0.133792,-0.138747,0.279557,-0.386170,0.208801,-0.274478,-0.219435,0,-0.160159,0.316696
5158,-0.136848,3.710008,2.135203,2.082777,5.273710,-0.155838,2.275786,2.816882,-0.807472,1,1.910467,2.154947
5159,1.215927,3.257948,2.866994,4.939610,4.139806,-0.166610,2.132223,1.651935,-0.204470,1,2.203707,2.286169
5160,0.141606,-0.316607,1.276843,-0.237422,0.497673,0.455569,-0.625885,-0.985154,-0.238807,0,-0.003576,0.530618
5161,-0.110170,0.445423,1.401480,-0.512482,1.768453,0.213815,-0.770973,0.265021,-0.020861,0,0.297745,0.612075
5162,0.462291,1.794461,2.877515,7.583609,2.999207,-1.352435,4.927669,0.076391,-1.143020,1,2.025076,2.579622
5163,-0.113709,1.015512,-0.291024,3.400250,3.414204,-0.819873,0.977775,1.659766,-1.999535,0,0.804818,1.521294
5164,-0.958562,-0.541505,0.287271,1.006055,-0.693560,-0.253309,-0.451806,-1.396565,-0.384852,0,-0.376315,0.663720
5165,-0.525366,-0.286132,-0.422961,0.140050,1.147541,-0.089204,-0.199412,-0.299896,0.340205,0,-0.021686,0.383419
5166,-0.509188,0.015377,-0.825455,-0.158407,0.104801,-0.581714,-0.696594,-0.690608,-0.763168,0,-0.456106,0.482812
5167,-0.852395,-0.094702,-0.431481,1.531022,1.912738,-0.751136,0.318255,-0.359111,1.348362,0,0.291283,0.844356
5168,-0.763343,0.726638,-0.328279,1.556748,-0.836654,2.534030,-0.207065,-1.055634,-1.455008,0,0.019048,1.051489
5169,0.181538,2.291713,1.747041,1.910235,6.938530,2.569025,1.559311,3.028955,-0.886940,1,2.148823,2.345921
5170,-0.289822,-0.310999,0.038321,-0.103369,0.059379,-0.369968,-0.777745,-0.483725,-0.199962,0,-0.270877,0.292588
5171,-0.437373,1.231018,-0.263286,0.793935,1.322288,0.195556,-1.080555,-0.004036,-0.757757,0,0.111088,0.676200
5172,0.266357,-1.160246,1.033270,0.156249,0.763004,-0.454288,-0.918364,0.520208,-0.273214,0,-0.007447,0.616133
5173,2.102511,0.121028,-0.265906,1.740676,2.896496,-0.887891,0.753727,1.188795,0.126388,0,0.863980,1.120380
5174,0.044344,-0.482568,-0.644796,0.041970,1.101434,-0.309823,-0.746855,-0.830891,-1.123674,0,-0.327873,0.591817
5175,-0.075849,-0.075849,-0.075849,-0.075849,-0.075849,-0.075849,-0.075849,-0.075849,-0.075849,0,-0.075849,0.075849
5201,-0.610046,-0.158445,-0.499272,0.259698,0.883637,-0.654248,0.090770,0.037588,-0.503554,0,-0.128208,0.410806
5202,-0.164444,-0.089837,-0.503159,0.608664,-0.034159,-0.150676,-0.276964,-0.763208,-0.644438,0,-0.224247,0.359506
5203,-0.338017,-0.428160,-0.000355,0.340145,-0.374893,-0.037993,-0.427839,-0.415491,-0.617877,0,-0.255609,0.331197
5204,-0.475659,0.283986,1.234499,0.235617,1.807420,0.113876,-0.256481,0.188170,-1.184995,0,0.216270,0.642300
5207,-0.075849,-0.075849,-0.075849,-0.075849,-0.075849,-0.075849,-0.075849,-0.075849,-0.075849,0,-0.075849,0.075849
5210,-0.237683,-0.405638,-0.423548,0.270698,-0.287245,-0.314154,-0.394838,-0.129455,-1.388250,0,-0.367790,0.427945
5211,2.231097,1.416113,2.064699,2.907220,3.252393,1.110959,2.645612,0.430858,-0.139973,1,1.768775,1.799880
5212,-0.256512,-1.444867,-0.436564,-0.723845,0.873613,-1.375463,-0.058575,-1.215545,-0.695859,0,-0.592624,0.786760
5213,0.061906,-0.953545,0.251099,-0.348023,0.056512,-0.115927,-0.184763,-0.509988,-1.050164,0,-0.310321,0.392436
5214,1.815890,0.527308,1.166135,2.664028,2.281529,1.070413,1.196544,-0.456991,0.048589,0,1.145938,1.247492
5220,-0.376377,-0.180813,-0.131742,-0.324556,-0.134634,-0.236311,-0.256190,-0.123947,-0.443136,0,-0.245301,0.245301
5221,-0.111434,-0.143945,0.069943,-0.130535,-0.527269,-0.518557,-0.208248,-0.664846,-0.480840,0,-0.301748,0.317291
5222,-0.334338,-0.301239,0.064917,-0.102518,-0.594310,-0.540453,0.631444,-0.842012,-0.264208,0,-0.253635,0.408382
5223,0.735498,-0.632571,-0.339324,-0.632688,0.726759,-0.078584,0.868248,-1.317319,-0.164619,0,-0.092733,0.610623
5231,-0.627029,0.383875,-0.137361,-0.524526,0.256737,-0.472782,-0.015295,-1.112974,-0.667766,0,-0.324125,0.466483
5232,-0.223108,-0.339396,-0.079055,-0.333616,0.044452,-0.142510,-0.372943,-0.367029,-0.254021,0,-0.229692,0.239570
5233,-0.489575,-0.512955,0.500658,0.016590,-0.092610,0.151582,-0.628750,-0.325095,-1.167464,0,-0.283069,0.431698
5234,-0.936320,-0.145546,-0.087788,-0.254115,-0.206795,-0.568312,-0.683780,-0.442734,-0.715821,0,-0.449023,0.449023
5235,-0.725920,-0.063162,-0.013623,0.195419,0.071968,-0.673982,-0.430175,-0.281463,-0.958158,0,-0.319899,0.379319
5236,-0.381288,-0.134362,-0.176094,-0.295904,0.059108,-0.104783,-0.453463,-0.328934,0.093979,0,-0.191305,0.225324
5237,-0.179850,-0.281558,-0.150779,-0.236869,0.035345,-0.243302,-0.419367,-0.234889,-0.160627,0,-0.207988,0.215843
5238,-0.117375,0.551939,0.079106,1.383630,0.919253,-0.370000,-0.801781,1.588483,-0.637282,0,0.288441,0.716539
5240,-0.076641,-0.168436,-0.177275,0.086210,-0.073269,-0.203676,-0.680974,-0.209291,-0.676210,0,-0.242174,0.261331
5241,-0.947828,0.106103,-0.446000,0.195701,0.200016,0.505882,-0.831059,0.132621,-1.445829,0,-0.281155,0.534560
5242,-0.657729,-0.113844,0.023191,-0.326329,-0.526147,0.341535,-0.728276,-0.843369,-0.487014,0,-0.368665,0.449715
5243,-0.748647,-0.007619,-0.299788,-0.026770,0.308877,-0.578941,-0.300138,-0.258410,-0.084681,0,-0.221791,0.290430
5244,-0.468644,-0.152563,0.116647,0.029483,1.358712,-0.073835,-0.556589,0.535101,-0.304009,0,0.053812,0.399509
5245,0.004409,0.178633,0.104753,-0.121074,0.502782,0.127304,-0.705913,-0.791200,-0.223856,0,-0.102685,0.306658
5250,0.557708,0.184302,-0.820609,0.177693,0.427661,0.228267,-0.069068,0.617121,-1.370840,0,-0.007530,0.494808
5251,1.906756,2.538531,3.927949,3.613696,4.660349,2.480959,1.349778,-1.242083,2.997121,1,2.470340,2.746358
5252,-0.374383,0.474385,1.050495,-0.328619,0.919125,-0.249073,0.304966,-0.052862,-0.843166,0,0.100096,0.510786
5253,-0.886799,0.773336,3.177624,1.417276,1.157437,3.193777,2.387919,2.705712,-0.553856,0,1.485825,1.805971
5254,-0.304781,-0.484259,0.729673,0.298655,0.218618,-0.637382,-0.611257,-0.697009,-0.614160,0,-0.233545,0.510644
5255,1.395484,0.346618,1.748267,1.307272,2.304149,0.459243,1.117242,-1.594823,1.657625,0,0.971231,1.325636
5256,-0.330861,0.536384,-0.829318,0.855467,0.086311,-0.447155,-0.357242,-1.236720,-0.831463,0,-0.283844,0.612325
5259,-0.520150,-0.311718,0.019106,-0.058608,-0.468618,-0.761480,-0.334022,-0.445123,-0.878174,0,-0.417643,0.421889
5260,-0.084770,-0.422838,-0.326270,-0.836725,-0.046010,-0.722705,0.264540,-0.878229,-0.417406,0,-0.385602,0.444388
5261,-0.011503,-0.217868,-0.323887,-0.246453,-0.350561,-0.290232,-0.056223,-0.152980,-0.207659,0,-0.206374,0.206374
5262,-0.151394,0.077235,-0.068710,-0.036065,-0.078266,-0.013988,-0.357927,-0.303175,-0.303233,0,-0.137280,0.154443
5263,-0.021616,-0.254825,-0.088210,-0.197715,0.012787,-0.315920,-0.288513,-0.278309,-0.323808,0,-0.195125,0.197967
5264,-0.668225,-0.178797,0.123829,-0.480895,-0.292404,-0.721853,-0.452661,-0.275942,-0.502563,0,-0.383279,0.410797
5265,-0.110304,-0.106360,-0.267954,-0.092863,-0.181301,-0.160087,-0.271262,-0.414849,-0.438441,0,-0.227047,0.227047
5266,-0.080738,-0.400621,-0.417788,1.058212,-0.322641,-0.285069,-0.403479,-0.737531,-0.685325,0,-0.252775,0.487934
5267,-0.208317,0.095717,0.027072,-0.162036,0.395005,-0.578079,-1.050481,0.230088,-1.114305,0,-0.262815,0.429011
5268,-0.852302,0.035833,0.531009,0.103773,-0.569441,-0.573977,-0.971951,-0.018050,-0.972047,0,-0.365239,0.514265
5269,-0.244156,-0.153083,-0.110118,-0.266359,0.035112,-0.418009,-0.090225,-0.251091,-0.244491,0,-0.193602,0.201405
5270,-0.584119,-0.016209,-0.229656,0.473648,-0.865365,-0.302721,-0.510917,-0.354789,-0.723910,0,-0.346004,0.451259
5271,0.251687,0.784957,0.617052,-0.310307,2.335623,-0.484725,-1.877791,0.750576,-1.867590,0,0.022165,1.031145
5272,-0.108114,-0.405952,-0.238953,-0.035187,-0.063795,-0.175218,-0.714986,-0.341158,-0.591950,0,-0.297257,0.297257
5273,-0.191593,-0.101535,-0.151812,-0.173061,-0.115577,-0.115577,-0.032243,-0.206270,-0.106446,0,-0.132679,0.132679
5275,-0.603677,-0.573599,-0.401592,0.432219,-0.395477,-0.239112,-1.189330,-0.104776,-0.917600,0,-0.443660,0.539709
5276,-0.374943,-0.621803,0.668079,0.049420,0.421686,-0.357348,-0.468067,-0.788615,-0.804523,0,-0.252902,0.506054
5277,0.064192,-0.601629,0.497709,-0.587252,0.704650,-0.544205,-0.396202,-0.498920,-0.357709,0,-0.191041,0.472496
5278,0.000824,-0.298124,-0.026663,-0.459119,-0.069068,-0.090409,-0.267864,-0.388520,-0.393491,0,-0.221382,0.221565
5279,-0.255831,-0.383291,-0.111053,0.124418,-0.005310,-0.547326,0.265403,-0.858869,-0.168906,0,-0.215641,0.302268
5280,0.356166,-0.144991,0.331582,-0.203910,0.302694,0.549304,-0.544869,-0.672918,-1.226274,0,-0.139246,0.481412
5290,-0.019157,1.888860,1.649318,0.384969,3.695449,0.779246,0.346318,0.718085,-0.903985,0,0.948789,1.153932
5291,-0.396556,0.437746,1.238711,0.125329,0.066046,1.532921,-0.695081,0.655766,-0.920516,0,0.227152,0.674297
5301,-0.267274,-0.351585,-0.332465,-0.147927,-0.146232,-0.286682,-0.367974,-0.757338,-0.042960,0,-0.300049,0.300049
5302,-0.254350,-0.125795,-0.600365,-0.022851,-0.339807,-0.128339,-0.632232,-0.387065,-0.161562,0,-0.294707,0.294707
5303,-0.162878,-0.170861,-0.098930,0.261605,-0.443017,-0.369466,-0.100343,-0.366681,-0.270296,0,-0.191207,0.249342
5304,-0.396971,-0.433110,-0.488270,-0.167941,-0.580372,0.027639,-0.137757,-0.176706,0.256506,0,-0.232998,0.296141
5306,-0.107794,-0.092054,-0.213456,-0.173309,-0.122002,-0.167487,-0.145190,-0.055321,-0.150085,0,-0.136300,0.136300
5307,0.112126,-0.806376,-0.065402,-0.058882,-0.086775,-0.645944,-0.191610,-0.721372,0.070725,0,-0.265945,0.306579
5308,-0.053180,-0.186332,-0.105122,-0.043322,-0.328117,-0.123861,-0.083538,-0.217631,-0.143742,0,-0.142761,0.142761
5309,-0.200407,-0.129826,-0.070755,-0.153688,-0.170476,-0.149551,-0.214539,-0.183320,-0.183320,0,-0.161765,0.161765
5310,-0.105537,-0.105537,-0.129260,-0.232025,-0.136496,-0.112764,-0.112764,-0.124292,-0.055903,0,-0.123842,0.123842
5311,-0.440812,-0.100766,-0.234596,-0.182375,-0.236885,-0.233284,-0.292116,-0.227037,-0.321941,0,-0.252202,0.252202
5312,-0.075849,-0.075849,-0.075849,-0.075849,-0.075849,-0.075849,-0.075849,-0.075849,-0.075849,0,-0.075849,0.075849
5320,-0.406893,-0.262866,-0.094705,0.351193,0.602167,-0.174259,-0.867655,-0.405653,-0.056204,0,-0.146097,0.357955
5321,-0.288606,-0.245640,0.022646,-0.165105,-0.262639,-0.383334,0.232535,-0.714000,-0.264956,0,-0.229900,0.286607
5322,0.187034,-0.448019,-0.212120,-0.234456,-0.299850,-0.499265,-0.860605,-0.390934,-0.143133,0,-0.322372,0.363935
5330,-0.900171,0.775544,-0.692364,-0.289763,-0.306193,-0.603312,-1.146762,-1.320537,-0.610882,0,-0.566049,0.738392
5331,-0.003767,-0.125498,-0.300947,0.016672,-0.180618,-0.506278,-0.309826,-0.182595,-0.531084,0,-0.235994,0.239699
5332,-0.146929,-0.039729,-0.275785,-0.444176,0.291367,-0.318125,-0.449046,-0.400958,-0.505546,0,-0.254325,0.319073
5333,-0.485461,1.253112,-0.396558,0.434942,0.469454,-0.285993,0.913394,-0.806880,-1.005755,0,0.010028,0.672394
5340,0.300585,-0.795282,-0.017409,-0.602528,0.079526,-0.406189,-0.908830,-0.578076,0.029794,0,-0.322045,0.413135
5341,0.510371,0.993999,-0.112555,1.073035,1.910360,-1.304832,-1.173383,-0.511182,-0.320012,0,0.118422,0.878859
5342,-0.361033,-0.352365,-0.452606,0.286242,-0.069420,-0.484172,-0.589856,-0.277380,-0.988254,0,-0.365427,0.429036
5343,-0.029466,0.330529,-0.137471,0.608696,0.117854,-0.318548,-0.259234,-0.858890,-1.017930,0,-0.173829,0.408735
5344,-0.150487,-0.215221,-0.207381,0.151675,-0.437577,-0.332256,0.114737,-0.429938,-0.372961,0,-0.208823,0.268026
5345,-0.334143,-0.177290,-0.129917,0.793068,0.048767,-0.131259,-0.271499,-0.660325,-0.726925,0,-0.176614,0.363688
5346,-0.230943,-0.300228,-0.239254,-0.241590,0.026759,-0.151691,-0.536662,-0.340516,-0.269547,0,-0.253741,0.259688
5350,-0.147752,0.245150,-0.019982,-0.082088,-0.062401,0.107151,-0.509634,-0.300294,-0.542631,0,-0.145831,0.224120
5351,-0.396424,0.643335,1.641706,-0.361285,0.366573,0.032568,0.796715,-0.621079,-0.415379,0,0.187414,0.586118
5352,-0.309855,-0.412502,1.056217,0.705904,-0.182392,0.657975,-0.518421,-0.030357,-0.507258,0,0.051034,0.486765
5353,-0.764614,-0.225482,-0.267387,1.489159,0.043478,-0.028046,0.042353,0.020246,-0.876885,0,-0.063020,0.417517
5354,-0.320126,-0.298771,-0.439735,0.077110,-0.310405,-0.545426,-0.693578,-0.207448,-0.481168,0,-0.357728,0.374863
5355,1.307677,-0.099225,1.278062,0.747229,2.302595,-1.590113,0.709192,-0.948597,-0.332363,0,0.374940,1.035006
5356,-0.351495,-0.376055,-0.603824,-0.224579,-0.148441,-0.444259,-0.185111,-0.228741,-0.680476,0,-0.360331,0.360331
5357,-0.469955,0.240729,0.067428,-0.218998,-0.054013,-0.389381,-0.412600,-0.063268,-0.277833,0,-0.175321,0.243801
5360,-0.544882,-0.266305,0.254367,-0.171571,-0.429095,0.143218,-0.478763,-0.411503,-0.810197,0,-0.301637,0.389989
5371,-0.635589,0.090469,-0.122210,-0.283149,-0.060132,-0.582719,-0.249979,-0.147598,1.319763,0,-0.074571,0.387957
5372,0.327482,-0.863201,0.578515,0.142943,1.015057,0.014851,-1.049096,0.208498,0.112906,0,0.054217,0.479172
5373,-0.944994,-0.265892,-0.481085,0.636079,-0.007301,0.132204,-0.865407,0.079288,-0.522370,0,-0.248831,0.437180
5374,-0.328261,-0.373992,-0.429034,0.164994,0.608245,-0.582337,-0.943475,-0.168417,-0.473395,0,-0.280630,0.452461
5381,-0.273044,-0.179618,0.253169,-0.688283,-0.192165,-0.128928,-0.517306,-0.121820,-0.437516,0,-0.253946,0.310206
5400,0.293242,-0.380294,-0.057429,0.032087,0.400679,-0.172227,-0.194921,-0.357790,0.465503,0,0.003206,0.261575
5401,-0.104302,-0.460076,-0.045783,0.000418,0.104359,-0.605633,-0.267766,-0.405166,-0.561415,0,-0.260596,0.283880
5410,-0.283846,-0.288365,-0.140185,-0.036227,-0.407955,-0.073210,-0.226845,-0.482075,-0.207403,0,-0.238457,0.238457
5411,-0.248540,-0.236018,-0.358460,-0.264484,-0.136804,-0.040692,-0.423538,-0.104627,-0.460053,0,-0.252579,0.252579
5412,0.198340,-0.828043,-0.067170,-0.750342,0.227885,-0.677131,-0.682274,-0.447831,-0.721316,0,-0.416431,0.511148
5413,0.027615,0.043072,-0.287382,-0.526452,0.008069,-0.584295,-0.453763,-0.241696,-0.658900,0,-0.297081,0.314583
5414,-0.228392,-0.125985,-0.110046,-0.194441,-0.204198,-0.218711,0.142485,-0.279256,-0.326408,0,-0.171661,0.203325
5415,-0.158167,-0.237259,0.044824,-0.091011,-0.116198,-0.144268,-0.264021,0.186496,-0.288897,0,-0.118722,0.170127
5416,-0.368873,-0.090592,-0.019528,-0.347148,-0.206563,-0.233462,-0.171371,-0.157517,-0.216389,0,-0.201272,0.201272
5417,-0.080141,0.040139,0.116126,0.031220,-0.604378,-0.585921,-0.656809,-0.493257,-0.256605,0,-0.276625,0.318288
5418,-0.108480,-0.085228,-0.254631,-0.046244,-0.160184,-0.224095,-0.146277,-0.060286,-0.174021,0,-0.139939,0.139939
5419,-0.169232,-0.089153,0.015081,-0.069045,-0.021999,0.018421,-0.568745,-0.174231,-0.174006,0,-0.136990,0.144435
5420,-0.247108,-0.043099,-0.220163,-0.149378,-0.093716,-0.171005,-0.089700,-0.266023,-0.116135,0,-0.155147,0.155147
5421,-0.253970,-0.216967,-0.066490,-0.185345,-0.188229,-0.104456,0.032404,-0.088958,-0.208579,0,-0.142288,0.149489
5422,0.251406,-1.385769,-0.406723,-0.067921,-0.350148,-0.856667,-0.669222,-0.252132,-0.551467,0,-0.476516,0.532384
5431,-0.282936,-0.691892,-0.118238,0.077327,-0.313838,-0.382856,-0.819111,-0.461384,-0.499890,0,-0.388091,0.405275
5432,-0.276784,-0.329169,-0.108952,-0.311420,-0.261603,-0.047991,-0.367199,-0.208509,-0.287538,0,-0.244352,0.244352
5433,-0.471845,-0.373319,-0.699141,-0.182080,-0.901518,-0.530720,-0.230365,-0.877342,-0.669763,0,-0.548455,0.548455
5434,-0.184122,-0.344653,-0.282134,-0.297531,-0.057232,-0.216488,-0.479762,-0.558952,0.109318,0,-0.256840,0.281132
5440,-0.222918,-0.192120,-0.099742,-0.205309,-0.259938,-0.203019,-0.108000,-0.258330,-0.251744,0,-0.200124,0.200124
5451,-0.559098,-0.430833,-0.375388,-0.346512,0.080013,-0.508917,-0.060373,-0.233385,-0.363119,0,-0.310846,0.328626
5452,-0.009726,-0.373247,-0.208958,-0.300847,-0.359503,-0.265845,0.007498,-0.359527,-0.048224,0,-0.213153,0.214819
5453,0.300230,-0.035160,-0.256898,0.442185,0.421384,0.759392,-0.496788,-0.717317,-0.064102,0,0.039214,0.388162
5454,-0.273693,-0.257657,-0.056352,-0.325497,-0.052183,-0.291534,-0.245991,0.031499,-0.447187,0,-0.213177,0.220177
5455,-0.062552,-0.168562,-0.108487,-0.108487,-0.108487,-0.025154,-0.200811,-0.171024,-0.156156,0,-0.123302,0.123302
5460,0.092192,-0.345801,0.286668,-0.473426,-0.398163,-0.185133,-0.283557,-0.341279,-0.616544,0,-0.251672,0.335863
5461,-0.188450,-0.760301,0.356441,-0.284262,0.180214,-0.052134,-0.724975,-0.717867,-0.081585,0,-0.252546,0.371803
5462,-0.304242,-0.228289,-0.260105,-0.342948,-0.399593,-0.114323,-0.413521,-0.501612,-0.454915,0,-0.335505,0.335505
5464,-0.246521,-0.183564,-0.108745,0.169406,-0.363064,-0.061259,-0.451058,-0.073423,-0.505262,0,-0.202610,0.240256
5470,-0.131868,-0.187379,-0.083994,-0.192286,-0.089171,-0.136199,-0.194402,-0.130393,-0.309319,0,-0.161668,0.161668
5471,-0.077589,-0.198580,-0.112383,-0.029049,-0.101090,-0.190971,-0.231851,-0.100034,-0.100034,0,-0.126842,0.126842
5472,-0.059911,-0.291951,-0.045438,-0.178912,-0.259112,-0.242338,0.005220,-0.428199,-0.169181,0,-0.185536,0.186696
5473,-0.468405,-0.665152,-0.102842,-0.000190,-0.111915,-0.556354,-0.050638,-0.773348,-0.502932,0,-0.359086,0.359086
5480,-0.502570,-0.890757,-0.431907,-0.496547,-0.566902,-0.537630,-0.280893,-0.962620,-0.373819,0,-0.560405,0.560405
5481,-0.130446,-0.358958,-0.125696,-0.589773,0.367485,-0.220655,-0.574684,-0.666439,-0.490288,0,-0.309939,0.391603
5482,-0.199793,-0.600659,-0.348840,-0.333597,-0.028979,-0.314308,-0.507376,-0.250394,-0.171833,0,-0.306198,0.306198
5483,-0.351206,-0.206838,-0.320618,-0.317842,0.102649,-0.582098,-0.103137,-0.124570,-0.480799,0,-0.264940,0.287751
5485,-0.415993,-0.290682,-0.440388,-0.368178,0.369409,-0.547326,-0.143713,-0.422189,-0.539157,0,-0.310913,0.393004
5490,-0.162019,-0.182738,-0.035824,-0.381688,-0.307115,-0.202209,-0.148322,-0.353870,-0.362979,0,-0.237418,0.237418
5491,-0.350185,-0.031636,-0.506527,0.096700,0.717409,-0.675041,-1.104156,-0.848279,-0.989411,0,-0.410125,0.591038
5493,-0.194158,-0.142943,-0.187379,-0.022748,-0.248798,-0.218711,-0.099986,-0.104834,-0.185137,0,-0.156077,0.156077
5495,0.168089,-0.347900,-0.383518,-0.189942,-0.071602,-0.190198,-0.767836,-0.596856,-0.153702,0,-0.281496,0.318849
5501,1.085328,0.311511,1.360273,0.763180,5.118634,-0.820815,1.833063,-0.431855,0.838222,0,1.117504,1.395876
5502,-0.152317,-0.099942,-0.231739,-0.477356,-0.020622,-0.569391,-0.486192,-0.810145,0.317836,0,-0.281097,0.351727
5510,-0.233772,-0.099986,-0.143527,-0.140960,-0.165565,-0.104479,-0.150379,-0.194484,-0.245117,0,-0.164252,0.164252
5520,-0.458465,-0.348599,-0.289615,0.269080,-0.523993,-0.040158,-0.320721,-0.389698,-0.161010,0,-0.251464,0.311260
5521,0.001999,-0.149881,-0.109337,-0.252736,-0.205470,-0.243852,-0.313731,-0.288307,-0.297773,0,-0.206565,0.207010
5522,-0.101836,-0.347155,-0.810192,-0.054274,-0.256366,-0.826553,-0.506145,-0.664037,-0.758944,0,-0.480611,0.480611
5523,-0.400963,-0.499454,-0.216163,-0.131700,-0.636776,-0.212331,-0.919239,-0.265488,-1.111536,0,-0.488183,0.488183
5540,-0.299822,-1.406113,1.941755,0.928547,2.174543,0.024569,-1.459959,0.550440,-0.473460,0,0.220056,1.028801
5550,-0.385736,0.065984,-0.206507,0.169524,-0.038855,-0.194339,-0.585564,-0.030412,-0.884635,0,-0.232282,0.284617
5552,-0.057414,-0.269363,0.012475,-0.285870,-0.085564,-0.063685,-0.357091,-0.358870,-0.308489,0,-0.197097,0.199869
5554,-0.761460,0.431859,0.169835,-0.519835,1.300965,1.095674,-0.549277,0.604869,-0.929430,0,0.093689,0.707023
5555,-0.284150,-0.333413,-0.088980,-0.219143,-0.390087,-0.503892,-0.685322,-0.474551,-0.092136,0,-0.341297,0.341297
5556,0.169574,0.087231,0.414638,0.181816,1.615177,0.467484,-0.304257,0.411642,-1.222054,0,0.202361,0.541541
5558,0.370666,-0.541334,1.048327,0.856545,1.235437,-0.232060,-0.384785,-0.037338,-0.467255,0,0.205356,0.574861
5560,-0.002806,-0.669647,-0.104816,-0.238715,0.015601,-0.366162,-0.444462,-0.117209,-0.492156,0,-0.268930,0.272397
5570,-0.396047,-0.174776,-0.295738,-0.186644,-0.046581,-0.265433,-0.663681,0.241097,-0.990348,0,-0.308683,0.362261
5571,-0.516431,-0.675889,0.842843,-0.652427,-0.253673,-0.003958,0.253762,-0.584630,-0.402605,0,-0.221445,0.465135
5572,-0.124167,-0.331293,-0.188896,-0.080246,-0.370693,-0.181988,-0.167104,-0.369468,-0.198887,0,-0.223638,0.223638
5573,-0.341631,-0.893296,0.415808,-0.421067,0.296259,-0.026690,-0.656043,-0.704399,-0.743910,0,-0.341663,0.499900
5575,-0.567775,-0.138144,-0.336198,0.398836,0.690195,-1.791624,0.106213,-0.205506,-0.535943,0,-0.264439,0.530048
5576,-0.467632,-0.406042,0.027821,-0.000585,-0.418364,-0.341312,-1.030458,-0.477381,-0.734180,0,-0.427570,0.433753
5577,-0.608125,-0.168759,-0.352404,-0.070077,0.416107,0.004322,-0.759874,0.069498,-0.943101,0,-0.268046,0.376918
5580,-0.021157,-0.164140,0.093554,-0.226364,0.001373,-0.336936,-0.347775,-0.400062,-0.402244,0,-0.200417,0.221512
5581,-0.420601,-0.586400,-0.046091,-0.199508,0.152356,-0.284321,-0.857694,-0.748754,-0.273747,0,-0.362751,0.396608
5582,-0.263844,-0.733875,-0.087604,-0.092711,-0.233987,-0.557989,-0.290732,-0.797746,-0.373547,0,-0.381337,0.381337
5583,-0.423877,-0.646256,-0.296207,-0.511246,0.318496,-1.042597,0.140012,-0.997937,-0.268556,0,-0.414241,0.516131
5600,-1.904601,-1.002047,-0.274295,1.067929,1.146393,-0.159768,-1.409233,0.291112,-0.713789,0,-0.328700,0.885463
5601,-0.615921,-0.363771,-0.159459,-0.161460,-0.114439,0.061767,-0.631222,-0.343599,-0.344628,0,-0.296970,0.310696
5602,-0.616805,-0.469575,-0.382348,0.161398,-0.801970,-0.055134,-0.767238,-0.492097,-0.703985,0,-0.458639,0.494505
5603,-0.110575,-0.523416,-0.230055,-0.192868,0.130884,-0.619366,-0.441771,0.250175,-0.578692,0,-0.257298,0.341978
5604,-0.319858,-0.282889,-0.178730,-0.151676,0.112328,-0.154468,-0.428112,-0.063107,-0.455595,0,-0.213567,0.238529
5605,-0.455259,-1.026003,0.008654,-0.380551,0.111393,-0.256069,-1.159110,-0.831085,-0.875528,0,-0.540395,0.567072
5606,0.775153,-0.534339,0.663363,1.995630,1.607303,-0.977494,-0.035212,-0.531148,-1.928836,0,0.114935,1.005386
5607,0.622898,-0.186131,0.047847,1.647539,1.076169,0.187818,-0.689057,-0.430558,-0.694068,0,0.175828,0.620232
5608,-1.381126,0.145984,-0.592339,1.861081,1.341262,0.056987,-0.287967,-0.956200,-1.261166,0,-0.119276,0.876012
5609,-0.923142,-0.524289,-0.775881,0.762550,-0.688747,-0.308928,-0.440714,-0.632972,-0.762579,0,-0.477189,0.646645
5611,-0.048119,0.034612,-0.115429,-0.246687,-0.172526,-0.045922,-0.310490,0.131337,-0.133921,0,-0.100794,0.137671
5630,-0.055321,-0.083941,-0.198310,-0.181131,0.247333,-0.396894,-0.153712,-0.222598,-0.143619,0,-0.132022,0.186985
5631,0.387337,-0.701051,-0.120745,-0.516220,0.618598,-0.997528,-0.641728,-0.771200,-0.677910,0,-0.380050,0.603591
5632,-0.032721,-0.284824,-0.023559,-0.282427,0.084809,-0.332291,-0.340684,-0.320621,-0.343879,0,-0.208466,0.227313
5633,-0.047944,-0.207930,-0.186115,-0.271799,0.232169,-0.305574,-0.251407,-0.340854,-0.272530,0,-0.183554,0.235147
5640,0.278583,-0.808708,-0.300771,-0.233471,-0.245248,-0.177420,-0.469793,-0.486389,-0.755884,0,-0.355456,0.417363
5641,-0.391335,-0.263273,-0.571160,0.930814,0.046897,-0.420336,-0.853804,-0.372355,-0.557971,0,-0.272502,0.489772
5642,-0.173709,-0.191145,-0.223806,-0.234646,-0.031777,-0.310205,-0.342271,-0.343519,-0.331421,0,-0.242500,0.242500
5650,-0.175241,-0.078677,-0.208415,0.000571,-0.291273,-0.041403,-0.235876,-0.209249,-0.169598,0,-0.156573,0.156700
5651,-0.095343,-0.231519,-0.204539,-0.107777,-0.179997,-0.095767,-0.200919,-0.098639,-0.211604,0,-0.158456,0.158456
5652,0.191657,-0.472651,0.123526,0.233241,-0.642764,-0.457264,-0.278790,-0.644967,-0.402458,0,-0.261163,0.383035
5653,-0.112383,-0.105375,-0.178431,-0.156156,-0.117068,-0.171423,-0.158929,-0.106446,-0.106446,0,-0.134739,0.134739
5654,-0.219889,-0.354589,-0.233597,-0.176611,-0.376662,-0.238899,-0.300427,-0.128249,-0.271157,0,-0.255565,0.255565
5655,0.025942,-0.288096,-0.103547,-0.138975,-0.076326,-0.179244,-0.181131,-0.123242,-0.179270,0,-0.138210,0.143975
5660,-0.127483,-0.234136,-0.105537,-0.105537,-0.139352,-0.209007,-0.152863,-0.152863,-0.152863,0,-0.153293,0.153293
5661,-0.051087,-0.218795,-0.060443,-0.242638,-0.233371,-0.183320,-0.127611,-0.170661,-0.161712,0,-0.161071,0.161071
5670,-0.011432,-0.023432,-0.056481,-0.151706,-0.041544,-0.370354,-0.386962,-0.161686,-0.732605,0,-0.215134,0.215134
5671,-0.024271,-0.145550,-0.144399,-0.181981,-0.180851,0.096207,-0.391440,-0.350468,-0.065831,0,-0.154287,0.175666
5680,0.040811,-0.533819,0.133504,-0.097794,0.178544,-0.722766,-0.783625,-0.495992,-0.899091,0,-0.353359,0.431772
5690,-0.217493,-1.050111,-0.022433,0.170068,0.740045,-0.989037,-0.853358,-1.381577,0.165518,0,-0.382042,0.621071
5700,0.074492,-0.127420,-0.549232,1.333168,0.936520,0.790371,-1.406485,-1.226107,-0.127023,0,-0.033524,0.730091
5701,-0.069529,-0.279477,-0.081191,-0.161382,-0.169651,-0.119108,-0.102029,-0.216441,-0.140199,0,-0.148779,0.148779
5710,-0.561919,-0.416669,-0.663575,0.765312,-1.017196,-0.519185,-1.269650,-0.690070,-0.467663,0,-0.537846,0.707915
5713,-0.118006,-0.075849,-0.099780,-0.061936,-0.244864,-0.114979,-0.114979,-0.114979,-0.114979,0,-0.117817,0.117817
5715,-0.048119,-0.048119,-0.048119,-0.048119,-0.048119,-0.048119,-0.048119,0.021926,-0.188373,0,-0.055920,0.060793
5717,-0.087976,-0.142882,-0.215893,-0.111199,-0.288179,-0.181997,-0.094989,-0.203567,-0.153386,0,-0.164452,0.164452
5719,-0.048119,-0.006233,-0.117168,-0.019147,0.026334,-0.374821,-0.250485,-0.196458,-0.129826,0,-0.123992,0.129844
5720,-0.255095,0.068549,-0.393466,-0.060809,-0.139255,-0.203435,-0.156156,-0.156156,-0.156156,0,-0.161331,0.176564
5722,0.134393,-0.534763,-0.010058,-0.384856,-0.185919,-0.171879,-0.171879,-0.128369,-0.020553,0,-0.163765,0.193630
5723,-0.161262,-0.119108,0.238592,-0.692453,0.652074,-0.758507,-0.393804,-0.032829,0.063198,0,-0.133789,0.345759
5724,-0.114979,-0.114979,-0.031645,-0.257297,-0.105537,-0.140951,-0.184464,-0.152863,-0.152863,0,-0.139509,0.139509
5725,-0.206053,0.233386,-0.215762,-0.753749,-0.533637,0.198760,-0.728292,-0.273556,-0.284268,0,-0.284797,0.380829
5730,-0.168160,-0.094254,-0.249558,-0.193110,-0.113479,-0.137455,-0.185743,-0.127440,-0.163483,0,-0.159187,0.159187
5731,-0.106077,-0.083788,-0.101706,0.098639,0.034611,-0.400216,0.178891,-0.490788,-0.327624,0,-0.133118,0.202482
5732,-0.943169,-0.374271,-0.289599,-0.261032,-0.283282,-0.248820,-0.306528,-0.322273,-0.185234,0,-0.357134,0.357134
5733,-0.145435,0.036049,-0.408949,-0.144835,-0.144835,-0.144835,0.033959,-0.324215,-0.107666,0,-0.150085,0.165642
5734,0.024613,-0.126873,-0.075849,-0.027372,-0.207571,-0.114979,0.030058,-0.368730,-0.112257,0,-0.108773,0.120922
5875,-0.075849,-0.075849,-0.075849,-0.075849,-0.075849,-0.075849,-0.075849,-0.075849,-0.075849,0,-0.075849,0.075849
5950,-0.048119,0.024613,-0.124547,-0.164956,-0.114979,-0.100573,-0.171762,-0.221631,-0.034935,0,-0.106321,0.111790
6000,4.585826,-2.078088,-0.502445,-0.077615,-0.643099,0.661644,-0.389867,-0.935851,-0.712410,0,-0.010212,1.176316
6001,-0.109439,-0.109439,-0.080839,-0.159158,-0.114979,-0.114979,-0.114979,-0.114979,-0.114979,0,-0.114863,0.114863
6003,-0.036167,0.055965,0.024450,-0.009737,0.309630,-0.505629,-0.005407,-0.168361,-0.298547,0,-0.070423,0.157099
6004,-0.174120,-0.163667,-0.299619,-0.313715,0.043487,-0.024875,-0.162636,-0.594022,-0.500531,0,-0.243300,0.252964
6005,0.004880,0.588136,0.132505,-0.250270,-0.093143,0.511089,-0.264990,-0.221566,0.102753,0,0.056599,0.241037
6006,0.035933,-0.655223,0.069774,-0.097431,1.455581,0.735520,-0.338133,0.238588,-1.146624,0,0.033110,0.530312
6007,0.063489,0.348886,1.233183,-0.438626,0.571548,0.356926,0.007411,0.778455,-0.905984,0,0.223921,0.522723
6008,0.905271,1.517320,0.365337,0.212235,2.381642,0.445382,-0.056445,0.184742,-0.394881,0,0.617845,0.718139
6009,1.707216,2.933110,-0.039375,0.773532,0.944776,1.191297,0.982342,0.264722,-0.255943,0,0.944631,1.010257
6010,1.223483,2.012953,1.285523,-0.573170,3.500089,0.405605,0.868898,-0.702444,0.045857,0,0.896310,1.179780
6011,0.833366,1.534000,0.602174,-0.634429,2.201868,-0.356449,0.026772,-0.109004,-0.180958,0,0.435260,0.719891
6012,0.512450,0.894728,0.309361,0.162794,2.338276,0.899156,-0.198557,-1.107845,1.041349,0,0.539079,0.829391
6013,-0.075849,-0.075849,-0.075849,-0.075849,-0.075849,-0.075849,-0.075849,-0.075849,-0.075849,0,-0.075849,0.075849
6014,2.320229,1.995876,0.665952,1.594676,2.775008,1.201062,-0.315048,-0.068762,0.337501,0,1.167388,1.252679
6015,0.425753,1.174142,1.384867,0.014097,0.453090,1.131099,-0.380090,-0.315319,-0.137638,0,0.416667,0.601788
6016,0.262372,0.343641,0.596628,0.157649,2.534445,0.479855,-0.678920,-0.395366,0.880991,0,0.464588,0.703319
6017,0.879866,0.056644,0.633360,-0.393222,0.871606,0.387178,-1.470465,0.189424,-0.378268,0,0.086236,0.584448
6018,2.385779,5.186077,2.486359,2.231977,6.812143,2.925352,-1.038619,1.759663,1.699253,1,2.716442,2.947247
6019,1.052360,1.703979,0.596216,2.085080,2.652754,1.173850,0.024085,0.882182,-0.270199,0,1.100034,1.160079
6020,1.822901,3.813725,0.172241,2.445050,3.591892,-0.081155,1.360947,0.124096,0.127044,1,1.486304,1.504339
6021,0.634077,1.010933,1.667686,3.504045,2.359063,2.224308,-1.045672,0.069552,-0.043452,0,1.153393,1.395421
6022,-0.396420,0.865047,0.164827,-0.442517,0.715838,0.345181,-0.681054,0.032111,0.574656,0,0.130852,0.468628
6023,1.586837,1.400649,0.992431,1.755733,5.237375,-1.361177,0.468978,-1.360649,0.041375,0,0.973506,1.578356
6024,2.097659,1.107194,-0.018436,1.159705,2.209852,0.050597,-0.437053,-1.402455,1.876660,0,0.738191,1.151068
6025,3.467049,3.835999,2.290589,4.139524,4.424857,0.227456,1.627474,-0.937183,2.117673,1,2.354826,2.563089
6026,-0.198101,3.943332,0.720556,1.770036,6.115101,0.887938,-0.773528,-1.601284,0.830584,0,1.299404,1.871162
6027,5.046080,3.792374,3.150838,4.572510,8.378403,1.086966,0.990851,-0.995362,0.144398,1,2.907451,3.128642
6028,2.187865,5.754625,1.132620,3.157358,7.567028,-1.988361,1.118121,-0.069701,-0.413490,1,2.049563,2.598797
6029,0.432731,-0.276209,0.021112,-0.048191,0.440645,-0.169026,-0.364655,0.329160,-0.682065,0,-0.035167,0.307088
6030,4.357525,3.082507,7.747509,-0.176997,9.342648,-1.283774,1.539322,-0.254593,1.832113,1,2.909584,3.290776
6031,1.172217,2.836606,2.697866,1.521432,7.001242,0.991873,0.333008,1.605182,-1.446032,1,1.857044,2.178384
6032,-0.280868,0.037697,-0.113375,-0.422176,-0.106715,-0.187390,-0.150255,-0.297128,-0.273941,0,-0.199350,0.207727
6033,0.024334,0.054054,0.281409,-0.205039,-0.230802,0.113373,-0.411946,-0.246500,-0.308350,0,-0.103274,0.208423
6034,0.015659,-1.608344,-0.754923,1.367846,0.474344,1.079520,0.754216,1.315975,2.013232,0,0.517503,1.042673
6035,1.546728,1.520488,1.149058,0.911111,2.494541,-0.848905,0.070809,1.204034,-0.275290,0,0.863619,1.113441
6036,1.421858,1.371713,2.269393,1.106814,4.035107,1.184968,-0.295977,1.495097,0.099209,0,1.409798,1.475571
6037,-0.068727,0.836584,0.816664,-0.046084,1.318049,0.381154,-1.373464,0.326738,0.285365,0,0.275142,0.605870
6038,-5.081603,-0.168840,1.189702,1.413146,2.405910,1.298055,1.860822,0.261843,3.087525,0,0.696284,1.863050
6041,-0.398753,-0.641224,-0.219254,-0.439680,-0.026564,0.445399,-0.959783,-0.729296,-0.372818,0,-0.371330,0.470308
6042,-0.238533,-0.040642,-0.229275,0.015587,-0.307585,0.009977,-0.163982,-0.322369,-0.097108,0,-0.152659,0.158340
6043,0.023055,-0.123829,-0.326479,0.084904,-0.072666,0.203512,-0.476629,-0.220869,-0.223088,0,-0.125788,0.195003
6044,-0.253248,0.376244,-0.433097,-0.380630,0.822731,-0.416446,-0.998774,-0.455151,0.024123,0,-0.190472,0.462272
6050,1.424623,0.247350,2.014672,-0.678230,2.073030,1.205348,-0.196567,0.186396,-0.255569,0,0.669006,0.920198
6051,0.297158,-0.136190,-0.389976,1.140320,1.535583,-0.202707,-0.347063,-0.242849,0.265084,0,0.213262,0.506325
6052,-0.069044,1.808482,0.565103,0.949764,1.517558,1.569159,-0.435883,-0.321660,-0.888628,0,0.521650,0.902809
6053,0.432977,2.688873,0.741433,0.717057,2.556585,0.080053,0.313615,-0.372148,0.578753,0,0.859689,0.942388
6054,4.774900,-0.645212,1.360344,1.869066,2.946043,2.832233,-0.972056,1.153099,-1.251769,0,1.340739,1.978303
6055,4.151353,5.910394,7.660897,8.981376,7.201922,1.252029,7.798137,8.065336,5.444992,1,6.274049,6.274049
6056,2.732596,4.638918,2.856427,3.251537,7.401100,1.501796,2.495083,-1.250906,-1.199048,1,2.491945,3.036379
6057,0.119855,1.722611,1.513628,-0.472703,1.967651,2.682856,0.363175,0.104674,0.160970,0,0.906969,1.012014
6058,0.325076,1.002852,1.510281,2.061141,1.240539,0.334974,-1.281879,-1.213126,0.253092,0,0.470328,1.024773
6059,0.978684,4.831330,1.105745,0.907692,5.799968,1.422630,0.416051,1.069379,-0.918555,1,1.734769,1.938893
6060,0.264903,1.767803,0.655349,0.286691,3.544202,1.496674,-0.210372,1.585550,0.354935,0,1.082859,1.129609
6061,-0.055792,1.962912,0.768369,2.713307,6.673464,0.806601,-0.375792,1.160783,1.556062,0,1.689991,1.785898
6062,0.998348,3.036579,1.168710,5.838427,3.527853,0.262328,1.171891,1.000892,0.286853,1,1.921320,1.921320
6063,0.201466,1.099950,2.350860,2.361552,2.453915,0.738730,0.204794,0.007817,1.005891,0,1.158331,1.158331
6064,0.633960,2.085107,0.905915,3.206964,8.585924,-0.108634,-4.651839,3.719652,0.498104,1,1.652795,2.710678
6065,3.500247,2.942959,6.655566,7.333651,21.107586,-2.813589,0.303854,2.558473,1.605981,1,4.799414,5.424656
6066,-0.108294,1.235311,1.728839,2.151033,5.545051,-0.545853,0.771824,-0.313926,-0.899609,0,1.062708,1.477749
6067,-0.048119,0.003278,-0.118006,-0.075849,-0.046657,-0.173222,-0.109439,-0.109439,-0.109439,0,-0.087432,0.088161
6068,-0.171896,-0.109627,-0.264502,-0.077187,-0.111490,-0.234545,-0.115202,-0.182829,0.041740,0,-0.136171,0.145446
6069,3.146934,-0.505861,8.051465,6.562235,9.797793,4.606789,10.188133,2.701867,-2.028712,1,4.724516,5.287754
6070,-0.341622,0.463011,-0.318817,-0.034783,0.773421,-0.487221,0.023387,0.013811,-1.206253,0,-0.123896,0.406925
6071,-0.357861,-0.547895,-0.092968,0.100080,0.107244,-0.093054,-0.340564,-0.900906,-0.155815,0,-0.253526,0.299598
6072,-0.085824,-0.076470,-0.178302,-0.348680,-0.370854,-0.025460,-0.402572,-0.306731,-0.329612,0,-0.236056,0.236056
6073,-0.326608,0.025251,-0.164216,0.279419,0.378133,0.335527,-0.743526,-0.764651,-0.136602,0,-0.124141,0.350437
6074,-0.359286,-0.327747,0.016931,-0.029522,-0.188585,-0.419922,-0.039021,-0.247008,-0.789068,0,-0.264803,0.268565
6076,1.214014,3.370030,-0.483967,2.640059,3.760828,0.198965,0.020361,1.132987,-0.164765,0,1.298724,1.442886
6077,-0.280732,0.511923,0.576600,1.431674,-0.023730,-0.467310,-0.661407,-0.176586,0.488564,0,0.155444,0.513170
6078,-0.091567,-0.126677,0.134862,0.154045,0.000592,0.246893,-0.644737,-0.548486,0.136835,0,-0.082027,0.231633
6079,-0.048119,-0.040792,-0.017902,-0.102217,-0.244864,-0.114979,-0.114979,-0.114979,-0.121772,0,-0.102289,0.102289
6081,0.170058,0.128787,0.197257,0.566636,0.754626,-0.564717,0.814356,-1.091292,0.198640,0,0.130483,0.498485
6082,0.295760,-0.121632,-0.637665,0.394490,0.039924,0.247039,-0.337587,-0.643600,-0.221962,0,-0.109470,0.326629
6083,-0.158097,-0.324702,-0.368001,0.754454,-0.406381,0.725939,0.418868,-0.958928,-0.303579,0,-0.068936,0.490994
6084,-0.171879,0.906257,1.528256,0.291193,1.772311,0.718169,-0.012975,2.084932,0.008693,0,0.791662,0.832740
6090,0.433996,0.330405,0.480179,-0.374140,0.940835,-0.134923,-0.350118,0.112078,-1.618162,0,-0.019983,0.530537
6100,1.021797,0.414591,0.454536,0.523767,2.697474,0.175517,-0.074930,-0.360502,0.752081,0,0.622703,0.719466
6101,0.579572,0.529819,0.883844,1.222278,1.820800,0.834009,0.149284,-0.172043,-0.597657,0,0.583323,0.754367
6102,0.578790,0.113844,0.355819,0.258799,1.665695,1.983199,-1.644684,-0.009941,0.052786,0,0.372701,0.740395
6103,-0.879045,0.226665,0.420436,-0.360163,0.814736,0.809150,-0.192188,-0.292546,0.491756,0,0.115422,0.498520
6104,0.478496,0.537003,0.199412,1.580077,-0.369510,2.609590,-1.087926,0.090448,-0.535571,0,0.389113,0.832004
6105,0.117606,0.820012,-0.062739,1.976719,2.508963,-0.258928,-0.069507,0.552456,-1.136890,0,0.494188,0.833758
6106,-0.350215,-0.037934,0.013308,0.108956,0.059063,-0.239006,-0.103327,-0.247330,-0.611369,0,-0.156428,0.196723
6107,2.260110,3.656521,3.382616,5.108211,8.735924,1.438279,-1.304732,2.335048,0.700210,1,2.923576,3.213517
6108,2.281122,2.366200,0.691190,1.423662,5.057616,-0.266320,0.375744,-0.339624,0.893327,0,1.386991,1.521645
6109,1.417038,1.390708,-0.476171,4.091447,0.727309,0.914841,-1.156587,-0.773193,-0.288227,0,0.649685,1.248391
6110,4.946072,3.636323,1.146737,4.444939,9.141353,-2.628620,-0.500098,7.127441,1.185237,1,3.166598,3.861869
6111,0.982677,0.330863,2.942845,2.591319,3.652255,0.505975,1.283933,0.993505,3.100263,1,1.820404,1.820404
6112,9.284650,13.487706,5.320516,2.233396,21.711120,-1.429555,-4.249073,8.482687,7.730422,1,6.952430,8.214347
6121,0.323059,0.627850,0.365908,-0.928750,1.104275,-0.499543,-1.100956,-0.045521,-0.294325,0,-0.049778,0.587798
6122,6.472396,5.192266,4.593597,2.460589,3.098463,0.684159,0.570246,2.971849,3.548883,1,3.288050,3.288050
6123,0.579517,1.597316,-0.137194,0.259907,0.079748,0.045551,-0.855732,-0.151280,0.330127,0,0.194218,0.448486
6124,-0.155919,-0.055314,-0.169906,-0.331790,0.054490,-0.152300,-0.522511,-0.680134,-0.929887,0,-0.327030,0.339139
6125,-0.341293,0.363505,0.093994,0.129270,0.502749,0.223866,-0.159217,-0.998186,1.035059,0,0.094416,0.427460
6126,-0.186839,-0.095948,-0.218961,-0.401772,-0.163633,-0.170182,-0.392854,-0.268644,-0.294956,0,-0.243754,0.243754
6147,0.267739,1.707245,-0.494759,1.574147,2.852067,0.300953,-0.606025,-0.096436,-0.779591,0,0.525038,0.964329
6148,0.755566,2.297459,0.937000,1.521163,4.314842,-0.201039,-0.424979,1.043245,1.207446,0,1.272300,1.411415
6149,1.001028,2.639061,0.808188,3.313991,5.420265,1.146748,-2.188000,0.077243,2.042593,0,1.584569,2.070791
6150,0.445730,2.118510,0.575935,-0.751767,4.723391,0.173035,-2.173094,-0.241744,-1.003548,0,0.429605,1.356306
6151,1.794886,1.132182,1.063213,0.178875,3.116953,0.071651,-0.734396,-0.015629,-0.356370,0,0.694596,0.940462
6152,2.499515,2.667603,-0.251884,0.989324,3.739993,2.062894,-0.998707,0.743092,-0.245057,0,1.245197,1.577563
6153,1.587554,2.258088,2.227266,0.144052,4.103938,2.821369,-0.492430,-0.101097,0.513812,0,1.451394,1.583289
6154,0.731217,1.454356,0.257927,0.327778,2.017579,-0.496419,-0.379840,0.621770,-1.062876,0,0.385721,0.816640
6155,4.398375,4.931256,5.323054,6.320820,20.457314,-3.187935,0.439134,2.621185,0.275222,1,4.619825,5.328255
6156,1.042956,3.119349,0.858185,1.861272,1.990584,2.410694,-0.343936,0.254513,-0.368700,0,1.202769,1.361132
6157,0.932945,0.816224,0.730413,0.329434,2.716270,0.540567,0.163132,-0.581233,-0.194508,0,0.605916,0.778303
6158,0.139676,1.032702,0.186540,-0.173580,2.094540,0.220607,-0.022941,-1.109389,1.363180,0,0.414593,0.704795
6159,-0.378218,0.462615,-0.043265,-0.269499,0.622423,0.007181,-0.523193,-0.152631,-0.261295,0,-0.059542,0.302258
6160,0.915481,0.563468,-0.994070,0.446128,0.865312,-0.091112,0.444503,-0.153668,-0.236053,0,0.195554,0.523311
6161,-0.257297,-0.105537,-0.105537,-0.105537,-0.105537,-0.105537,-0.105537,-0.105537,-0.105537,0,-0.122400,0.122400
6162,0.818175,1.170068,-0.026046,0.193784,1.041628,1.012014,0.650775,0.780377,-1.839855,0,0.422324,0.836969
6163,4.031714,8.386074,1.622661,3.473683,9.797260,3.084077,2.927749,-0.332545,2.008183,1,3.888762,3.962661
6164,5.905311,12.588466,7.081543,6.469184,13.046908,2.488548,-4.168271,1.819935,5.193316,1,5.602771,6.529054
6165,-0.367674,0.397804,-0.450121,0.078387,-0.312443,0.199863,-0.431897,-0.264699,-0.309403,0,-0.162243,0.312477
6166,1.017461,2.307952,0.911775,1.045167,1.731741,0.366455,-0.003902,0.173255,0.535594,0,0.898389,0.899256
6167,0.519214,5.184611,1.982099,4.585419,2.286165,2.684821,-1.391077,2.727891,2.579033,1,2.350908,2.660037
6168,0.583350,1.959412,2.505943,2.689345,4.531873,1.968447,-0.435370,-0.535395,0.710875,0,1.553165,1.768890
6169,3.898668,8.229133,2.356218,5.001856,2.431984,3.888279,-3.778668,-0.325605,-0.246326,1,2.383949,3.350748
6170,1.423120,4.082564,1.965609,5.087256,5.885310,2.522104,-0.525077,0.426643,2.007996,1,2.541725,2.658409
6171,2.480399,7.097092,4.257540,7.030934,6.994604,3.856389,0.725682,2.811336,4.114597,1,4.374286,4.374286
6172,1.780474,-0.573442,2.328462,1.689291,1.029555,1.495500,-1.750799,-0.222392,0.057355,0,0.648223,1.214141
6173,1.937170,0.817035,0.325255,3.037789,1.420337,2.676105,-2.559984,-0.511126,-0.772618,0,0.707774,1.561935
6174,0.449392,0.941986,0.991213,1.382069,0.054678,1.409088,-0.626203,0.329109,-0.446184,0,0.498350,0.736658
6175,0.341731,-0.131653,0.144473,0.671137,0.931382,-0.359295,-0.332685,-0.167735,-0.160863,0,0.104055,0.360106
6176,1.335048,-1.188634,0.457716,0.741082,-0.243952,0.305027,-0.309925,-0.384942,0.272862,0,0.109365,0.582132
6180,1.066296,0.928145,0.121843,1.878886,1.509132,0.547080,-0.502426,0.830283,0.150754,0,0.725555,0.837205
6181,0.179784,-0.068430,-0.293341,0.092254,-0.386271,0.046257,-0.497709,-0.273475,-0.628095,0,-0.203225,0.273957
6207,-0.223583,-0.212639,1.102926,-0.123996,0.916402,-0.423760,0.003865,-0.005674,0.698818,0,0.192484,0.412407
6208,1.224821,0.968627,0.535889,1.002370,3.568777,1.213476,-0.827386,0.925258,1.082712,0,1.077172,1.261035
6209,-0.410126,-0.014564,-0.459901,0.182529,-0.586097,-0.760722,-0.256044,-0.817471,-0.548282,0,-0.407853,0.448415
6210,10.612466,2.902653,7.643818,9.930558,11.047003,-0.929191,-2.588375,6.479771,-5.667255,1,4.381272,6.422343
6211,1.632738,0.236609,1.051969,0.621048,3.527796,0.706737,-0.930590,0.857106,0.335588,0,0.893222,1.100020
6213,-0.142220,-0.370164,-0.219570,-0.161034,-0.114444,-0.122341,-0.735616,-0.047001,-0.489709,0,-0.266900,0.266900
6214,-0.188590,-0.004787,-0.211746,-0.158253,-0.075482,-0.079125,-0.110281,-0.373597,-0.340453,0,-0.171368,0.171368
6215,0.630271,0.825694,-0.136344,-0.007025,1.355289,-0.753235,-0.416221,0.298263,0.670482,0,0.274130,0.565869
6218,-0.606851,0.265337,-0.206981,-0.275636,-0.128962,-0.209689,-0.427711,-0.469220,-0.052011,0,-0.234636,0.293600
6219,-0.048119,-0.048119,-0.048119,0.147612,-0.578459,-0.075384,-0.307161,-0.117780,-0.336118,0,-0.156850,0.189653
6220,0.485436,-0.098575,1.054435,-0.416106,0.437374,0.169784,-0.885736,-0.863455,0.190751,0,0.008212,0.511295
6221,-0.434138,0.086143,-0.281950,-0.226439,-0.101366,-0.050735,-0.268700,-0.265936,-0.247820,0,-0.198994,0.218136
6223,-0.034019,-0.161894,-0.121852,-0.071589,-0.085111,-0.045526,-0.259091,-0.300316,-0.329254,0,-0.156517,0.156517
6224,-0.380729,0.493597,-0.280376,0.100134,0.198261,-0.558157,0.514426,-0.851821,-0.120835,0,-0.098389,0.388704
6225,-0.117608,0.091562,0.019396,-0.053401,2.431955,0.532437,-1.163126,-0.803280,0.947298,0,0.209470,0.684452
6226,-0.094945,-0.115970,0.404355,-0.508101,0.477183,-0.003298,-0.553568,0.251841,-0.433441,0,-0.063994,0.315856
6227,-0.214089,-0.373068,-0.034724,-0.200702,-0.253033,-0.426432,-0.415994,-0.583166,-0.192791,0,-0.299333,0.299333
6228,-0.092920,-0.028378,-0.030199,-0.247710,-0.211714,-0.108195,-0.186464,-0.076541,-0.320624,0,-0.144750,0.144750
6229,-0.124584,-0.140155,-0.487231,0.046402,-0.236148,0.103870,-0.313475,-0.169821,-0.350625,0,-0.185752,0.219146
6230,3.893051,3.175269,3.287504,4.722117,4.935132,3.731332,0.799019,-1.267394,1.231644,1,2.723075,3.004718
6231,-0.106446,-0.106446,-0.070858,-0.208336,-0.124515,-0.148808,-0.129826,-0.129826,-0.115333,0,-0.126710,0.126710
6232,1.180659,0.343778,2.278311,0.411966,1.339371,1.623047,0.090231,0.329027,-0.518468,0,0.786436,0.901651
6233,-0.603409,1.114280,2.564069,1.666425,3.976678,2.303935,0.827987,-0.708207,3.448807,0,1.621174,1.912644
6236,-0.245852,0.409147,-0.469124,0.144605,0.572136,0.125964,-0.434176,-0.652677,-0.658356,0,-0.134259,0.412449
6237,0.201313,0.003757,-0.492880,-0.573532,1.035061,-0.426024,-0.257919,-0.966338,-1.153312,0,-0.292208,0.567793
6239,0.179194,-0.627194,-0.171818,1.156550,0.022775,1.071295,-0.214323,0.078448,-0.576666,0,0.102029,0.455363
6240,-0.121278,-0.064238,-0.311721,-0.081627,-0.301771,-0.076343,-0.302560,-0.310052,-0.240850,0,-0.201160,0.201160
6243,-0.114979,-0.114979,-0.042740,-0.246013,-0.105537,-0.105537,-0.117422,-0.054400,-0.147987,0,-0.116622,0.116622
6244,0.376972,-0.330963,-0.316316,-0.242733,0.439886,-0.254236,-0.243712,-0.574081,-0.405967,0,-0.172350,0.353874
6251,0.013363,-0.077989,0.243333,-0.431812,-0.028709,-0.131248,-0.270245,-0.419009,0.039912,0,-0.118045,0.183958
6252,-0.181553,-0.115643,-0.125510,-0.179288,0.078441,-0.283989,-0.335667,-0.027516,-0.053133,0,-0.135984,0.153416
6253,-0.347887,-0.246309,-0.038553,-0.187581,-0.470068,-0.185058,-0.066114,-0.469768,-0.260746,0,-0.252454,0.252454
6254,-0.048829,0.147258,-0.361769,-0.304563,-0.004811,-0.112899,-0.238000,0.619603,-0.775781,0,-0.119977,0.290390
6255,-0.353184,0.956003,0.428621,-0.685660,0.594983,0.522514,0.567485,-0.546272,-0.212848,0,0.141294,0.540841
6256,-0.020214,-0.177888,0.080734,-0.303338,-0.148870,0.386408,-0.282722,-0.225209,-0.007122,0,-0.077580,0.181389
6258,0.270860,1.322945,-0.320415,-0.345647,0.234875,-0.685609,-0.005879,-0.899070,-0.671659,0,-0.122178,0.528551
6260,-0.107060,0.046275,-0.389856,-0.460441,-0.081156,-0.200161,-0.241790,-0.192415,-0.430214,0,-0.228535,0.238819
6262,0.225201,-0.264869,0.005712,-0.675706,-0.188233,-0.079479,-0.138366,-0.407184,-0.541246,0,-0.229352,0.280666
6271,-0.642157,0.015036,-0.263619,0.163914,0.864733,0.172095,-0.403216,-0.367090,0.324649,0,-0.015073,0.357390
6275,0.205212,-0.010298,-0.073203,-0.339971,0.458214,-0.486987,0.259936,-0.838436,-0.537343,0,-0.151431,0.356622
6280,4.428542,4.550723,2.899907,5.009485,4.046853,2.505646,1.062985,-1.092257,3.176982,1,2.954318,3.197042
6281,1.170172,1.111215,1.135105,1.887114,2.698154,1.159431,2.537278,-0.062845,2.287822,0,1.547050,1.561015
6282,0.265620,0.070720,-0.032247,0.007906,0.316252,0.454425,0.373213,-0.506709,-0.749093,0,0.022232,0.308465
6284,-0.159165,1.593734,-0.078009,0.130273,1.202030,0.692886,0.081146,-0.671673,0.223423,0,0.334961,0.536926
6285,0.292335,0.700424,2.524637,-0.149024,2.303251,1.180455,-0.022430,-0.053972,-0.550696,0,0.691664,0.864136
6286,-0.189799,0.040713,-0.007693,-0.394621,0.119556,0.203315,1.757692,0.089233,0.597792,0,0.246243,0.377824
6288,-0.174672,0.053728,-0.147488,-0.420326,0.175031,0.142744,-0.611261,0.207421,-0.579735,0,-0.150506,0.279156
6290,-0.267774,-0.016882,0.179271,0.003451,0.255879,-0.339526,-0.523089,-0.943256,-0.392434,0,-0.227151,0.324618
6302,-0.353214,0.521456,0.018368,0.252097,-0.760463,0.845310,-0.585798,0.191853,0.212533,0,0.038016,0.415677
6304,-0.238400,-0.599019,-0.662498,-0.617791,0.600858,-0.681255,-0.775348,-0.345083,-0.706498,0,-0.447226,0.580750
6306,-0.228736,0.211485,-0.561620,-0.712639,0.176830,-0.463046,-0.653690,-0.376842,-0.485320,0,-0.343731,0.430023
6308,-0.345564,0.676136,-0.609606,0.054565,0.404876,-0.202818,-0.690184,-0.951891,-0.235169,0,-0.211073,0.463423
6309,0.058401,-0.069952,-0.115508,-0.277405,-0.179776,-0.036015,-0.213770,-0.292504,-0.157981,0,-0.142723,0.155701
6311,-0.226951,0.118544,-0.268343,-0.404594,-0.364663,0.193955,-0.792098,-0.126753,-0.309258,0,-0.242240,0.311684
6312,-1.123532,0.021677,-0.946548,-0.215208,-0.189338,0.496407,-0.290145,-0.364519,-0.761407,0,-0.374735,0.489865
6313,-0.315065,-0.185712,-0.201363,-0.367023,-0.018202,-0.290760,-0.198232,-0.377319,-0.299141,0,-0.250313,0.250313
6315,-0.158905,0.353144,-0.926665,-0.168312,-0.101537,-0.867784,-0.957219,-0.384612,-0.538732,0,-0.416736,0.495212
6316,-0.168863,-0.222634,-0.448943,-0.128729,-0.191628,-0.280696,-0.258957,-0.283667,-0.371029,0,-0.261683,0.261683
6317,1.641203,-0.770728,-0.387594,-0.712348,-0.220650,-0.153847,-1.427157,-0.139238,0.047301,0,-0.235895,0.611119
6318,-0.173925,-0.197464,-0.350298,-0.337827,-0.052367,-0.147240,-0.072414,-0.418877,-0.244909,0,-0.221702,0.221702
6320,0.365816,-0.628618,-0.239961,-0.386240,0.434071,-0.635379,-0.098925,-0.257386,0.021328,0,-0.158366,0.340858
6321,-0.005426,-0.279039,-0.200094,-0.052028,-0.255927,-0.252118,-0.119655,-0.204530,-0.200504,0,-0.174369,0.174369
6322,-0.059050,-0.208848,-0.094351,-0.068391,-0.182877,-0.107129,0.222623,-0.433157,-0.428189,0,-0.151041,0.200513
6323,0.022066,0.280490,-0.628494,0.165772,0.334631,-0.444835,-0.088432,-0.731560,0.185022,0,-0.100593,0.320145
6324,-0.094466,-0.280079,0.234200,-0.058144,-0.503527,-0.174573,-0.423674,-0.311830,-1.160620,0,-0.308079,0.360124
6326,-0.125009,-0.468480,0.036974,-0.408314,-0.051581,-0.274363,-0.280460,0.171555,-0.636193,0,-0.226208,0.272548
6327,-0.241573,-0.155480,-0.165218,0.017546,-0.097520,-0.289313,-0.165159,-0.329151,-0.275290,0,-0.189018,0.192917
6328,0.057291,-0.134582,-0.379162,-0.203161,0.129975,-0.227403,-0.410224,-0.130041,-0.201613,0,-0.166547,0.208161
6330,-0.483940,2.632241,0.640678,2.541347,2.140822,2.419356,2.635468,-0.359547,-0.971610,0,1.243868,1.647223
6331,-0.109439,-0.109439,-0.109439,-0.109439,-0.109439,-0.109439,-0.109439,-0.109439,-0.109439,0,-0.109439,0.109439
6332,-0.152863,-0.152863,-0.152863,-0.152863,-0.152863,-0.152863,-0.152863,-0.152863,-0.152863,0,-0.152863,0.152863
6333,-0.235729,0.141690,0.437752,-0.267520,0.642969,-0.549756,0.515073,-0.799904,-0.649295,0,-0.084969,0.471076
6335,0.057737,-0.357079,0.055760,-0.464445,-0.285647,0.198315,-0.565027,0.287825,-0.520721,0,-0.177031,0.310284
6336,0.129079,-0.356746,-0.060911,-0.192213,-0.176152,-0.198458,-0.268926,-0.402700,-0.147863,0,-0.186099,0.214783
6337,-0.051621,-0.048429,-0.108284,-0.265672,-0.123691,0.060947,-0.227861,-0.401674,-0.122748,0,-0.143226,0.156770
6338,-0.124124,-0.279468,-0.000216,-0.423950,-0.105859,-0.444096,0.185234,-0.607849,0.195670,0,-0.178295,0.262941
6341,-0.248830,-0.155653,-0.039418,-0.240107,0.079884,-0.161582,-0.215303,-0.288575,0.091615,0,-0.130886,0.168996
6343,-0.101617,-0.160765,-0.175499,0.048947,-0.228240,-0.263003,-0.132441,-0.183806,-0.134175,0,-0.147844,0.158721
6346,0.103642,-0.379313,0.170070,-0.221568,-0.287337,-0.205790,-0.336221,-0.139278,0.279441,0,-0.112928,0.235851
6348,-0.088101,-0.370067,-0.323842,0.944806,-1.157961,1.300420,-1.208736,-0.328054,0.882551,0,-0.038776,0.733838
6350,-0.196088,-0.034786,-0.157386,-0.066890,0.026139,-0.366267,-0.329781,-0.323164,-0.034894,0,-0.164791,0.170599
6351,-0.075849,-0.099780,-0.122027,-0.200762,-0.045882,-0.198973,-0.118268,-0.075465,-0.178302,0,-0.123923,0.123923
6352,-0.084133,-0.254276,-0.072181,-0.103601,0.021719,-0.382963,-0.108138,-0.134321,-0.199476,0,-0.146375,0.151201
6353,0.152018,-0.351393,0.092508,-0.188206,-0.052053,0.004096,-0.622266,0.153309,-0.742586,0,-0.172730,0.262048
6355,0.084093,-0.283167,0.009887,-0.054732,-0.005674,-0.021469,-0.170206,-0.130975,-0.468518,0,-0.115640,0.136525
6356,-0.058984,-0.278256,0.017266,-0.305055,-0.101124,-0.173698,0.065334,-0.315249,-0.116300,0,-0.140674,0.159030
6357,-0.040323,-0.191845,-0.102512,-0.092883,-0.138921,-0.038112,-0.193889,-0.127121,-0.146628,0,-0.119137,0.119137
6358,-0.075849,-0.075849,-0.047269,-0.139253,-0.233458,-0.022204,-0.221631,-0.118268,-0.031468,0,-0.107250,0.107250
6359,-0.313571,-0.024714,-0.209777,0.012959,-0.146451,-0.331238,-0.151808,-0.078194,-0.335113,0,-0.175323,0.178203
6361,-0.465972,-0.079741,-0.223680,-0.168562,-0.051344,-0.226902,-0.156156,0.027833,-0.237904,0,-0.175825,0.182011
6363,-0.124182,-0.187618,-0.115577,0.017386,-0.278722,-0.045823,-0.184920,-0.169317,-0.174206,0,-0.140331,0.144194
6365,-0.277038,0.053254,-0.755284,-0.175359,-0.319993,-0.168841,-0.493175,-0.483364,-0.163557,0,-0.309262,0.321096
6367,-0.037837,-0.203489,0.052341,-0.265759,-0.196932,-0.135681,-0.276016,-0.239441,-0.340041,0,-0.182539,0.194171
6368,-0.070548,-0.012555,-0.401838,-0.163864,-0.108518,-0.125466,-0.237818,-0.156156,-0.156156,0,-0.159213,0.159213
6369,0.067629,-0.020424,-0.787261,-0.275010,-0.240881,0.241751,-0.235738,-0.346736,-0.379824,0,-0.219610,0.288362
6370,-0.223778,-0.209482,-0.325818,-0.261753,-0.268289,-0.067115,-0.140137,-0.364415,-0.222772,0,-0.231506,0.231506
6372,-0.026963,-0.179383,-0.170733,-0.088252,-0.085262,-0.185638,-0.211944,-0.100627,-0.204171,0,-0.139219,0.139219
6373,-0.244433,-0.105537,-0.096891,-0.074656,-0.169422,-0.101694,-0.198417,-0.144044,-0.207940,0,-0.149226,0.149226
6375,0.548820,-0.378715,-0.389758,-0.477460,-0.661229,0.230735,-0.318181,-0.613588,-0.490176,0,-0.283284,0.456518
6383,-0.117110,-0.626048,-0.491165,-0.270542,-0.499320,-0.578136,0.185867,-0.728879,-0.751156,0,-0.430721,0.472025
6384,-0.028694,-0.269924,-0.105537,-0.105537,-0.105537,-0.105537,-0.105537,-0.105537,-0.105537,0,-0.115264,0.115264
6385,-0.075849,-0.075849,-0.051584,-0.114539,-0.185263,-0.100369,-0.285204,-0.140774,-0.118268,0,-0.127522,0.127522
6386,-0.099177,-0.197028,-0.075292,-0.271657,-0.095304,-0.138193,-0.092843,-0.143737,-0.108487,0,-0.135747,0.135747
6390,0.855588,-0.659253,-0.098737,0.701192,-0.422715,-0.228915,-0.421840,-0.280524,-0.606949,0,-0.129128,0.475079
6391,-0.224017,0.089705,-0.562937,0.049511,-0.123190,-0.205370,-0.092477,-0.622607,-0.290253,0,-0.220182,0.251118
6392,-0.003236,-0.192182,-0.330847,-0.026874,-0.162485,-0.176992,-0.284809,-0.314968,-0.440093,0,-0.214721,0.214721
6393,-0.077205,-0.286828,-0.136805,-0.129826,-0.043152,-0.143075,-0.229950,-0.027497,-0.329693,0,-0.156003,0.156003
6394,-0.234889,-0.100434,-0.315290,-0.176310,0.191869,-0.425184,-0.053041,-0.340967,-0.096284,0,-0.172281,0.214919
6395,0.136483,-0.171828,-0.066966,-0.344421,-0.130723,-0.847528,0.088754,-0.735096,-0.532762,0,-0.289343,0.339396
6396,-0.319841,-0.157267,-0.176490,-0.019015,-0.239294,-0.098463,-0.333937,-0.100518,-0.115433,0,-0.173362,0.173362
6397,-0.112383,-0.119686,-0.140223,-0.166525,-0.083152,-0.099736,0.220158,-0.351727,-0.048966,0,-0.100249,0.149173
6398,-0.135486,0.164842,-0.372367,-0.276880,-0.218187,-0.061219,-0.581498,-0.311669,-0.177101,0,-0.218841,0.255472
6401,1.126735,0.462476,1.491242,-0.346231,1.081756,-0.502981,0.515757,-0.618011,0.034902,0,0.360627,0.686677
6403,-0.428588,-0.107023,-0.001940,-0.387384,-0.217251,-0.214880,-0.173577,-0.271893,-0.183912,0,-0.220717,0.220717
6405,0.092224,-0.238086,-0.166550,-0.020355,-0.287866,-0.010747,-0.374848,-0.062534,-0.052034,0,-0.124533,0.145027
6407,-0.013676,0.166706,0.350713,-0.441187,-0.375871,-0.283447,-0.738549,-0.179320,-0.566573,0,-0.231245,0.346227
6409,-0.202559,0.052906,-0.325467,-0.056921,-0.239154,-0.389090,-0.258209,-0.106518,-0.282779,0,-0.200866,0.212623
6410,-0.133821,-0.429060,-0.549107,-0.168688,-0.453929,0.260226,-0.742196,-0.380630,-0.582923,0,-0.353348,0.411176
6411,-0.039608,-0.272481,-0.171024,-0.117741,-0.032203,-0.220273,-0.148030,-0.139897,-0.157860,0,-0.144346,0.144346
6412,-0.004183,-0.100329,-0.085142,-0.180462,-0.241024,-0.096511,-0.036587,-0.396047,-0.156156,0,-0.144049,0.144049
6413,-0.043602,-0.120636,-0.255499,-0.152863,-0.082981,-0.263794,-0.112764,-0.112764,0.049332,0,-0.121730,0.132693
6414,-0.038182,-0.241647,-0.118268,-0.118268,-0.118268,-0.118268,-0.064458,-0.190610,-0.152863,0,-0.128982,0.128982
6415,1.319982,-0.926659,-0.717335,-0.711818,0.006777,0.860079,-1.803441,-0.587064,-0.433263,0,-0.332527,0.818491
6418,0.059668,-0.508607,-0.072028,-0.421020,-0.006476,0.344509,-1.003088,0.237805,-0.893849,0,-0.251454,0.394117
6419,-0.368650,-0.116424,-0.054863,-0.179634,-0.102512,0.027905,-0.318107,-0.145649,-0.178223,0,-0.159573,0.165774
6420,-0.115758,-0.126924,-0.262601,-0.033560,-0.204365,-0.023959,-0.254427,-0.112764,-0.112764,0,-0.138569,0.138569
6421,-0.013557,-0.233007,-0.192791,-0.142572,-0.253386,0.005485,-0.123251,-0.290769,-0.191700,0,-0.159505,0.160724
6422,0.035214,-0.122836,-0.009279,-0.215527,-0.114979,-0.031645,-0.257297,-0.090928,-0.159631,0,-0.107434,0.115260
6423,0.318046,-0.673235,-0.149330,-0.119641,0.225378,-0.348324,-0.368922,-0.177137,-0.301957,0,-0.177236,0.297997
6424,-0.075849,-0.084177,-0.160459,-0.114979,0.016894,-0.233624,-0.271222,-0.090634,-0.132578,0,-0.127403,0.131157
6425,-0.100705,-0.113958,-0.271553,0.143619,-0.467889,-0.053483,-0.230702,-0.087928,-0.241584,0,-0.158243,0.190158
6426,-0.623784,0.256001,-0.305983,0.066581,-0.609062,-0.204679,0.152981,0.694287,-0.668477,0,-0.138015,0.397982
6427,-0.075849,-0.075849,-0.103804,-0.136406,-0.109439,-0.109439,-0.109439,-0.109439,-0.109439,0,-0.104345,0.104345
6428,-0.252164,-0.159158,-0.193608,-0.173309,-0.173309,-0.128278,-0.058039,-0.242723,-0.148808,0,-0.169933,0.169933
6429,-0.635256,-0.295070,-0.354387,0.841738,-0.360880,-0.528694,-0.135892,-0.186256,-0.699126,0,-0.261536,0.448589
6430,0.431535,0.345316,1.699800,1.027924,1.377914,1.251388,1.013176,-0.397716,0.024539,0,0.752653,0.841034
6431,-0.206214,-0.255782,-0.126512,-0.007626,-0.279327,-0.124718,-0.177686,-0.135740,-0.144537,0,-0.162016,0.162016
6432,0.942338,-0.070392,-0.538161,1.022956,0.626981,0.106740,-0.641494,1.040629,-0.755098,0,0.192722,0.638310
6433,-0.064458,-0.190610,-0.152863,-0.152863,-0.082981,-0.263794,-0.112764,-0.112764,-0.112764,0,-0.138429,0.138429
6434,-0.266684,-0.178223,-0.173309,-0.173309,-0.089976,-0.209680,-0.115577,0.051090,-0.264772,0,-0.157827,0.169180
6436,-0.205141,-0.161852,-0.112383,-0.112383,-0.106232,-0.148571,-0.051094,-0.263957,-0.106446,0,-0.140895,0.140895
6437,0.007479,-0.435841,0.007479,-0.435841,-0.075854,-0.224282,-0.250199,-0.075854,-0.075854,0,-0.173196,0.176520
6438,-0.271146,0.222616,-0.468845,-0.147853,-0.325584,-0.062940,-0.456601,0.293908,-0.621857,0,-0.204256,0.319039
6440,-0.188640,0.170289,-0.472982,0.036841,-0.123781,-0.065626,-0.340971,0.027904,-0.331272,0,-0.143138,0.195367
6442,0.650789,-0.524143,0.642050,-0.354335,-0.133878,0.693070,0.014511,-0.439547,-0.454443,0,0.010453,0.434085
6443,0.300738,-0.687535,-0.387409,-0.291346,-0.380015,-0.096706,-0.373966,0.250192,0.487000,0,-0.131005,0.361656
6445,-0.075849,-0.075849,-0.046657,-0.173222,0.109676,-0.438318,-0.152863,-0.152863,-0.152863,0,-0.128756,0.153129
6446,-0.109439,-0.109439,-0.109439,-0.036440,-0.181445,-0.020277,-0.474138,-0.112764,-0.054863,0,-0.134249,0.134249
6447,-0.050587,-0.164956,-0.114979,-0.017036,0.105531,-0.709495,-0.147879,-0.150616,-0.148503,0,-0.155391,0.178842
6448,-0.102512,-0.102512,-0.102512,-0.102512,-0.114517,-0.189275,-0.007437,-0.233560,-0.204223,0,-0.128785,0.128785
6450,-0.653861,-0.237977,-0.630735,3.454182,1.880194,-0.202149,-2.176687,-1.074404,4.523725,0,0.542476,1.648213
6452,-0.048119,-0.048119,-0.048119,-0.048119,-0.048119,-0.040792,-0.090309,-0.075849,-0.075849,0,-0.058155,0.058155
6460,-0.097012,0.695305,-0.286990,-0.310771,0.025587,-0.464132,-0.791033,-0.293532,-0.413607,0,-0.215132,0.375330
6461,0.044846,-0.122444,-0.096798,0.080775,-0.365185,-0.376676,-0.496199,-0.061682,-0.264738,0,-0.184233,0.212149
6462,-0.155071,-0.121772,-0.169391,-0.217090,-0.247195,-0.080332,-0.194052,-0.156156,-0.156156,0,-0.166357,0.166357
6463,-0.048119,-0.048119,-0.048119,-0.048119,-0.048119,0.003278,-0.118006,-0.089293,-0.152574,0,-0.066355,0.067083
6465,-0.075849,-0.075849,-0.075849,-0.075849,-0.075849,0.085876,-0.173958,-0.430323,-0.078720,0,-0.108486,0.127569
6466,-0.205364,-0.152863,-0.152863,-0.176615,-0.136496,0.074759,-0.359990,-0.133278,-0.174317,0,-0.157447,0.174060
6467,-0.109439,-0.036440,-0.119408,-0.257297,-0.105537,-0.105537,-0.105537,-0.105537,-0.105537,0,-0.116697,0.116697
6468,-0.135137,-0.169116,-0.142267,-0.009921,0.417196,-0.787062,-0.439819,-0.300807,-0.352443,0,-0.213264,0.305974
6472,-0.331107,0.408505,-0.761661,-0.268206,-0.081829,0.102161,-0.248037,-0.322979,-0.218859,0,-0.191335,0.304816
6473,-0.118268,-0.118268,-0.118268,0.033831,-0.286871,-0.112764,-0.083298,-0.151456,-0.102512,0,-0.117542,0.125060
6475,0.069382,-0.139403,-0.210414,0.120296,-0.254088,-0.100839,-0.464105,0.032490,-0.327516,0,-0.141577,0.190948
6476,-0.109439,-0.109439,-0.109439,-0.072643,-0.122356,-0.093136,-0.367763,-0.012459,-0.250448,0,-0.138569,0.138569
6477,-0.285477,-0.308135,-0.065866,-0.103362,-0.287323,-0.049547,-0.173825,-0.415646,-0.186946,0,-0.208458,0.208458
6479,0.763399,-0.799893,0.215038,-0.410885,0.009969,-0.502585,-0.486416,-0.064916,-0.499036,0,-0.197258,0.416904
6480,-0.075849,-0.099780,-0.145270,-0.109439,-0.026105,-0.244864,-0.114979,-0.114979,-0.114979,0,-0.116249,0.116249
6484,-0.048119,-0.026786,-0.239056,-0.279477,-0.112764,-0.028657,-0.164390,-0.203026,-0.156156,0,-0.139826,0.139826
6485,0.074982,-0.355755,-0.025237,-0.294728,-0.210964,0.097150,-0.747872,-0.088640,-0.255287,0,-0.200706,0.238957
6487,-0.019067,-0.176496,0.004206,-0.285159,-0.105537,-0.022204,-0.221631,-0.118268,-0.097249,0,-0.115712,0.116646
6488,-0.015118,-0.520022,-0.018774,-0.224009,-0.189243,0.020849,-0.280714,-0.248020,-0.132415,0,-0.178607,0.183241
6489,-0.134115,-0.287963,-0.116803,-0.145117,-0.095345,-0.140069,-0.267803,-0.103437,-0.145190,0,-0.159538,0.159538
6490,0.037060,-0.352087,0.033010,-0.303773,-0.088562,-0.106621,-0.004631,-0.392380,0.059506,0,-0.124275,0.153070
6501,-0.036913,-0.606800,0.434209,0.277941,-0.350596,-0.077025,-0.549386,-0.626866,-0.677684,0,-0.245902,0.404158
6502,-0.414102,0.017587,0.034141,-0.237257,-0.057364,-0.307426,-0.585294,-0.238479,-0.509446,0,-0.255293,0.266789
6503,-0.075574,0.554596,0.014216,-0.305733,0.304767,-0.196239,-0.453866,-0.144286,0.022676,0,-0.031049,0.230217
6504,-0.021394,-0.244957,-0.121278,-0.114766,-0.121397,-0.178655,-0.112465,-0.277389,-0.068834,0,-0.140126,0.140126
6505,0.076028,-0.308941,-0.175241,-0.149378,0.017116,-0.154116,-0.169435,-0.261296,-0.022558,0,-0.127536,0.148234
6506,-0.079127,0.050356,-0.413259,-0.167548,0.009968,-0.490493,-0.161939,-0.132451,-0.188229,0,-0.174747,0.188152
6507,0.041468,-0.166516,0.656046,-0.476618,-0.379922,-0.124341,-0.451650,-0.138360,-0.671329,0,-0.190136,0.345139
6509,-0.235825,-0.159631,-0.039809,-0.145637,-0.163772,-0.225687,-0.128819,-0.115577,-0.032243,0,-0.138556,0.138556
6510,0.755663,-0.779279,-0.442667,-0.330468,0.020741,-0.777079,0.448820,-0.995249,-0.667393,0,-0.307435,0.579707
6511,-0.252235,0.001301,-0.307950,-0.283296,0.008682,-0.160043,-0.623119,-0.691536,-0.079430,0,-0.265292,0.267510
6512,-0.275749,-0.056842,-0.280477,-0.117376,-0.098574,-0.123805,-0.176213,-0.073675,-0.243210,0,-0.160658,0.160658
6513,0.030827,-0.167313,-0.172109,-0.264981,-0.127210,-0.069523,-0.235867,-0.091531,-0.316233,0,-0.157105,0.163955
6514,0.222951,-0.126651,0.373529,-0.229044,-0.187878,-0.328511,-0.094634,-0.825066,-0.383395,0,-0.175411,0.307962
6515,-0.013165,-0.215012,-0.143620,-0.033178,-0.232912,-0.115724,-0.095678,-0.160296,-0.242992,0,-0.139175,0.139175
6516,0.596099,-0.013316,0.717951,-0.087125,-0.120283,1.077491,-0.539433,-0.978228,-0.059971,0,0.065909,0.465544
6517,-0.119555,0.103070,-0.283534,-0.241467,-0.070989,-0.485371,-0.233172,-0.188944,-0.068084,0,-0.176450,0.199354
6518,-0.147066,-0.251669,0.027021,-0.365116,-0.331727,-0.196163,-0.207132,-0.261444,-0.210242,0,-0.215949,0.221953
6519,0.524695,-0.537003,-0.089905,0.350995,-0.251191,-0.365628,-0.203329,-0.276797,-0.018280,0,-0.096271,0.290869
6521,0.112100,-0.037617,0.137208,-0.040531,-0.009389,-0.410095,-0.298922,-0.450514,-0.272335,0,-0.141122,0.196523
6522,0.076145,0.226165,0.040486,-0.220585,-0.090294,0.103575,-0.770933,-0.169846,-0.498913,0,-0.144911,0.244104
6525,0.183810,0.956597,0.245992,0.427514,0.136439,-0.316998,-0.360685,-0.445718,-0.696285,0,0.014518,0.418893
6528,0.034350,0.132617,-0.114681,-0.091534,-0.044921,-0.304777,-0.343224,-0.252282,-0.350530,0,-0.148331,0.185435
6530,2.977302,2.799642,5.519920,2.936877,3.357936,3.743193,1.100137,1.476265,0.658571,1,2.729983,2.729983
6531,-0.102512,-0.102512,-0.102512,-0.102512,-0.102512,-0.102512,-0.102512,-0.102512,-0.102512,0,-0.102512,0.102512
6532,-0.629220,0.824396,2.130613,-0.105260,0.411947,0.663879,-1.290997,0.606641,0.267219,0,0.319913,0.770019
6535,0.443489,-0.272068,0.450066,-0.177809,-0.361235,0.145369,-0.242693,-0.827096,-0.739926,0,-0.175767,0.406639
6536,-0.082486,0.133934,-0.111282,-0.265639,0.227111,0.422225,-1.160406,-0.260562,-1.067589,0,-0.240522,0.414582
6537,-0.085025,-0.088073,-0.220018,-0.185561,-0.085025,-0.091170,-0.073047,-0.315883,-0.163376,0,-0.145242,0.145242
6556,-0.361281,1.033951,-0.735765,-0.363907,0.163319,-0.996641,-0.243846,-0.250484,-0.648920,0,-0.267064,0.533124
6558,-0.369286,-0.098745,-0.301562,-0.416523,0.025759,-0.245690,-0.314271,-0.642967,0.006350,0,-0.261882,0.269017
6560,-0.292875,-0.069665,0.062114,-0.095408,0.178994,-0.002904,0.203260,-0.630772,-0.240281,0,-0.098615,0.197364
6562,-0.309868,-0.334482,0.046712,-0.592112,0.537427,0.292422,-0.778492,-0.329978,-0.696894,0,-0.240585,0.435376
6564,-0.216722,-0.189053,-0.256775,-0.278314,-0.107756,0.028115,-0.259626,-0.437846,-0.434305,0,-0.239142,0.245390
6566,-0.548813,0.101338,0.356458,-0.321959,1.133380,-0.945256,0.432097,-0.347267,0.720792,0,0.064530,0.545262
6567,-0.100326,-0.293812,-0.029284,-0.418251,0.296566,-0.350816,-0.303864,-0.017813,-0.622218,0,-0.204424,0.270328
6568,-0.160810,-0.049135,-0.259019,-0.085024,-0.193680,-0.035400,0.001210,-0.239311,-0.191920,0,-0.134788,0.135057
6569,-0.198189,-0.200278,-0.153600,-0.321716,-0.004002,-0.400980,0.005192,-0.400563,-0.137324,0,-0.201273,0.202427
6571,-0.012631,-0.252901,0.020234,-0.203457,-0.214455,-0.102512,-0.102512,-0.007952,-0.211252,0,-0.120827,0.125323
6572,-0.114979,-0.038439,-0.247841,-0.119635,-0.176942,-0.152863,-0.152863,-0.189262,-0.076231,0,-0.141006,0.141006
6574,-0.109439,0.033671,-0.283833,-0.131055,-0.097270,-0.165296,-0.152863,-0.152863,-0.152863,0,-0.134646,0.142128
6575,0.033072,-0.375566,-0.186524,-0.115577,-0.009520,-0.214051,-0.184095,-0.095668,-0.201790,0,-0.149969,0.157318
6603,0.126933,0.331407,0.356737,-0.076802,-0.219372,-0.196449,-0.636029,-0.407833,-0.370656,0,-0.121340,0.302469
6605,-0.023434,-0.092868,-0.075849,-0.075849,-0.075849,-0.075849,-0.075849,-0.075849,-0.075849,0,-0.071916,0.071916
6606,-0.050557,-0.152758,-0.018194,-0.411296,-0.161939,-0.100034,-0.103847,-0.023692,-0.167471,0,-0.132199,0.132199
6608,-0.275429,-0.219903,-0.121146,-0.167222,-0.053470,-0.116354,-0.240911,-0.161939,-0.161939,0,-0.168701,0.168701
6609,-0.035890,-0.166929,0.121045,-0.081832,0.399981,-0.764586,-0.263780,-0.488763,-0.366062,0,-0.182980,0.298763
6612,0.023110,-0.296170,0.030409,-0.264560,-0.151242,-0.009062,-0.294614,-0.121493,-0.334642,0,-0.157585,0.169478
6613,-0.105537,-0.105537,-0.086894,-0.161701,-0.034935,-0.156392,-0.192776,-0.138921,-0.108487,0,-0.121242,0.121242
6614,-0.048119,-0.048119,-0.048119,-0.036120,-0.078323,-0.075849,-0.075849,-0.075849,0.088418,0,-0.044215,0.063863
6616,-0.053529,-0.022813,-0.297351,-0.182993,-0.173309,-0.089976,-0.028661,-0.328791,0.415608,0,-0.084646,0.177003
6620,-0.289855,-0.218063,-0.041907,-0.000367,-0.395501,-0.043357,0.066806,-0.039051,-0.380494,0,-0.149088,0.163933
6623,-0.159744,-0.141637,-0.223113,-0.119817,0.311383,-0.340414,-0.407666,-0.331515,-0.280156,0,-0.188075,0.257272
6625,-0.079127,-0.147810,-0.295017,-0.105537,-0.096891,-0.150725,0.112154,-0.409932,-0.108487,0,-0.142375,0.167298
6627,-0.202741,-0.114979,-0.114979,-0.085457,-0.251739,-0.111529,-0.247275,-0.095304,-0.138193,0,-0.151355,0.151355
6628,-0.152863,-0.152863,-0.152863,0.013804,-0.307081,-0.102512,-0.102512,-0.102512,-0.102512,0,-0.129102,0.132169
6630,0.213291,-0.122493,-0.285845,0.201011,-0.457669,-0.097403,-0.580053,-0.270984,-0.297910,0,-0.188673,0.280740
6631,-0.109439,-0.109439,-0.013612,-0.161792,-0.221631,-0.049502,-0.202155,-0.176615,-0.136496,0,-0.131187,0.131187
6632,-0.152863,-0.135310,-0.113389,-0.156855,-0.150765,-0.112383,-0.039995,-0.191593,-0.156156,0,-0.134368,0.134368
6635,-0.204545,-0.156476,-0.184664,-0.061618,-0.238147,-0.209326,-0.026621,-0.227746,-0.142456,0,-0.161289,0.161289
6638,-0.272496,-0.362293,-0.287961,-0.187186,-0.249743,-0.056552,-0.418028,-0.294738,0.643006,0,-0.165110,0.308001
6639,-0.161939,-0.129855,-0.182955,-0.171879,-0.171879,-0.135196,-0.186319,-0.174707,0.134949,0,-0.131087,0.161075
6640,-0.087876,-0.202867,-0.132441,-0.183806,-0.171879,0.016193,-0.187002,0.439634,-0.430398,0,-0.104494,0.205788
6642,0.024845,-0.270402,-0.097812,-0.081787,-0.188550,-0.399190,-0.284413,0.025957,-0.147502,0,-0.157650,0.168940
6643,-0.075849,-0.075849,-0.075849,-0.075849,-0.075849,-0.075849,-0.075849,-0.075849,-0.075849,0,-0.075849,0.075849
6646,-0.092532,-0.230204,-0.198417,-0.135993,-0.220517,-0.104712,-0.179288,-0.112679,-0.151892,0,-0.158470,0.158470
6701,-0.549455,0.017258,-0.688311,1.737500,-0.923383,-1.198010,-0.129139,-1.337658,1.515770,0,-0.172825,0.899609
6705,-0.100034,-0.100034,-0.100034,-0.062560,-0.107275,-0.190693,-0.202839,-0.132969,-0.189879,0,-0.131813,0.131813
6707,-0.164594,-0.216760,-0.381125,0.996182,-1.100288,0.561207,-1.256639,1.474517,-0.577897,0,-0.073933,0.747690
6710,0.249790,-0.370534,-0.391640,0.987089,-1.120941,-1.482796,-0.621469,-0.469415,-0.099037,0,-0.368773,0.643635
6713,-0.106727,0.125877,-0.254074,0.445074,-0.155172,-0.226102,-0.139318,-0.027869,-0.388686,0,-0.080777,0.207655
6714,-0.332042,-0.528599,3.099276,-0.030887,4.124938,2.576744,-1.754091,-0.170251,-1.211040,0,0.641561,1.536430
6716,-0.114979,-0.114979,-0.114979,-0.114979,-0.114979,-0.114979,0.017652,-0.343441,-0.152863,0,-0.129836,0.133759
6718,-0.219871,-0.290066,0.011959,-0.328429,0.371882,-0.270903,-0.121811,-0.217396,0.112992,0,-0.105738,0.216145
6720,-0.121772,-0.200385,-0.156177,-0.198263,0.054843,-0.509486,-0.106143,-0.244393,-0.392307,0,-0.208231,0.220419
6721,-0.211976,-0.274177,0.157882,-0.681913,0.830446,0.986035,-1.293368,-0.023430,0.192646,0,-0.035317,0.516875
6722,-0.411610,0.059240,0.117277,-0.538289,1.465520,-0.161345,-1.174644,-0.172666,-0.457556,0,-0.141564,0.506461
6725,-0.818895,-0.345505,-0.721380,1.558216,-1.472234,2.966788,-0.685994,-2.613192,5.565127,0,0.381437,1.860814
6726,-0.223768,-0.105007,-0.063631,1.516777,-1.233335,1.748814,-1.335560,-0.984517,1.500288,0,0.091118,0.967967
6728,-0.213547,-0.448065,-0.105007,0.968108,0.415557,0.580894,-1.197039,0.382848,-0.317363,0,0.007376,0.514270
6740,-0.189573,-0.182271,0.027582,-0.322928,0.036250,0.144757,-0.266987,-0.290530,-0.104508,0,-0.127579,0.173932
6743,-1.060707,-0.387369,-0.395627,1.025184,0.247384,-0.153485,-0.212457,-1.328424,1.075432,0,-0.132230,0.654008
6751,-0.164006,-0.041926,-0.218892,-0.188350,0.019976,-0.193083,0.221032,-0.146134,-0.380129,0,-0.121279,0.174836
6753,-0.352212,-0.296723,-0.162274,-0.306798,0.439293,-0.772319,0.322387,0.042818,-0.463093,0,-0.172102,0.350880
6754,-0.109439,-0.109439,-0.109439,-0.109439,-0.115758,-0.120569,-0.250968,-0.055553,-0.233216,0,-0.134869,0.134869
6758,-0.106446,-0.106446,-0.106446,-0.106446,-0.106446,-0.106446,-0.106446,-0.082625,-0.171338,0,-0.111009,0.111009
6760,-0.160897,-0.327332,-0.283107,-0.283107,-0.283107,-0.294530,-0.305155,-0.098466,-0.268034,0,-0.255971,0.255971
6765,-0.129826,-0.129826,-0.129826,0.149335,-0.207359,-0.187386,-0.333873,0.015549,-0.246993,0,-0.133356,0.169997
6770,-0.115577,-0.062310,-0.175804,0.440745,-0.858267,-0.027962,-0.319839,-0.376105,0.611225,0,-0.098210,0.331981
6798,-0.273598,-0.322039,-0.364958,-0.364958,0.907864,-1.026523,-0.669652,-0.266644,-0.499025,0,-0.319948,0.521696
6799,0.040619,-0.619898,-0.115577,-0.115577,-0.115577,-0.115577,-0.115577,-0.115577,-0.002456,0,-0.141688,0.150715
6872,-0.075849,-0.075849,-0.075849,-0.075849,-0.075849,-0.075849,-0.075849,-0.075849,-0.075849,0,-0.075849,0.075849
6901,-0.145270,-0.109439,-0.109439,-0.109439,-0.109439,-0.109439,-0.109439,-0.109439,-0.109439,0,-0.113420,0.113420
6902,-0.075849,-0.075849,-0.075849,-0.075849,-0.075849,-0.075849,-0.075849,-0.075849,-0.075849,0,-0.075849,0.075849
6903,-0.075656,-0.162055,-0.114979,-0.114979,-0.114979,-0.114979,-0.114979,-0.114979,-0.114979,0,-0.115840,0.115840
6904,-0.075849,-0.019067,-0.176496,-0.109439,-0.109439,-0.109439,-0.109439,-0.109439,-0.109439,0,-0.103116,0.103116
6906,-0.114979,-0.114979,-0.114979,-0.114979,-0.114979,-0.114979,-0.114979,-0.114979,-0.114979,0,-0.114979,0.114979
6907,-0.109439,-0.109439,-0.109439,-0.109439,-0.109439,-0.109439,-0.109439,-0.109439,-0.109439,0,-0.109439,0.109439
6909,-0.114979,-0.138262,-0.228160,-0.105537,-0.105537,-0.105537,-0.105537,-0.105537,-0.022204,0,-0.114588,0.114588
6910,-0.075849,-0.051584,-0.162474,-0.109439,-0.109439,-0.109439,-0.109439,-0.109439,-0.109439,0,-0.105171,0.105171
6911,-0.159158,-0.114979,-0.114979,-0.114979,-0.114979,-0.114979,-0.114979,-0.114979,-0.114979,0,-0.119888,0.119888
6912,-0.105537,-0.105537,-0.105537,-0.105537,-0.105537,-0.105537,-0.105537,-0.105537,-0.105537,0,-0.105537,0.105537
6913,-0.075849,-0.075849,-0.075849,-0.075849,-0.075849,-0.075849,-0.075849,-0.073335,-0.158140,0,-0.084713,0.084713
6914,-0.109439,-0.109439,0.057228,-0.316542,-0.105537,-0.105537,-0.105537,-0.105537,-0.105537,0,-0.111764,0.124482
6915,-0.114979,-0.114979,-0.114979,-0.114979,-0.114979,-0.114979,-0.114979,-0.075384,-0.300405,0,-0.131182,0.131182
6916,-0.114979,-0.114979,-0.114979,-0.114979,-0.114979,-0.114979,-0.114979,-0.114979,-0.114979,0,-0.114979,0.114979
6917,-0.040792,-0.090309,-0.075849,-0.075849,-0.075849,-0.075849,-0.075849,-0.075849,-0.075849,0,-0.073560,0.073560
6918,-0.138117,-0.128300,-0.114979,-0.114979,-0.114979,-0.114979,-0.114979,-0.114979,-0.114979,0,-0.119030,0.119030
6920,-0.109439,-0.109439,-0.109439,-0.109439,-0.109439,-0.109439,-0.109439,-0.109439,-0.109439,0,-0.109439,0.109439
6921,-0.330885,-0.131285,-0.223998,-0.102512,-0.102512,-0.102512,-0.102512,-0.102512,-0.102512,0,-0.144583,0.144583
6922,-0.271657,-0.095304,-0.138193,-0.102512,-0.120371,-0.117376,-0.108487,-0.108487,-0.108487,0,-0.130097,0.130097
6923,-0.205364,-0.152863,-0.152863,-0.152863,-0.152863,-0.152863,-0.152863,-0.152863,-0.152863,0,-0.158696,0.158696
6924,-0.204365,-0.118268,-0.118268,-0.118268,-0.118268,-0.118268,-0.118268,-0.118268,-0.118268,0,-0.127835,0.127835
6926,-0.105537,-0.096891,-0.123602,-0.191252,-0.102512,-0.102512,-0.102512,-0.102512,-0.102512,0,-0.114427,0.114427
6929,-0.075849,-0.075849,-0.099780,-0.145270,-0.109439,-0.109439,-0.109439,-0.109439,-0.109439,0,-0.104882,0.104882
6931,-0.114979,-0.114979,-0.114979,-0.114979,-0.114979,-0.114979,-0.114979,-0.114979,-0.114979,0,-0.114979,0.114979
6933,-0.161701,-0.118268,-0.118268,-0.118268,-0.118268,-0.118268,-0.118268,-0.042200,-0.205364,0,-0.124320,0.124320
6934,-0.185263,-0.114979,-0.114979,-0.114979,-0.114979,-0.114979,-0.114979,-0.114979,-0.114979,0,-0.122788,0.122788
6935,-0.185550,-0.109439,-0.109439,-0.109439,-0.109439,-0.109439,-0.109439,-0.048680,-0.195334,0,-0.120689,0.120689
6941,-0.048119,-0.004183,-0.107697,-0.075849,-0.075849,-0.075849,-0.075849,-0.075849,-0.075849,0,-0.068344,0.068344
6943,-0.109439,-0.109439,-0.109439,-0.109439,-0.109439,-0.109439,-0.109439,-0.109439,-0.070310,0,-0.105091,0.105091
6944,-0.114979,-0.075384,-0.300405,-0.105537,-0.105537,-0.105537,-0.105537,-0.105537,-0.105537,0,-0.124888,0.124888
6946,-0.105537,-0.105537,-0.045882,-0.198973,-0.118268,-0.118268,-0.118268,-0.118268,-0.118268,0,-0.116363,0.116363
6947,-0.048119,0.035214,-0.122836,-0.075849,-0.075849,-0.075849,-0.075849,-0.075849,-0.075849,0,-0.065648,0.073474
6951,-0.109439,-0.109439,-0.109439,-0.109439,-0.109439,-0.109439,-0.109439,-0.109439,-0.109439,0,-0.109439,0.109439
6952,-0.105537,-0.105537,-0.105537,-0.105537,-0.105537,-0.105537,-0.105537,-0.105537,-0.105537,0,-0.105537,0.105537
6953,-0.072457,-0.209495,-0.152863,-0.152863,-0.152863,-0.152863,-0.152863,-0.152863,-0.152863,0,-0.150221,0.150221
6954,-0.100573,-0.255095,-0.105537,-0.105537,-0.105537,-0.105537,-0.105537,-0.105537,-0.105537,0,-0.121603,0.121603
6955,-0.089976,-0.209680,-0.115577,-0.079711,-0.154143,-0.161939,-0.100034,-0.100034,-0.100034,0,-0.123458,0.123458
6956,-0.075849,-0.075849,-0.075849,-0.075849,-0.075849,-0.075849,-0.075849,-0.075849,-0.075849,0,-0.075849,0.075849
6957,-0.114979,-0.114979,-0.114979,-0.114979,-0.114979,-0.114979,-0.114979,-0.114979,-0.114979,0,-0.114979,0.114979
6959,-0.118268,-0.118268,-0.118268,-0.118268,-0.118268,-0.118268,-0.118268,-0.118268,-0.118268,0,-0.118268,0.118268
6963,-0.105537,-0.105537,-0.105537,-0.105537,-0.105537,-0.105537,-0.105537,-0.105537,-0.105537,0,-0.105537,0.105537
6964,-0.152863,-0.152863,-0.152863,-0.152863,-0.152863,-0.152863,-0.152863,-0.111529,-0.247275,0,-0.158760,0.158760
6966,-0.262601,-0.105537,-0.105537,-0.105537,-0.105537,-0.105537,-0.105537,-0.061489,-0.187991,0,-0.127256,0.127256
6968,-0.176615,-0.136496,-0.112764,-0.112764,-0.112764,-0.112764,-0.112764,-0.112764,-0.112764,0,-0.122496,0.122496
6979,-0.036440,-0.202741,-0.114979,-0.114979,-0.114979,-0.114979,-0.114979,-0.095964,-0.262601,0,-0.130293,0.130293
6981,-0.114979,-0.114979,-0.114979,-0.114979,-0.114979,-0.114979,-0.114979,-0.100573,-0.255095,0,-0.128947,0.128947
6982,-0.109439,-0.129796,-0.136256,-0.114979,-0.114979,-0.114979,-0.114979,-0.114979,-0.114979,0,-0.118374,0.118374
6984,-0.173181,-0.114979,-0.114979,-0.114979,-0.114979,-0.114979,-0.114979,-0.114979,-0.114979,0,-0.121446,0.121446
6985,-0.105537,-0.105537,-0.105537,-0.045882,-0.198973,-0.118268,-0.118268,-0.118268,-0.118268,0,-0.114949,0.114949
6988,-0.114979,-0.114979,-0.114979,-0.114979,-0.114979,-0.114979,-0.114979,-0.114979,-0.114979,0,-0.114979,0.114979
6989,-0.109439,-0.109439,-0.109439,-0.109439,-0.109439,-0.109439,-0.109439,-0.043602,-0.211389,0,-0.113451,0.113451
6990,-0.042740,-0.246013,-0.105537,-0.105537,-0.105537,-0.105537,-0.105537,-0.105537,-0.105537,0,-0.114168,0.114168
6991,-0.184476,-0.152863,-0.152863,-0.152863,-0.152863,-0.152863,-0.152863,-0.152863,-0.152863,0,-0.156375,0.156375
6992,-0.184476,-0.152863,-0.152863,-0.069529,-0.279477,-0.112764,-0.112764,-0.112764,-0.131122,0,-0.145402,0.145402
7000,0.125306,-0.247308,-0.791351,-0.083228,0.179990,0.601496,0.032161,1.180882,-0.270357,0,0.080843,0.390231
7001,-0.105537,-0.105537,-0.105537,-0.105537,-0.045882,-0.198973,-0.118268,-0.118268,-0.042200,0,-0.105082,0.105082
7002,-0.114979,-0.114979,-0.114979,-0.114979,-0.114979,-0.114979,-0.114979,-0.114979,-0.114979,0,-0.114979,0.114979
7004,-0.037966,-0.990339,-0.207188,-0.382785,-0.463434,0.116342,-0.216627,0.336615,-0.009100,0,-0.206054,0.306711
7005,-0.252407,-0.639745,0.492159,-0.496538,-0.053546,0.317307,-0.243338,0.314830,0.999352,0,0.048675,0.423247
7006,-0.108487,-0.030333,-0.204165,-0.112383,-0.112383,-0.112383,-0.112383,-0.112383,-0.112383,0,-0.113031,0.113031
7007,-0.603566,-0.030903,-0.470224,-0.080423,-0.317638,-0.280451,0.276127,-0.012457,-0.176428,0,-0.188440,0.249802
7008,-0.436763,-0.390384,-0.590119,-0.395127,-0.393379,0.699236,0.548578,1.589912,-0.809583,0,-0.019737,0.650342
7009,-0.571417,-0.465038,-0.498400,-0.057994,-0.886691,0.218380,-0.245823,1.162701,-0.277760,0,-0.180227,0.487134
7010,-0.339451,-0.599481,-0.444783,-0.008963,0.102157,0.986349,-0.136665,1.000151,-0.091658,0,0.051962,0.412184
7011,-0.537861,-0.672583,-0.768137,0.341392,-0.522491,1.398725,0.088013,0.815971,0.308197,0,0.050136,0.605930
7012,-0.021724,-0.494057,-0.146118,0.210195,-0.516946,-0.290885,-0.591769,-0.233262,-0.189033,0,-0.252622,0.299332
7015,-0.237188,-0.571274,0.034387,-0.473651,-0.288305,0.597023,0.228727,0.428053,1.581740,0,0.144390,0.493372
7016,-0.114875,-0.456982,-0.348213,-0.035587,-0.541729,-0.025035,0.122495,0.217609,-0.158198,0,-0.148946,0.224525
7017,0.254872,-0.261516,-0.211484,-0.504486,0.356064,0.571832,-0.110668,0.475581,-1.269147,0,-0.077661,0.446183
7018,-0.364634,0.801541,-0.200164,-0.070325,1.203814,0.985261,1.416507,3.469915,0.434095,0,0.852890,0.994028
7019,0.077239,-0.185489,-0.160090,0.074795,0.395445,0.665026,1.010481,-0.033494,1.389288,0,0.359245,0.443483
7020,-0.923988,-0.194756,-0.562119,0.302092,-0.157749,-0.685735,-0.394969,0.183857,-0.465705,0,-0.322119,0.430108
7021,-0.521908,-0.553519,-0.182243,-0.150390,-0.663062,0.570593,-0.618612,0.780964,-0.541339,0,-0.208835,0.509181
7022,-0.192336,-0.178678,-0.389640,-0.130832,-0.360144,-0.058622,-0.252635,0.383468,-0.435233,0,-0.179406,0.264621
7023,-0.208425,-0.151460,-0.106813,-0.119375,-0.052287,-0.155587,-0.333612,-0.101533,-0.042564,0,-0.141295,0.141295
7024,-0.286876,-0.307661,-0.192679,-0.203511,-0.046298,-0.271031,0.083166,-0.331748,-0.254523,0,-0.201240,0.219722
7025,-0.450581,-0.529088,-0.216525,-0.513523,-0.027398,-0.206004,0.093185,-0.245541,-0.475216,0,-0.285632,0.306340
7026,-0.098877,-0.311851,-0.000403,-0.128592,-0.223889,-0.293983,0.170704,0.004296,0.006698,0,-0.097322,0.137699
7027,-0.039278,-0.225841,-0.235162,0.099709,-0.273376,-0.165133,-0.260780,-0.125146,-0.019477,0,-0.138276,0.160434
7030,0.378168,-0.109670,-0.301050,0.742664,0.701821,0.985895,0.513165,-0.214242,-0.139093,0,0.284184,0.453974
7050,-0.556182,-0.079599,-0.033142,0.465099,0.642049,1.360994,-0.599004,1.632836,0.278782,0,0.345759,0.627521
7051,-0.275225,-0.199468,-0.138825,-0.204539,-0.185271,-0.185271,-0.185271,-0.107777,-0.233371,0,-0.190558,0.190558
7052,0.136298,-0.765634,0.148066,-0.855947,0.412333,-0.099688,0.138947,0.525921,-0.189879,0,-0.061065,0.363635
7053,0.019765,-0.692514,-0.173788,-0.230590,-0.231700,-0.014184,-0.032265,-0.218249,-0.069539,0,-0.182563,0.186955
7054,-0.190415,-0.650177,0.544136,-0.628678,-0.296447,-0.548895,0.759481,1.063801,-0.237404,0,-0.020511,0.546604
7055,-0.056822,-0.276989,0.129839,-0.180871,0.133846,-0.106759,-0.233752,-0.305589,-0.056834,0,-0.105992,0.164589
7109,0.491937,0.245475,-0.132103,-0.431829,0.328498,0.978820,0.238763,1.307995,-1.598010,0,0.158838,0.639270
7112,-0.221650,-0.155528,-0.696109,-0.712878,-0.369709,0.120350,-0.649280,0.278764,0.065363,0,-0.260075,0.363292
7113,-0.529333,-0.213937,-0.285729,-0.098798,-0.522970,-0.429461,-0.091105,-0.047806,-0.653491,0,-0.319181,0.319181
7116,0.232816,-0.398422,0.102021,-0.520827,-0.349026,0.096919,0.021773,-0.194642,-0.479201,0,-0.165399,0.266183
7117,-0.159814,-0.206771,-0.264623,-0.521130,-0.186078,-0.486799,0.019427,-0.164740,0.022416,0,-0.216457,0.225755
7119,-0.114979,-0.114979,-0.114979,-0.114979,-0.114979,-0.089608,-0.295017,-0.105537,-0.105537,0,-0.130066,0.130066
7120,-0.188255,-0.400098,-0.455308,-0.134192,-0.287536,-0.025349,-0.358772,0.056590,-0.884811,0,-0.297526,0.310101
7140,0.120460,-0.295612,-0.595426,0.140280,-0.383437,1.326307,0.080212,0.709217,0.004403,0,0.122934,0.406150
7150,-0.099423,0.403354,-0.738354,-0.860513,-0.257915,-0.564792,-0.054067,-0.577420,-0.338885,0,-0.343113,0.432747
7155,-0.032555,-0.443212,-0.157116,-0.364196,-0.137199,-0.444788,-0.072874,-0.026105,-0.551122,0,-0.247685,0.247685
7162,0.112340,-0.402802,-0.105076,-0.076842,-0.195884,-0.236155,-0.363011,0.306253,-0.695898,0,-0.184119,0.277140
7163,-0.247917,-0.046803,-0.174498,-0.219809,-0.226351,-0.310453,0.071511,-0.223929,-0.374301,0,-0.194728,0.210619
7170,-0.557657,-0.599147,0.378750,-0.300965,0.178030,-0.602220,0.708453,0.406517,0.266294,0,-0.013550,0.444226
7171,-0.039290,-0.245866,-0.312097,-0.048066,0.002377,-0.173619,0.040269,-0.298108,0.829002,0,-0.027266,0.220966
7172,0.316260,-0.592204,-0.426652,0.217435,-0.410303,-0.029870,-0.322594,-0.374505,0.804323,0,-0.090901,0.388239
7173,-0.062393,-0.306082,-0.373169,0.166041,0.735244,0.015924,0.152493,0.234379,0.080958,0,0.071488,0.236298
7174,-0.193889,-0.112383,-0.075741,0.042252,-0.270153,-0.411436,-0.081850,-0.086859,-0.265009,0,-0.161674,0.171063
7175,-0.035774,-0.212759,-0.081336,-0.254493,-0.016700,-0.088672,-0.141604,-0.154879,-0.116204,0,-0.122491,0.122491
7176,-0.098627,-0.262952,-0.100753,-0.118820,-0.208051,-0.092008,-0.218500,-0.153261,-0.148492,0,-0.155718,0.155718
7177,-0.225475,-0.147547,-0.110954,-0.152629,-0.191706,-0.053819,-0.005169,-0.133760,-0.092748,0,-0.123756,0.123756
7178,-0.301703,-0.137676,-0.170939,-0.186249,-0.150852,-0.297032,-0.108619,-0.326389,-0.149298,0,-0.203195,0.203195
7179,-0.084478,-0.245237,-0.171075,-0.384835,-0.222393,-0.112499,0.013582,-0.305687,-0.153716,0,-0.185149,0.188167
7180,-0.189760,-0.164707,-0.203227,-0.152687,-0.173306,-0.067116,-0.177186,-0.045140,-0.318958,0,-0.165787,0.165787
7182,-0.206927,-0.265932,0.036927,-0.112028,-0.265560,-0.269209,-0.226035,-0.210188,0.015323,0,-0.167070,0.178681
7183,-0.048119,-0.021538,-0.100418,-0.075849,-0.075849,-0.075849,-0.075849,-0.075849,-0.070548,0,-0.068874,0.068874
7184,-0.156098,-0.200931,-0.166707,-0.244759,-0.180709,-0.279224,-0.027299,-0.311360,0.404255,0,-0.129203,0.219038
7185,-0.136496,-0.114749,-0.041082,-0.197194,-0.235866,-0.018663,-0.221134,-0.087591,-0.181615,0,-0.137154,0.137154
7186,0.020782,-0.278106,-0.074925,-0.121593,-0.056939,-0.173647,-0.095483,-0.138034,-0.041374,0,-0.106591,0.111209
7187,-0.108912,-0.275100,-0.173309,-0.173309,-0.058458,-0.183815,-0.177901,-0.124515,-0.128773,0,-0.156010,0.156010
7190,-0.577431,-0.172411,-0.500571,-0.023194,-0.102211,0.806268,-0.628377,-0.895658,0.488793,0,-0.178310,0.466102
7209,-0.137708,-0.178831,-0.019816,0.340260,-0.473814,-0.342956,-0.170426,0.220348,-0.364913,0,-0.125317,0.249897
7210,-0.424198,-0.124294,-0.287553,0.026307,-0.319168,-0.311301,0.179896,-0.623590,-0.132496,0,-0.224044,0.269867
7211,-0.075849,-0.075849,-0.034044,-0.140988,-0.183139,-0.142568,-0.223998,-0.109287,-0.117641,0,-0.122596,0.122596
7212,-0.189328,-0.289177,-0.186188,-0.323544,-0.265813,-0.104893,-0.469821,-0.907567,0.328994,0,-0.267482,0.340592
7213,-0.204539,-0.185271,-0.185271,0.045570,-0.153520,-0.356790,-0.326720,-0.115776,-0.227577,0,-0.189988,0.200115
7214,-0.387437,-0.071950,-0.118901,-0.287537,-0.092277,-0.208582,-0.232493,-0.153658,-0.221250,0,-0.197121,0.197121
7215,-0.628197,-0.406698,-0.531671,0.264766,0.306551,0.316566,-0.166619,0.170461,-0.150377,0,-0.091691,0.326878
7216,-0.408493,-0.439896,0.217191,0.781027,-0.820811,0.400295,-0.303853,-0.367221,-0.687553,0,-0.181035,0.491816
7248,0.789651,-0.652254,-0.397230,0.514566,0.045662,0.678159,-0.030853,0.162076,-0.152620,0,0.106351,0.380341
7249,-0.097570,-0.110345,-0.018098,0.994334,-0.859574,1.222219,-0.048892,1.747310,-0.778955,0,0.227825,0.653033
7250,1.099455,3.024964,-0.290348,0.632083,2.391155,1.281285,0.266101,5.397874,-0.392481,1,1.490010,1.641750
7252,0.000520,-0.222771,0.039305,-0.586990,-0.025790,-0.291958,-0.235361,0.113410,-0.771005,0,-0.220071,0.254123
7253,-0.116224,-0.347944,0.184809,-0.323975,0.315211,-0.598404,-0.079746,0.536400,-0.648165,0,-0.119782,0.350098
7254,-0.197487,-0.092994,-0.117814,-0.411921,-0.178137,-0.184123,-0.274892,-0.171114,-0.359455,0,-0.220882,0.220882
7255,-0.700198,0.038218,0.007617,-0.738531,-0.382810,-0.101738,0.249484,-0.864681,-0.526087,0,-0.335414,0.401041
7256,-1.459624,0.612469,-0.462358,-0.936745,-0.364933,-0.416102,-0.560065,-1.019378,-0.596850,0,-0.578176,0.714280
7257,-0.048119,-0.006233,-0.117168,-0.075849,-0.075849,-0.089293,-0.152574,-0.109439,-0.109439,0,-0.087107,0.087107
7258,-0.057591,-0.072933,-0.402614,-0.081165,-0.526394,-0.124264,-0.195895,-0.290496,-0.479219,0,-0.247841,0.247841
7259,0.067908,-0.049236,-0.170384,0.052175,-0.374193,-0.267766,-0.338541,0.032452,-0.427364,0,-0.163883,0.197780
7260,0.100579,-0.384326,-0.808386,0.312518,-0.378255,-0.778198,-0.704157,-0.012126,-0.605374,0,-0.361970,0.453769
7261,-0.104409,-0.096741,-0.151335,-0.294539,-0.267479,-0.060811,-0.274349,-0.111050,-0.275056,0,-0.181752,0.181752
7262,-0.392284,-0.206558,-0.437129,-0.012216,-0.545877,0.226779,-0.158116,-0.206136,-0.325938,0,-0.228608,0.279004
7263,0.183284,-0.384215,-0.019824,-0.063287,-0.163327,-0.316671,-0.153190,-0.275962,-0.229079,0,-0.158030,0.198760
7264,-0.003290,-0.214597,-0.297680,-0.359790,-0.025885,-0.330299,-0.219638,0.087523,-0.365084,0,-0.192082,0.211532
7265,-0.023317,-0.233398,-0.208481,-0.070528,-0.198109,-0.061337,-0.248883,-0.182271,-0.066953,0,-0.143697,0.143697
7267,0.260828,-0.638040,-0.280107,-0.382568,-0.182932,-0.161138,-0.341937,-0.340190,0.058236,0,-0.223094,0.293997
7268,-0.066903,-0.248622,-0.154344,-0.343202,-0.438564,-0.293307,-0.369812,-0.027918,-0.475651,0,-0.268703,0.268703
7270,0.330237,-0.627255,-0.432246,-0.117340,-0.664302,0.243717,-0.411989,0.306924,-1.023258,0,-0.266168,0.461919
7275,0.201963,-0.801952,0.124385,0.117561,-0.608852,-0.003060,-0.913984,0.549254,-0.408834,0,-0.193724,0.414427
7276,-0.100484,-0.426596,-0.183582,-0.303651,-0.087335,-0.358017,-0.190223,-0.183587,-0.361229,0,-0.243856,0.243856
7277,-0.162278,0.744784,-0.503816,-0.237100,0.204869,-0.142131,-0.131786,0.277593,-0.040969,0,0.001018,0.271703
7290,-0.396381,-0.237600,-0.506269,0.195174,-0.088803,-0.104895,0.312321,-0.084574,0.116273,0,-0.088306,0.226921
7291,-0.411311,-0.177932,0.153531,-0.141216,0.100926,-0.288611,-0.271019,-0.082270,-0.681772,0,-0.199964,0.256510
7292,-0.176777,-0.136833,-0.040654,-0.317141,-0.171288,-0.232002,-0.289167,-0.152140,-0.328168,0,-0.204908,0.204908
7300,0.283070,0.196998,-0.721312,0.045974,0.073331,0.197024,-0.276285,-0.008163,-0.444253,0,-0.072624,0.249601
7301,-0.100758,0.129145,0.256460,0.164438,-0.225316,-0.145978,-0.186244,-0.328359,0.615235,0,0.019847,0.239104
7302,-0.307500,0.049918,0.366582,-0.419765,-0.339959,0.106023,-0.182593,-0.403039,-0.046217,0,-0.130728,0.246844
7303,-0.116024,-0.145313,-0.252710,-0.023946,-0.868903,0.205325,-0.739249,-0.669212,-0.212874,0,-0.313656,0.359284
7304,0.351412,-0.545541,-0.383729,0.659889,-0.873035,-0.471039,-0.650882,0.002197,0.076084,0,-0.203850,0.445979
7305,-0.453886,-0.193871,-0.432202,-0.085840,-0.576453,-0.175611,-0.163456,0.305081,-0.634876,0,-0.267902,0.335698
7306,-0.016324,-0.854361,0.149005,-0.350369,-0.360568,-0.374949,-0.005138,-0.162359,-0.659721,0,-0.292754,0.325866
7307,0.154674,0.438782,0.142767,0.236603,1.044035,-0.413446,0.554875,0.825387,0.190943,0,0.352736,0.444612
7310,-0.094609,0.513176,-0.721042,0.962473,0.183197,1.025393,1.344835,1.484714,1.880224,0,0.730929,0.912185
7315,1.184784,-1.064107,1.326217,0.054353,0.002524,0.352538,0.447713,0.307930,-0.079329,0,0.281402,0.535500
7316,0.069143,-0.849311,-0.529722,-0.262420,-0.107391,-0.011929,-0.413360,1.067527,-0.269806,0,-0.145252,0.397846
7320,0.305357,-1.071087,-0.320372,-0.264968,1.197903,0.373942,0.275091,2.208124,-0.848039,0,0.206217,0.762765
7321,-0.596392,-0.267437,0.016147,-0.660990,0.282185,-0.456074,0.061916,0.327692,-0.278402,0,-0.174595,0.327471
7322,0.221275,-0.528403,-0.101449,-0.460615,-0.248848,-0.342442,-0.697878,0.200545,-0.561548,0,-0.279929,0.373667
7325,0.448820,-0.778789,0.359667,-0.650049,0.128578,-0.522969,0.228397,0.825612,-0.564649,0,-0.058376,0.500836
7330,-0.190731,-0.574896,0.014871,0.516484,0.037657,-0.862230,-0.006417,-0.138014,0.895251,0,-0.034225,0.359617
7331,-0.143137,-0.288563,-0.085100,0.118068,-0.323964,-0.169592,0.082856,0.514185,-0.626503,0,-0.102417,0.261330
7466,-0.234136,-0.105537,-0.105537,-0.105537,-0.105537,-0.105537,-0.045882,-0.198973,-0.091588,0,-0.122029,0.122029
7467,-0.098100,-0.552842,-0.098577,-0.168589,-0.064267,-0.120450,0.430101,0.077993,-0.513637,0,-0.123152,0.236062
7468,-0.160256,-0.155269,-0.115873,-0.212228,-0.178688,0.122015,-0.276459,0.099847,-0.330898,0,-0.134201,0.183504
7469,-0.270061,-0.270603,-0.246304,-0.252880,-0.300107,0.163794,0.082583,0.114340,-0.578928,0,-0.173130,0.253289
7470,-0.037348,-0.261302,-0.081823,0.085516,-0.052243,-0.202723,0.082494,0.148291,-0.720161,0,-0.115478,0.185767
7802,-0.075849,-0.075849,-0.075849,-0.075849,-0.075849,-0.075849,-0.075849,-0.075849,-0.075849,0,-0.075849,0.075849
8576,-0.109439,-0.109439,-0.109439,-0.109439,-0.109439,-0.109439,-0.109439,-0.109439,-0.109439,0,-0.109439,0.109439
9729,-0.075849,-0.075849,-0.075849,-0.075849,-0.075849,-0.075849,-0.075849,-0.075849,-0.075849,0,-0.075849,0.075849
